entry	name	reference_body_bytes
101175c0	FUN_101175c0	30
101175f0	FUN_101175f0	30
10117620	FUN_10117620	30
10118ce0	FUN_10118ce0	57
10119d60	FUN_10119d60	19
10119d80	FUN_10119d80	18
1011f5b0	FUN_1011f5b0	19
1011f7e0	FUN_1011f7e0	25
10124d90	FUN_10124d90	46
1012a340	FUN_1012a340	25
1012b880	FUN_1012b880	30
1012b8b0	FUN_1012b8b0	30
1012b8e0	FUN_1012b8e0	30
1012b910	FUN_1012b910	24
1012b930	FUN_1012b930	24
1012b950	FUN_1012b950	24
1012b970	FUN_1012b970	24
1012b990	FUN_1012b990	24
1012b9b0	FUN_1012b9b0	24
1012b9d0	FUN_1012b9d0	24
1012b9f0	FUN_1012b9f0	24
1012ba10	FUN_1012ba10	24
1012ba30	FUN_1012ba30	24
1012ba50	FUN_1012ba50	24
1012ba70	FUN_1012ba70	24
1012ba90	FUN_1012ba90	24
1012bab0	FUN_1012bab0	24
1012bad0	FUN_1012bad0	24
1012baf0	FUN_1012baf0	24
1012bb10	FUN_1012bb10	24
1012bb30	FUN_1012bb30	24
1012bb50	FUN_1012bb50	24
1012bb70	FUN_1012bb70	24
1012bb90	FUN_1012bb90	24
1012bbb0	FUN_1012bbb0	24
1012bbd0	FUN_1012bbd0	24
1012bbf0	FUN_1012bbf0	24
1012bc10	FUN_1012bc10	24
1012bc30	FUN_1012bc30	24
1012bc50	FUN_1012bc50	24
1012bc70	FUN_1012bc70	24
1012bc90	FUN_1012bc90	24
1012bcb0	FUN_1012bcb0	24
1012bcd0	FUN_1012bcd0	24
1012bcf0	FUN_1012bcf0	24
1012bd10	FUN_1012bd10	24
1012bd30	FUN_1012bd30	24
1012bd50	FUN_1012bd50	24
1012bd70	FUN_1012bd70	24
1012bd90	FUN_1012bd90	24
1012bdb0	FUN_1012bdb0	24
1012bdd0	FUN_1012bdd0	24
1012bdf0	FUN_1012bdf0	24
1012be10	FUN_1012be10	24
1012be30	FUN_1012be30	24
1012be50	FUN_1012be50	24
1012be70	FUN_1012be70	24
1012be90	FUN_1012be90	24
1012beb0	FUN_1012beb0	24
1012bed0	FUN_1012bed0	24
1012bef0	FUN_1012bef0	24
1012bf10	FUN_1012bf10	24
1012bf30	FUN_1012bf30	24
1012bf50	FUN_1012bf50	24
1012bf70	FUN_1012bf70	24
1012bf90	FUN_1012bf90	24
1012bfb0	FUN_1012bfb0	24
1012bfd0	FUN_1012bfd0	24
1012bff0	FUN_1012bff0	24
1012c010	FUN_1012c010	24
1012c030	FUN_1012c030	24
1012c050	FUN_1012c050	24
1012c070	FUN_1012c070	24
1012c090	FUN_1012c090	24
1012c0b0	FUN_1012c0b0	24
1012c0d0	FUN_1012c0d0	24
1012c0f0	FUN_1012c0f0	24
1012c110	FUN_1012c110	24
1012c130	FUN_1012c130	24
1012c150	FUN_1012c150	24
1012c170	FUN_1012c170	24
1012c190	FUN_1012c190	24
1012c1b0	FUN_1012c1b0	24
1012c1d0	FUN_1012c1d0	24
1012c1f0	FUN_1012c1f0	24
1012c210	FUN_1012c210	24
1012c230	FUN_1012c230	24
1012c250	FUN_1012c250	24
1012c270	FUN_1012c270	24
1012c290	FUN_1012c290	24
1012c2b0	FUN_1012c2b0	24
1012c2d0	FUN_1012c2d0	24
1012c2f0	FUN_1012c2f0	24
1012c310	FUN_1012c310	24
1012c330	FUN_1012c330	24
1012c350	FUN_1012c350	24
1012c370	FUN_1012c370	24
1012c390	FUN_1012c390	24
1012c3b0	FUN_1012c3b0	24
1012c3d0	FUN_1012c3d0	24
1012c3f0	FUN_1012c3f0	24
1012c410	FUN_1012c410	24
1012c430	FUN_1012c430	24
1012c450	FUN_1012c450	24
1012c470	FUN_1012c470	24
1012c490	FUN_1012c490	24
1012c4b0	FUN_1012c4b0	24
1012c4d0	FUN_1012c4d0	24
1012c4f0	FUN_1012c4f0	24
1012c510	FUN_1012c510	24
1012c530	FUN_1012c530	24
1012c550	FUN_1012c550	24
1012c570	FUN_1012c570	24
1012c590	FUN_1012c590	24
1012c5b0	FUN_1012c5b0	24
1012c5d0	FUN_1012c5d0	24
1012c5f0	FUN_1012c5f0	24
1012c610	FUN_1012c610	24
1012c630	FUN_1012c630	24
1012c650	FUN_1012c650	24
1012c670	FUN_1012c670	24
1012c690	FUN_1012c690	24
1012c6b0	FUN_1012c6b0	24
1012c6d0	FUN_1012c6d0	24
1012c6f0	FUN_1012c6f0	24
1012c710	FUN_1012c710	24
1012c730	FUN_1012c730	24
1012c750	FUN_1012c750	24
1012c770	FUN_1012c770	24
1012c790	FUN_1012c790	24
1012c7b0	FUN_1012c7b0	24
1012c7d0	FUN_1012c7d0	24
1012c7f0	FUN_1012c7f0	24
1012c810	FUN_1012c810	24
1012c830	FUN_1012c830	24
1012c850	FUN_1012c850	24
1012c870	FUN_1012c870	24
1012c890	FUN_1012c890	24
1012c8b0	FUN_1012c8b0	24
1012c8d0	FUN_1012c8d0	24
1012c8f0	FUN_1012c8f0	24
1012c910	FUN_1012c910	24
1012c930	FUN_1012c930	24
1012c950	FUN_1012c950	24
1012c970	FUN_1012c970	24
1012c990	FUN_1012c990	24
1012c9b0	FUN_1012c9b0	24
1012c9d0	FUN_1012c9d0	24
1012c9f0	FUN_1012c9f0	24
1012ca10	FUN_1012ca10	24
1012ca30	FUN_1012ca30	24
1012ca50	FUN_1012ca50	24
1012ca70	FUN_1012ca70	24
1012ca90	FUN_1012ca90	24
1012daf0	FUN_1012daf0	32
1012dd30	FUN_1012dd30	46
1014a340	FUN_1014a340	18
1014a370	FUN_1014a370	17
1014ca20	FUN_1014ca20	21
1014ca50	FUN_1014ca50	22
1014ca80	FUN_1014ca80	22
1014cd60	FUN_1014cd60	18
1014cd90	FUN_1014cd90	21
1014cdb0	FUN_1014cdb0	21
1014cdd0	FUN_1014cdd0	21
1014cdf0	FUN_1014cdf0	21
1014ce20	FUN_1014ce20	16
1014ce40	FUN_1014ce40	21
1014ce60	FUN_1014ce60	21
1014ce80	FUN_1014ce80	25
1014cea0	FUN_1014cea0	21
1014cec0	FUN_1014cec0	17
1014cef0	FUN_1014cef0	21
1014cf20	FUN_1014cf20	20
1014d580	FUN_1014d580	17
1014d620	FUN_1014d620	16
1014d640	FUN_1014d640	16
1014d670	FUN_1014d670	16
1014d740	FUN_1014d740	16
1014d770	FUN_1014d770	18
1014d790	FUN_1014d790	18
1014d7c0	FUN_1014d7c0	20
1014ddf0	FUN_1014ddf0	17
1014de10	FUN_1014de10	17
1014df50	FUN_1014df50	18
1014f850	FUN_1014f850	18
1014f870	FUN_1014f870	18
1014f8a0	FUN_1014f8a0	21
1014fba0	FUN_1014fba0	17
1014fbd0	FUN_1014fbd0	18
1014fbf0	FUN_1014fbf0	18
1014fe50	FUN_1014fe50	16
1014ff50	FUN_1014ff50	16
1014ff80	FUN_1014ff80	17
10150650	FUN_10150650	17
10150670	FUN_10150670	17
10150740	FUN_10150740	24
10150760	FUN_10150760	16
10150780	FUN_10150780	16
10150f60	FUN_10150f60	17
10151170	FUN_10151170	20
101515f0	FUN_101515f0	20
10151610	FUN_10151610	17
10151650	FUN_10151650	20
10151730	FUN_10151730	17
10151750	FUN_10151750	17
10151770	FUN_10151770	16
10151810	FUN_10151810	16
10151830	FUN_10151830	24
10151850	FUN_10151850	27
10151880	FUN_10151880	16
101518a0	FUN_101518a0	24
101518c0	FUN_101518c0	19
101518e0	FUN_101518e0	27
10151910	FUN_10151910	16
10151930	FUN_10151930	19
10151950	FUN_10151950	16
10151970	FUN_10151970	16
10151cf0	FUN_10151cf0	24
10151de0	FUN_10151de0	16
10151ff0	FUN_10151ff0	17
10152010	FUN_10152010	17
10152030	FUN_10152030	17
10152140	FUN_10152140	24
10152160	FUN_10152160	17
101523c0	FUN_101523c0	24
101523e0	FUN_101523e0	24
10152400	FUN_10152400	19
10152420	FUN_10152420	20
10152440	FUN_10152440	16
10152460	FUN_10152460	20
10152480	FUN_10152480	16
101525c0	FUN_101525c0	32
10152600	FUN_10152600	16
10152740	FUN_10152740	16
10152760	FUN_10152760	16
10152780	FUN_10152780	16
101527a0	FUN_101527a0	16
101532f0	FUN_101532f0	17
10153310	FUN_10153310	16
101537c0	FUN_101537c0	16
101539a0	FUN_101539a0	20
10153c80	FUN_10153c80	17
10153ca0	FUN_10153ca0	17
10153cc0	FUN_10153cc0	17
10153ce0	FUN_10153ce0	16
10153d00	FUN_10153d00	16
10153d30	FUN_10153d30	16
10153d70	FUN_10153d70	17
10153fa0	FUN_10153fa0	25
10153fc0	FUN_10153fc0	18
10154240	FUN_10154240	18
101543a0	FUN_101543a0	21
10154460	FUN_10154460	17
10154480	FUN_10154480	17
101544a0	FUN_101544a0	21
10154760	FUN_10154760	39
10154790	FUN_10154790	18
101547f0	FUN_101547f0	17
10154a00	FUN_10154a00	17
10154bb0	FUN_10154bb0	16
10154bd0	FUN_10154bd0	16
10154c00	FUN_10154c00	53
10154c50	FUN_10154c50	18
10154f50	FUN_10154f50	17
10154f70	FUN_10154f70	17
10154f90	FUN_10154f90	16
10154fc0	FUN_10154fc0	17
10155330	FUN_10155330	17
101553e0	FUN_101553e0	18
10155470	FUN_10155470	21
10155580	FUN_10155580	16
101555a0	FUN_101555a0	24
101555d0	FUN_101555d0	21
101556f0	FUN_101556f0	24
10155710	FUN_10155710	24
10155770	FUN_10155770	24
10155800	FUN_10155800	18
10155830	FUN_10155830	17
10155860	FUN_10155860	21
10155880	FUN_10155880	24
10155940	FUN_10155940	21
10155970	FUN_10155970	17
101559a0	FUN_101559a0	20
10155d20	FUN_10155d20	16
10156090	FUN_10156090	16
101561a0	FUN_101561a0	16
101561c0	FUN_101561c0	20
10156720	FUN_10156720	16
10156740	FUN_10156740	16
10156bd0	FUN_10156bd0	21
10156bf0	FUN_10156bf0	17
10156c10	FUN_10156c10	20
10156c30	FUN_10156c30	20
10156c50	FUN_10156c50	17
10156c70	FUN_10156c70	17
10156c90	FUN_10156c90	20
10156cb0	FUN_10156cb0	21
10156cd0	FUN_10156cd0	20
10156cf0	FUN_10156cf0	17
10156d10	FUN_10156d10	17
10156d30	FUN_10156d30	17
10156d50	FUN_10156d50	17
10156d70	FUN_10156d70	20
10156d90	FUN_10156d90	20
10156db0	FUN_10156db0	19
10156e60	FUN_10156e60	20
10156e80	FUN_10156e80	20
10156ea0	FUN_10156ea0	16
10156ec0	FUN_10156ec0	20
10156ee0	FUN_10156ee0	16
10157060	FUN_10157060	16
10157440	FUN_10157440	16
10157470	FUN_10157470	16
10157580	FUN_10157580	21
101575a0	FUN_101575a0	21
101577e0	FUN_101577e0	18
10157810	FUN_10157810	17
10157830	FUN_10157830	17
10157b50	FUN_10157b50	19
10158c40	FUN_10158c40	17
10158c60	FUN_10158c60	17
10158c80	FUN_10158c80	21
10158ca0	FUN_10158ca0	17
10158cc0	FUN_10158cc0	20
10158ce0	FUN_10158ce0	20
10158d00	FUN_10158d00	20
10158d20	FUN_10158d20	20
10158d40	FUN_10158d40	17
10158d60	FUN_10158d60	20
10158d80	FUN_10158d80	20
10158da0	FUN_10158da0	17
10158dc0	FUN_10158dc0	20
10158de0	FUN_10158de0	17
10158e00	FUN_10158e00	28
10158e30	FUN_10158e30	16
10159090	FUN_10159090	16
101590b0	FUN_101590b0	16
101590d0	FUN_101590d0	16
10159830	FUN_10159830	17
10159910	FUN_10159910	17
10159f60	FUN_10159f60	17
10159f80	FUN_10159f80	17
1015a210	FUN_1015a210	16
1015a230	FUN_1015a230	16
1015a490	FUN_1015a490	16
1015a610	FUN_1015a610	46
1015a650	FUN_1015a650	18
1015a680	FUN_1015a680	21
1015a6b0	FUN_1015a6b0	16
1015a6e0	FUN_1015a6e0	21
1015a790	FUN_1015a790	25
1015a7b0	FUN_1015a7b0	18
1015a970	FUN_1015a970	17
1015bd20	FUN_1015bd20	16
1015bd40	FUN_1015bd40	17
1015bd60	FUN_1015bd60	17
1015bd80	FUN_1015bd80	17
1015bda0	FUN_1015bda0	17
1015bdc0	FUN_1015bdc0	16
1015bde0	FUN_1015bde0	28
1015be10	FUN_1015be10	16
1015c0d0	FUN_1015c0d0	17
1015c1c0	FUN_1015c1c0	16
1015c1f0	FUN_1015c1f0	39
1015c220	FUN_1015c220	18
1015c250	FUN_1015c250	24
1015c330	FUN_1015c330	16
1015c350	FUN_1015c350	16
1015c410	FUN_1015c410	18
1015c440	FUN_1015c440	17
1015c460	FUN_1015c460	17
1015c480	FUN_1015c480	17
1015c4a0	FUN_1015c4a0	16
1015c760	FUN_1015c760	17
1015c780	FUN_1015c780	16
1015c830	FUN_1015c830	17
1015cc40	FUN_1015cc40	24
1015cd50	FUN_1015cd50	17
1015cd70	FUN_1015cd70	20
1015d9a0	FUN_1015d9a0	17
1015d9d0	FUN_1015d9d0	16
1015d9f0	FUN_1015d9f0	16
1015dbc0	FUN_1015dbc0	16
1015dbe0	FUN_1015dbe0	16
1015dc10	FUN_1015dc10	21
1015dc40	FUN_1015dc40	17
1015dc60	FUN_1015dc60	17
1015dca0	FUN_1015dca0	16
1015ddf0	FUN_1015ddf0	17
1015de40	FUN_1015de40	24
1015de60	FUN_1015de60	24
1015de80	FUN_1015de80	16
1015df30	FUN_1015df30	16
1015df50	FUN_1015df50	24
1015df70	FUN_1015df70	16
1015e020	FUN_1015e020	16
1015f1c0	FUN_1015f1c0	17
1015f200	FUN_1015f200	20
1015f330	FUN_1015f330	20
1015f360	FUN_1015f360	20
1015f380	FUN_1015f380	20
1015f400	FUN_1015f400	20
1015f430	FUN_1015f430	17
1015f4a0	FUN_1015f4a0	16
1015f4c0	FUN_1015f4c0	16
1015f4e0	FUN_1015f4e0	16
1015f500	FUN_1015f500	19
1015f520	FUN_1015f520	19
1015f540	FUN_1015f540	16
1015f560	FUN_1015f560	24
1015f580	FUN_1015f580	19
1015f5a0	FUN_1015f5a0	27
1015f5d0	FUN_1015f5d0	19
1015f5f0	FUN_1015f5f0	27
1015f620	FUN_1015f620	16
1015f640	FUN_1015f640	27
1015f670	FUN_1015f670	27
1015f6a0	FUN_1015f6a0	19
1015f6c0	FUN_1015f6c0	19
1015f6e0	FUN_1015f6e0	19
1015f700	FUN_1015f700	27
1015f730	FUN_1015f730	16
1015f750	FUN_1015f750	20
1015f770	FUN_1015f770	17
1015f790	FUN_1015f790	16
1015f7b0	FUN_1015f7b0	16
1015faa0	FUN_1015faa0	17
1015fac0	FUN_1015fac0	17
1015faf0	FUN_1015faf0	16
1015fb10	FUN_1015fb10	16
1015fb30	FUN_1015fb30	24
1015fb50	FUN_1015fb50	16
10160890	FUN_10160890	17
101608b0	FUN_101608b0	17
101608d0	FUN_101608d0	17
101608f0	FUN_101608f0	17
10160910	FUN_10160910	17
10160930	FUN_10160930	17
10160950	FUN_10160950	17
10160970	FUN_10160970	17
10160990	FUN_10160990	17
101609b0	FUN_101609b0	17
101609d0	FUN_101609d0	17
101609f0	FUN_101609f0	17
10160a10	FUN_10160a10	17
10160a30	FUN_10160a30	17
10160a50	FUN_10160a50	17
10160a70	FUN_10160a70	17
10160a90	FUN_10160a90	17
10160ab0	FUN_10160ab0	17
10160ad0	FUN_10160ad0	17
10160af0	FUN_10160af0	17
10160b10	FUN_10160b10	17
10160b30	FUN_10160b30	17
10160b50	FUN_10160b50	17
10160b70	FUN_10160b70	20
10160b90	FUN_10160b90	17
10160c90	FUN_10160c90	17
10160da0	FUN_10160da0	17
101613a0	FUN_101613a0	17
101613c0	FUN_101613c0	17
101613e0	FUN_101613e0	28
10161410	FUN_10161410	16
10161750	FUN_10161750	17
10161f40	FUN_10161f40	16
10161f60	FUN_10161f60	17
10161f90	FUN_10161f90	25
10161fb0	FUN_10161fb0	18
101621c0	FUN_101621c0	18
10162b20	FUN_10162b20	17
10163be0	FUN_10163be0	16
10163c00	FUN_10163c00	16
10164090	FUN_10164090	17
10164150	FUN_10164150	16
10164240	FUN_10164240	16
10164260	FUN_10164260	16
10164280	FUN_10164280	17
10164320	FUN_10164320	18
10164340	FUN_10164340	18
10164400	FUN_10164400	25
10164420	FUN_10164420	18
101644f0	FUN_101644f0	17
10164890	FUN_10164890	17
101648b0	FUN_101648b0	17
101648d0	FUN_101648d0	17
10164900	FUN_10164900	16
10164920	FUN_10164920	16
10164ad0	FUN_10164ad0	25
10164af0	FUN_10164af0	18
10164b20	FUN_10164b20	21
10164b40	FUN_10164b40	19
10164b70	FUN_10164b70	17
10164b90	FUN_10164b90	17
10164bb0	FUN_10164bb0	17
10164bd0	FUN_10164bd0	17
10164bf0	FUN_10164bf0	17
10166320	FUN_10166320	20
10166de0	FUN_10166de0	16
10167360	FUN_10167360	20
10167380	FUN_10167380	17
101673a0	FUN_101673a0	20
101673c0	FUN_101673c0	20
101673e0	FUN_101673e0	20
10167400	FUN_10167400	17
10167420	FUN_10167420	20
10167440	FUN_10167440	20
10167460	FUN_10167460	17
10167480	FUN_10167480	20
101674a0	FUN_101674a0	20
101674c0	FUN_101674c0	17
101677c0	FUN_101677c0	36
101678d0	FUN_101678d0	24
101678f0	FUN_101678f0	19
10167910	FUN_10167910	19
101679c0	FUN_101679c0	20
101679e0	FUN_101679e0	20
10167a00	FUN_10167a00	19
10167a20	FUN_10167a20	19
10167a40	FUN_10167a40	19
10167b70	FUN_10167b70	18
10168020	FUN_10168020	17
10168640	FUN_10168640	17
10168660	FUN_10168660	16
10168760	FUN_10168760	16
10168d90	FUN_10168d90	46
10168dd0	FUN_10168dd0	18
10168e00	FUN_10168e00	17
10168e20	FUN_10168e20	20
101692a0	FUN_101692a0	17
101692c0	FUN_101692c0	17
101692f0	FUN_101692f0	16
10169310	FUN_10169310	16
10169730	FUN_10169730	17
10169750	FUN_10169750	16
10169770	FUN_10169770	16
10169ec0	FUN_10169ec0	17
10169ee0	FUN_10169ee0	17
10169f00	FUN_10169f00	17
10169f20	FUN_10169f20	17
10169f40	FUN_10169f40	17
10169f60	FUN_10169f60	17
10169f80	FUN_10169f80	17
10169fa0	FUN_10169fa0	17
1016a0d0	FUN_1016a0d0	16
1016a100	FUN_1016a100	21
1016a120	FUN_1016a120	16
1016a140	FUN_1016a140	16
1016b040	FUN_1016b040	17
1016b900	FUN_1016b900	21
1016b920	FUN_1016b920	16
1016b950	FUN_1016b950	16
1016b970	FUN_1016b970	16
1016b9a0	FUN_1016b9a0	20
1016bd30	FUN_1016bd30	19
1016c280	FUN_1016c280	16
1016c460	FUN_1016c460	16
1016ddd0	FUN_1016ddd0	19
1016df30	FUN_1016df30	27
1016df60	FUN_1016df60	16
1016e000	FUN_1016e000	16
1016e020	FUN_1016e020	19
1016e040	FUN_1016e040	19
1016e070	FUN_1016e070	18
1016e090	FUN_1016e090	18
1016e0c0	FUN_1016e0c0	21
1016e210	FUN_1016e210	60
1016e260	FUN_1016e260	18
1016e460	FUN_1016e460	16
1016e530	FUN_1016e530	18
1016e750	FUN_1016e750	16
1016e970	FUN_1016e970	17
1016e990	FUN_1016e990	17
1016e9c0	FUN_1016e9c0	39
1016e9f0	FUN_1016e9f0	18
1016ee20	FUN_1016ee20	39
1016ee50	FUN_1016ee50	18
1016eea0	FUN_1016eea0	16
1016eec0	FUN_1016eec0	16
1016efb0	FUN_1016efb0	16
1016efd0	FUN_1016efd0	16
1016eff0	FUN_1016eff0	16
1016f2b0	FUN_1016f2b0	16
1016f380	FUN_1016f380	39
1016f3b0	FUN_1016f3b0	18
1016f3e0	FUN_1016f3e0	21
1016f420	FUN_1016f420	21
1016f460	FUN_1016f460	16
1016f490	FUN_1016f490	53
1016f4e0	FUN_1016f4e0	18
1016f920	FUN_1016f920	46
1016f960	FUN_1016f960	18
10170210	FUN_10170210	17
10170230	FUN_10170230	17
10170250	FUN_10170250	16
10170270	FUN_10170270	16
10170450	FUN_10170450	17
10170a80	FUN_10170a80	16
10170ab0	FUN_10170ab0	16
10170ad0	FUN_10170ad0	16
10170c00	FUN_10170c00	39
10170c30	FUN_10170c30	18
10170d30	FUN_10170d30	17
10170e60	FUN_10170e60	17
10170e80	FUN_10170e80	17
10170eb0	FUN_10170eb0	25
10170ed0	FUN_10170ed0	18
10170f10	FUN_10170f10	24
10170f40	FUN_10170f40	28
101712d0	FUN_101712d0	16
101715f0	FUN_101715f0	20
10171620	FUN_10171620	18
10171640	FUN_10171640	18
101717c0	FUN_101717c0	53
10171810	FUN_10171810	18
10171840	FUN_10171840	21
10171890	FUN_10171890	21
10171cc0	FUN_10171cc0	16
10171dd0	FUN_10171dd0	16
10171e00	FUN_10171e00	21
10171e20	FUN_10171e20	21
101723b0	FUN_101723b0	16
10172cf0	FUN_10172cf0	17
10173250	FUN_10173250	20
10173690	FUN_10173690	16
10173d70	FUN_10173d70	20
101741e0	FUN_101741e0	20
10174200	FUN_10174200	20
10174220	FUN_10174220	20
10174240	FUN_10174240	20
10174260	FUN_10174260	20
10174280	FUN_10174280	20
101742a0	FUN_101742a0	20
101742c0	FUN_101742c0	20
10174320	FUN_10174320	27
10174350	FUN_10174350	27
10174380	FUN_10174380	24
101743a0	FUN_101743a0	20
101753b0	FUN_101753b0	20
101757b0	FUN_101757b0	19
10175820	FUN_10175820	20
10175ab0	FUN_10175ab0	20
10175ad0	FUN_10175ad0	20
10175af0	FUN_10175af0	21
10175b10	FUN_10175b10	17
10175b30	FUN_10175b30	17
10175b50	FUN_10175b50	17
10175b70	FUN_10175b70	20
10175b90	FUN_10175b90	24
10175bb0	FUN_10175bb0	21
10175bd0	FUN_10175bd0	17
10175bf0	FUN_10175bf0	20
10175c10	FUN_10175c10	20
10175c30	FUN_10175c30	27
10175e50	FUN_10175e50	17
10175e70	FUN_10175e70	16
10175e90	FUN_10175e90	16
101765c0	FUN_101765c0	18
101765e0	FUN_101765e0	18
10176610	FUN_10176610	20
10176730	FUN_10176730	17
10176800	FUN_10176800	17
101768d0	FUN_101768d0	17
10176900	FUN_10176900	17
101769e0	FUN_101769e0	17
10176ab0	FUN_10176ab0	17
10177610	FUN_10177610	16
10177770	FUN_10177770	17
10177aa0	FUN_10177aa0	17
10177ad0	FUN_10177ad0	17
10177f80	FUN_10177f80	17
10178290	FUN_10178290	17
101782b0	FUN_101782b0	17
10178320	FUN_10178320	16
10178440	FUN_10178440	17
101786e0	FUN_101786e0	39
10178710	FUN_10178710	20
101789e0	FUN_101789e0	17
101792d0	FUN_101792d0	16
10179480	FUN_10179480	17
10179660	FUN_10179660	29
10179690	FUN_10179690	17
101796b0	FUN_101796b0	16
101796d0	FUN_101796d0	16
10179840	FUN_10179840	17
10179b70	FUN_10179b70	17
10179b90	FUN_10179b90	17
10179bd0	FUN_10179bd0	19
10179bf0	FUN_10179bf0	19
1017aa20	FUN_1017aa20	24
1017b0d0	FUN_1017b0d0	17
1017b4f0	FUN_1017b4f0	17
1017b560	FUN_1017b560	17
1017b580	FUN_1017b580	17
1017b710	FUN_1017b710	28
1017b930	FUN_1017b930	21
1017b950	FUN_1017b950	16
1017d030	FUN_1017d030	18
1017d950	FUN_1017d950	17
1017d980	FUN_1017d980	24
1017db40	FUN_1017db40	16
1017db70	FUN_1017db70	16
1017dba0	FUN_1017dba0	16
1017e040	FUN_1017e040	16
1017e060	FUN_1017e060	16
1017e080	FUN_1017e080	24
1017e4b0	FUN_1017e4b0	17
1017e4d0	FUN_1017e4d0	17
1017e4f0	FUN_1017e4f0	17
1017e510	FUN_1017e510	16
1017e530	FUN_1017e530	17
1017e550	FUN_1017e550	17
1017f0f0	FUN_1017f0f0	17
1017f110	FUN_1017f110	24
1017f5b0	FUN_1017f5b0	17
1017fb90	FUN_1017fb90	17
1017fbc0	FUN_1017fbc0	39
1017fbf0	FUN_1017fbf0	18
1017fd40	FUN_1017fd40	17
1017ff40	FUN_1017ff40	18
10180250	FUN_10180250	16
101804b0	FUN_101804b0	21
101804d0	FUN_101804d0	21
10180500	FUN_10180500	17
10180520	FUN_10180520	17
10180540	FUN_10180540	24
10180580	FUN_10180580	20
10180660	FUN_10180660	20
10180690	FUN_10180690	21
10180d00	FUN_10180d00	16
10180d20	FUN_10180d20	16
10180de0	FUN_10180de0	17
10180e00	FUN_10180e00	17
10180e20	FUN_10180e20	17
10180e40	FUN_10180e40	17
10181d60	FUN_10181d60	17
10181d80	FUN_10181d80	17
10181da0	FUN_10181da0	17
10181dd0	FUN_10181dd0	17
10181fb0	FUN_10181fb0	16
10182090	FUN_10182090	25
101820b0	FUN_101820b0	18
10182210	FUN_10182210	21
10182590	FUN_10182590	16
101825b0	FUN_101825b0	16
101825e0	FUN_101825e0	17
10182600	FUN_10182600	17
10183000	FUN_10183000	17
10183020	FUN_10183020	17
10183040	FUN_10183040	17
10183060	FUN_10183060	17
10183080	FUN_10183080	17
101830a0	FUN_101830a0	17
10183a50	FUN_10183a50	17
10184010	FUN_10184010	24
10184030	FUN_10184030	26
10184050	FUN_10184050	16
10184110	FUN_10184110	24
10184130	FUN_10184130	26
10184150	FUN_10184150	16
10184170	FUN_10184170	16
10184210	FUN_10184210	16
10184230	FUN_10184230	16
10184250	FUN_10184250	16
10184280	FUN_10184280	17
10185660	FUN_10185660	17
10185680	FUN_10185680	17
101856a0	FUN_101856a0	17
101856c0	FUN_101856c0	17
101856e0	FUN_101856e0	17
10185700	FUN_10185700	17
101857b0	FUN_101857b0	19
101857d0	FUN_101857d0	19
10185800	FUN_10185800	17
10185820	FUN_10185820	16
10186130	FUN_10186130	17
10186150	FUN_10186150	17
10186170	FUN_10186170	17
10186190	FUN_10186190	17
101861b0	FUN_101861b0	16
101861d0	FUN_101861d0	16
101869b0	FUN_101869b0	17
101869d0	FUN_101869d0	16
101869f0	FUN_101869f0	16
10187560	FUN_10187560	18
10187580	FUN_10187580	18
10187770	FUN_10187770	16
10187790	FUN_10187790	21
10187ac0	FUN_10187ac0	17
10187c00	FUN_10187c00	16
101884d0	FUN_101884d0	17
10188610	FUN_10188610	17
10188730	FUN_10188730	18
10188a20	FUN_10188a20	17
1018a440	FUN_1018a440	40
1018a480	FUN_1018a480	30
1018a4b0	FUN_1018a4b0	20
1018a4d0	FUN_1018a4d0	16
1018a4f0	FUN_1018a4f0	16
1018ac30	FUN_1018ac30	17
1018ac50	FUN_1018ac50	17
1018ac70	FUN_1018ac70	17
1018ac90	FUN_1018ac90	17
1018ae30	FUN_1018ae30	20
1018afa0	FUN_1018afa0	17
1018afc0	FUN_1018afc0	16
1018afe0	FUN_1018afe0	16
1018b000	FUN_1018b000	16
1018b020	FUN_1018b020	16
1018b040	FUN_1018b040	16
1018b060	FUN_1018b060	16
1018b080	FUN_1018b080	16
1018b0a0	FUN_1018b0a0	16
1018b0d0	FUN_1018b0d0	17
1018b1a0	FUN_1018b1a0	29
1018b1d0	FUN_1018b1d0	19
1018bc40	FUN_1018bc40	17
1018bc60	FUN_1018bc60	17
1018bc80	FUN_1018bc80	17
1018beb0	FUN_1018beb0	16
1018bed0	FUN_1018bed0	16
1018bef0	FUN_1018bef0	21
1018bf10	FUN_1018bf10	16
1018bf30	FUN_1018bf30	16
1018c1f0	FUN_1018c1f0	17
1018c550	FUN_1018c550	17
1018c580	FUN_1018c580	24
1018c710	FUN_1018c710	17
1018c730	FUN_1018c730	17
1018c750	FUN_1018c750	16
1018c770	FUN_1018c770	16
1018c790	FUN_1018c790	24
1018c7b0	FUN_1018c7b0	16
1018c7e0	FUN_1018c7e0	16
1018c800	FUN_1018c800	16
1018c930	FUN_1018c930	53
1018c980	FUN_1018c980	18
1018ce70	FUN_1018ce70	32
1018cea0	FUN_1018cea0	17
1018cec0	FUN_1018cec0	25
1018cfe0	FUN_1018cfe0	53
1018d030	FUN_1018d030	18
1018d060	FUN_1018d060	20
1018d080	FUN_1018d080	16
1018d0a0	FUN_1018d0a0	17
1018d150	FUN_1018d150	21
1018d170	FUN_1018d170	21
1018d1c0	FUN_1018d1c0	46
1018d200	FUN_1018d200	18
1018d380	FUN_1018d380	16
1018d3a0	FUN_1018d3a0	16
1018d3d0	FUN_1018d3d0	17
1018d740	FUN_1018d740	17
1018d760	FUN_1018d760	17
1018d790	FUN_1018d790	18
1018d7b0	FUN_1018d7b0	18
1018d7e0	FUN_1018d7e0	16
1018d810	FUN_1018d810	39
1018d840	FUN_1018d840	18
1018d870	FUN_1018d870	16
1018d8b0	FUN_1018d8b0	16
1018daf0	FUN_1018daf0	17
1018db30	FUN_1018db30	16
1018db50	FUN_1018db50	16
1018dbb0	FUN_1018dbb0	20
1018dbe0	FUN_1018dbe0	21
1018dd40	FUN_1018dd40	21
1018de60	FUN_1018de60	16
1018e050	FUN_1018e050	17
1018e070	FUN_1018e070	17
1018e090	FUN_1018e090	17
1018e130	FUN_1018e130	18
1018e160	FUN_1018e160	21
1018e910	FUN_1018e910	20
1018e930	FUN_1018e930	20
1018e960	FUN_1018e960	17
1018ec50	FUN_1018ec50	32
1018ec80	FUN_1018ec80	18
1018ecb0	FUN_1018ecb0	17
1018ecd0	FUN_1018ecd0	46
1018ed20	FUN_1018ed20	17
1018ed90	FUN_1018ed90	46
1018edd0	FUN_1018edd0	18
1018ee00	FUN_1018ee00	16
1018ee20	FUN_1018ee20	16
1018ee40	FUN_1018ee40	16
1018f0a0	FUN_1018f0a0	53
1018f0f0	FUN_1018f0f0	18
1018f120	FUN_1018f120	20
1018f160	FUN_1018f160	16
1018f2f0	FUN_1018f2f0	18
1018f320	FUN_1018f320	17
1018f340	FUN_1018f340	17
1018f360	FUN_1018f360	17
1018f380	FUN_1018f380	17
1018f580	FUN_1018f580	17
1018f820	FUN_1018f820	21
1018f840	FUN_1018f840	29
1018f870	FUN_1018f870	19
1018f8a0	FUN_1018f8a0	21
1018f8d0	FUN_1018f8d0	16
1018f980	FUN_1018f980	16
10190820	FUN_10190820	17
10190840	FUN_10190840	17
10190860	FUN_10190860	17
10190880	FUN_10190880	20
101908a0	FUN_101908a0	17
101908c0	FUN_101908c0	17
101908e0	FUN_101908e0	19
101909a0	FUN_101909a0	20
101909e0	FUN_101909e0	24
10190c60	FUN_10190c60	19
101918d0	FUN_101918d0	17
101918f0	FUN_101918f0	17
10191910	FUN_10191910	17
10191930	FUN_10191930	20
10191950	FUN_10191950	17
10191970	FUN_10191970	17
10191990	FUN_10191990	17
101919b0	FUN_101919b0	17
101919d0	FUN_101919d0	17
10191a80	FUN_10191a80	17
10191ad0	FUN_10191ad0	17
10191af0	FUN_10191af0	23
10191bb0	FUN_10191bb0	19
10191c60	FUN_10191c60	16
10191d60	FUN_10191d60	19
10191d80	FUN_10191d80	20
10191da0	FUN_10191da0	20
10191dc0	FUN_10191dc0	19
10191fa0	FUN_10191fa0	16
10191fc0	FUN_10191fc0	24
10192370	FUN_10192370	17
10192390	FUN_10192390	17
101923b0	FUN_101923b0	17
101923d0	FUN_101923d0	17
10192620	FUN_10192620	17
10192640	FUN_10192640	17
101927e0	FUN_101927e0	17
10192800	FUN_10192800	17
10192820	FUN_10192820	17
10192840	FUN_10192840	16
10192860	FUN_10192860	16
10193040	FUN_10193040	17
10193060	FUN_10193060	17
10193080	FUN_10193080	17
101930a0	FUN_101930a0	17
101930c0	FUN_101930c0	17
101930e0	FUN_101930e0	17
10193100	FUN_10193100	17
10193120	FUN_10193120	17
10193140	FUN_10193140	17
10193160	FUN_10193160	17
10193180	FUN_10193180	17
10193e80	FUN_10193e80	16
10193ee0	FUN_10193ee0	37
101944c0	FUN_101944c0	18
101944f0	FUN_101944f0	18
101945c0	FUN_101945c0	25
10194670	FUN_10194670	25
10194730	FUN_10194730	20
10194750	FUN_10194750	18
10194860	FUN_10194860	18
10195ae0	FUN_10195ae0	18
10195f50	FUN_10195f50	23
10195f90	FUN_10195f90	25
10195fd0	FUN_10195fd0	25
10196010	FUN_10196010	25
10196040	FUN_10196040	22
10196070	FUN_10196070	22
101960a0	FUN_101960a0	22
101960d0	FUN_101960d0	22
10196100	FUN_10196100	22
10196130	FUN_10196130	18
10196160	FUN_10196160	18
10196190	FUN_10196190	18
101961c0	FUN_101961c0	18
101961f0	FUN_101961f0	21
10196220	FUN_10196220	21
10196250	FUN_10196250	18
10196280	FUN_10196280	18
101962b0	FUN_101962b0	21
101962e0	FUN_101962e0	21
10196310	FUN_10196310	21
10196340	FUN_10196340	18
101963e0	FUN_101963e0	21
10196410	FUN_10196410	21
10196440	FUN_10196440	21
10196470	FUN_10196470	21
101964a0	FUN_101964a0	21
101964d0	FUN_101964d0	21
10196500	FUN_10196500	21
10197e80	FUN_10197e80	18
10198020	FUN_10198020	17
10198520	FUN_10198520	17
10198540	FUN_10198540	16
10198560	FUN_10198560	17
101985a0	FUN_101985a0	20
101985c0	FUN_101985c0	20
101987f0	FUN_101987f0	16
10198820	FUN_10198820	62
10198870	FUN_10198870	62
101988c0	FUN_101988c0	62
10198930	FUN_10198930	25
10199450	FUN_10199450	18
10199480	FUN_10199480	18
101994b0	FUN_101994b0	18
101994e0	FUN_101994e0	18
10199510	FUN_10199510	17
10199540	FUN_10199540	18
10199570	FUN_10199570	18
101995a0	FUN_101995a0	22
101995d0	FUN_101995d0	22
10199600	FUN_10199600	18
101996a0	FUN_101996a0	18
10199740	FUN_10199740	18
10199770	FUN_10199770	22
101997a0	FUN_101997a0	22
1019c310	FUN_1019c310	17
1019c330	FUN_1019c330	17
1019c350	FUN_1019c350	16
1019c370	FUN_1019c370	16
1019c390	FUN_1019c390	16
1019c3b0	FUN_1019c3b0	16
1019c3d0	FUN_1019c3d0	16
1019c3f0	FUN_1019c3f0	16
1019c410	FUN_1019c410	16
1019c430	FUN_1019c430	16
1019c450	FUN_1019c450	16
1019c470	FUN_1019c470	16
1019c490	FUN_1019c490	16
1019c4b0	FUN_1019c4b0	16
1019c4d0	FUN_1019c4d0	16
1019c4f0	FUN_1019c4f0	16
1019c510	FUN_1019c510	16
1019c530	FUN_1019c530	16
1019c550	FUN_1019c550	16
1019c570	FUN_1019c570	16
1019c590	FUN_1019c590	16
1019c5b0	FUN_1019c5b0	16
1019c5d0	FUN_1019c5d0	16
1019c5f0	FUN_1019c5f0	16
1019c610	FUN_1019c610	16
1019c630	FUN_1019c630	16
1019c650	FUN_1019c650	16
1019c670	FUN_1019c670	16
1019c690	FUN_1019c690	16
1019c6b0	FUN_1019c6b0	16
1019c6d0	FUN_1019c6d0	16
1019c6f0	FUN_1019c6f0	16
1019c710	FUN_1019c710	16
1019c730	FUN_1019c730	16
1019c750	FUN_1019c750	16
1019c770	FUN_1019c770	16
1019c790	FUN_1019c790	16
1019c7b0	FUN_1019c7b0	16
1019c7d0	FUN_1019c7d0	16
1019c7f0	FUN_1019c7f0	16
1019c810	FUN_1019c810	16
1019c830	FUN_1019c830	16
1019c850	FUN_1019c850	16
1019c870	FUN_1019c870	16
1019c890	FUN_1019c890	16
1019c8b0	FUN_1019c8b0	16
1019c8d0	FUN_1019c8d0	16
1019c8f0	FUN_1019c8f0	16
1019c910	FUN_1019c910	16
1019c930	FUN_1019c930	16
1019c950	FUN_1019c950	16
1019c970	FUN_1019c970	16
1019c990	FUN_1019c990	16
1019c9b0	FUN_1019c9b0	16
1019c9d0	FUN_1019c9d0	16
1019c9f0	FUN_1019c9f0	16
1019ca10	FUN_1019ca10	16
1019ca30	FUN_1019ca30	16
1019ca50	FUN_1019ca50	16
1019ca70	FUN_1019ca70	16
1019ca90	FUN_1019ca90	16
1019cab0	FUN_1019cab0	16
1019cad0	FUN_1019cad0	16
1019caf0	FUN_1019caf0	16
1019cb10	FUN_1019cb10	16
1019cb30	FUN_1019cb30	16
1019cb50	FUN_1019cb50	16
1019cb70	FUN_1019cb70	16
1019cb90	FUN_1019cb90	16
1019cbb0	FUN_1019cbb0	16
1019cbd0	FUN_1019cbd0	16
1019cbf0	FUN_1019cbf0	16
1019cc10	FUN_1019cc10	16
1019cc30	FUN_1019cc30	16
1019cc50	FUN_1019cc50	16
1019cc70	FUN_1019cc70	16
1019cc90	FUN_1019cc90	16
1019ccb0	FUN_1019ccb0	16
1019ccd0	FUN_1019ccd0	16
1019ccf0	FUN_1019ccf0	16
1019cd10	FUN_1019cd10	16
1019cd30	FUN_1019cd30	16
1019cd50	FUN_1019cd50	16
1019cd70	FUN_1019cd70	16
1019cd90	FUN_1019cd90	16
1019cdb0	FUN_1019cdb0	16
1019cdd0	FUN_1019cdd0	16
1019cdf0	FUN_1019cdf0	16
1019ce10	FUN_1019ce10	16
1019ce30	FUN_1019ce30	16
1019ce50	FUN_1019ce50	16
1019ce70	FUN_1019ce70	16
1019ce90	FUN_1019ce90	16
1019ceb0	FUN_1019ceb0	16
1019ced0	FUN_1019ced0	16
1019cef0	FUN_1019cef0	16
1019cf10	FUN_1019cf10	16
1019cf30	FUN_1019cf30	16
1019cf50	FUN_1019cf50	16
1019cf70	FUN_1019cf70	16
1019cf90	FUN_1019cf90	16
1019cfb0	FUN_1019cfb0	16
1019cfd0	FUN_1019cfd0	16
1019cff0	FUN_1019cff0	16
1019d010	FUN_1019d010	16
1019d030	FUN_1019d030	16
1019d050	FUN_1019d050	16
1019d070	FUN_1019d070	16
1019d090	FUN_1019d090	16
1019d0b0	FUN_1019d0b0	16
1019d0d0	FUN_1019d0d0	16
1019d0f0	FUN_1019d0f0	16
1019d110	FUN_1019d110	16
1019d130	FUN_1019d130	16
1019d150	FUN_1019d150	16
1019d170	FUN_1019d170	16
1019d190	FUN_1019d190	16
1019d1b0	FUN_1019d1b0	16
1019d1d0	FUN_1019d1d0	16
1019d1f0	FUN_1019d1f0	16
1019d210	FUN_1019d210	16
1019d230	FUN_1019d230	16
1019d250	FUN_1019d250	16
1019d270	FUN_1019d270	16
1019d290	FUN_1019d290	16
1019d2b0	FUN_1019d2b0	16
1019d2d0	FUN_1019d2d0	16
1019d2f0	FUN_1019d2f0	16
1019d310	FUN_1019d310	16
1019d330	FUN_1019d330	16
1019d350	FUN_1019d350	16
1019d370	FUN_1019d370	16
1019d390	FUN_1019d390	16
1019d3b0	FUN_1019d3b0	16
1019d3d0	FUN_1019d3d0	16
1019d3f0	FUN_1019d3f0	16
1019d410	FUN_1019d410	16
1019d430	FUN_1019d430	16
1019d450	FUN_1019d450	16
1019d470	FUN_1019d470	16
1019d490	FUN_1019d490	16
1019d4b0	FUN_1019d4b0	16
1019d4d0	FUN_1019d4d0	16
1019d4f0	FUN_1019d4f0	16
1019d510	FUN_1019d510	16
1019d530	FUN_1019d530	16
1019d550	FUN_1019d550	16
1019d570	FUN_1019d570	16
1019d590	FUN_1019d590	16
1019d5b0	FUN_1019d5b0	16
1019d5d0	FUN_1019d5d0	16
1019d5f0	FUN_1019d5f0	16
1019d610	FUN_1019d610	16
1019d630	FUN_1019d630	16
1019d650	FUN_1019d650	16
1019d670	FUN_1019d670	16
1019d690	FUN_1019d690	16
1019d6b0	FUN_1019d6b0	16
1019d6d0	FUN_1019d6d0	16
1019d6f0	FUN_1019d6f0	16
1019d710	FUN_1019d710	16
1019d730	FUN_1019d730	16
1019d750	FUN_1019d750	16
1019d770	FUN_1019d770	16
1019d790	FUN_1019d790	16
1019d7b0	FUN_1019d7b0	16
1019d7d0	FUN_1019d7d0	16
1019d7f0	FUN_1019d7f0	16
1019d810	FUN_1019d810	16
1019d830	FUN_1019d830	16
1019d850	FUN_1019d850	16
1019d870	FUN_1019d870	16
1019d890	FUN_1019d890	16
1019d8b0	FUN_1019d8b0	16
1019d8d0	FUN_1019d8d0	16
1019d8f0	FUN_1019d8f0	16
1019d910	FUN_1019d910	16
1019d930	FUN_1019d930	16
1019d950	FUN_1019d950	16
1019d970	FUN_1019d970	16
1019d990	FUN_1019d990	16
1019d9b0	FUN_1019d9b0	16
1019d9d0	FUN_1019d9d0	16
1019d9f0	FUN_1019d9f0	16
1019da10	FUN_1019da10	16
1019da30	FUN_1019da30	16
1019da50	FUN_1019da50	16
1019da70	FUN_1019da70	16
1019da90	FUN_1019da90	16
1019dab0	FUN_1019dab0	16
1019dad0	FUN_1019dad0	16
1019daf0	FUN_1019daf0	16
1019db10	FUN_1019db10	16
1019db30	FUN_1019db30	16
1019db50	FUN_1019db50	16
1019db70	FUN_1019db70	16
1019db90	FUN_1019db90	16
1019dbb0	FUN_1019dbb0	16
1019dbd0	FUN_1019dbd0	16
1019dbf0	FUN_1019dbf0	16
1019dc10	FUN_1019dc10	16
1019dc30	FUN_1019dc30	16
1019dc50	FUN_1019dc50	16
1019dc70	FUN_1019dc70	16
1019dc90	FUN_1019dc90	16
1019dcb0	FUN_1019dcb0	16
1019dcd0	FUN_1019dcd0	16
1019dcf0	FUN_1019dcf0	16
1019dd10	FUN_1019dd10	16
1019dd30	FUN_1019dd30	16
1019dd50	FUN_1019dd50	16
1019dd70	FUN_1019dd70	16
1019dd90	FUN_1019dd90	16
1019ddb0	FUN_1019ddb0	16
1019ddd0	FUN_1019ddd0	16
1019ddf0	FUN_1019ddf0	16
1019de10	FUN_1019de10	16
1019de30	FUN_1019de30	16
1019de50	FUN_1019de50	16
1019de70	FUN_1019de70	16
1019de90	FUN_1019de90	16
1019deb0	FUN_1019deb0	16
1019ded0	FUN_1019ded0	16
1019def0	FUN_1019def0	24
1019df10	FUN_1019df10	16
1019df30	FUN_1019df30	16
1019df50	FUN_1019df50	16
1019df70	FUN_1019df70	16
1019df90	FUN_1019df90	16
1019dfb0	FUN_1019dfb0	16
1019dfd0	FUN_1019dfd0	16
1019dff0	FUN_1019dff0	16
1019e010	FUN_1019e010	16
1019e030	FUN_1019e030	16
1019e050	FUN_1019e050	16
1019e070	FUN_1019e070	16
1019e090	FUN_1019e090	16
1019e0b0	FUN_1019e0b0	16
1019e0d0	FUN_1019e0d0	16
1019e0f0	FUN_1019e0f0	16
1019e110	FUN_1019e110	16
1019e130	FUN_1019e130	16
1019e150	FUN_1019e150	16
1019e170	FUN_1019e170	16
1019e190	FUN_1019e190	16
1019e1b0	FUN_1019e1b0	16
1019e1d0	FUN_1019e1d0	16
1019e1f0	FUN_1019e1f0	16
1019e210	FUN_1019e210	16
1019e230	FUN_1019e230	16
1019e250	FUN_1019e250	16
1019e270	FUN_1019e270	16
1019e290	FUN_1019e290	16
1019e2b0	FUN_1019e2b0	16
1019e2d0	FUN_1019e2d0	16
1019e2f0	FUN_1019e2f0	16
1019e310	FUN_1019e310	16
1019e330	FUN_1019e330	16
1019e350	FUN_1019e350	16
1019e370	FUN_1019e370	16
1019e390	FUN_1019e390	16
1019e3b0	FUN_1019e3b0	16
1019e3d0	FUN_1019e3d0	16
1019e3f0	FUN_1019e3f0	16
1019e410	FUN_1019e410	16
1019e430	FUN_1019e430	16
1019e450	FUN_1019e450	16
1019e470	FUN_1019e470	16
1019e490	FUN_1019e490	16
1019e4b0	FUN_1019e4b0	16
1019e4d0	FUN_1019e4d0	16
1019e4f0	FUN_1019e4f0	16
1019e510	FUN_1019e510	16
1019e530	FUN_1019e530	16
1019e550	FUN_1019e550	16
1019e570	FUN_1019e570	16
1019e590	FUN_1019e590	16
1019e5b0	FUN_1019e5b0	16
1019e5d0	FUN_1019e5d0	16
1019e5f0	FUN_1019e5f0	16
1019e610	FUN_1019e610	16
1019e630	FUN_1019e630	16
1019e650	FUN_1019e650	16
1019e670	FUN_1019e670	16
1019e690	FUN_1019e690	16
1019e6b0	FUN_1019e6b0	16
1019e6d0	FUN_1019e6d0	16
1019e6f0	FUN_1019e6f0	16
1019e710	FUN_1019e710	16
1019e730	FUN_1019e730	16
1019e750	FUN_1019e750	16
1019e770	FUN_1019e770	16
1019e790	FUN_1019e790	16
1019e7b0	FUN_1019e7b0	16
1019e7d0	FUN_1019e7d0	16
1019e7f0	FUN_1019e7f0	16
1019e810	FUN_1019e810	16
1019e830	FUN_1019e830	24
1019e850	FUN_1019e850	16
1019e870	FUN_1019e870	16
1019e890	FUN_1019e890	16
1019e8b0	FUN_1019e8b0	16
1019e8d0	FUN_1019e8d0	16
1019e8f0	FUN_1019e8f0	16
1019e910	FUN_1019e910	16
1019e930	FUN_1019e930	16
1019e950	FUN_1019e950	16
1019e970	FUN_1019e970	16
1019e990	FUN_1019e990	16
1019e9b0	FUN_1019e9b0	16
1019e9d0	FUN_1019e9d0	16
1019e9f0	FUN_1019e9f0	16
1019ea10	FUN_1019ea10	16
1019ea30	FUN_1019ea30	16
1019eaf0	FUN_1019eaf0	16
1019eb10	FUN_1019eb10	16
1019eb30	FUN_1019eb30	16
1019eb50	FUN_1019eb50	16
1019ebf0	FUN_1019ebf0	16
1019ec10	FUN_1019ec10	16
1019ec30	FUN_1019ec30	16
1019ec50	FUN_1019ec50	16
1019ec70	FUN_1019ec70	16
1019ec90	FUN_1019ec90	16
1019ecb0	FUN_1019ecb0	16
1019ecd0	FUN_1019ecd0	16
1019ecf0	FUN_1019ecf0	16
1019ed90	FUN_1019ed90	22
1019edb0	FUN_1019edb0	24
1019edd0	FUN_1019edd0	24
1019edf0	FUN_1019edf0	24
1019ee10	FUN_1019ee10	24
1019ee30	FUN_1019ee30	24
1019ee50	FUN_1019ee50	24
1019ee70	FUN_1019ee70	24
1019ee90	FUN_1019ee90	24
1019eee0	FUN_1019eee0	24
1019ef00	FUN_1019ef00	16
1019ef20	FUN_1019ef20	24
1019ef40	FUN_1019ef40	16
1019ef60	FUN_1019ef60	16
1019ef80	FUN_1019ef80	16
1019efa0	FUN_1019efa0	24
101a2b10	FUN_101a2b10	41
101a2b50	FUN_101a2b50	41
101a2b90	FUN_101a2b90	41
101a2bd0	FUN_101a2bd0	17
101a3370	FUN_101a3370	20
101a4870	FUN_101a4870	25
101a4ca0	FUN_101a4ca0	38
101a4cd0	FUN_101a4cd0	38
101a6af0	FUN_101a6af0	32
101a6b20	FUN_101a6b20	27
101a9d20	FUN_101a9d20	38
101aa570	FUN_101aa570	33
101ab320	FUN_101ab320	55
101ab9e0	FUN_101ab9e0	30
101ae940	FUN_101ae940	19
101aebf0	FUN_101aebf0	25
101b2450	FUN_101b2450	31
101b2520	FUN_101b2520	23
101b2540	FUN_101b2540	21
101b25f0	FUN_101b25f0	25
101b2ac0	FUN_101b2ac0	30
101b2d50	FUN_101b2d50	42
101b2d90	FUN_101b2d90	42
101b2dd0	FUN_101b2dd0	42
101b2e80	FUN_101b2e80	32
101b4d40	FUN_101b4d40	28
101b4d70	FUN_101b4d70	63
101b5010	FUN_101b5010	26
101b5290	FUN_101b5290	28
101b5e00	FUN_101b5e00	52
101b5ef0	FUN_101b5ef0	19
101b7cd0	FUN_101b7cd0	62
101b7d20	FUN_101b7d20	17
101b7f90	FUN_101b7f90	24
101b7fb0	FUN_101b7fb0	24
101b7fd0	FUN_101b7fd0	63
101b8080	FUN_101b8080	24
101b8600	FUN_101b8600	47
101b8f90	FUN_101b8f90	34
101b9190	FUN_101b9190	43
101b9240	FUN_101b9240	27
101bad20	FUN_101bad20	59
101bad70	FUN_101bad70	59
101bb100	FUN_101bb100	43
101bb140	FUN_101bb140	43
101bb180	FUN_101bb180	43
101bbbe0	FUN_101bbbe0	19
101bc2d0	FUN_101bc2d0	39
101bc3e0	FUN_101bc3e0	35
101bc430	FUN_101bc430	30
101bc460	FUN_101bc460	21
101bc480	FUN_101bc480	21
101c4700	FUN_101c4700	40
101c4ee0	FUN_101c4ee0	30
101c4f10	FUN_101c4f10	40
101c5210	FUN_101c5210	55
101c62f0	FUN_101c62f0	41
101c67f0	FUN_101c67f0	19
101c69e0	FUN_101c69e0	17
101c6a00	FUN_101c6a00	25
101c7440	FUN_101c7440	27
101c8730	FUN_101c8730	20
101c8da0	FUN_101c8da0	25
101c9930	FUN_101c9930	30
101c9af0	FUN_101c9af0	32
101c9b90	FUN_101c9b90	32
101ca970	FUN_101ca970	28
101cdd70	FUN_101cdd70	33
101cdee0	FUN_101cdee0	57
101ce970	FUN_101ce970	30
101ce9a0	FUN_101ce9a0	30
101d2930	FUN_101d2930	19
101d2950	FUN_101d2950	19
101d2970	FUN_101d2970	33
101d29a0	FUN_101d29a0	33
101d29d0	FUN_101d29d0	33
101d2a00	FUN_101d2a00	33
101d2a30	FUN_101d2a30	33
101d2a60	FUN_101d2a60	33
101d2a90	FUN_101d2a90	33
101d2bf0	FUN_101d2bf0	28
101d2c40	FUN_101d2c40	19
101d2c60	FUN_101d2c60	33
101d2c90	FUN_101d2c90	33
101d2cc0	FUN_101d2cc0	33
101d2cf0	FUN_101d2cf0	33
101d2d20	FUN_101d2d20	33
101d2d50	FUN_101d2d50	33
101d2d80	FUN_101d2d80	33
101d2db0	FUN_101d2db0	25
101d2de0	FUN_101d2de0	28
101d3a30	FUN_101d3a30	18
101d3b70	FUN_101d3b70	21
101d3b90	FUN_101d3b90	21
101d4050	FUN_101d4050	37
101d4080	FUN_101d4080	37
101d6200	FUN_101d6200	21
101d6220	FUN_101d6220	21
101d6240	FUN_101d6240	58
101d6f20	FUN_101d6f20	31
101d6f50	FUN_101d6f50	31
101d7230	FUN_101d7230	33
101d7260	FUN_101d7260	33
101d7290	FUN_101d7290	33
101d72c0	FUN_101d72c0	33
101d72f0	FUN_101d72f0	33
101d7320	FUN_101d7320	33
101d7350	FUN_101d7350	33
101d7380	FUN_101d7380	25
101d7db0	FUN_101d7db0	30
101d7de0	FUN_101d7de0	30
101d83f0	FUN_101d83f0	41
101d8490	FUN_101d8490	33
101d84c0	FUN_101d84c0	32
101d8b20	FUN_101d8b20	43
101d8db0	FUN_101d8db0	35
101d8e80	FUN_101d8e80	43
101d8ec0	FUN_101d8ec0	43
101d8f00	FUN_101d8f00	28
101d8f30	FUN_101d8f30	28
101dcef0	FUN_101dcef0	24
101dcf50	FUN_101dcf50	19
101dd0a0	FUN_101dd0a0	35
101de5f0	FUN_101de5f0	24
101dfd50	FUN_101dfd50	25
101e0dc0	FUN_101e0dc0	30
101e0df0	FUN_101e0df0	30
101e1320	FUN_101e1320	19
101e13f0	FUN_101e13f0	19
101e22f0	FUN_101e22f0	31
101e2470	FUN_101e2470	30
101e24a0	FUN_101e24a0	30
101e2d10	FUN_101e2d10	28
101e2d40	FUN_101e2d40	28
101e3f40	FUN_101e3f40	44
101e6c60	FUN_101e6c60	16
101e6c80	FUN_101e6c80	38
101e6cb0	FUN_101e6cb0	27
101e71e0	FUN_101e71e0	25
101e7200	FUN_101e7200	23
101eb0f0	FUN_101eb0f0	33
101eb130	FUN_101eb130	17
101eb150	FUN_101eb150	17
101eb170	FUN_101eb170	33
101ec310	FUN_101ec310	20
101ec330	FUN_101ec330	20
101ec470	FUN_101ec470	33
101ec720	FUN_101ec720	24
101ed5b0	FUN_101ed5b0	24
101ed5d0	FUN_101ed5d0	24
101ee060	FUN_101ee060	28
101ee650	FUN_101ee650	21
101f0da0	FUN_101f0da0	25
101f1110	FUN_101f1110	32
101f1140	FUN_101f1140	51
101f1190	FUN_101f1190	32
101f1680	FUN_101f1680	20
101f1e90	FUN_101f1e90	27
101f1ed0	FUN_101f1ed0	27
101f2c10	FUN_101f2c10	29
101f3600	FUN_101f3600	39
101f4350	FUN_101f4350	30
101f53a0	FUN_101f53a0	31
101f5530	FUN_101f5530	30
101f9200	FUN_101f9200	19
101f9490	FUN_101f9490	18
101fa6d0	FUN_101fa6d0	33
101fa700	FUN_101fa700	33
101fa760	FUN_101fa760	33
101fa790	FUN_101fa790	33
101fa850	FUN_101fa850	18
101faec0	FUN_101faec0	58
101fb0a0	FUN_101fb0a0	33
101fb0d0	FUN_101fb0d0	33
101fb370	FUN_101fb370	35
101fc380	FUN_101fc380	22
101fc3a0	FUN_101fc3a0	23
101fdb20	FUN_101fdb20	33
101fdc40	FUN_101fdc40	60
101fe110	FUN_101fe110	30
101fe140	FUN_101fe140	30
10202a40	FUN_10202a40	19
10202a70	FUN_10202a70	28
10202b60	FUN_10202b60	19
10202b80	FUN_10202b80	17
10202ba0	FUN_10202ba0	28
102036a0	FUN_102036a0	22
10206d80	FUN_10206d80	20
102072c0	FUN_102072c0	35
10207310	FUN_10207310	32
10207a10	FUN_10207a10	30
10207a40	FUN_10207a40	30
10207b90	FUN_10207b90	55
10207c10	FUN_10207c10	48
10207fd0	FUN_10207fd0	25
10208000	FUN_10208000	16
10208020	FUN_10208020	34
10208c50	FUN_10208c50	20
10208df0	FUN_10208df0	61
1020a300	FUN_1020a300	36
1020a380	FUN_1020a380	43
1020a3c0	FUN_1020a3c0	43
1020a400	FUN_1020a400	28
1020a550	FUN_1020a550	36
1020a5e0	FUN_1020a5e0	35
1020a640	FUN_1020a640	20
1020a660	FUN_1020a660	50
1020bea0	FUN_1020bea0	25
1020bfe0	FUN_1020bfe0	20
1020d1e0	FUN_1020d1e0	43
1020dc00	FUN_1020dc00	17
10210ad0	FUN_10210ad0	46
10210fa0	FUN_10210fa0	16
10210fc0	FUN_10210fc0	20
102111d0	FUN_102111d0	20
10216ec0	FUN_10216ec0	20
10217320	FUN_10217320	17
10217a70	FUN_10217a70	51
10217c30	FUN_10217c30	63
10219030	FUN_10219030	20
10219050	FUN_10219050	20
10219bd0	FUN_10219bd0	20
10219c50	FUN_10219c50	19
10219f60	FUN_10219f60	17
1021b2b0	FUN_1021b2b0	19
1021b2d0	FUN_1021b2d0	19
1021cbe0	FUN_1021cbe0	21
1021d280	FUN_1021d280	26
1021d670	FUN_1021d670	16
102204e0	FUN_102204e0	30
10220630	FUN_10220630	29
10220770	FUN_10220770	24
10220d50	FUN_10220d50	19
10221330	FUN_10221330	59
10221640	FUN_10221640	31
10221690	FUN_10221690	21
10221800	FUN_10221800	62
10222240	FUN_10222240	33
10222440	FUN_10222440	18
10223600	FUN_10223600	31
10223680	FUN_10223680	28
102236b0	FUN_102236b0	28
102236e0	FUN_102236e0	28
10225e70	FUN_10225e70	40
10225eb0	FUN_10225eb0	40
10227430	FUN_10227430	30
1022c710	FUN_1022c710	34
1022d3f0	FUN_1022d3f0	19
1022d410	FUN_1022d410	19
1022d430	FUN_1022d430	19
1022d450	FUN_1022d450	33
1022d480	FUN_1022d480	33
1022d4b0	FUN_1022d4b0	33
1022d4e0	FUN_1022d4e0	33
1022d510	FUN_1022d510	33
1022d540	FUN_1022d540	33
1022d570	FUN_1022d570	33
1022d5a0	FUN_1022d5a0	33
1022d5d0	FUN_1022d5d0	33
1022dab0	FUN_1022dab0	19
1022db00	FUN_1022db00	33
1022db30	FUN_1022db30	33
1022db60	FUN_1022db60	33
1022db90	FUN_1022db90	33
1022dbc0	FUN_1022dbc0	33
1022dbf0	FUN_1022dbf0	33
1022dc20	FUN_1022dc20	33
1022dc50	FUN_1022dc50	33
1022dc80	FUN_1022dc80	33
1022dcb0	FUN_1022dcb0	25
1022dcd0	FUN_1022dcd0	25
1022dcf0	FUN_1022dcf0	55
1022de80	FUN_1022de80	33
1022deb0	FUN_1022deb0	33
1022ed40	FUN_1022ed40	34
1022ed70	FUN_1022ed70	33
1022ef50	FUN_1022ef50	33
1022f150	FUN_1022f150	18
1022f190	FUN_1022f190	18
1022f1d0	FUN_1022f1d0	18
1022f210	FUN_1022f210	18
1022f6b0	FUN_1022f6b0	27
1022f6e0	FUN_1022f6e0	27
10231720	FUN_10231720	39
10231750	FUN_10231750	39
10231780	FUN_10231780	18
102317e0	FUN_102317e0	39
10231d60	FUN_10231d60	29
10232270	FUN_10232270	58
102322c0	FUN_102322c0	58
10232310	FUN_10232310	21
10232330	FUN_10232330	21
10232350	FUN_10232350	21
10232370	FUN_10232370	58
102323c0	FUN_102323c0	21
102323e0	FUN_102323e0	21
10232400	FUN_10232400	21
10232420	FUN_10232420	21
10232440	FUN_10232440	21
10232460	FUN_10232460	58
10232800	FUN_10232800	31
10232890	FUN_10232890	17
102328b0	FUN_102328b0	17
10233740	FUN_10233740	52
10233e10	FUN_10233e10	33
10233e40	FUN_10233e40	33
10233e70	FUN_10233e70	33
10233ea0	FUN_10233ea0	33
10233ed0	FUN_10233ed0	33
10233f00	FUN_10233f00	33
10233f30	FUN_10233f30	33
10233f60	FUN_10233f60	33
10233f90	FUN_10233f90	33
10234110	FUN_10234110	25
10234130	FUN_10234130	25
10234e30	FUN_10234e30	30
10235430	FUN_10235430	32
10235460	FUN_10235460	32
10236170	FUN_10236170	35
10236500	FUN_10236500	28
10236530	FUN_10236530	28
10236560	FUN_10236560	33
102365f0	FUN_102365f0	46
10236a60	FUN_10236a60	55
10236ab0	FUN_10236ab0	43
1023c190	FUN_1023c190	22
10242ad0	FUN_10242ad0	37
10242b10	FUN_10242b10	38
10242b50	FUN_10242b50	22
10242f20	FUN_10242f20	19
10242f40	FUN_10242f40	19
10242f60	FUN_10242f60	19
10242f80	FUN_10242f80	19
10243140	FUN_10243140	20
102431a0	FUN_102431a0	24
102431c0	FUN_102431c0	50
10243200	FUN_10243200	26
10243220	FUN_10243220	19
10243270	FUN_10243270	19
102432a0	FUN_102432a0	19
102432d0	FUN_102432d0	31
10243650	FUN_10243650	29
10244e30	FUN_10244e30	20
10245150	FUN_10245150	41
10245940	FUN_10245940	26
102459f0	FUN_102459f0	17
10245a10	FUN_10245a10	43
10246020	FUN_10246020	33
10246050	FUN_10246050	33
10246080	FUN_10246080	33
10246680	FUN_10246680	30
10247090	FUN_10247090	28
102470c0	FUN_102470c0	28
102470f0	FUN_102470f0	28
10247120	FUN_10247120	28
10247150	FUN_10247150	28
10247180	FUN_10247180	28
10247d40	FUN_10247d40	20
10248250	FUN_10248250	30
10248650	FUN_10248650	28
10248750	FUN_10248750	50
102493a0	FUN_102493a0	46
10249400	FUN_10249400	40
10249440	FUN_10249440	40
10249480	FUN_10249480	37
10249b90	FUN_10249b90	40
10249bd0	FUN_10249bd0	40
1024ac40	FUN_1024ac40	22
1024ac60	FUN_1024ac60	22
1024f580	FUN_1024f580	33
1024f5e0	FUN_1024f5e0	33
1024f7c0	FUN_1024f7c0	18
1024fd40	FUN_1024fd40	58
1024fee0	FUN_1024fee0	33
10250150	FUN_10250150	35
10252bb0	FUN_10252bb0	23
10252fa0	FUN_10252fa0	34
10253110	FUN_10253110	38
10253800	FUN_10253800	17
10254ee0	FUN_10254ee0	33
10257dd0	FUN_10257dd0	33
10257e00	FUN_10257e00	33
10257e30	FUN_10257e30	33
10257f20	FUN_10257f20	33
102584b0	FUN_102584b0	19
102584d0	FUN_102584d0	33
10258500	FUN_10258500	33
10258530	FUN_10258530	33
10258560	FUN_10258560	33
10258590	FUN_10258590	33
102585c0	FUN_102585c0	33
102586c0	FUN_102586c0	28
10258770	FUN_10258770	19
10258790	FUN_10258790	17
102587b0	FUN_102587b0	33
102587e0	FUN_102587e0	33
10258810	FUN_10258810	33
10258840	FUN_10258840	33
10258870	FUN_10258870	33
102588a0	FUN_102588a0	33
102588d0	FUN_102588d0	28
10258cc0	FUN_10258cc0	18
10258d00	FUN_10258d00	18
10258d40	FUN_10258d40	18
10258d80	FUN_10258d80	18
10258da0	FUN_10258da0	18
10258dc0	FUN_10258dc0	18
1025a4f0	FUN_1025a4f0	58
1025a540	FUN_1025a540	58
1025a590	FUN_1025a590	58
1025a610	FUN_1025a610	58
1025a660	FUN_1025a660	20
1025b220	FUN_1025b220	33
1025b250	FUN_1025b250	33
1025b280	FUN_1025b280	33
1025b2b0	FUN_1025b2b0	33
1025b2e0	FUN_1025b2e0	33
1025b310	FUN_1025b310	33
1025b890	FUN_1025b890	24
1025c4d0	FUN_1025c4d0	46
1025c8e0	FUN_1025c8e0	32
1025df30	FUN_1025df30	17
1025e530	FUN_1025e530	58
1025e580	FUN_1025e580	19
1025e680	FUN_1025e680	24
1025e800	FUN_1025e800	40
1025e860	FUN_1025e860	50
1025e8a0	FUN_1025e8a0	19
1025e920	FUN_1025e920	55
1025e970	FUN_1025e970	61
1025e9c0	FUN_1025e9c0	62
1025ea10	FUN_1025ea10	19
1025f8c0	FUN_1025f8c0	19
1025f970	FUN_1025f970	19
102611e0	FUN_102611e0	27
10261210	FUN_10261210	30
102618d0	FUN_102618d0	61
10261e90	FUN_10261e90	45
10262790	FUN_10262790	23
10264350	FUN_10264350	33
10266db0	FUN_10266db0	19
10266e40	FUN_10266e40	28
10266f00	FUN_10266f00	19
10266f20	FUN_10266f20	17
10266f40	FUN_10266f40	17
10266f60	FUN_10266f60	28
10267610	FUN_10267610	18
10267630	FUN_10267630	18
10268620	FUN_10268620	21
102686d0	FUN_102686d0	21
102686f0	FUN_102686f0	20
10268710	FUN_10268710	20
1026aee0	FUN_1026aee0	43
1026af20	FUN_1026af20	43
1026b010	FUN_1026b010	25
1026bd40	FUN_1026bd40	32
1026bdc0	FUN_1026bdc0	32
1026d7a0	FUN_1026d7a0	22
1026d7c0	FUN_1026d7c0	23
1026fd00	FUN_1026fd00	33
1026fd30	FUN_1026fd30	33
1026fd60	FUN_1026fd60	33
1026fd90	FUN_1026fd90	33
1026fdc0	FUN_1026fdc0	33
1026fdf0	FUN_1026fdf0	33
10270980	FUN_10270980	21
102709a0	FUN_102709a0	21
10270c10	FUN_10270c10	33
10270c40	FUN_10270c40	33
10270c70	FUN_10270c70	33
102712c0	FUN_102712c0	35
102712f0	FUN_102712f0	43
10271350	FUN_10271350	32
10271c60	FUN_10271c60	17
102728c0	FUN_102728c0	55
102750c0	FUN_102750c0	33
10275620	FUN_10275620	33
10275650	FUN_10275650	33
10275680	FUN_10275680	33
10275840	FUN_10275840	17
10275860	FUN_10275860	17
10275880	FUN_10275880	33
102758b0	FUN_102758b0	33
102758e0	FUN_102758e0	33
10275c80	FUN_10275c80	18
10275ca0	FUN_10275ca0	18
10275cc0	FUN_10275cc0	18
10275ce0	FUN_10275ce0	18
102774a0	FUN_102774a0	21
10277550	FUN_10277550	21
10277570	FUN_10277570	21
102776d0	FUN_102776d0	20
10277c80	FUN_10277c80	52
10277cf0	FUN_10277cf0	21
10277e10	FUN_10277e10	33
10277e40	FUN_10277e40	33
10277e70	FUN_10277e70	33
10278c90	FUN_10278c90	35
10278e40	FUN_10278e40	25
10279ac0	FUN_10279ac0	54
10279ce0	FUN_10279ce0	17
1027e440	FUN_1027e440	33
1027e7c0	FUN_1027e7c0	30
1027e7f0	FUN_1027e7f0	30
1027e820	FUN_1027e820	30
1027f780	FUN_1027f780	19
1027f7b0	FUN_1027f7b0	28
1027f7e0	FUN_1027f7e0	36
1027f810	FUN_1027f810	28
10280c10	FUN_10280c10	54
10280e10	FUN_10280e10	50
10281130	FUN_10281130	30
10281160	FUN_10281160	30
10281190	FUN_10281190	30
10281230	FUN_10281230	33
10281400	FUN_10281400	28
10281430	FUN_10281430	28
10281460	FUN_10281460	28
10282a10	FUN_10282a10	37
10282ce0	FUN_10282ce0	29
10282d10	FUN_10282d10	19
10283380	FUN_10283380	28
10283430	FUN_10283430	40
102847c0	FUN_102847c0	57
10284810	FUN_10284810	57
10285b20	FUN_10285b20	19
10285b60	FUN_10285b60	17
10285bc0	FUN_10285bc0	17
10286570	FUN_10286570	20
10286dd0	FUN_10286dd0	30
10286e00	FUN_10286e00	31
102878a0	FUN_102878a0	25
1028bfd0	FUN_1028bfd0	33
1028c000	FUN_1028c000	33
1028c290	FUN_1028c290	40
1028cb20	FUN_1028cb20	39
1028d990	FUN_1028d990	19
1028d9b0	FUN_1028d9b0	19
1028d9d0	FUN_1028d9d0	28
1028da00	FUN_1028da00	28
1028da30	FUN_1028da30	36
1028db90	FUN_1028db90	19
1028dbb0	FUN_1028dbb0	19
1028dbd0	FUN_1028dbd0	28
1028dc60	FUN_1028dc60	28
1028dc90	FUN_1028dc90	28
1028f230	FUN_1028f230	30
1028f260	FUN_1028f260	31
1028f290	FUN_1028f290	31
102901b0	FUN_102901b0	33
102901e0	FUN_102901e0	33
102907a0	FUN_102907a0	25
10291700	FUN_10291700	19
102930e0	FUN_102930e0	19
10293f20	FUN_10293f20	43
10293f80	FUN_10293f80	22
10293fa0	FUN_10293fa0	23
10294670	FUN_10294670	33
10296530	FUN_10296530	19
10296550	FUN_10296550	28
10296630	FUN_10296630	19
10296650	FUN_10296650	28
10298790	FUN_10298790	31
102995c0	FUN_102995c0	33
1029b160	FUN_1029b160	16
1029b240	FUN_1029b240	20
1029c0a0	FUN_1029c0a0	41
1029d6e0	FUN_1029d6e0	55
1029dce0	FUN_1029dce0	17
1029dd20	FUN_1029dd20	18
1029dd60	FUN_1029dd60	23
1029f4a0	FUN_1029f4a0	19
1029f570	FUN_1029f570	19
1029ff20	FUN_1029ff20	33
102a0060	FUN_102a0060	22
102a0cb0	FUN_102a0cb0	31
102a3d30	FUN_102a3d30	33
102a3d60	FUN_102a3d60	33
102a3d90	FUN_102a3d90	57
102a55f0	FUN_102a55f0	30
102a5620	FUN_102a5620	30
102a95e0	FUN_102a95e0	19
102a9600	FUN_102a9600	19
102a9690	FUN_102a9690	28
102a96c0	FUN_102a96c0	28
102a96f0	FUN_102a96f0	28
102a9800	FUN_102a9800	19
102a9850	FUN_102a9850	17
102a9870	FUN_102a9870	17
102a98a0	FUN_102a98a0	28
102a98d0	FUN_102a98d0	28
102a9970	FUN_102a9970	28
102aca50	FUN_102aca50	20
102aca70	FUN_102aca70	20
102ae030	FUN_102ae030	30
102ae060	FUN_102ae060	30
102ae3b0	FUN_102ae3b0	33
102ae3e0	FUN_102ae3e0	46
102ae420	FUN_102ae420	24
102aebd0	FUN_102aebd0	28
102aec00	FUN_102aec00	28
102af070	FUN_102af070	16
102af250	FUN_102af250	25
102afa60	FUN_102afa60	22
102afa80	FUN_102afa80	22
102afaa0	FUN_102afaa0	22
102b09e0	FUN_102b09e0	25
102b0a00	FUN_102b0a00	25
102b0d90	FUN_102b0d90	25
102b11f0	FUN_102b11f0	25
102b8540	FUN_102b8540	25
102b8570	FUN_102b8570	26
102bc4e0	FUN_102bc4e0	50
102bcb00	FUN_102bcb00	33
102bd100	FUN_102bd100	39
102bd9e0	FUN_102bd9e0	19
102bda00	FUN_102bda00	28
102bda30	FUN_102bda30	36
102bda60	FUN_102bda60	44
102bdaa0	FUN_102bdaa0	19
102bdac0	FUN_102bdac0	28
102be4c0	FUN_102be4c0	31
102bfae0	FUN_102bfae0	25
102bfb00	FUN_102bfb00	25
102c0950	FUN_102c0950	25
102c1170	FUN_102c1170	30
102c18d0	FUN_102c18d0	23
102c1b50	FUN_102c1b50	21
102c1b70	FUN_102c1b70	24
102c1c10	FUN_102c1c10	30
102c1fc0	FUN_102c1fc0	28
102c3680	FUN_102c3680	30
102c36b0	FUN_102c36b0	30
102c4c90	FUN_102c4c90	33
102c4cc0	FUN_102c4cc0	33
102c4cf0	FUN_102c4cf0	33
102c4d20	FUN_102c4d20	33
102c52f0	FUN_102c52f0	37
102c5320	FUN_102c5320	37
102c5d30	FUN_102c5d30	33
102c5d60	FUN_102c5d60	33
102c6b00	FUN_102c6b00	30
102c6b30	FUN_102c6b30	30
102c6de0	FUN_102c6de0	57
102c6e30	FUN_102c6e30	37
102c6f50	FUN_102c6f50	43
102c6f90	FUN_102c6f90	28
102c6fc0	FUN_102c6fc0	28
102c7cb0	FUN_102c7cb0	41
102c81f0	FUN_102c81f0	25
102c8b40	FUN_102c8b40	33
102ca7b0	FUN_102ca7b0	27
102ca7e0	FUN_102ca7e0	23
102ca800	FUN_102ca800	25
102ca820	FUN_102ca820	23
102ca840	FUN_102ca840	33
102cb180	FUN_102cb180	33
102cb280	FUN_102cb280	49
102ccc20	FUN_102ccc20	19
102ccc40	FUN_102ccc40	33
102ccc70	FUN_102ccc70	33
102ccca0	FUN_102ccca0	28
102ccd90	FUN_102ccd90	17
102ccdb0	FUN_102ccdb0	33
102ccde0	FUN_102ccde0	33
102cce10	FUN_102cce10	28
102cd310	FUN_102cd310	37
102cd340	FUN_102cd340	37
102cdca0	FUN_102cdca0	20
102ce0e0	FUN_102ce0e0	31
102ce210	FUN_102ce210	33
102ce240	FUN_102ce240	33
102cf2a0	FUN_102cf2a0	59
102cf330	FUN_102cf330	33
102cf5a0	FUN_102cf5a0	43
102d3bb0	FUN_102d3bb0	19
102d3bd0	FUN_102d3bd0	33
102d3ce0	FUN_102d3ce0	38
102d3d20	FUN_102d3d20	33
102d4220	FUN_102d4220	27
102d48c0	FUN_102d48c0	21
102d4fe0	FUN_102d4fe0	33
102d5640	FUN_102d5640	35
102d6060	FUN_102d6060	42
102d6570	FUN_102d6570	29
102d7ff0	FUN_102d7ff0	24
102d8760	FUN_102d8760	38
102d8790	FUN_102d8790	23
102dc570	FUN_102dc570	30
102dd620	FUN_102dd620	21
102dd7e0	FUN_102dd7e0	30
102dda60	FUN_102dda60	28
102de0f0	FUN_102de0f0	63
102df160	FUN_102df160	27
102df4d0	FUN_102df4d0	43
102e4c00	FUN_102e4c00	25
102e6a80	FUN_102e6a80	33
102e6ab0	FUN_102e6ab0	33
102e6c60	FUN_102e6c60	40
102e9310	FUN_102e9310	30
102e9340	FUN_102e9340	30
102e9370	FUN_102e9370	30
102e93a0	FUN_102e93a0	30
102e97a0	FUN_102e97a0	55
102ec380	FUN_102ec380	19
102ec3a0	FUN_102ec3a0	33
102ec4b0	FUN_102ec4b0	28
102ec4e0	FUN_102ec4e0	28
102ec5a0	FUN_102ec5a0	19
102ec5d0	FUN_102ec5d0	33
102ec730	FUN_102ec730	28
102ec760	FUN_102ec760	28
102efd80	FUN_102efd80	41
102f0580	FUN_102f0580	33
102f08c0	FUN_102f08c0	20
102f0b10	FUN_102f0b10	30
102f0b40	FUN_102f0b40	30
102f0b70	FUN_102f0b70	30
102f0ba0	FUN_102f0ba0	30
102f0dc0	FUN_102f0dc0	16
102f0df0	FUN_102f0df0	33
102f1240	FUN_102f1240	33
102f45b0	FUN_102f45b0	43
102f45f0	FUN_102f45f0	43
102f4630	FUN_102f4630	43
102f4670	FUN_102f4670	43
102f46b0	FUN_102f46b0	28
102f46e0	FUN_102f46e0	28
102f4710	FUN_102f4710	28
102f4e60	FUN_102f4e60	28
102f5410	FUN_102f5410	44
102f55f0	FUN_102f55f0	28
102f57c0	FUN_102f57c0	28
102f5800	FUN_102f5800	28
102f5b60	FUN_102f5b60	28
102f7900	FUN_102f7900	28
102f7940	FUN_102f7940	18
102f84b0	FUN_102f84b0	19
102f9200	FUN_102f9200	28
102f9240	FUN_102f9240	28
102f9270	FUN_102f9270	28
102f92a0	FUN_102f92a0	28
102f92d0	FUN_102f92d0	28
102fcfb0	FUN_102fcfb0	46
102fcff0	FUN_102fcff0	46
102fde30	FUN_102fde30	41
102fdf80	FUN_102fdf80	39
102fdfd0	FUN_102fdfd0	24
102fe070	FUN_102fe070	36
102fe350	FUN_102fe350	44
102ff070	FUN_102ff070	21
103004f0	FUN_103004f0	18
10300620	FUN_10300620	33
10300650	FUN_10300650	18
10301cd0	FUN_10301cd0	16
10305ee0	FUN_10305ee0	19
10305f40	FUN_10305f40	33
10306260	FUN_10306260	33
10306290	FUN_10306290	25
10306850	FUN_10306850	27
10307140	FUN_10307140	21
10307cb0	FUN_10307cb0	30
10307f30	FUN_10307f30	33
10307fd0	FUN_10307fd0	25
10308d60	FUN_10308d60	33
10308d90	FUN_10308d90	32
103092f0	FUN_103092f0	21
10309760	FUN_10309760	32
103097a0	FUN_103097a0	32
103097d0	FUN_103097d0	32
10309e60	FUN_10309e60	36
1030b1c0	FUN_1030b1c0	27
1030b770	FUN_1030b770	58
1030bde0	FUN_1030bde0	34
1030d3f0	FUN_1030d3f0	40
1030d430	FUN_1030d430	40
1030f680	FUN_1030f680	19
1030f6a0	FUN_1030f6a0	19
1030f6c0	FUN_1030f6c0	19
1030fa10	FUN_1030fa10	19
1030fa30	FUN_1030fa30	19
1030fae0	FUN_1030fae0	55
1030fb30	FUN_1030fb30	55
1030fb80	FUN_1030fb80	25
1030fc50	FUN_1030fc50	45
10310050	FUN_10310050	27
10310800	FUN_10310800	29
10310830	FUN_10310830	29
10311d50	FUN_10311d50	25
10312e60	FUN_10312e60	32
10313e50	FUN_10313e50	27
10313f40	FUN_10313f40	56
10314040	FUN_10314040	43
103188d0	FUN_103188d0	17
1031b160	FUN_1031b160	51
1031dc80	FUN_1031dc80	43
1031dcc0	FUN_1031dcc0	43
1031dd00	FUN_1031dd00	43
1031dd40	FUN_1031dd40	43
1031dd80	FUN_1031dd80	28
1031ddb0	FUN_1031ddb0	28
1031f950	FUN_1031f950	32
1031fbf0	FUN_1031fbf0	22
10320380	FUN_10320380	59
103203d0	FUN_103203d0	18
10322000	FUN_10322000	17
10323ac0	FUN_10323ac0	17
10325780	FUN_10325780	17
103258f0	FUN_103258f0	18
10325920	FUN_10325920	31
10325a30	FUN_10325a30	31
10325c10	FUN_10325c10	22
10325c30	FUN_10325c30	22
10325cd0	FUN_10325cd0	51
10325dd0	FUN_10325dd0	25
10326fe0	FUN_10326fe0	48
10327990	FUN_10327990	28
103279c0	FUN_103279c0	21
10327a20	FUN_10327a20	28
10327a50	FUN_10327a50	37
10327ef0	FUN_10327ef0	49
10327f30	FUN_10327f30	28
10328210	FUN_10328210	31
10328470	FUN_10328470	41
103284b0	FUN_103284b0	48
103284f0	FUN_103284f0	37
10328560	FUN_10328560	24
103285f0	FUN_103285f0	28
10328670	FUN_10328670	23
103286e0	FUN_103286e0	35
10328780	FUN_10328780	16
103287b0	FUN_103287b0	22
10328860	FUN_10328860	35
10328890	FUN_10328890	28
103288c0	FUN_103288c0	21
10328ea0	FUN_10328ea0	25
10328f00	FUN_10328f00	25
1032abe0	FUN_1032abe0	38
1032ac10	FUN_1032ac10	38
1032acb0	FUN_1032acb0	39
1032ace0	FUN_1032ace0	39
1032ad70	FUN_1032ad70	38
1032ada0	FUN_1032ada0	38
1032b1c0	FUN_1032b1c0	26
1032f1c0	FUN_1032f1c0	33
1032f1f0	FUN_1032f1f0	33
1032f220	FUN_1032f220	33
1032f4d0	FUN_1032f4d0	57
1032f520	FUN_1032f520	49
10333790	FUN_10333790	45
10335ef0	FUN_10335ef0	19
10335f10	FUN_10335f10	19
10335f30	FUN_10335f30	19
10335f50	FUN_10335f50	33
10335f80	FUN_10335f80	33
10336220	FUN_10336220	28
10336250	FUN_10336250	28
10336280	FUN_10336280	28
103364a0	FUN_103364a0	19
103364c0	FUN_103364c0	19
103364e0	FUN_103364e0	19
10336520	FUN_10336520	17
10336540	FUN_10336540	33
10336570	FUN_10336570	33
103365a0	FUN_103365a0	28
103365d0	FUN_103365d0	28
10336600	FUN_10336600	28
103367a0	FUN_103367a0	34
10336890	FUN_10336890	33
103368f0	FUN_103368f0	33
10336ab0	FUN_10336ab0	33
10336b10	FUN_10336b10	33
10336b40	FUN_10336b40	18
10336b80	FUN_10336b80	18
10336bc0	FUN_10336bc0	18
10336c00	FUN_10336c00	18
10336c40	FUN_10336c40	18
10336c80	FUN_10336c80	18
10336ca0	FUN_10336ca0	18
10336cc0	FUN_10336cc0	18
10336ce0	FUN_10336ce0	18
10336d00	FUN_10336d00	18
10336d20	FUN_10336d20	18
10337ac0	FUN_10337ac0	24
10337c90	FUN_10337c90	21
10339050	FUN_10339050	58
103390a0	FUN_103390a0	58
103390f0	FUN_103390f0	58
10339140	FUN_10339140	58
10339190	FUN_10339190	58
103391e0	FUN_103391e0	21
103392a0	FUN_103392a0	21
103392c0	FUN_103392c0	21
103392e0	FUN_103392e0	21
10339300	FUN_10339300	21
10339320	FUN_10339320	21
10339340	FUN_10339340	21
10339360	FUN_10339360	21
10339380	FUN_10339380	21
103393a0	FUN_103393a0	21
103393c0	FUN_103393c0	21
10339480	FUN_10339480	21
10339520	FUN_10339520	21
10339540	FUN_10339540	21
10339560	FUN_10339560	20
10339670	FUN_10339670	28
103396a0	FUN_103396a0	27
103396d0	FUN_103396d0	28
10339700	FUN_10339700	22
10339740	FUN_10339740	28
10339820	FUN_10339820	17
10339840	FUN_10339840	28
10339870	FUN_10339870	25
10339890	FUN_10339890	21
103398b0	FUN_103398b0	28
103398e0	FUN_103398e0	24
10339900	FUN_10339900	21
10339920	FUN_10339920	21
10339940	FUN_10339940	22
10339960	FUN_10339960	21
1033ac60	FUN_1033ac60	31
1033b490	FUN_1033b490	33
1033b4c0	FUN_1033b4c0	33
1033c070	FUN_1033c070	33
1033c0a0	FUN_1033c0a0	33
1033c0d0	FUN_1033c0d0	33
1033c160	FUN_1033c160	24
1033c780	FUN_1033c780	43
1033c7c0	FUN_1033c7c0	43
10344810	FUN_10344810	57
10344860	FUN_10344860	40
103448a0	FUN_103448a0	49
10346a10	FUN_10346a10	19
10346a30	FUN_10346a30	19
10346be0	FUN_10346be0	17
10346c50	FUN_10346c50	25
10348280	FUN_10348280	25
10349190	FUN_10349190	32
10349ad0	FUN_10349ad0	19
10349af0	FUN_10349af0	55
1034cf80	FUN_1034cf80	20
1034cfa0	FUN_1034cfa0	22
1034cfc0	FUN_1034cfc0	18
1034cfe0	FUN_1034cfe0	20
1034d000	FUN_1034d000	19
1034d170	FUN_1034d170	19
1034d1e0	FUN_1034d1e0	19
1034d200	FUN_1034d200	52
1034d2d0	FUN_1034d2d0	20
1034d8f0	FUN_1034d8f0	19
1034d960	FUN_1034d960	19
1034d980	FUN_1034d980	22
1034dc70	FUN_1034dc70	20
1034dc90	FUN_1034dc90	20
1034dcb0	FUN_1034dcb0	20
1034e0e0	FUN_1034e0e0	20
1034e2a0	FUN_1034e2a0	18
1034e2c0	FUN_1034e2c0	33
1034e3d0	FUN_1034e3d0	18
1034e3f0	FUN_1034e3f0	33
1034e460	FUN_1034e460	18
1034e5c0	FUN_1034e5c0	18
1034e5e0	FUN_1034e5e0	18
1034e600	FUN_1034e600	18
1034e640	FUN_1034e640	18
1034e720	FUN_1034e720	18
10353930	FUN_10353930	33
10353960	FUN_10353960	33
10353990	FUN_10353990	33
10353be0	FUN_10353be0	40
103581f0	FUN_103581f0	30
10358220	FUN_10358220	30
10358250	FUN_10358250	30
10358280	FUN_10358280	30
103582b0	FUN_103582b0	30
1035cb80	FUN_1035cb80	49
10362640	FUN_10362640	19
10362660	FUN_10362660	19
10362680	FUN_10362680	19
103626a0	FUN_103626a0	33
103626d0	FUN_103626d0	33
10362700	FUN_10362700	33
10362730	FUN_10362730	33
10362760	FUN_10362760	33
10362790	FUN_10362790	33
103627c0	FUN_103627c0	33
103627f0	FUN_103627f0	33
10362bb0	FUN_10362bb0	28
10362be0	FUN_10362be0	28
10362c10	FUN_10362c10	28
10362c40	FUN_10362c40	38
10362d20	FUN_10362d20	19
10362d40	FUN_10362d40	19
10362da0	FUN_10362da0	17
10362dc0	FUN_10362dc0	17
10362de0	FUN_10362de0	33
10362e10	FUN_10362e10	33
10362e40	FUN_10362e40	33
10362e70	FUN_10362e70	33
10362ea0	FUN_10362ea0	33
10362ed0	FUN_10362ed0	33
10362f00	FUN_10362f00	33
10362f30	FUN_10362f30	33
10362f60	FUN_10362f60	25
10362f80	FUN_10362f80	28
10362fb0	FUN_10362fb0	28
10362fe0	FUN_10362fe0	28
10365840	FUN_10365840	18
10365860	FUN_10365860	18
10365880	FUN_10365880	18
103658a0	FUN_103658a0	18
103658c0	FUN_103658c0	18
103658e0	FUN_103658e0	18
10365900	FUN_10365900	18
10365920	FUN_10365920	18
10365940	FUN_10365940	18
10366590	FUN_10366590	37
10366610	FUN_10366610	60
10366d00	FUN_10366d00	27
10367860	FUN_10367860	21
1036b0a0	FUN_1036b0a0	21
1036b0c0	FUN_1036b0c0	21
1036b170	FUN_1036b170	21
1036b220	FUN_1036b220	21
1036b240	FUN_1036b240	21
1036b260	FUN_1036b260	21
1036b280	FUN_1036b280	21
1036b3c0	FUN_1036b3c0	21
1036b3e0	FUN_1036b3e0	21
1036b400	FUN_1036b400	58
1036b600	FUN_1036b600	20
1036b620	FUN_1036b620	20
1036b650	FUN_1036b650	31
1036b680	FUN_1036b680	22
1036b740	FUN_1036b740	31
1036b770	FUN_1036b770	23
1036b7c0	FUN_1036b7c0	23
1036b7e0	FUN_1036b7e0	23
1036b800	FUN_1036b800	23
1036b820	FUN_1036b820	23
1036d560	FUN_1036d560	30
1036d5e0	FUN_1036d5e0	31
1036d610	FUN_1036d610	31
1036d640	FUN_1036d640	31
1036d800	FUN_1036d800	52
1036d850	FUN_1036d850	52
1036e060	FUN_1036e060	33
1036e090	FUN_1036e090	33
1036e0c0	FUN_1036e0c0	33
1036e0f0	FUN_1036e0f0	33
1036e120	FUN_1036e120	33
1036e150	FUN_1036e150	33
1036e180	FUN_1036e180	33
1036e1b0	FUN_1036e1b0	33
1036e250	FUN_1036e250	25
103705e0	FUN_103705e0	30
10370610	FUN_10370610	30
10370640	FUN_10370640	30
10370670	FUN_10370670	30
103706a0	FUN_103706a0	30
103724a0	FUN_103724a0	33
103724d0	FUN_103724d0	33
10372500	FUN_10372500	32
103735a0	FUN_103735a0	18
103739b0	FUN_103739b0	18
10374620	FUN_10374620	21
10376b50	FUN_10376b50	57
10376ba0	FUN_10376ba0	60
10376bf0	FUN_10376bf0	57
10376c40	FUN_10376c40	57
10376c90	FUN_10376c90	57
10376d40	FUN_10376d40	46
10376ea0	FUN_10376ea0	35
10377700	FUN_10377700	43
10377740	FUN_10377740	43
10377780	FUN_10377780	43
103777c0	FUN_103777c0	43
10377800	FUN_10377800	43
10377840	FUN_10377840	43
10377880	FUN_10377880	43
103778c0	FUN_103778c0	43
10377900	FUN_10377900	43
10377940	FUN_10377940	43
10377980	FUN_10377980	43
103779c0	FUN_103779c0	43
10377a00	FUN_10377a00	43
10377a40	FUN_10377a40	43
10377a80	FUN_10377a80	28
10377ab0	FUN_10377ab0	28
10377ae0	FUN_10377ae0	28
10377b10	FUN_10377b10	28
10377b40	FUN_10377b40	28
103780c0	FUN_103780c0	21
103783c0	FUN_103783c0	31
10378660	FUN_10378660	37
10378690	FUN_10378690	32
10378750	FUN_10378750	19
103798e0	FUN_103798e0	22
10379f10	FUN_10379f10	33
10379ff0	FUN_10379ff0	19
1037a6e0	FUN_1037a6e0	22
1037c360	FUN_1037c360	28
1037cb30	FUN_1037cb30	19
1037cb60	FUN_1037cb60	33
1037cbb0	FUN_1037cbb0	24
1037ddb0	FUN_1037ddb0	26
1037e9a0	FUN_1037e9a0	30
1037efa0	FUN_1037efa0	55
1037eff0	FUN_1037eff0	28
10380b80	FUN_10380b80	28
103810f0	FUN_103810f0	28
103816c0	FUN_103816c0	28
10381a10	FUN_10381a10	30
10381cf0	FUN_10381cf0	28
103827f0	FUN_103827f0	42
10382860	FUN_10382860	26
10383b80	FUN_10383b80	62
10384640	FUN_10384640	39
1038a930	FUN_1038a930	38
1038a960	FUN_1038a960	38
1038d370	FUN_1038d370	41
1038d570	FUN_1038d570	25
1038d5c0	FUN_1038d5c0	31
1038da80	FUN_1038da80	35
1038de80	FUN_1038de80	25
1038f0b0	FUN_1038f0b0	19
1038f0d0	FUN_1038f0d0	19
1038f0f0	FUN_1038f0f0	19
1038f110	FUN_1038f110	19
1038f130	FUN_1038f130	19
1038f760	FUN_1038f760	37
1038fab0	FUN_1038fab0	26
1038fad0	FUN_1038fad0	26
10390c70	FUN_10390c70	55
10391dd0	FUN_10391dd0	35
10391f70	FUN_10391f70	25
10392ae0	FUN_10392ae0	16
10395b50	FUN_10395b50	26
103965a0	FUN_103965a0	42
103967f0	FUN_103967f0	18
10398f40	FUN_10398f40	19
103994e0	FUN_103994e0	24
10399f60	FUN_10399f60	19
1039a9b0	FUN_1039a9b0	46
1039a9f0	FUN_1039a9f0	17
1039b7c0	FUN_1039b7c0	45
1039ea20	FUN_1039ea20	46
103a14f0	FUN_103a14f0	43
103a2ec0	FUN_103a2ec0	39
103a2f10	FUN_103a2f10	19
103a3270	FUN_103a3270	50
103a4d20	FUN_103a4d20	33
103a57f0	FUN_103a57f0	30
103a7a90	FUN_103a7a90	19
103a7ab0	FUN_103a7ab0	28
103a7b90	FUN_103a7b90	19
103a7ef0	FUN_103a7ef0	28
103a92b0	FUN_103a92b0	18
103ab4c0	FUN_103ab4c0	31
103abd60	FUN_103abd60	30
103abfd0	FUN_103abfd0	42
103ac010	FUN_103ac010	43
103ac150	FUN_103ac150	33
103ac180	FUN_103ac180	31
103ac1b0	FUN_103ac1b0	43
103b76a0	FUN_103b76a0	19
103b8d90	FUN_103b8d90	48
103b8dd0	FUN_103b8dd0	48
103b9400	FUN_103b9400	19
103ba080	FUN_103ba080	18
103bbe00	FUN_103bbe00	55
103bc350	FUN_103bc350	35
103bc380	FUN_103bc380	18
103bc490	FUN_103bc490	24
103be170	FUN_103be170	42
103be1b0	FUN_103be1b0	43
103be1f0	FUN_103be1f0	42
103be230	FUN_103be230	43
103bebe0	FUN_103bebe0	35
103bf3a0	FUN_103bf3a0	34
103bf890	FUN_103bf890	33
103c24f0	FUN_103c24f0	19
103c2510	FUN_103c2510	33
103c2540	FUN_103c2540	33
103c2570	FUN_103c2570	33
103c25a0	FUN_103c25a0	28
103c2670	FUN_103c2670	19
103c2690	FUN_103c2690	33
103c26c0	FUN_103c26c0	33
103c26f0	FUN_103c26f0	33
103c2720	FUN_103c2720	28
103c3460	FUN_103c3460	37
103c3490	FUN_103c3490	37
103c4280	FUN_103c4280	21
103c4d50	FUN_103c4d50	33
103c4d80	FUN_103c4d80	33
103c4db0	FUN_103c4db0	33
103c6c50	FUN_103c6c50	33
103c7610	FUN_103c7610	43
103c7650	FUN_103c7650	43
103c78e0	FUN_103c78e0	57
103c7930	FUN_103c7930	53
103c96b0	FUN_103c96b0	19
103cbeb0	FUN_103cbeb0	24
103cc590	FUN_103cc590	26
103cc5e0	FUN_103cc5e0	26
103d0510	FUN_103d0510	19
103d0530	FUN_103d0530	19
103d0550	FUN_103d0550	36
103d0580	FUN_103d0580	36
103d05b0	FUN_103d05b0	36
103d06f0	FUN_103d06f0	19
103d0710	FUN_103d0710	19
103d16c0	FUN_103d16c0	50
103d22b0	FUN_103d22b0	30
103d2310	FUN_103d2310	31
103d2370	FUN_103d2370	52
103d27d0	FUN_103d27d0	22
103d3190	FUN_103d3190	33
103d5450	FUN_103d5450	38
103d5b00	FUN_103d5b00	28
103d91b0	FUN_103d91b0	16
103e8070	FUN_103e8070	16
103ea830	FUN_103ea830	47
103eb060	FUN_103eb060	16
103eb080	FUN_103eb080	16
103f51e0	FUN_103f51e0	21
103f6830	FUN_103f6830	33
103f6860	FUN_103f6860	33
103f6b20	FUN_103f6b20	49
103faa40	FUN_103faa40	19
103faa60	FUN_103faa60	19
103faa80	FUN_103faa80	33
103faab0	FUN_103faab0	33
103faae0	FUN_103faae0	33
103fab10	FUN_103fab10	33
103fab40	FUN_103fab40	33
103faba0	FUN_103faba0	28
103fabd0	FUN_103fabd0	28
103fac00	FUN_103fac00	36
103fad50	FUN_103fad50	19
103fad70	FUN_103fad70	19
103fad90	FUN_103fad90	33
103fadc0	FUN_103fadc0	33
103fadf0	FUN_103fadf0	33
103fae20	FUN_103fae20	33
103fae50	FUN_103fae50	33
103fae80	FUN_103fae80	28
103faeb0	FUN_103faeb0	28
103fb470	FUN_103fb470	18
103fb580	FUN_103fb580	37
103fb5b0	FUN_103fb5b0	37
103fb5e0	FUN_103fb5e0	37
103fb610	FUN_103fb610	37
103fc650	FUN_103fc650	58
103fcfe0	FUN_103fcfe0	59
103fd310	FUN_103fd310	33
103fd340	FUN_103fd340	33
103fd370	FUN_103fd370	33
103fd3a0	FUN_103fd3a0	33
103fd3d0	FUN_103fd3d0	33
103fed00	FUN_103fed00	33
103fee70	FUN_103fee70	25
103ff050	FUN_103ff050	35
10400a90	FUN_10400a90	27
10400ad0	FUN_10400ad0	19
10403340	FUN_10403340	20
10403360	FUN_10403360	23
104038b0	FUN_104038b0	57
10403b40	FUN_10403b40	22
10403b60	FUN_10403b60	21
10403b80	FUN_10403b80	23
10406540	FUN_10406540	33
10406bd0	FUN_10406bd0	30
10407f10	FUN_10407f10	19
10407f30	FUN_10407f30	28
10407fe0	FUN_10407fe0	19
10408000	FUN_10408000	17
10408180	FUN_10408180	28
10408f60	FUN_10408f60	20
10409bb0	FUN_10409bb0	30
10409ef0	FUN_10409ef0	42
10409fe0	FUN_10409fe0	33
1040a010	FUN_1040a010	24
1040a180	FUN_1040a180	28
1040df70	FUN_1040df70	42
1040fd90	FUN_1040fd90	40
104119d0	FUN_104119d0	19
104119f0	FUN_104119f0	33
10411c80	FUN_10411c80	17
10411ca0	FUN_10411ca0	33
10411cd0	FUN_10411cd0	25
10411f30	FUN_10411f30	18
10411f50	FUN_10411f50	18
10411ff0	FUN_10411ff0	27
104129d0	FUN_104129d0	21
104131d0	FUN_104131d0	33
10413270	FUN_10413270	25
10413720	FUN_10413720	32
10413750	FUN_10413750	24
10413890	FUN_10413890	35
10415bd0	FUN_10415bd0	23
10419db0	FUN_10419db0	28
1041a530	FUN_1041a530	28
1041a5f0	FUN_1041a5f0	28
1041a630	FUN_1041a630	28
1041a660	FUN_1041a660	25
1041a7e0	FUN_1041a7e0	28
1041ca20	FUN_1041ca20	22
1041d660	FUN_1041d660	22
1041d680	FUN_1041d680	23
1041fb10	FUN_1041fb10	33
1041fb40	FUN_1041fb40	33
1041fb70	FUN_1041fb70	33
1041fba0	FUN_1041fba0	33
1041fbd0	FUN_1041fbd0	33
1041fc00	FUN_1041fc00	33
1041fc30	FUN_1041fc30	33
1041fc60	FUN_1041fc60	33
10422620	FUN_10422620	21
10422640	FUN_10422640	21
10422660	FUN_10422660	21
10422680	FUN_10422680	21
104226a0	FUN_104226a0	21
104226c0	FUN_104226c0	21
104226e0	FUN_104226e0	21
10422700	FUN_10422700	21
10422720	FUN_10422720	21
10422740	FUN_10422740	36
10422cf0	FUN_10422cf0	33
10422d20	FUN_10422d20	33
10422d50	FUN_10422d50	33
10422d80	FUN_10422d80	33
10426070	FUN_10426070	30
1042a790	FUN_1042a790	33
1042a7c0	FUN_1042a7c0	33
1042bad0	FUN_1042bad0	21
1042baf0	FUN_1042baf0	21
1042bb10	FUN_1042bb10	21
1042bb30	FUN_1042bb30	21
1042bb60	FUN_1042bb60	36
1042bba0	FUN_1042bba0	36
1042bd10	FUN_1042bd10	33
1042bee0	FUN_1042bee0	30
1042cdd0	FUN_1042cdd0	34
1042ce00	FUN_1042ce00	34
1042ce90	FUN_1042ce90	34
1042cec0	FUN_1042cec0	28
1042dfe0	FUN_1042dfe0	23
1042e000	FUN_1042e000	23
1042e110	FUN_1042e110	23
1042e6d0	FUN_1042e6d0	23
1042e6f0	FUN_1042e6f0	23
1042e800	FUN_1042e800	23
10432eb0	FUN_10432eb0	33
104332a0	FUN_104332a0	30
10433c00	FUN_10433c00	19
10433c20	FUN_10433c20	28
10433d10	FUN_10433d10	28
10434bb0	FUN_10434bb0	30
104350b0	FUN_104350b0	33
104360d0	FUN_104360d0	28
10436ac0	FUN_10436ac0	48
10436b10	FUN_10436b10	24
10436c60	FUN_10436c60	28
10436cb0	FUN_10436cb0	19
10437a40	FUN_10437a40	35
104388c0	FUN_104388c0	38
104396d0	FUN_104396d0	43
1043a7d0	FUN_1043a7d0	33
1043a800	FUN_1043a800	33
1043aa40	FUN_1043aa40	37
1043ae30	FUN_1043ae30	33
1043b6e0	FUN_1043b6e0	34
1043b720	FUN_1043b720	49
1043b880	FUN_1043b880	49
1043d490	FUN_1043d490	34
1043d7d0	FUN_1043d7d0	48
1043d810	FUN_1043d810	48
104420e0	FUN_104420e0	60
10442130	FUN_10442130	60
10443a10	FUN_10443a10	33
10443ab0	FUN_10443ab0	33
10443e50	FUN_10443e50	18
10443e70	FUN_10443e70	18
10444730	FUN_10444730	23
104447e0	FUN_104447e0	33
1044e3e0	FUN_1044e3e0	31
10451dc0	FUN_10451dc0	30
104525d0	FUN_104525d0	30
10452600	FUN_10452600	28
10454320	FUN_10454320	30
10454b40	FUN_10454b40	30
10454eb0	FUN_10454eb0	28
10454f40	FUN_10454f40	32
104551b0	FUN_104551b0	32
10459500	FUN_10459500	58
1045aef0	FUN_1045aef0	30
1045f930	FUN_1045f930	21
1045f950	FUN_1045f950	57
104620f0	FUN_104620f0	33
10462120	FUN_10462120	33
104625c0	FUN_104625c0	37
10462c30	FUN_10462c30	21
10462c50	FUN_10462c50	16
10462d20	FUN_10462d20	33
10463900	FUN_10463900	28
10466290	FUN_10466290	30
104683d0	FUN_104683d0	30
10468b70	FUN_10468b70	28
10468f90	FUN_10468f90	24
104690c0	FUN_104690c0	24
1046b5c0	FUN_1046b5c0	34
1046b5f0	FUN_1046b5f0	34
1046b780	FUN_1046b780	23
1046b7a0	FUN_1046b7a0	23
1046b7c0	FUN_1046b7c0	23
1046b7e0	FUN_1046b7e0	23
1046c850	FUN_1046c850	21
1046c870	FUN_1046c870	21
1046c8e0	FUN_1046c8e0	36
1046d370	FUN_1046d370	30
1046f590	FUN_1046f590	25
1046f5b0	FUN_1046f5b0	22
10470050	FUN_10470050	16
104715b0	FUN_104715b0	30
104729f0	FUN_104729f0	33
10472a90	FUN_10472a90	33
10472cb0	FUN_10472cb0	18
10472cd0	FUN_10472cd0	18
104732f0	FUN_104732f0	23
104733a0	FUN_104733a0	33
104757b0	FUN_104757b0	33
10475850	FUN_10475850	33
10475b10	FUN_10475b10	18
10475b30	FUN_10475b30	18
10476240	FUN_10476240	49
10476310	FUN_10476310	33
10478940	FUN_10478940	43
1047a2f0	FUN_1047a2f0	21
1047a310	FUN_1047a310	21
1047a330	FUN_1047a330	21
1047a350	FUN_1047a350	21
1047a370	FUN_1047a370	21
1047a390	FUN_1047a390	21
1047a480	FUN_1047a480	44
1047a4d0	FUN_1047a4d0	57
1047a660	FUN_1047a660	52
10481650	FUN_10481650	30
10484d20	FUN_10484d20	33
10484d50	FUN_10484d50	33
10484d80	FUN_10484d80	33
10484db0	FUN_10484db0	33
10484de0	FUN_10484de0	33
104852e0	FUN_104852e0	33
10485310	FUN_10485310	33
10485340	FUN_10485340	33
10485370	FUN_10485370	33
104853a0	FUN_104853a0	33
104859a0	FUN_104859a0	18
104859c0	FUN_104859c0	18
104859e0	FUN_104859e0	18
10485a00	FUN_10485a00	18
10485a20	FUN_10485a20	18
10485a40	FUN_10485a40	18
10485a60	FUN_10485a60	18
10485a80	FUN_10485a80	18
10485aa0	FUN_10485aa0	18
10485ac0	FUN_10485ac0	18
10485ae0	FUN_10485ae0	18
10485b00	FUN_10485b00	18
10485b20	FUN_10485b20	18
10485b40	FUN_10485b40	18
10485b60	FUN_10485b60	18
10485b80	FUN_10485b80	18
10485ba0	FUN_10485ba0	18
10485bc0	FUN_10485bc0	18
10485be0	FUN_10485be0	18
10485c00	FUN_10485c00	18
10485c20	FUN_10485c20	18
10485c40	FUN_10485c40	18
10487620	FUN_10487620	21
10487900	FUN_10487900	21
10487ad0	FUN_10487ad0	23
10487af0	FUN_10487af0	23
10487c00	FUN_10487c00	23
10487d00	FUN_10487d00	23
10487dc0	FUN_10487dc0	36
10488460	FUN_10488460	33
10488490	FUN_10488490	33
104884c0	FUN_104884c0	33
104884f0	FUN_104884f0	33
10488520	FUN_10488520	33
104886b0	FUN_104886b0	30
10488750	FUN_10488750	61
104940e0	FUN_104940e0	28
10496b30	FUN_10496b30	27
10496b60	FUN_10496b60	27
10498c70	FUN_10498c70	21
1049c300	FUN_1049c300	24
1049c4b0	FUN_1049c4b0	24
1049cc20	FUN_1049cc20	57
1049f230	FUN_1049f230	33
1049f2d0	FUN_1049f2d0	33
1049fba0	FUN_1049fba0	18
1049fbc0	FUN_1049fbc0	18
104a09f0	FUN_104a09f0	23
104a0aa0	FUN_104a0aa0	33
104a1010	FUN_104a1010	45
104a1050	FUN_104a1050	45
104a1090	FUN_104a1090	45
104a10d0	FUN_104a10d0	45
104a1f60	FUN_104a1f60	23
104a1f80	FUN_104a1f80	23
104a1fa0	FUN_104a1fa0	60
104a2100	FUN_104a2100	23
104a2120	FUN_104a2120	23
104a2140	FUN_104a2140	60
104a9040	FUN_104a9040	34
104a90b0	FUN_104a90b0	23
104a90d0	FUN_104a90d0	23
104aa940	FUN_104aa940	45
104aa990	FUN_104aa990	23
104aa9b0	FUN_104aa9b0	23
104ad3f0	FUN_104ad3f0	33
104ad420	FUN_104ad420	33
104ad450	FUN_104ad450	33
104ad4b0	FUN_104ad4b0	33
104ad4e0	FUN_104ad4e0	33
104ad510	FUN_104ad510	33
104ad630	FUN_104ad630	18
104ad670	FUN_104ad670	37
104adca0	FUN_104adca0	21
104adcc0	FUN_104adcc0	21
104adce0	FUN_104adce0	21
104add00	FUN_104add00	21
104add20	FUN_104add20	21
104add40	FUN_104add40	21
104add60	FUN_104add60	58
104ade00	FUN_104ade00	36
104ae380	FUN_104ae380	33
104ae3b0	FUN_104ae3b0	33
104ae3e0	FUN_104ae3e0	33
104aef10	FUN_104aef10	30
104b4360	FUN_104b4360	45
104b43b0	FUN_104b43b0	23
104b43d0	FUN_104b43d0	23
104b85c0	FUN_104b85c0	33
104b85f0	FUN_104b85f0	33
104b8690	FUN_104b8690	33
104b86c0	FUN_104b86c0	33
104b8850	FUN_104b8850	18
104b8870	FUN_104b8870	18
104b8eb0	FUN_104b8eb0	21
104b8f60	FUN_104b8f60	21
104b8f80	FUN_104b8f80	21
104b8fa0	FUN_104b8fa0	21
104b8fc0	FUN_104b8fc0	21
104b8fe0	FUN_104b8fe0	57
104b9030	FUN_104b9030	23
104b92e0	FUN_104b92e0	33
104b9310	FUN_104b9310	33
104bcb40	FUN_104bcb40	34
104bcb70	FUN_104bcb70	34
104bcd10	FUN_104bcd10	23
104bcd30	FUN_104bcd30	48
104bcd70	FUN_104bcd70	23
104bcd90	FUN_104bcd90	48
104bde00	FUN_104bde00	21
104bde20	FUN_104bde20	29
104c3990	FUN_104c3990	17
104c4840	FUN_104c4840	20
104c9d50	FUN_104c9d50	21
104c9d70	FUN_104c9d70	36
104cb780	FUN_104cb780	30
104cde70	FUN_104cde70	30
104d1450	FUN_104d1450	43
104d1490	FUN_104d1490	28
104d5ca0	FUN_104d5ca0	46
104d5ce0	FUN_104d5ce0	47
104d5e30	FUN_104d5e30	54
104d61d0	FUN_104d61d0	51
104d6210	FUN_104d6210	24
104d6250	FUN_104d6250	52
104d7640	FUN_104d7640	17
104d7e20	FUN_104d7e20	21
104d7e40	FUN_104d7e40	20
104d7e60	FUN_104d7e60	16
104d8270	FUN_104d8270	24
104d82e0	FUN_104d82e0	40
104d8c80	FUN_104d8c80	24
104d9010	FUN_104d9010	18
104d9030	FUN_104d9030	18
104d9650	FUN_104d9650	43
104d9780	FUN_104d9780	33
104d9cc0	FUN_104d9cc0	51
104d9d00	FUN_104d9d00	32
104d9e10	FUN_104d9e10	53
104dac90	FUN_104dac90	16
104dacb0	FUN_104dacb0	20
104daf10	FUN_104daf10	25
104daf80	FUN_104daf80	25
104db380	FUN_104db380	36
104dce00	FUN_104dce00	37
104dd0e0	FUN_104dd0e0	33
104dd520	FUN_104dd520	19
104dd540	FUN_104dd540	41
104dd5a0	FUN_104dd5a0	22
104dfa90	FUN_104dfa90	55
104e0430	FUN_104e0430	40
104e0470	FUN_104e0470	40
104e04b0	FUN_104e04b0	40
104e3740	FUN_104e3740	19
104e3760	FUN_104e3760	19
104e3780	FUN_104e3780	19
104e3b20	FUN_104e3b20	38
104e3ca0	FUN_104e3ca0	17
104e3cc0	FUN_104e3cc0	17
104e3ce0	FUN_104e3ce0	25
104e3d60	FUN_104e3d60	25
104e4970	FUN_104e4970	27
104e49a0	FUN_104e49a0	27
104e49d0	FUN_104e49d0	27
104e5bc0	FUN_104e5bc0	20
104e5be0	FUN_104e5be0	20
104e6ab0	FUN_104e6ab0	23
104e6b80	FUN_104e6b80	21
104e6df0	FUN_104e6df0	25
104e6e70	FUN_104e6e70	25
104e9b60	FUN_104e9b60	32
104e9bf0	FUN_104e9bf0	32
104e9c20	FUN_104e9c20	24
104ea0c0	FUN_104ea0c0	43
104ea530	FUN_104ea530	35
104ec340	FUN_104ec340	39
104ed650	FUN_104ed650	26
104ede70	FUN_104ede70	43
104edeb0	FUN_104edeb0	43
104ee000	FUN_104ee000	62
104ee0a0	FUN_104ee0a0	39
104f8a40	FUN_104f8a40	33
104fac20	FUN_104fac20	19
104fac40	FUN_104fac40	19
104fade0	FUN_104fade0	28
104faec0	FUN_104faec0	19
104faef0	FUN_104faef0	17
104faf10	FUN_104faf10	25
104faf30	FUN_104faf30	28
104fb850	FUN_104fb850	27
104fc3b0	FUN_104fc3b0	20
104fcf30	FUN_104fcf30	31
104fd1d0	FUN_104fd1d0	25
104fd940	FUN_104fd940	33
104fd970	FUN_104fd970	32
105000e0	FUN_105000e0	33
10500110	FUN_10500110	57
105006c0	FUN_105006c0	51
105032f0	FUN_105032f0	28
10503330	FUN_10503330	28
10503d30	FUN_10503d30	22
10503ef0	FUN_10503ef0	22
10504240	FUN_10504240	22
105056e0	FUN_105056e0	39
105057b0	FUN_105057b0	39
10505800	FUN_10505800	39
105077d0	FUN_105077d0	39
10507f00	FUN_10507f00	19
105095e0	FUN_105095e0	49
10509940	FUN_10509940	24
10509980	FUN_10509980	23
1050aa40	FUN_1050aa40	23
1050aac0	FUN_1050aac0	17
1050aae0	FUN_1050aae0	33
1050adb0	FUN_1050adb0	47
1050adf0	FUN_1050adf0	42
1050e590	FUN_1050e590	23
1050ea60	FUN_1050ea60	30
10510d30	FUN_10510d30	30
10510db0	FUN_10510db0	31
10511170	FUN_10511170	24
10513690	FUN_10513690	43
105136d0	FUN_105136d0	28
10513930	FUN_10513930	18
10513af0	FUN_10513af0	23
10514040	FUN_10514040	21
10514290	FUN_10514290	20
105142b0	FUN_105142b0	26
10515050	FUN_10515050	40
10515150	FUN_10515150	18
105168d0	FUN_105168d0	25
105169a0	FUN_105169a0	20
105169c0	FUN_105169c0	39
10516c90	FUN_10516c90	40
10516cd0	FUN_10516cd0	21
10516e40	FUN_10516e40	22
10517030	FUN_10517030	27
10517060	FUN_10517060	24
105171a0	FUN_105171a0	27
105171d0	FUN_105171d0	28
1051a170	FUN_1051a170	52
1051a4a0	FUN_1051a4a0	22
1051b480	FUN_1051b480	23
1051b580	FUN_1051b580	30
1051e090	FUN_1051e090	30
1051fa00	FUN_1051fa00	43
1051fa40	FUN_1051fa40	43
105209f0	FUN_105209f0	18
10520ce0	FUN_10520ce0	19
10523660	FUN_10523660	60
105236b0	FUN_105236b0	60
105238c0	FUN_105238c0	44
10525980	FUN_10525980	30
105259b0	FUN_105259b0	30
1052dc00	FUN_1052dc00	30
1052dc30	FUN_1052dc30	30
1052dfd0	FUN_1052dfd0	24
1052e200	FUN_1052e200	43
1052e790	FUN_1052e790	26
1052e820	FUN_1052e820	33
1052e850	FUN_1052e850	60
1052e8b0	FUN_1052e8b0	33
1052e8f0	FUN_1052e8f0	31
10532df0	FUN_10532df0	43
10532e30	FUN_10532e30	43
10532e70	FUN_10532e70	28
10532ea0	FUN_10532ea0	28
10533180	FUN_10533180	25
10533c20	FUN_10533c20	26
105346b0	FUN_105346b0	25
10534e40	FUN_10534e40	37
10534fa0	FUN_10534fa0	25
10535380	FUN_10535380	28
10535630	FUN_10535630	26
10535770	FUN_10535770	26
105357c0	FUN_105357c0	29
105358a0	FUN_105358a0	38
10535a90	FUN_10535a90	28
10535ae0	FUN_10535ae0	37
10535d30	FUN_10535d30	37
105361f0	FUN_105361f0	26
10536220	FUN_10536220	26
10536310	FUN_10536310	42
10536350	FUN_10536350	42
1053d7f0	FUN_1053d7f0	41
1053dbc0	FUN_1053dbc0	46
1053dc00	FUN_1053dc00	56
1053e3e0	FUN_1053e3e0	56
1053f5b0	FUN_1053f5b0	21
1053f5d0	FUN_1053f5d0	21
1053f5f0	FUN_1053f5f0	28
1053f620	FUN_1053f620	28
10541030	FUN_10541030	16
10541090	FUN_10541090	43
10541290	FUN_10541290	33
105414f0	FUN_105414f0	24
105417f0	FUN_105417f0	24
10541c30	FUN_10541c30	19
10542ed0	FUN_10542ed0	25
10544a10	FUN_10544a10	21
10546be0	FUN_10546be0	57
1054af60	FUN_1054af60	33
1054b5b0	FUN_1054b5b0	32
1054bd00	FUN_1054bd00	47
1054c0c0	FUN_1054c0c0	22
1054c100	FUN_1054c100	43
1054c140	FUN_1054c140	43
1054c2a0	FUN_1054c2a0	26
1054c2c0	FUN_1054c2c0	25
1054c2e0	FUN_1054c2e0	23
1054e0e0	FUN_1054e0e0	33
1054fb40	FUN_1054fb40	19
1054fb60	FUN_1054fb60	28
1054fc40	FUN_1054fc40	19
1054fc60	FUN_1054fc60	17
1054fc80	FUN_1054fc80	28
10550ea0	FUN_10550ea0	20
10551850	FUN_10551850	31
10552460	FUN_10552460	33
105524a0	FUN_105524a0	24
105564a0	FUN_105564a0	46
105579d0	FUN_105579d0	42
1055dc70	FUN_1055dc70	20
1055dc90	FUN_1055dc90	28
1055dcc0	FUN_1055dcc0	16
1055f480	FUN_1055f480	27
1055f4b0	FUN_1055f4b0	23
10560090	FUN_10560090	23
10561530	FUN_10561530	19
10561550	FUN_10561550	19
10561570	FUN_10561570	19
10561590	FUN_10561590	19
105615b0	FUN_105615b0	19
105615d0	FUN_105615d0	19
105615f0	FUN_105615f0	19
10561610	FUN_10561610	19
10561630	FUN_10561630	19
10561650	FUN_10561650	19
10561670	FUN_10561670	19
10561690	FUN_10561690	19
10562940	FUN_10562940	30
10562970	FUN_10562970	30
105629a0	FUN_105629a0	30
105629d0	FUN_105629d0	30
10562a40	FUN_10562a40	40
10562a80	FUN_10562a80	40
10562b00	FUN_10562b00	40
1056d420	FUN_1056d420	30
1056d450	FUN_1056d450	30
1056d480	FUN_1056d480	30
1056d4b0	FUN_1056d4b0	30
105725b0	FUN_105725b0	28
105725e0	FUN_105725e0	28
10572610	FUN_10572610	28
10572640	FUN_10572640	28
10576040	FUN_10576040	17
10576160	FUN_10576160	45
1057d590	FUN_1057d590	16
1057d5b0	FUN_1057d5b0	57
1057d600	FUN_1057d600	40
1057d640	FUN_1057d640	17
105809d0	FUN_105809d0	43
10581980	FUN_10581980	37
105839a0	FUN_105839a0	28
10585f20	FUN_10585f20	38
1058a650	FUN_1058a650	31
1058c3d0	FUN_1058c3d0	43
1058c410	FUN_1058c410	43
1058ec70	FUN_1058ec70	32
10590f60	FUN_10590f60	23
10590f80	FUN_10590f80	23
105917c0	FUN_105917c0	57
10591bc0	FUN_10591bc0	20
105920b0	FUN_105920b0	53
10592e90	FUN_10592e90	57
10593ce0	FUN_10593ce0	33
10595260	FUN_10595260	19
10595290	FUN_10595290	28
10595360	FUN_10595360	19
10595380	FUN_10595380	17
105953d0	FUN_105953d0	28
10595f70	FUN_10595f70	20
10596820	FUN_10596820	31
1059b6d0	FUN_1059b6d0	57
1059b720	FUN_1059b720	49
1059bf30	FUN_1059bf30	19
1059ce00	FUN_1059ce00	31
1059d1e0	FUN_1059d1e0	19
1059d2f0	FUN_1059d2f0	20
1059e630	FUN_1059e630	25
1059f110	FUN_1059f110	57
1059f160	FUN_1059f160	49
105a0080	FUN_105a0080	19
105a0130	FUN_105a0130	19
105a1570	FUN_105a1570	47
105a2990	FUN_105a2990	31
105a29c0	FUN_105a29c0	30
105a2a70	FUN_105a2a70	31
105a2aa0	FUN_105a2aa0	31
105a2c70	FUN_105a2c70	31
105a2ca0	FUN_105a2ca0	31
105a5030	FUN_105a5030	33
105a5060	FUN_105a5060	33
105a5090	FUN_105a5090	33
105a50c0	FUN_105a50c0	57
105a5510	FUN_105a5510	49
105a5550	FUN_105a5550	49
105a6390	FUN_105a6390	30
105a7da0	FUN_105a7da0	19
105a7dc0	FUN_105a7dc0	19
105a7de0	FUN_105a7de0	19
105a7e00	FUN_105a7e00	19
105a7e70	FUN_105a7e70	28
105a7ea0	FUN_105a7ea0	28
105a7ed0	FUN_105a7ed0	28
105a7f00	FUN_105a7f00	36
105a7f30	FUN_105a7f30	36
105a8170	FUN_105a8170	19
105a8190	FUN_105a8190	19
105a81b0	FUN_105a81b0	19
105a81e0	FUN_105a81e0	28
105a8210	FUN_105a8210	28
105a8240	FUN_105a8240	28
105a9ed0	FUN_105a9ed0	50
105ab690	FUN_105ab690	31
105ab720	FUN_105ab720	31
105ab7f0	FUN_105ab7f0	52
105ac050	FUN_105ac050	30
105ac680	FUN_105ac680	33
105ac6b0	FUN_105ac6b0	33
105ac6e0	FUN_105ac6e0	33
105ad2b0	FUN_105ad2b0	28
105af180	FUN_105af180	44
105b1e90	FUN_105b1e90	33
105b1ec0	FUN_105b1ec0	33
105b1f50	FUN_105b1f50	33
105b1f80	FUN_105b1f80	33
105b2350	FUN_105b2350	18
105b2390	FUN_105b2390	18
105b2a80	FUN_105b2a80	58
105b2ad0	FUN_105b2ad0	21
105b2af0	FUN_105b2af0	21
105b2b10	FUN_105b2b10	21
105b2b30	FUN_105b2b30	58
105b2f30	FUN_105b2f30	33
105b2f60	FUN_105b2f60	33
105b3420	FUN_105b3420	35
105b34b0	FUN_105b34b0	47
105b4ed0	FUN_105b4ed0	37
105b5ef0	FUN_105b5ef0	46
105b5f30	FUN_105b5f30	39
105b5f60	FUN_105b5f60	23
105b6ce0	FUN_105b6ce0	33
105b6d10	FUN_105b6d10	33
105b9bb0	FUN_105b9bb0	19
105b9be0	FUN_105b9be0	28
105b9c10	FUN_105b9c10	28
105b9c40	FUN_105b9c40	38
105b9c70	FUN_105b9c70	19
105b9c90	FUN_105b9c90	17
105b9cb0	FUN_105b9cb0	17
105b9cd0	FUN_105b9cd0	28
105b9d00	FUN_105b9d00	28
105baf20	FUN_105baf20	20
105baf40	FUN_105baf40	20
105bba00	FUN_105bba00	55
105bc920	FUN_105bc920	48
105bc960	FUN_105bc960	47
105bd190	FUN_105bd190	35
105bd2e0	FUN_105bd2e0	21
105bd300	FUN_105bd300	60
105bdb30	FUN_105bdb30	16
105bfbb0	FUN_105bfbb0	32
105bfe00	FUN_105bfe00	63
105c0090	FUN_105c0090	25
105c0190	FUN_105c0190	29
105c7bd0	FUN_105c7bd0	25
105c93d0	FUN_105c93d0	63
105c9420	FUN_105c9420	63
105cd280	FUN_105cd280	30
105cd2b0	FUN_105cd2b0	30
105cd2e0	FUN_105cd2e0	30
105d2c50	FUN_105d2c50	17
105d2c70	FUN_105d2c70	17
105d6e70	FUN_105d6e70	21
105d6e90	FUN_105d6e90	20
105d6eb0	FUN_105d6eb0	22
105d8710	FUN_105d8710	30
105d8740	FUN_105d8740	30
105d8770	FUN_105d8770	30
105d8bc0	FUN_105d8bc0	16
105d8f00	FUN_105d8f00	24
105dc140	FUN_105dc140	28
105dc170	FUN_105dc170	28
105dc1a0	FUN_105dc1a0	28
105e3f70	FUN_105e3f70	16
105e74e0	FUN_105e74e0	38
105e7510	FUN_105e7510	38
105ee900	FUN_105ee900	33
105eefa0	FUN_105eefa0	33
105eefd0	FUN_105eefd0	33
105ef000	FUN_105ef000	33
105ef030	FUN_105ef030	18
105ef050	FUN_105ef050	18
105ef070	FUN_105ef070	18
105ef0b0	FUN_105ef0b0	18
105ef0d0	FUN_105ef0d0	18
105ef0f0	FUN_105ef0f0	18
105ef130	FUN_105ef130	18
105ef150	FUN_105ef150	18
105ef170	FUN_105ef170	18
105ef190	FUN_105ef190	18
105ef1b0	FUN_105ef1b0	18
105ef1d0	FUN_105ef1d0	18
105ef1f0	FUN_105ef1f0	18
105ef230	FUN_105ef230	18
105ef250	FUN_105ef250	18
105ef430	FUN_105ef430	47
105f0e90	FUN_105f0e90	33
105f0ec0	FUN_105f0ec0	21
105f0f60	FUN_105f0f60	21
105f0f80	FUN_105f0f80	58
105f1160	FUN_105f1160	21
105f1180	FUN_105f1180	21
105f11a0	FUN_105f11a0	21
105f1240	FUN_105f1240	21
105f12f0	FUN_105f12f0	21
105f15d0	FUN_105f15d0	30
105f1d10	FUN_105f1d10	30
105f4940	FUN_105f4940	30
105ff8d0	FUN_105ff8d0	17
10600240	FUN_10600240	20
106043a0	FUN_106043a0	20
10604d30	FUN_10604d30	30
10605020	FUN_10605020	50
10605060	FUN_10605060	50
106050a0	FUN_106050a0	50
10608110	FUN_10608110	60
10608160	FUN_10608160	60
106081b0	FUN_106081b0	60
10608380	FUN_10608380	28
10619af0	FUN_10619af0	18
1061e340	FUN_1061e340	30
1061fe90	FUN_1061fe90	30
10620360	FUN_10620360	28
1062c900	FUN_1062c900	33
1062cc10	FUN_1062cc10	20
1062cc30	FUN_1062cc30	20
1062cc70	FUN_1062cc70	20
106486f0	FUN_106486f0	33
10648720	FUN_10648720	33
10648af0	FUN_10648af0	24
10654e60	FUN_10654e60	33
10654eb0	FUN_10654eb0	28
10654ee0	FUN_10654ee0	28
10654f10	FUN_10654f10	17
10654f30	FUN_10654f30	33
10654f60	FUN_10654f60	28
10654f90	FUN_10654f90	28
1065a4d0	FUN_1065a4d0	30
1065a700	FUN_1065a700	21
1065a720	FUN_1065a720	21
1065a740	FUN_1065a740	21
1065a760	FUN_1065a760	21
1065ad50	FUN_1065ad50	33
10677fe0	FUN_10677fe0	34
10678fa0	FUN_10678fa0	42
1067e860	FUN_1067e860	40
1067eaa0	FUN_1067eaa0	45
10681e40	FUN_10681e40	33
10681e70	FUN_10681e70	33
10683f60	FUN_10683f60	19
10683f80	FUN_10683f80	19
10683fa0	FUN_10683fa0	28
10683fd0	FUN_10683fd0	28
10684140	FUN_10684140	19
10684160	FUN_10684160	19
10684180	FUN_10684180	17
106841a0	FUN_106841a0	28
106841d0	FUN_106841d0	28
10685190	FUN_10685190	20
10685f50	FUN_10685f50	33
10687270	FUN_10687270	33
1068a750	FUN_1068a750	29
1068be50	FUN_1068be50	56
1068d470	FUN_1068d470	40
10691aa0	FUN_10691aa0	18
10692330	FUN_10692330	19
10692350	FUN_10692350	33
10692540	FUN_10692540	19
10692580	FUN_10692580	17
106925a0	FUN_106925a0	17
106925c0	FUN_106925c0	17
106925e0	FUN_106925e0	33
10692610	FUN_10692610	55
10692960	FUN_10692960	18
10692980	FUN_10692980	18
10693880	FUN_10693880	29
10693e30	FUN_10693e30	20
106944c0	FUN_106944c0	33
106967c0	FUN_106967c0	27
106967f0	FUN_106967f0	40
1069bf60	FUN_1069bf60	19
1069bf80	FUN_1069bf80	33
1069c160	FUN_1069c160	33
1069c190	FUN_1069c190	25
1069cbf0	FUN_1069cbf0	27
1069d8d0	FUN_1069d8d0	21
1069e110	FUN_1069e110	33
1069e1b0	FUN_1069e1b0	25
1069e940	FUN_1069e940	32
1069e970	FUN_1069e970	24
1069e990	FUN_1069e990	45
1069ed80	FUN_1069ed80	35
1069edb0	FUN_1069edb0	35
106a30e0	FUN_106a30e0	62
106a41d0	FUN_106a41d0	19
106a4400	FUN_106a4400	25
106ab490	FUN_106ab490	33
106ab4c0	FUN_106ab4c0	33
106ab730	FUN_106ab730	40
106ab770	FUN_106ab770	49
106b06c0	FUN_106b06c0	51
106b1130	FUN_106b1130	49
106b3630	FUN_106b3630	19
106b3650	FUN_106b3650	19
106b3670	FUN_106b3670	33
106b3770	FUN_106b3770	28
106b37a0	FUN_106b37a0	28
106b37d0	FUN_106b37d0	36
106b3920	FUN_106b3920	19
106b39f0	FUN_106b39f0	17
106b3a10	FUN_106b3a10	17
106b3a60	FUN_106b3a60	33
106b3a90	FUN_106b3a90	28
106b3ac0	FUN_106b3ac0	28
106b3e80	FUN_106b3e80	33
106b52c0	FUN_106b52c0	18
106b8a40	FUN_106b8a40	50
106b8ac0	FUN_106b8ac0	58
106b8b10	FUN_106b8b10	21
106b8b30	FUN_106b8b30	21
106b8b50	FUN_106b8b50	21
106b8b70	FUN_106b8b70	21
106b8b90	FUN_106b8b90	21
106b8cf0	FUN_106b8cf0	20
106b8d70	FUN_106b8d70	60
106b8eb0	FUN_106b8eb0	16
106b8f50	FUN_106b8f50	19
106ba4a0	FUN_106ba4a0	30
106ba520	FUN_106ba520	31
106ba550	FUN_106ba550	31
106ba670	FUN_106ba670	59
106baa10	FUN_106baa10	33
106bd440	FUN_106bd440	33
106bd470	FUN_106bd470	33
106bd4a0	FUN_106bd4a0	24
106bd4c0	FUN_106bd4c0	47
106c3c90	FUN_106c3c90	16
106c3cd0	FUN_106c3cd0	23
106ca070	FUN_106ca070	39
106cc650	FUN_106cc650	41
106cc800	FUN_106cc800	42
106cf000	FUN_106cf000	56
106cf0f0	FUN_106cf0f0	55
106d00a0	FUN_106d00a0	33
106d00d0	FUN_106d00d0	33
106d01d0	FUN_106d01d0	37
106d0460	FUN_106d0460	33
106d0a70	FUN_106d0a70	28
106d1910	FUN_106d1910	33
106d2b10	FUN_106d2b10	19
106d2ba0	FUN_106d2ba0	28
106d2c80	FUN_106d2c80	19
106d2ca0	FUN_106d2ca0	28
106d2fc0	FUN_106d2fc0	18
106d2fe0	FUN_106d2fe0	18
106d3850	FUN_106d3850	21
106d3870	FUN_106d3870	21
106d3890	FUN_106d3890	21
106d4280	FUN_106d4280	31
106d4d70	FUN_106d4d70	33
106d56a0	FUN_106d56a0	17
106d5d20	FUN_106d5d20	23
106d74c0	FUN_106d74c0	23
106d83f0	FUN_106d83f0	24
106d8410	FUN_106d8410	24
106d90d0	FUN_106d90d0	33
106d9220	FUN_106d9220	57
106d9270	FUN_106d9270	57
106d92c0	FUN_106d92c0	49
106d9300	FUN_106d9300	49
106da2e0	FUN_106da2e0	19
106da300	FUN_106da300	19
106da320	FUN_106da320	33
106da3f0	FUN_106da3f0	28
106da4b0	FUN_106da4b0	33
106da500	FUN_106da500	28
106da960	FUN_106da960	28
106dba90	FUN_106dba90	33
106dc4e0	FUN_106dc4e0	26
106dc5b0	FUN_106dc5b0	41
106dc5f0	FUN_106dc5f0	41
106dd2a0	FUN_106dd2a0	33
106dd2d0	FUN_106dd2d0	33
106de510	FUN_106de510	19
106de530	FUN_106de530	19
106de550	FUN_106de550	28
106de580	FUN_106de580	28
106de6d0	FUN_106de6d0	19
106de6f0	FUN_106de6f0	19
106de710	FUN_106de710	28
106de740	FUN_106de740	28
106e09f0	FUN_106e09f0	57
106e4f80	FUN_106e4f80	19
106e5080	FUN_106e5080	17
106e7160	FUN_106e7160	20
106e7ac0	FUN_106e7ac0	50
106e8b80	FUN_106e8b80	60
1070b3a0	FUN_1070b3a0	53
10723790	FUN_10723790	58
10723a70	FUN_10723a70	33
10723bc0	FUN_10723bc0	57
1072ae00	FUN_1072ae00	19
1072af20	FUN_1072af20	28
1072afe0	FUN_1072afe0	28
1072bc90	FUN_1072bc90	18
1072bcb0	FUN_1072bcb0	18
1072bcd0	FUN_1072bcd0	18
1072bcf0	FUN_1072bcf0	18
1072e140	FUN_1072e140	61
10743460	FUN_10743460	25
107491c0	FUN_107491c0	42
107558b0	FUN_107558b0	28
10758160	FUN_10758160	36
10758190	FUN_10758190	36
10760ec0	FUN_10760ec0	34
10761000	FUN_10761000	61
10771db0	FUN_10771db0	59
10774410	FUN_10774410	20
10785c30	FUN_10785c30	33
1078e1d0	FUN_1078e1d0	28
1078e200	FUN_1078e200	28
10793090	FUN_10793090	52
107930e0	FUN_107930e0	52
107998f0	FUN_107998f0	28
107af2b0	FUN_107af2b0	28
107bca20	FUN_107bca20	20
107cc370	FUN_107cc370	16
107cc800	FUN_107cc800	41
107db420	FUN_107db420	28
107ec120	FUN_107ec120	20
107ec190	FUN_107ec190	20
107ec200	FUN_107ec200	20
10823350	FUN_10823350	25
10823370	FUN_10823370	25
10823390	FUN_10823390	25
10823870	FUN_10823870	25
10823bc0	FUN_10823bc0	25
108288a0	FUN_108288a0	33
1082b4a0	FUN_1082b4a0	19
1082b4c0	FUN_1082b4c0	28
1082b580	FUN_1082b580	19
1082b5a0	FUN_1082b5a0	17
1082b5c0	FUN_1082b5c0	28
1082cc20	FUN_1082cc20	20
1082d580	FUN_1082d580	52
10836240	FUN_10836240	52
10838510	FUN_10838510	22
108388d0	FUN_108388d0	22
1083e500	FUN_1083e500	61
10848bf0	FUN_10848bf0	21
1085f1d0	FUN_1085f1d0	33
10861b60	FUN_10861b60	28
10861b90	FUN_10861b90	28
10864920	FUN_10864920	23
10866550	FUN_10866550	23
10866570	FUN_10866570	23
1086f2f0	FUN_1086f2f0	57
1087e310	FUN_1087e310	60
1088f7f0	FUN_1088f7f0	42
10895b50	FUN_10895b50	40
10896a90	FUN_10896a90	40
10897170	FUN_10897170	40
1089ce20	FUN_1089ce20	27
108a2300	FUN_108a2300	20
108b16a0	FUN_108b16a0	61
108b4480	FUN_108b4480	33
108b44b0	FUN_108b44b0	33
108b4730	FUN_108b4730	32
108c6e80	FUN_108c6e80	61
108f6cf0	FUN_108f6cf0	36
108fb7a0	FUN_108fb7a0	30
108fcc20	FUN_108fcc20	17
108fcfa0	FUN_108fcfa0	20
108fd830	FUN_108fd830	30
108fded0	FUN_108fded0	28
1092ed60	FUN_1092ed60	20
10970e90	FUN_10970e90	22
1097e9a0	FUN_1097e9a0	59
10988080	FUN_10988080	42
109887c0	FUN_109887c0	34
10988b10	FUN_10988b10	30
10989df0	FUN_10989df0	30
1098a140	FUN_1098a140	28
1098e0f0	FUN_1098e0f0	33
1098e820	FUN_1098e820	39
109901d0	FUN_109901d0	19
109901f0	FUN_109901f0	28
10990220	FUN_10990220	36
10990300	FUN_10990300	19
10990320	FUN_10990320	28
109919c0	FUN_109919c0	30
109919f0	FUN_109919f0	31
10992040	FUN_10992040	33
1099c720	FUN_1099c720	42
1099d670	FUN_1099d670	30
1099ebf0	FUN_1099ebf0	17
1099f7d0	FUN_1099f7d0	20
1099fb10	FUN_1099fb10	30
109a0990	FUN_109a0990	28
109a66c0	FUN_109a66c0	31
109aa6a0	FUN_109aa6a0	59
109cc6f0	FUN_109cc6f0	18
109cc710	FUN_109cc710	18
109ccdb0	FUN_109ccdb0	42
109d88b0	FUN_109d88b0	30
109daa40	FUN_109daa40	30
109dbdf0	FUN_109dbdf0	28
109e0650	FUN_109e0650	59
109ec5c0	FUN_109ec5c0	42
109edbe0	FUN_109edbe0	31
10a08b80	FUN_10a08b80	38
10a08bb0	FUN_10a08bb0	37
10a0bf70	FUN_10a0bf70	28
10a0ca70	FUN_10a0ca70	36
10a0caa0	FUN_10a0caa0	36
10a128f0	FUN_10a128f0	36
10a144b0	FUN_10a144b0	22
10a144d0	FUN_10a144d0	31
10a145a0	FUN_10a145a0	22
10a145c0	FUN_10a145c0	31
10a21d40	FUN_10a21d40	17
10a23870	FUN_10a23870	30
10a238c0	FUN_10a238c0	52
10a35eb0	FUN_10a35eb0	54
10a51440	FUN_10a51440	17
10a51460	FUN_10a51460	17
10a53e50	FUN_10a53e50	20
10a53e70	FUN_10a53e70	20
10a549b0	FUN_10a549b0	24
10a549d0	FUN_10a549d0	24
10a711a0	FUN_10a711a0	17
10a779a0	FUN_10a779a0	59
10a783d0	FUN_10a783d0	47
10a78410	FUN_10a78410	46
10a92b90	FUN_10a92b90	50
10ab26b0	FUN_10ab26b0	17
10af4290	FUN_10af4290	33
10af42c0	FUN_10af42c0	33
10af6910	FUN_10af6910	19
10af6930	FUN_10af6930	19
10af6950	FUN_10af6950	28
10af6980	FUN_10af6980	28
10af69b0	FUN_10af69b0	36
10af6b00	FUN_10af6b00	19
10af6b40	FUN_10af6b40	28
10af6b70	FUN_10af6b70	28
10b03530	FUN_10b03530	57
10b04d80	FUN_10b04d80	19
10b04e30	FUN_10b04e30	17
10b058f0	FUN_10b058f0	20
10b06520	FUN_10b06520	24
10b06540	FUN_10b06540	55
10b08c40	FUN_10b08c40	56
10b09740	FUN_10b09740	36
10b0f310	FUN_10b0f310	30
10b10630	FUN_10b10630	59
10b1a400	FUN_10b1a400	63
10b46150	FUN_10b46150	42
10b48570	FUN_10b48570	38
10b59b50	FUN_10b59b50	33
10b5da30	FUN_10b5da30	19
10b5da50	FUN_10b5da50	28
10b5db10	FUN_10b5db10	19
10b5db30	FUN_10b5db30	28
10b6bb00	FUN_10b6bb00	33
10b6ca50	FUN_10b6ca50	30
10b6dfd0	FUN_10b6dfd0	30
10b6eb50	FUN_10b6eb50	43
10b6eb90	FUN_10b6eb90	43
10b6ebd0	FUN_10b6ebd0	43
10b6ec10	FUN_10b6ec10	28
10b6f7e0	FUN_10b6f7e0	18
10b6fee0	FUN_10b6fee0	25
10b71b80	FUN_10b71b80	29
10b71c20	FUN_10b71c20	33
10b76690	FUN_10b76690	19
10b766b0	FUN_10b766b0	38
10b76e80	FUN_10b76e80	27
10b77ea0	FUN_10b77ea0	43
10b7b410	FUN_10b7b410	23
10b7b650	FUN_10b7b650	56
10b7b6a0	FUN_10b7b6a0	56
10b7baa0	FUN_10b7baa0	30
10b7e660	FUN_10b7e660	30
10b7e7e0	FUN_10b7e7e0	30
10b82b50	FUN_10b82b50	43
10b8b750	FUN_10b8b750	25
10b8b790	FUN_10b8b790	40
10b8b7d0	FUN_10b8b7d0	40
10b8b810	FUN_10b8b810	40
10b8b850	FUN_10b8b850	40
10b8e970	FUN_10b8e970	38
10b90fc0	FUN_10b90fc0	19
10b910c0	FUN_10b910c0	38
10b91d50	FUN_10b91d50	27
10b937b0	FUN_10b937b0	35
10b94e40	FUN_10b94e40	28
10b98910	FUN_10b98910	19
10b98930	FUN_10b98930	19
10b98950	FUN_10b98950	33
10b98bf0	FUN_10b98bf0	38
10b98c40	FUN_10b98c40	33
10b98c70	FUN_10b98c70	25
10b99720	FUN_10b99720	37
10b99850	FUN_10b99850	27
10b99880	FUN_10b99880	27
10b9b3a0	FUN_10b9b3a0	33
10b9b4b0	FUN_10b9b4b0	25
10b9bac0	FUN_10b9bac0	30
10b9bf50	FUN_10b9bf50	16
10b9c060	FUN_10b9c060	32
10b9c480	FUN_10b9c480	27
10b9e0e0	FUN_10b9e0e0	25
10b9e500	FUN_10b9e500	18
10ba0860	FUN_10ba0860	22
10ba0970	FUN_10ba0970	38
10ba0b30	FUN_10ba0b30	30
10ba0b60	FUN_10ba0b60	30
10ba17b0	FUN_10ba17b0	55
10ba1800	FUN_10ba1800	55
10ba1850	FUN_10ba1850	21
10ba1a60	FUN_10ba1a60	56
10ba31c0	FUN_10ba31c0	33
10ba31f0	FUN_10ba31f0	57
10ba3300	FUN_10ba3300	49
10ba6c30	FUN_10ba6c30	19
10ba6c50	FUN_10ba6c50	19
10ba6c70	FUN_10ba6c70	33
10ba6d30	FUN_10ba6d30	28
10ba6ec0	FUN_10ba6ec0	33
10ba6f00	FUN_10ba6f00	28
10ba7460	FUN_10ba7460	18
10ba8770	FUN_10ba8770	21
10ba8790	FUN_10ba8790	58
10ba9f70	FUN_10ba9f70	31
10ba9fa0	FUN_10ba9fa0	31
10baa290	FUN_10baa290	33
10baa820	FUN_10baa820	45
10baa860	FUN_10baa860	45
10baa950	FUN_10baa950	33
10baa980	FUN_10baa980	33
10baa9b0	FUN_10baa9b0	51
10bab270	FUN_10bab270	38
10bab2a0	FUN_10bab2a0	60
10bab320	FUN_10bab320	35
10bab370	FUN_10bab370	43
10bac480	FUN_10bac480	25
10bb24a0	FUN_10bb24a0	22
10bb3040	FUN_10bb3040	16
10bb3070	FUN_10bb3070	20
10bb4690	FUN_10bb4690	43
10bb4be0	FUN_10bb4be0	33
10bb58d0	FUN_10bb58d0	19
10bb58f0	FUN_10bb58f0	28
10bb59f0	FUN_10bb59f0	19
10bb5a10	FUN_10bb5a10	28
10bb6fe0	FUN_10bb6fe0	33
10bbb130	FUN_10bbb130	33
10bbb340	FUN_10bbb340	63
10bbc000	FUN_10bbc000	25
10bbcdf0	FUN_10bbcdf0	20
10bbd010	FUN_10bbd010	20
10bbddd0	FUN_10bbddd0	30
10bbe780	FUN_10bbe780	30
10bbe8a0	FUN_10bbe8a0	28
10bbefd0	FUN_10bbefd0	20
10bc0390	FUN_10bc0390	19
10bc04b0	FUN_10bc04b0	19
10bc0600	FUN_10bc0600	18
10bc0620	FUN_10bc0620	18
10bc0b50	FUN_10bc0b50	21
10bc0c00	FUN_10bc0c00	21
10bc0c20	FUN_10bc0c20	22
10bc0c40	FUN_10bc0c40	38
10bc1530	FUN_10bc1530	31
10bc1990	FUN_10bc1990	33
10bc3b90	FUN_10bc3b90	30
10bc46a0	FUN_10bc46a0	30
10bc47c0	FUN_10bc47c0	28
10bc5190	FUN_10bc5190	46
10bc5bf0	FUN_10bc5bf0	30
10bc6860	FUN_10bc6860	33
10bc6890	FUN_10bc6890	33
10bc68f0	FUN_10bc68f0	33
10bc6920	FUN_10bc6920	33
10bc6b30	FUN_10bc6b30	18
10bc7350	FUN_10bc7350	21
10bc7370	FUN_10bc7370	21
10bc7390	FUN_10bc7390	58
10bc7650	FUN_10bc7650	33
10bc7680	FUN_10bc7680	33
10bc76d0	FUN_10bc76d0	30
10bc79f0	FUN_10bc79f0	35
10bc7a20	FUN_10bc7a20	28
10bc7c10	FUN_10bc7c10	25
10bc8830	FUN_10bc8830	28
10bc8bb0	FUN_10bc8bb0	24
10bc8bd0	FUN_10bc8bd0	24
10bc8e80	FUN_10bc8e80	18
10bc9060	FUN_10bc9060	61
10bc9780	FUN_10bc9780	22
10bc97a0	FUN_10bc97a0	23
10bcb100	FUN_10bcb100	46
10bcb200	FUN_10bcb200	36
10bcb4d0	FUN_10bcb4d0	25
10bcb570	FUN_10bcb570	46
10bcb620	FUN_10bcb620	37
10bcecc0	FUN_10bcecc0	33
10bcecf0	FUN_10bcecf0	33
10bced20	FUN_10bced20	33
10bced50	FUN_10bced50	33
10bced80	FUN_10bced80	33
10bcedb0	FUN_10bcedb0	33
10bcede0	FUN_10bcede0	33
10bcee70	FUN_10bcee70	57
10bcf3d0	FUN_10bcf3d0	57
10bcf5a0	FUN_10bcf5a0	49
10bcf6d0	FUN_10bcf6d0	49
10bcf710	FUN_10bcf710	49
10bcf750	FUN_10bcf750	49
10bcf790	FUN_10bcf790	49
10bcf7d0	FUN_10bcf7d0	49
10bd1bb0	FUN_10bd1bb0	30
10bd6260	FUN_10bd6260	19
10bd6280	FUN_10bd6280	19
10bd62a0	FUN_10bd62a0	19
10bd62c0	FUN_10bd62c0	19
10bd62e0	FUN_10bd62e0	19
10bd6300	FUN_10bd6300	19
10bd6320	FUN_10bd6320	19
10bd6340	FUN_10bd6340	19
10bd6360	FUN_10bd6360	19
10bd63e0	FUN_10bd63e0	28
10bd6410	FUN_10bd6410	28
10bd6440	FUN_10bd6440	28
10bd6470	FUN_10bd6470	28
10bd64a0	FUN_10bd64a0	28
10bd64d0	FUN_10bd64d0	28
10bd6500	FUN_10bd6500	28
10bd6750	FUN_10bd6750	38
10bd69a0	FUN_10bd69a0	19
10bd69c0	FUN_10bd69c0	19
10bd6a00	FUN_10bd6a00	19
10bd6aa0	FUN_10bd6aa0	17
10bd6ac0	FUN_10bd6ac0	17
10bd6b00	FUN_10bd6b00	28
10bd6b30	FUN_10bd6b30	28
10bd6b60	FUN_10bd6b60	28
10bd6b90	FUN_10bd6b90	28
10bd6bc0	FUN_10bd6bc0	28
10bd6bf0	FUN_10bd6bf0	28
10bd6c20	FUN_10bd6c20	28
10bd9600	FUN_10bd9600	30
10bd9e70	FUN_10bd9e70	20
10bd9e90	FUN_10bd9e90	20
10bddec0	FUN_10bddec0	30
10be1150	FUN_10be1150	33
10be1180	FUN_10be1180	33
10be11d0	FUN_10be11d0	24
10be11f0	FUN_10be11f0	24
10be1210	FUN_10be1210	24
10be1230	FUN_10be1230	24
10be2040	FUN_10be2040	28
10be6cf0	FUN_10be6cf0	46
10bed2a0	FUN_10bed2a0	60
10bee240	FUN_10bee240	16
10bee460	FUN_10bee460	25
10bee480	FUN_10bee480	25
10bee4a0	FUN_10bee4a0	29
10bee5b0	FUN_10bee5b0	26
10bee600	FUN_10bee600	22
10bee620	FUN_10bee620	25
10bee640	FUN_10bee640	25
10bee690	FUN_10bee690	20
10bee6b0	FUN_10bee6b0	31
10bee6e0	FUN_10bee6e0	31
10bee8d0	FUN_10bee8d0	17
10bee8f0	FUN_10bee8f0	17
10bf0550	FUN_10bf0550	37
10bf0e70	FUN_10bf0e70	25
10bf0e90	FUN_10bf0e90	25
10bf0ed0	FUN_10bf0ed0	25
10bf1100	FUN_10bf1100	25
10bf1120	FUN_10bf1120	25
10bf11a0	FUN_10bf11a0	25
10bf11c0	FUN_10bf11c0	25
10bf3b40	FUN_10bf3b40	40
10bf3b80	FUN_10bf3b80	40
10bf5670	FUN_10bf5670	19
10bf5690	FUN_10bf5690	19
10bf5880	FUN_10bf5880	38
10bf58b0	FUN_10bf58b0	44
10bf5970	FUN_10bf5970	25
10bf5f40	FUN_10bf5f40	27
10bf64c0	FUN_10bf64c0	29
10bf7260	FUN_10bf7260	25
10bf7a60	FUN_10bf7a60	32
10bf8890	FUN_10bf8890	24
10bfb3b0	FUN_10bfb3b0	19
10bfb4b0	FUN_10bfb4b0	38
10bfbad0	FUN_10bfbad0	27
10c003f0	FUN_10c003f0	19
10c00ae0	FUN_10c00ae0	51
10c03220	FUN_10c03220	25
10c06110	FUN_10c06110	18
10c06130	FUN_10c06130	18
10c06150	FUN_10c06150	18
10c06170	FUN_10c06170	18
10c06190	FUN_10c06190	18
10c061b0	FUN_10c061b0	18
10c06e20	FUN_10c06e20	21
10c06f90	FUN_10c06f90	23
10c06fb0	FUN_10c06fb0	22
10c146f0	FUN_10c146f0	28
10c14ab0	FUN_10c14ab0	35
10c16c60	FUN_10c16c60	43
10c17fd0	FUN_10c17fd0	48
10c18560	FUN_10c18560	28
10c186b0	FUN_10c186b0	20
10c19540	FUN_10c19540	17
10c1be40	FUN_10c1be40	56
10c1c540	FUN_10c1c540	16
10c1c560	FUN_10c1c560	21
10c1c580	FUN_10c1c580	16
10c1c700	FUN_10c1c700	21
10c1e7b0	FUN_10c1e7b0	21
10c1e7e0	FUN_10c1e7e0	17
10c1ebf0	FUN_10c1ebf0	23
10c1ed60	FUN_10c1ed60	46
10c1edc0	FUN_10c1edc0	19
10c208f0	FUN_10c208f0	37
10c20eb0	FUN_10c20eb0	19
10c21100	FUN_10c21100	23
10c21eb0	FUN_10c21eb0	43
10c23eb0	FUN_10c23eb0	19
10c24080	FUN_10c24080	17
10c240a0	FUN_10c240a0	25
10c24d60	FUN_10c24d60	20
10c253a0	FUN_10c253a0	25
10c260f0	FUN_10c260f0	32
10c26120	FUN_10c26120	24
10c265e0	FUN_10c265e0	57
10c2a600	FUN_10c2a600	29
10c2a630	FUN_10c2a630	29
10c2a700	FUN_10c2a700	16
10c2a8b0	FUN_10c2a8b0	39
10c2a8e0	FUN_10c2a8e0	41
10c2c3d0	FUN_10c2c3d0	21
10c32530	FUN_10c32530	57
10c32580	FUN_10c32580	55
10c325d0	FUN_10c325d0	56
10c32620	FUN_10c32620	44
10c35e00	FUN_10c35e00	19
10c35e20	FUN_10c35e20	33
10c35ff0	FUN_10c35ff0	33
10c36020	FUN_10c36020	25
10c36500	FUN_10c36500	37
10c36570	FUN_10c36570	27
10c370e0	FUN_10c370e0	33
10c37180	FUN_10c37180	25
10c37720	FUN_10c37720	32
10c380f0	FUN_10c380f0	26
10c3ad50	FUN_10c3ad50	26
10c3b1c0	FUN_10c3b1c0	42
10c3b200	FUN_10c3b200	56
10c3b9f0	FUN_10c3b9f0	29
10c3d380	FUN_10c3d380	57
10c3d3d0	FUN_10c3d3d0	40
10c3d410	FUN_10c3d410	40
10c3d960	FUN_10c3d960	52
10c41050	FUN_10c41050	19
10c41070	FUN_10c41070	19
10c41090	FUN_10c41090	19
10c410b0	FUN_10c410b0	19
10c414e0	FUN_10c414e0	19
10c41500	FUN_10c41500	39
10c41530	FUN_10c41530	19
10c41590	FUN_10c41590	17
10c415f0	FUN_10c415f0	55
10c41640	FUN_10c41640	25
10c41660	FUN_10c41660	55
10c41d40	FUN_10c41d40	27
10c42860	FUN_10c42860	29
10c42890	FUN_10c42890	40
10c428d0	FUN_10c428d0	29
10c43be0	FUN_10c43be0	31
10c44380	FUN_10c44380	25
10c459c0	FUN_10c459c0	32
10c471c0	FUN_10c471c0	16
10c471f0	FUN_10c471f0	20
10c47bc0	FUN_10c47bc0	51
10c4a070	FUN_10c4a070	23
10c4b2f0	FUN_10c4b2f0	33
10c4b320	FUN_10c4b320	33
10c4b8b0	FUN_10c4b8b0	37
10c4bf90	FUN_10c4bf90	33
10c4c4a0	FUN_10c4c4a0	28
10c4c900	FUN_10c4c900	34
10c4d990	FUN_10c4d990	31
10c5c490	FUN_10c5c490	41
10c5c920	FUN_10c5c920	51
10c5cbb0	FUN_10c5cbb0	19
10c5d3d0	FUN_10c5d3d0	23
10c5d490	FUN_10c5d490	26
10c5d9b0	FUN_10c5d9b0	21
10c5dba0	FUN_10c5dba0	54
10c5dbf0	FUN_10c5dbf0	21
10c5e1e0	FUN_10c5e1e0	33
10c5e2d0	FUN_10c5e2d0	49
10c5ed00	FUN_10c5ed00	16
10c5ed70	FUN_10c5ed70	28
10c5f430	FUN_10c5f430	18
10c5f930	FUN_10c5f930	19
10c5f950	FUN_10c5f950	28
10c5fa10	FUN_10c5fa10	19
10c5fa30	FUN_10c5fa30	28
10c5fa70	FUN_10c5fa70	52
10c603f0	FUN_10c603f0	33
10c67700	FUN_10c67700	57
10c67ab0	FUN_10c67ab0	34
10c67bf0	FUN_10c67bf0	22
10c67c20	FUN_10c67c20	23
10c69170	FUN_10c69170	17
10c69c90	FUN_10c69c90	25
10c69f50	FUN_10c69f50	26
10c6a3c0	FUN_10c6a3c0	20
10c6a3e0	FUN_10c6a3e0	24
10c6a400	FUN_10c6a400	24
10c6a420	FUN_10c6a420	33
10c6a450	FUN_10c6a450	40
10c6a490	FUN_10c6a490	23
10c6a4c0	FUN_10c6a4c0	56
10c6a520	FUN_10c6a520	34
10c6a950	FUN_10c6a950	18
10c6a970	FUN_10c6a970	26
10c6ed50	FUN_10c6ed50	17
10c6ed70	FUN_10c6ed70	18
10c6fb30	FUN_10c6fb30	17
10c6fcb0	FUN_10c6fcb0	30
10c6fce0	FUN_10c6fce0	19
10c73390	FUN_10c73390	30
10c760e0	FUN_10c760e0	48
10c76170	FUN_10c76170	34
10c761e0	FUN_10c761e0	25
10c76c60	FUN_10c76c60	17
10c76c80	FUN_10c76c80	55
10c79140	FUN_10c79140	30
10c7a2d0	FUN_10c7a2d0	21
10c7ad10	FUN_10c7ad10	43
10c7b430	FUN_10c7b430	37
10c7d3b0	FUN_10c7d3b0	48
10c7dc60	FUN_10c7dc60	30
10c7e2e0	FUN_10c7e2e0	28
10c7e5a0	FUN_10c7e5a0	17
10c7e960	FUN_10c7e960	16
10c7fcd0	FUN_10c7fcd0	40
10c83c30	FUN_10c83c30	56
10c83c80	FUN_10c83c80	56
10c83f10	FUN_10c83f10	27
10c85140	FUN_10c85140	40
10c85180	FUN_10c85180	40
10c89290	FUN_10c89290	19
10c892b0	FUN_10c892b0	19
10c89650	FUN_10c89650	25
10c89670	FUN_10c89670	25
10c89fc0	FUN_10c89fc0	27
10c89ff0	FUN_10c89ff0	27
10c8b900	FUN_10c8b900	25
10c8b920	FUN_10c8b920	25
10c8be80	FUN_10c8be80	38
10c8c9b0	FUN_10c8c9b0	32
10c8c9e0	FUN_10c8c9e0	32
10c8d180	FUN_10c8d180	43
10c8de30	FUN_10c8de30	31
10c8de80	FUN_10c8de80	38
10c92e40	FUN_10c92e40	35
10c93210	FUN_10c93210	46
10c93f50	FUN_10c93f50	53
10c95030	FUN_10c95030	47
10c961e0	FUN_10c961e0	17
10c96350	FUN_10c96350	25
10c96760	FUN_10c96760	24
10c97610	FUN_10c97610	25
10c97630	FUN_10c97630	20
10c97650	FUN_10c97650	26
10c97670	FUN_10c97670	26
10c97b50	FUN_10c97b50	22
10c97b70	FUN_10c97b70	53
10c980a0	FUN_10c980a0	53
10c98100	FUN_10c98100	53
10c98cb0	FUN_10c98cb0	25
10c99580	FUN_10c99580	53
10c99820	FUN_10c99820	53
10c99870	FUN_10c99870	53
10c998c0	FUN_10c998c0	53
10c99dc0	FUN_10c99dc0	53
10c9a420	FUN_10c9a420	53
10c9b060	FUN_10c9b060	53
10c9c3f0	FUN_10c9c3f0	53
10c9c4d0	FUN_10c9c4d0	59
10c9c640	FUN_10c9c640	36
10c9c6e0	FUN_10c9c6e0	53
10c9c980	FUN_10c9c980	53
10c9c9d0	FUN_10c9c9d0	53
10c9ca20	FUN_10c9ca20	53
10c9cc60	FUN_10c9cc60	53
10c9cf50	FUN_10c9cf50	51
10ca17a0	FUN_10ca17a0	17
10ca3260	FUN_10ca3260	20
10ca32c0	FUN_10ca32c0	52
10ca3b90	FUN_10ca3b90	37
10ca3ee0	FUN_10ca3ee0	37
10ca3ff0	FUN_10ca3ff0	37
10ca4250	FUN_10ca4250	45
10ca42b0	FUN_10ca42b0	33
10ca8b40	FUN_10ca8b40	34
10ca92f0	FUN_10ca92f0	30
10ca9450	FUN_10ca9450	26
10ca9a70	FUN_10ca9a70	23
10cb1020	FUN_10cb1020	45
10cb1ab0	FUN_10cb1ab0	24
10cb1c70	FUN_10cb1c70	39
10cb2f70	FUN_10cb2f70	40
10cb3780	FUN_10cb3780	61
10cb3800	FUN_10cb3800	45
10cb57c0	FUN_10cb57c0	20
10cb5cc0	FUN_10cb5cc0	37
10cb6550	FUN_10cb6550	21
10cb6c40	FUN_10cb6c40	18
10cb7580	FUN_10cb7580	30
10cb9340	FUN_10cb9340	19
10cb9410	FUN_10cb9410	19
10cba030	FUN_10cba030	31
10cbd370	FUN_10cbd370	21
10cbd9d0	FUN_10cbd9d0	45
10cbda80	FUN_10cbda80	18
10cbfe00	FUN_10cbfe00	53
10ccf340	FUN_10ccf340	47
10cd37b0	FUN_10cd37b0	31
10cd3c40	FUN_10cd3c40	31
10cd4010	FUN_10cd4010	57
10cd7cb0	FUN_10cd7cb0	31
10cd9af0	FUN_10cd9af0	43
10cdaa70	FUN_10cdaa70	44
10cdc070	FUN_10cdc070	33
10cdc0a0	FUN_10cdc0a0	33
10cdc3e0	FUN_10cdc3e0	37
10cdcc40	FUN_10cdcc40	33
10cdd550	FUN_10cdd550	28
10cde1e0	FUN_10cde1e0	18
10cde200	FUN_10cde200	24
10cdf040	FUN_10cdf040	39
10cdf070	FUN_10cdf070	38
10cdf0a0	FUN_10cdf0a0	38
10cdfcc0	FUN_10cdfcc0	25
10cdfce0	FUN_10cdfce0	25
10cdfda0	FUN_10cdfda0	59
10ce0010	FUN_10ce0010	43
10ce0060	FUN_10ce0060	18
10ce0ad0	FUN_10ce0ad0	46
10ce34f0	FUN_10ce34f0	17
10ce39c0	FUN_10ce39c0	20
10ce3d30	FUN_10ce3d30	24
10ce4000	FUN_10ce4000	63
10ce4080	FUN_10ce4080	16
10ce4570	FUN_10ce4570	28
10ce5cd0	FUN_10ce5cd0	40
10ce71a0	FUN_10ce71a0	19
10ce71c0	FUN_10ce71c0	33
10ce71f0	FUN_10ce71f0	33
10ce73c0	FUN_10ce73c0	33
10ce73f0	FUN_10ce73f0	33
10ce7420	FUN_10ce7420	25
10ce7740	FUN_10ce7740	37
10ce7770	FUN_10ce7770	37
10ce7820	FUN_10ce7820	27
10ce83a0	FUN_10ce83a0	33
10ce83d0	FUN_10ce83d0	33
10ce8470	FUN_10ce8470	25
10ce9520	FUN_10ce9520	32
10cee8d0	FUN_10cee8d0	33
10cee900	FUN_10cee900	33
10ceeb90	FUN_10ceeb90	37
10ceee20	FUN_10ceee20	59
10ceeea0	FUN_10ceeea0	33
10cf1010	FUN_10cf1010	22
10cf1030	FUN_10cf1030	23
10cf33b0	FUN_10cf33b0	21
10cf33d0	FUN_10cf33d0	21
10cf34e0	FUN_10cf34e0	27
10cf35e0	FUN_10cf35e0	63
10cf3630	FUN_10cf3630	63
10cf3940	FUN_10cf3940	31
10cf49d0	FUN_10cf49d0	52
10cf4ac0	FUN_10cf4ac0	22
10cf5250	FUN_10cf5250	63
10cf78a0	FUN_10cf78a0	24
10cf78c0	FUN_10cf78c0	18
10cf7aa0	FUN_10cf7aa0	22
10cf7ae0	FUN_10cf7ae0	25
10cf8b00	FUN_10cf8b00	19
10cf9070	FUN_10cf9070	23
10cf9740	FUN_10cf9740	20
10cf9c70	FUN_10cf9c70	17
10cf9c90	FUN_10cf9c90	63
10cf9d30	FUN_10cf9d30	16
10cfa090	FUN_10cfa090	17
10cfa2c0	FUN_10cfa2c0	19
10cfb1d0	FUN_10cfb1d0	19
10cfbcc0	FUN_10cfbcc0	22
10cfbe60	FUN_10cfbe60	23
10cfbfc0	FUN_10cfbfc0	22
10cfc100	FUN_10cfc100	63
10cfc150	FUN_10cfc150	22
10cfc1a0	FUN_10cfc1a0	16
10cfc1c0	FUN_10cfc1c0	23
10cfc400	FUN_10cfc400	23
10cfc440	FUN_10cfc440	26
10cfc4e0	FUN_10cfc4e0	23
10cfc510	FUN_10cfc510	23
10cfc650	FUN_10cfc650	39
10cfdf80	FUN_10cfdf80	28
10cfe140	FUN_10cfe140	29
10cfe740	FUN_10cfe740	22
10d03290	FUN_10d03290	33
10d03b80	FUN_10d03b80	28
10d05e30	FUN_10d05e30	42
10d05f80	FUN_10d05f80	35
10d09f70	FUN_10d09f70	21
10d09f90	FUN_10d09f90	21
10d0b910	FUN_10d0b910	28
10d0f480	FUN_10d0f480	42
10d113e0	FUN_10d113e0	23
10d118c0	FUN_10d118c0	30
10d12d90	FUN_10d12d90	30
10d130b0	FUN_10d130b0	20
10d13700	FUN_10d13700	17
10d13740	FUN_10d13740	63
10d13800	FUN_10d13800	16
10d13d50	FUN_10d13d50	17
10d13fd0	FUN_10d13fd0	19
10d14290	FUN_10d14290	25
10d15320	FUN_10d15320	19
10d16980	FUN_10d16980	49
10d17740	FUN_10d17740	27
10d17e80	FUN_10d17e80	47
10d18670	FUN_10d18670	44
10d18a30	FUN_10d18a30	53
10d18e50	FUN_10d18e50	53
10d19340	FUN_10d19340	32
10d19370	FUN_10d19370	48
10d193b0	FUN_10d193b0	50
10d194d0	FUN_10d194d0	16
10d19730	FUN_10d19730	42
10d1c1e0	FUN_10d1c1e0	19
10d1c3b0	FUN_10d1c3b0	19
10d1c4c0	FUN_10d1c4c0	63
10d1c510	FUN_10d1c510	19
10d1c560	FUN_10d1c560	16
10d1c580	FUN_10d1c580	16
10d1ce70	FUN_10d1ce70	25
10d1cf60	FUN_10d1cf60	25
10d1d940	FUN_10d1d940	23
10d1e0d0	FUN_10d1e0d0	28
10d1eb10	FUN_10d1eb10	46
10d1f960	FUN_10d1f960	21
10d1f980	FUN_10d1f980	21
10d20520	FUN_10d20520	63
10d205a0	FUN_10d205a0	16
10d205d0	FUN_10d205d0	28
10d20650	FUN_10d20650	16
10d23140	FUN_10d23140	61
10d23440	FUN_10d23440	61
10d234b0	FUN_10d234b0	37
10d24420	FUN_10d24420	57
10d24470	FUN_10d24470	49
10d27420	FUN_10d27420	19
10d28a20	FUN_10d28a20	21
10d28a40	FUN_10d28a40	21
10d28a60	FUN_10d28a60	21
10d28a80	FUN_10d28a80	21
10d28aa0	FUN_10d28aa0	21
10d28ac0	FUN_10d28ac0	21
10d28ae0	FUN_10d28ae0	21
10d28b00	FUN_10d28b00	21
10d28b20	FUN_10d28b20	21
10d29b40	FUN_10d29b40	19
10d29f40	FUN_10d29f40	63
10d29f90	FUN_10d29f90	35
10d29fc0	FUN_10d29fc0	35
10d29ff0	FUN_10d29ff0	35
10d2a080	FUN_10d2a080	16
10d2a0a0	FUN_10d2a0a0	16
10d2a0c0	FUN_10d2a0c0	16
10d2a0e0	FUN_10d2a0e0	16
10d2a160	FUN_10d2a160	16
10d2a1a0	FUN_10d2a1a0	16
10d2a1c0	FUN_10d2a1c0	19
10d2ae00	FUN_10d2ae00	53
10d2be50	FUN_10d2be50	23
10d2be70	FUN_10d2be70	23
10d30ae0	FUN_10d30ae0	21
10d30b00	FUN_10d30b00	21
10d30b20	FUN_10d30b20	21
10d30b40	FUN_10d30b40	27
10d30b70	FUN_10d30b70	45
10d30bb0	FUN_10d30bb0	27
10d35830	FUN_10d35830	23
10d360e0	FUN_10d360e0	20
10d370c0	FUN_10d370c0	18
10d370e0	FUN_10d370e0	51
10d37d60	FUN_10d37d60	20
10d37fa0	FUN_10d37fa0	22
10d381f0	FUN_10d381f0	40
10d38420	FUN_10d38420	39
10d38450	FUN_10d38450	27
10d38510	FUN_10d38510	30
10d386f0	FUN_10d386f0	30
10d389c0	FUN_10d389c0	62
10d38a10	FUN_10d38a10	39
10d38a40	FUN_10d38a40	30
10d38a70	FUN_10d38a70	30
10d38aa0	FUN_10d38aa0	59
10d39e10	FUN_10d39e10	22
10d39fa0	FUN_10d39fa0	24
10d3a8f0	FUN_10d3a8f0	22
10d3b670	FUN_10d3b670	30
10d3b6a0	FUN_10d3b6a0	18
10d3bc70	FUN_10d3bc70	18
10d3c3a0	FUN_10d3c3a0	20
10d3c4d0	FUN_10d3c4d0	16
10d3c880	FUN_10d3c880	29
10d3c8b0	FUN_10d3c8b0	19
10d3c910	FUN_10d3c910	19
10d3c9b0	FUN_10d3c9b0	47
10d3ccf0	FUN_10d3ccf0	23
10d3cd10	FUN_10d3cd10	59
10d3f250	FUN_10d3f250	20
10d3f7a0	FUN_10d3f7a0	17
10d3f800	FUN_10d3f800	63
10d3f8e0	FUN_10d3f8e0	16
10d3fc70	FUN_10d3fc70	20
10d3fcb0	FUN_10d3fcb0	20
10d3fd00	FUN_10d3fd00	17
10d3ff60	FUN_10d3ff60	19
10d3ff90	FUN_10d3ff90	19
10d40010	FUN_10d40010	19
10d40040	FUN_10d40040	52
10d40090	FUN_10d40090	37
10d40200	FUN_10d40200	52
10d40250	FUN_10d40250	34
10d40290	FUN_10d40290	34
10d402c0	FUN_10d402c0	34
10d422d0	FUN_10d422d0	19
10d44fa0	FUN_10d44fa0	20
10d44fc0	FUN_10d44fc0	20
10d44fe0	FUN_10d44fe0	20
10d45e50	FUN_10d45e50	17
10d45e70	FUN_10d45e70	17
10d45e90	FUN_10d45e90	17
10d45eb0	FUN_10d45eb0	63
10d45f90	FUN_10d45f90	16
10d462d0	FUN_10d462d0	17
10d462f0	FUN_10d462f0	17
10d46310	FUN_10d46310	17
10d46760	FUN_10d46760	19
10d46780	FUN_10d46780	19
10d467a0	FUN_10d467a0	19
10d46830	FUN_10d46830	60
10d468e0	FUN_10d468e0	37
10d49e90	FUN_10d49e90	19
10d49eb0	FUN_10d49eb0	19
10d49ed0	FUN_10d49ed0	19
10d4e5e0	FUN_10d4e5e0	19
10d4e600	FUN_10d4e600	19
10d4e620	FUN_10d4e620	19
10d4ea00	FUN_10d4ea00	19
10d4ea20	FUN_10d4ea20	19
10d4ea40	FUN_10d4ea40	19
10d4ea60	FUN_10d4ea60	29
10d4f2e0	FUN_10d4f2e0	19
10d4f300	FUN_10d4f300	19
10d4f320	FUN_10d4f320	19
10d4f3a0	FUN_10d4f3a0	33
10d507d0	FUN_10d507d0	22
10d50800	FUN_10d50800	27
10d50d00	FUN_10d50d00	56
10d515e0	FUN_10d515e0	39
10d51ab0	FUN_10d51ab0	17
10d543d0	FUN_10d543d0	21
10d543f0	FUN_10d543f0	21
10d54a10	FUN_10d54a10	46
10d54d40	FUN_10d54d40	20
10d553a0	FUN_10d553a0	17
10d554c0	FUN_10d554c0	28
10d55ac0	FUN_10d55ac0	17
10d56df0	FUN_10d56df0	19
10d57bf0	FUN_10d57bf0	42
10d58c00	FUN_10d58c00	19
10d59af0	FUN_10d59af0	21
10d59c40	FUN_10d59c40	23
10d59da0	FUN_10d59da0	43
10d59de0	FUN_10d59de0	43
10d59e20	FUN_10d59e20	21
10d59ea0	FUN_10d59ea0	42
10d59f20	FUN_10d59f20	23
10d59f40	FUN_10d59f40	18
10d59f60	FUN_10d59f60	42
10d5a0c0	FUN_10d5a0c0	18
10d5a0e0	FUN_10d5a0e0	39
10d5a110	FUN_10d5a110	42
10d5a1b0	FUN_10d5a1b0	20
10d5a1e0	FUN_10d5a1e0	21
10d5a200	FUN_10d5a200	21
10d5a220	FUN_10d5a220	23
10d5a300	FUN_10d5a300	20
10d5a320	FUN_10d5a320	20
10d5a3f0	FUN_10d5a3f0	42
10d5a4e0	FUN_10d5a4e0	22
10d5a700	FUN_10d5a700	23
10d5a720	FUN_10d5a720	23
10d5a740	FUN_10d5a740	20
10d5a760	FUN_10d5a760	20
10d5a780	FUN_10d5a780	48
10d5a7e0	FUN_10d5a7e0	22
10d5a800	FUN_10d5a800	20
10d5a910	FUN_10d5a910	49
10d5a960	FUN_10d5a960	22
10d5aa70	FUN_10d5aa70	23
10d5add0	FUN_10d5add0	21
10d5adf0	FUN_10d5adf0	21
10d5ae10	FUN_10d5ae10	23
10d5ae30	FUN_10d5ae30	23
10d5b120	FUN_10d5b120	23
10d5ed90	FUN_10d5ed90	21
10d5f350	FUN_10d5f350	19
10d5f490	FUN_10d5f490	35
10d5f4d0	FUN_10d5f4d0	35
10d5f500	FUN_10d5f500	20
10d5fc00	FUN_10d5fc00	29
10d61910	FUN_10d61910	20
10d61e50	FUN_10d61e50	17
10d61e70	FUN_10d61e70	60
10d61f10	FUN_10d61f10	16
10d62490	FUN_10d62490	17
10d63300	FUN_10d63300	19
10d634d0	FUN_10d634d0	30
10d63600	FUN_10d63600	22
10d638e0	FUN_10d638e0	19
10d63d20	FUN_10d63d20	30
10d65330	FUN_10d65330	21
10d65350	FUN_10d65350	21
10d65370	FUN_10d65370	16
10d654c0	FUN_10d654c0	30
10d655b0	FUN_10d655b0	28
10d65b80	FUN_10d65b80	19
10d65ca0	FUN_10d65ca0	25
10d65ce0	FUN_10d65ce0	25
10d65d00	FUN_10d65d00	19
10d666f0	FUN_10d666f0	55
10d66930	FUN_10d66930	16
10d66950	FUN_10d66950	16
10d67100	FUN_10d67100	22
10d67eb0	FUN_10d67eb0	23
10d684c0	FUN_10d684c0	33
10d685b0	FUN_10d685b0	49
10d69760	FUN_10d69760	19
10d69780	FUN_10d69780	28
10d69860	FUN_10d69860	28
10d6add0	FUN_10d6add0	37
10d6af90	FUN_10d6af90	33
10d6bf60	FUN_10d6bf60	28
10d6d450	FUN_10d6d450	23
10d6d470	FUN_10d6d470	25
10d6d4c0	FUN_10d6d4c0	43
10d6d850	FUN_10d6d850	35
10d70fc0	FUN_10d70fc0	42
10d71000	FUN_10d71000	26
10d71030	FUN_10d71030	32
10d71620	FUN_10d71620	28
10d73f00	FUN_10d73f00	23
10d755b0	FUN_10d755b0	33
10d755e0	FUN_10d755e0	33
10d75610	FUN_10d75610	33
10d75640	FUN_10d75640	33
10d75670	FUN_10d75670	33
10d756a0	FUN_10d756a0	33
10d75dc0	FUN_10d75dc0	37
10d75df0	FUN_10d75df0	37
10d75e20	FUN_10d75e20	37
10d766e0	FUN_10d766e0	33
10d76710	FUN_10d76710	33
10d76740	FUN_10d76740	33
10d77940	FUN_10d77940	41
10d79fc0	FUN_10d79fc0	19
10d7c010	FUN_10d7c010	43
10d82200	FUN_10d82200	49
10d893e0	FUN_10d893e0	22
10d8be90	FUN_10d8be90	30
10d8bec0	FUN_10d8bec0	30
10d8ce00	FUN_10d8ce00	19
10d8d670	FUN_10d8d670	30
10d8d6a0	FUN_10d8d6a0	30
10d8f2b0	FUN_10d8f2b0	28
10d8f2e0	FUN_10d8f2e0	28
10d92ec0	FUN_10d92ec0	35
10d9aa40	FUN_10d9aa40	30
10d9c710	FUN_10d9c710	30
10d9c750	FUN_10d9c750	28
10d9c780	FUN_10d9c780	43
10d9e560	FUN_10d9e560	21
10d9e5f0	FUN_10d9e5f0	63
10d9ec60	FUN_10d9ec60	33
10d9ed50	FUN_10d9ed50	49
10d9f950	FUN_10d9f950	19
10d9f970	FUN_10d9f970	28
10d9fa30	FUN_10d9fa30	19
10d9fa50	FUN_10d9fa50	28
10da5040	FUN_10da5040	33
10da50a0	FUN_10da50a0	33
10da5350	FUN_10da5350	18
10da5bf0	FUN_10da5bf0	58
10da5d90	FUN_10da5d90	33
10da6830	FUN_10da6830	22
10da6880	FUN_10da6880	35
10da6b80	FUN_10da6b80	20
10da6c80	FUN_10da6c80	20
10da7060	FUN_10da7060	20
10da71e0	FUN_10da71e0	40
10da73d0	FUN_10da73d0	21
10da7930	FUN_10da7930	38
10da7e10	FUN_10da7e10	43
10da9750	FUN_10da9750	40
10daa070	FUN_10daa070	30
10daa990	FUN_10daa990	30
10dab3a0	FUN_10dab3a0	28
10db2230	FUN_10db2230	40
10db3250	FUN_10db3250	19
10db3270	FUN_10db3270	19
10db7ff0	FUN_10db7ff0	17
10db99c0	FUN_10db99c0	20
10dbb680	FUN_10dbb680	45
10dc5d40	FUN_10dc5d40	25
10dc7740	FUN_10dc7740	25
10dc7950	FUN_10dc7950	60
10dc7a70	FUN_10dc7a70	18
10dcfb20	FUN_10dcfb20	22
10dd2230	FUN_10dd2230	50
10dd2280	FUN_10dd2280	43
10dd2650	FUN_10dd2650	43
10dd2b90	FUN_10dd2b90	23
10dd2bb0	FUN_10dd2bb0	19
10dd2f80	FUN_10dd2f80	19
10dd3040	FUN_10dd3040	22
10dd44c0	FUN_10dd44c0	41
10dd5d50	FUN_10dd5d50	39
10dd5e60	FUN_10dd5e60	43
10dd5ea0	FUN_10dd5ea0	43
10dd6680	FUN_10dd6680	33
10dd66b0	FUN_10dd66b0	33
10dd67a0	FUN_10dd67a0	49
10dd67e0	FUN_10dd67e0	49
10dd7ec0	FUN_10dd7ec0	19
10dd7ee0	FUN_10dd7ee0	19
10dd7f00	FUN_10dd7f00	28
10dd7f30	FUN_10dd7f30	28
10dd7f90	FUN_10dd7f90	38
10dd8000	FUN_10dd8000	28
10dd8030	FUN_10dd8030	28
10dd9be0	FUN_10dd9be0	37
10dd9c10	FUN_10dd9c10	53
10de2180	FUN_10de2180	19
10de5f80	FUN_10de5f80	60
10de9cd0	FUN_10de9cd0	49
10de9dd0	FUN_10de9dd0	19
10dec550	FUN_10dec550	33
10dec700	FUN_10dec700	62
10deef50	FUN_10deef50	19
10deef70	FUN_10deef70	19
10deef90	FUN_10deef90	28
10deefc0	FUN_10deefc0	36
10deeff0	FUN_10deeff0	38
10def020	FUN_10def020	19
10def040	FUN_10def040	28
10def6f0	FUN_10def6f0	18
10def940	FUN_10def940	23
10defb40	FUN_10defb40	23
10df0500	FUN_10df0500	24
10df0700	FUN_10df0700	22
10df1160	FUN_10df1160	18
10df2d90	FUN_10df2d90	28
10df2dc0	FUN_10df2dc0	31
10df2df0	FUN_10df2df0	39
10df2e20	FUN_10df2e20	22
10df3190	FUN_10df3190	43
10df3e90	FUN_10df3e90	17
10df4e50	FUN_10df4e50	30
10dfe710	FUN_10dfe710	19
10e00ac0	FUN_10e00ac0	30
10e0b470	FUN_10e0b470	33
10e0b4a0	FUN_10e0b4a0	33
10e0c410	FUN_10e0c410	19
10e0c430	FUN_10e0c430	19
10e0c450	FUN_10e0c450	28
10e0c480	FUN_10e0c480	28
10e0c610	FUN_10e0c610	19
10e0c630	FUN_10e0c630	28
10e0c660	FUN_10e0c660	28
10e0eb00	FUN_10e0eb00	55
10e10e70	FUN_10e10e70	32
10e10eb0	FUN_10e10eb0	48
10e11fa0	FUN_10e11fa0	21
10e120a0	FUN_10e120a0	17
10e15150	FUN_10e15150	24
10e151c0	FUN_10e151c0	37
10e15210	FUN_10e15210	37
10e15650	FUN_10e15650	48
10e158c0	FUN_10e158c0	33
10e158f0	FUN_10e158f0	24
10e19980	FUN_10e19980	34
10e19c70	FUN_10e19c70	30
10e19ca0	FUN_10e19ca0	26
10e19cf0	FUN_10e19cf0	23
10e19d10	FUN_10e19d10	45
10e1eb40	FUN_10e1eb40	37
10e1eb70	FUN_10e1eb70	37
10e1eba0	FUN_10e1eba0	37
10e1ef50	FUN_10e1ef50	24
10e1f010	FUN_10e1f010	39
10e1f6f0	FUN_10e1f6f0	61
10e1f770	FUN_10e1f770	46
10e1f7b0	FUN_10e1f7b0	46
10e1fd00	FUN_10e1fd00	38
10e238b0	FUN_10e238b0	37
10e238e0	FUN_10e238e0	37
10e24220	FUN_10e24220	34
10e24300	FUN_10e24300	30
10e24330	FUN_10e24330	26
10e24380	FUN_10e24380	23
10e24930	FUN_10e24930	24
10e24960	FUN_10e24960	39
10e24a70	FUN_10e24a70	61
10e27410	FUN_10e27410	33
10e27440	FUN_10e27440	33
10e27470	FUN_10e27470	33
10e274a0	FUN_10e274a0	33
10e274d0	FUN_10e274d0	33
10e27500	FUN_10e27500	33
10e27530	FUN_10e27530	33
10e27560	FUN_10e27560	33
10e28c10	FUN_10e28c10	37
10e28c40	FUN_10e28c40	37
10e28c70	FUN_10e28c70	37
10e28ca0	FUN_10e28ca0	37
10e2aae0	FUN_10e2aae0	33
10e2ab10	FUN_10e2ab10	33
10e2ab40	FUN_10e2ab40	33
10e2ab70	FUN_10e2ab70	33
10e2ccf0	FUN_10e2ccf0	47
10e2d310	FUN_10e2d310	41
10e2d350	FUN_10e2d350	41
10e2d390	FUN_10e2d390	41
10e2d510	FUN_10e2d510	41
10e2d550	FUN_10e2d550	41
10e2d600	FUN_10e2d600	41
10e2d640	FUN_10e2d640	41
10e2d680	FUN_10e2d680	41
10e302d0	FUN_10e302d0	21
10e30410	FUN_10e30410	21
10e30430	FUN_10e30430	21
10e30890	FUN_10e30890	18
10e30b00	FUN_10e30b00	48
10e30b40	FUN_10e30b40	45
10e30c40	FUN_10e30c40	45
10e30c80	FUN_10e30c80	45
10e3e500	FUN_10e3e500	19
10e3e790	FUN_10e3e790	48
10e3e990	FUN_10e3e990	20
10e3f460	FUN_10e3f460	23
10e3f480	FUN_10e3f480	38
10e47340	FUN_10e47340	17
10e47360	FUN_10e47360	17
10e483a0	FUN_10e483a0	20
10e483c0	FUN_10e483c0	20
10e48ba0	FUN_10e48ba0	37
10e48c10	FUN_10e48c10	37
10e48d30	FUN_10e48d30	24
10e4ad50	FUN_10e4ad50	34
10e4afb0	FUN_10e4afb0	30
10e4afe0	FUN_10e4afe0	26
10e4b030	FUN_10e4b030	23
10e4e2d0	FUN_10e4e2d0	24
10e4e380	FUN_10e4e380	39
10e4e530	FUN_10e4e530	61
10e523e0	FUN_10e523e0	37
10e52450	FUN_10e52450	37
10e52740	FUN_10e52740	33
10e55520	FUN_10e55520	34
10e55750	FUN_10e55750	30
10e55780	FUN_10e55780	26
10e557d0	FUN_10e557d0	23
10e58620	FUN_10e58620	60
10e58670	FUN_10e58670	37
10e586a0	FUN_10e586a0	37
10e586d0	FUN_10e586d0	16
10e587e0	FUN_10e587e0	24
10e588a0	FUN_10e588a0	39
10e590b0	FUN_10e590b0	61
10e59100	FUN_10e59100	46
10e59140	FUN_10e59140	46
10e5abb0	FUN_10e5abb0	33
10e5acb0	FUN_10e5acb0	49
10e5e300	FUN_10e5e300	19
10e5e320	FUN_10e5e320	33
10e5e350	FUN_10e5e350	33
10e5e380	FUN_10e5e380	33
10e5e3b0	FUN_10e5e3b0	33
10e5e3e0	FUN_10e5e3e0	33
10e5e410	FUN_10e5e410	28
10e5e500	FUN_10e5e500	17
10e5e520	FUN_10e5e520	33
10e5e550	FUN_10e5e550	33
10e5e580	FUN_10e5e580	33
10e5e5b0	FUN_10e5e5b0	33
10e5e5e0	FUN_10e5e5e0	33
10e5e610	FUN_10e5e610	28
10e5f6b0	FUN_10e5f6b0	37
10e5f6e0	FUN_10e5f6e0	37
10e5f710	FUN_10e5f710	37
10e5f740	FUN_10e5f740	37
10e5f770	FUN_10e5f770	37
10e61210	FUN_10e61210	20
10e61b20	FUN_10e61b20	31
10e61cf0	FUN_10e61cf0	33
10e61d20	FUN_10e61d20	33
10e61d50	FUN_10e61d50	33
10e61d80	FUN_10e61d80	33
10e61db0	FUN_10e61db0	33
10e62aa0	FUN_10e62aa0	33
10e65ed0	FUN_10e65ed0	37
10e66010	FUN_10e66010	37
10e66420	FUN_10e66420	33
10e66450	FUN_10e66450	33
10e667a0	FUN_10e667a0	60
10e66930	FUN_10e66930	33
10e66b50	FUN_10e66b50	33
10e66b80	FUN_10e66b80	24
10e698c0	FUN_10e698c0	34
10e69cd0	FUN_10e69cd0	30
10e69d50	FUN_10e69d50	26
10e69dd0	FUN_10e69dd0	23
10e714a0	FUN_10e714a0	24
10e71570	FUN_10e71570	39
10e71f60	FUN_10e71f60	61
10e72180	FUN_10e72180	24
10e78060	FUN_10e78060	37
10e78090	FUN_10e78090	37
10e780f0	FUN_10e780f0	33
10e78120	FUN_10e78120	60
10e795c0	FUN_10e795c0	34
10e79730	FUN_10e79730	30
10e79760	FUN_10e79760	26
10e79a40	FUN_10e79a40	23
10e7b410	FUN_10e7b410	24
10e7b460	FUN_10e7b460	39
10e7b570	FUN_10e7b570	61
10e80b00	FUN_10e80b00	24
10e80b60	FUN_10e80b60	41
10e80ba0	FUN_10e80ba0	41
10e80f80	FUN_10e80f80	45
10e83fe0	FUN_10e83fe0	37
10e84010	FUN_10e84010	37
10e84ce0	FUN_10e84ce0	34
10e84e40	FUN_10e84e40	30
10e84e70	FUN_10e84e70	26
10e84ec0	FUN_10e84ec0	23
10e86660	FUN_10e86660	24
10e866e0	FUN_10e866e0	39
10e867f0	FUN_10e867f0	61
10e940b0	FUN_10e940b0	33
10e940e0	FUN_10e940e0	33
10e94110	FUN_10e94110	33
10e94140	FUN_10e94140	33
10e94170	FUN_10e94170	33
10e941a0	FUN_10e941a0	33
10e941d0	FUN_10e941d0	33
10e94200	FUN_10e94200	33
10e94230	FUN_10e94230	33
10e94260	FUN_10e94260	33
10e94290	FUN_10e94290	33
10e942c0	FUN_10e942c0	33
10e96720	FUN_10e96720	37
10e96750	FUN_10e96750	37
10e96780	FUN_10e96780	37
10e967b0	FUN_10e967b0	37
10e967e0	FUN_10e967e0	37
10e96810	FUN_10e96810	37
10e99bb0	FUN_10e99bb0	33
10e99be0	FUN_10e99be0	33
10e99c10	FUN_10e99c10	33
10e99c40	FUN_10e99c40	33
10e99c70	FUN_10e99c70	33
10e99ca0	FUN_10e99ca0	33
10e9c020	FUN_10e9c020	43
10e9fb30	FUN_10e9fb30	50
10ea1750	FUN_10ea1750	20
10ea1770	FUN_10ea1770	20
10ea1790	FUN_10ea1790	20
10ea17b0	FUN_10ea17b0	20
10ea17d0	FUN_10ea17d0	20
10ea17f0	FUN_10ea17f0	20
10ea1ad0	FUN_10ea1ad0	25
10ea1b60	FUN_10ea1b60	22
10ea1c10	FUN_10ea1c10	22
10ea1d20	FUN_10ea1d20	22
10ea1d40	FUN_10ea1d40	22
10ea1d60	FUN_10ea1d60	22
10ea1f10	FUN_10ea1f10	22
10ea2110	FUN_10ea2110	22
10ea6c00	FUN_10ea6c00	39
10ea6f20	FUN_10ea6f20	55
10ea8130	FUN_10ea8130	57
10eab2a0	FUN_10eab2a0	19
10eab2c0	FUN_10eab2c0	36
10eab2f0	FUN_10eab2f0	17
10eabdd0	FUN_10eabdd0	21
10eac550	FUN_10eac550	46
10eac590	FUN_10eac590	47
10eacb60	FUN_10eacb60	27
10eaccb0	FUN_10eaccb0	27
10ead100	FUN_10ead100	63
10ead150	FUN_10ead150	63
10eae120	FUN_10eae120	25
10eb0a30	FUN_10eb0a30	31
10eb25f0	FUN_10eb25f0	20
10eb2610	FUN_10eb2610	26
10eb3a80	FUN_10eb3a80	58
10eb4160	FUN_10eb4160	19
10eb4c30	FUN_10eb4c30	33
10eb4c60	FUN_10eb4c60	33
10eb4c90	FUN_10eb4c90	33
10eb66d0	FUN_10eb66d0	19
10eb66f0	FUN_10eb66f0	19
10eb6710	FUN_10eb6710	19
10eb6730	FUN_10eb6730	28
10eb6760	FUN_10eb6760	28
10eb6790	FUN_10eb6790	28
10eb69d0	FUN_10eb69d0	19
10eb69f0	FUN_10eb69f0	19
10eb6a10	FUN_10eb6a10	19
10eb6a30	FUN_10eb6a30	28
10eb6a60	FUN_10eb6a60	28
10eb6a90	FUN_10eb6a90	28
10eb9540	FUN_10eb9540	27
10eba5f0	FUN_10eba5f0	19
10ebb360	FUN_10ebb360	46
10ebb790	FUN_10ebb790	40
10ebb7d0	FUN_10ebb7d0	40
10ebb810	FUN_10ebb810	48
10ebb850	FUN_10ebb850	50
10ebb890	FUN_10ebb890	58
10ebb8e0	FUN_10ebb8e0	44
10ebba40	FUN_10ebba40	33
10ebba70	FUN_10ebba70	40
10ebbab0	FUN_10ebbab0	41
10ebbaf0	FUN_10ebbaf0	43
10ebc210	FUN_10ebc210	53
10ebc260	FUN_10ebc260	50
10ebc2a0	FUN_10ebc2a0	63
10ec0fb0	FUN_10ec0fb0	28
10ec1d20	FUN_10ec1d20	18
10ec35e0	FUN_10ec35e0	30
10ec7200	FUN_10ec7200	19
10ec9a10	FUN_10ec9a10	57
10eca560	FUN_10eca560	23
10ed00c0	FUN_10ed00c0	33
10ed0c50	FUN_10ed0c50	19
10ed0c70	FUN_10ed0c70	28
10ed0d60	FUN_10ed0d60	19
10ed0d80	FUN_10ed0d80	28
10ed4080	FUN_10ed4080	58
10ed4340	FUN_10ed4340	58
10ed4390	FUN_10ed4390	58
10ed43e0	FUN_10ed43e0	58
10ed4740	FUN_10ed4740	58
10ed4790	FUN_10ed4790	58
10ed47e0	FUN_10ed47e0	58
10ed4830	FUN_10ed4830	58
10ed5e70	FUN_10ed5e70	58
10ed5ec0	FUN_10ed5ec0	58
10ed5f10	FUN_10ed5f10	58
10ed8e20	FUN_10ed8e20	58
10ed8f80	FUN_10ed8f80	58
10ed8fd0	FUN_10ed8fd0	58
10ed9020	FUN_10ed9020	58
10ede180	FUN_10ede180	31
10edf8f0	FUN_10edf8f0	33
10edf920	FUN_10edf920	33
10edfac0	FUN_10edfac0	37
10edfdf0	FUN_10edfdf0	33
10ee0770	FUN_10ee0770	22
10ee1160	FUN_10ee1160	31
10ee16d0	FUN_10ee16d0	41
10ee1710	FUN_10ee1710	41
10ee1750	FUN_10ee1750	41
10ee2d60	FUN_10ee2d60	62
10ee2fa0	FUN_10ee2fa0	35
10ee2fd0	FUN_10ee2fd0	33
10ee34e0	FUN_10ee34e0	27
10ee3bb0	FUN_10ee3bb0	41
10ee4150	FUN_10ee4150	58
10ee42f0	FUN_10ee42f0	57
10ee4470	FUN_10ee4470	43
10ee4880	FUN_10ee4880	40
10ee49c0	FUN_10ee49c0	50
10ee4a00	FUN_10ee4a00	23
10ee7150	FUN_10ee7150	32
10ee7510	FUN_10ee7510	50
10ee7f70	FUN_10ee7f70	46
10eea820	FUN_10eea820	42
10eeb490	FUN_10eeb490	41
10eebd30	FUN_10eebd30	33
10eebd60	FUN_10eebd60	33
10eebd90	FUN_10eebd90	33
10eebdc0	FUN_10eebdc0	33
10eebed0	FUN_10eebed0	37
10eebf00	FUN_10eebf00	37
10eec2f0	FUN_10eec2f0	33
10eec320	FUN_10eec320	33
10eedbb0	FUN_10eedbb0	19
10eedc60	FUN_10eedc60	19
10eef240	FUN_10eef240	19
10eef2f0	FUN_10eef2f0	19
10eefdc0	FUN_10eefdc0	55
10ef2290	FUN_10ef2290	31
10ef5120	FUN_10ef5120	19
10ef5200	FUN_10ef5200	19
10ef64b0	FUN_10ef64b0	23
10ef8280	FUN_10ef8280	36
10ef9850	FUN_10ef9850	49
10ef9de0	FUN_10ef9de0	19
10f00a60	FUN_10f00a60	52
10f01c60	FUN_10f01c60	33
10f01ee0	FUN_10f01ee0	43
10f02dd0	FUN_10f02dd0	19
10f02df0	FUN_10f02df0	28
10f02e20	FUN_10f02e20	44
10f02e80	FUN_10f02e80	19
10f02ec0	FUN_10f02ec0	28
10f04f60	FUN_10f04f60	44
10f04fa0	FUN_10f04fa0	31
10f04fe0	FUN_10f04fe0	50
10f05120	FUN_10f05120	37
10f05160	FUN_10f05160	56
10f05290	FUN_10f05290	37
10f052d0	FUN_10f052d0	52
10f05330	FUN_10f05330	44
10f054a0	FUN_10f054a0	53
10f05830	FUN_10f05830	53
10f058f0	FUN_10f058f0	62
10f060e0	FUN_10f060e0	32
10f06350	FUN_10f06350	35
10f06390	FUN_10f06390	57
10f063e0	FUN_10f063e0	32
10f067b0	FUN_10f067b0	46
10f06840	FUN_10f06840	32
10f09a10	FUN_10f09a10	38
10f0b840	FUN_10f0b840	41
10f0b9a0	FUN_10f0b9a0	53
10f0bd80	FUN_10f0bd80	31
10f11640	FUN_10f11640	20
10f11b90	FUN_10f11b90	19
10f16250	FUN_10f16250	33
10f16c50	FUN_10f16c50	63
10f174e0	FUN_10f174e0	19
10f17500	FUN_10f17500	28
10f175b0	FUN_10f175b0	19
10f17600	FUN_10f17600	29
10f17630	FUN_10f17630	28
10f17710	FUN_10f17710	29
10f17740	FUN_10f17740	18
10f18f60	FUN_10f18f60	31
10f19c80	FUN_10f19c80	33
10f1aa30	FUN_10f1aa30	63
10f1b1e0	FUN_10f1b1e0	33
10f1b210	FUN_10f1b210	33
10f1c470	FUN_10f1c470	19
10f1c490	FUN_10f1c490	19
10f1c4b0	FUN_10f1c4b0	19
10f1c4d0	FUN_10f1c4d0	28
10f1c500	FUN_10f1c500	28
10f1c770	FUN_10f1c770	19
10f1c790	FUN_10f1c790	28
10f1c7c0	FUN_10f1c7c0	28
10f1f800	FUN_10f1f800	55
10f1f850	FUN_10f1f850	55
10f207d0	FUN_10f207d0	27
10f21f30	FUN_10f21f30	37
10f228a0	FUN_10f228a0	36
10f239f0	FUN_10f239f0	33
10f25b40	FUN_10f25b40	19
10f25b90	FUN_10f25b90	28
10f25bc0	FUN_10f25bc0	36
10f25bf0	FUN_10f25bf0	36
10f25e50	FUN_10f25e50	28
10f2a8e0	FUN_10f2a8e0	19
10f2a900	FUN_10f2a900	19
10f2ce50	FUN_10f2ce50	38
10f2f730	FUN_10f2f730	46
10f341d0	FUN_10f341d0	31
10f34200	FUN_10f34200	31
10f34230	FUN_10f34230	31
10f376a0	FUN_10f376a0	33
10f38170	FUN_10f38170	19
10f38190	FUN_10f38190	19
10f381b0	FUN_10f381b0	28
10f38340	FUN_10f38340	19
10f38360	FUN_10f38360	28
10f39910	FUN_10f39910	55
10f3d660	FUN_10f3d660	37
10f3d690	FUN_10f3d690	37
10f3d8d0	FUN_10f3d8d0	42
10f3d910	FUN_10f3d910	42
10f3f550	FUN_10f3f550	46
10f3fb40	FUN_10f3fb40	37
10f41d20	FUN_10f41d20	45
10f420a0	FUN_10f420a0	43
10f420e0	FUN_10f420e0	43
10f42120	FUN_10f42120	43
10f42160	FUN_10f42160	43
10f421a0	FUN_10f421a0	43
10f42870	FUN_10f42870	28
10f42da0	FUN_10f42da0	33
10f43c00	FUN_10f43c00	30
10f451d0	FUN_10f451d0	30
10f459d0	FUN_10f459d0	43
10f47170	FUN_10f47170	58
10f471c0	FUN_10f471c0	40
10f47810	FUN_10f47810	35
10f47850	FUN_10f47850	31
10f47fa0	FUN_10f47fa0	37
10f48b90	FUN_10f48b90	25
10f4a780	FUN_10f4a780	17
10f4b180	FUN_10f4b180	20
10f4b5c0	FUN_10f4b5c0	19
10f4be50	FUN_10f4be50	34
10f4beb0	FUN_10f4beb0	25
10f4e5f0	FUN_10f4e5f0	19
10f4e6f0	FUN_10f4e6f0	38
10f4ec90	FUN_10f4ec90	27
10f50750	FUN_10f50750	26
10f518c0	FUN_10f518c0	29
10f52370	FUN_10f52370	33
10f523a0	FUN_10f523a0	33
10f52570	FUN_10f52570	37
10f52840	FUN_10f52840	33
10f531c0	FUN_10f531c0	25
10f5e820	FUN_10f5e820	25
10f61670	FUN_10f61670	25
10f637f0	FUN_10f637f0	39
10f65ed0	FUN_10f65ed0	33
10f65f00	FUN_10f65f00	33
10f661c0	FUN_10f661c0	37
10f66710	FUN_10f66710	33
10f67600	FUN_10f67600	26
10f67790	FUN_10f67790	18
10f67a70	FUN_10f67a70	23
10f685d0	FUN_10f685d0	42
10f68ab0	FUN_10f68ab0	29
10f6b350	FUN_10f6b350	33
10f6b450	FUN_10f6b450	49
10f6bc80	FUN_10f6bc80	19
10f6bca0	FUN_10f6bca0	28
10f6bd90	FUN_10f6bd90	28
10f6cba0	FUN_10f6cba0	31
10f6d220	FUN_10f6d220	33
10f70bd0	FUN_10f70bd0	33
10f70c00	FUN_10f70c00	33
10f70cd0	FUN_10f70cd0	33
10f70d00	FUN_10f70d00	33
10f71090	FUN_10f71090	18
10f710b0	FUN_10f710b0	18
10f710d0	FUN_10f710d0	18
10f71110	FUN_10f71110	37
10f717d0	FUN_10f717d0	58
10f71d20	FUN_10f71d20	33
10f71d50	FUN_10f71d50	33
10f734d0	FUN_10f734d0	33
10f74070	FUN_10f74070	26
10f74150	FUN_10f74150	29
10f756a0	FUN_10f756a0	44
10f756e0	FUN_10f756e0	44
10f76f60	FUN_10f76f60	37
10f790f0	FUN_10f790f0	18
10f79a70	FUN_10f79a70	18
10f79c00	FUN_10f79c00	25
10f79d40	FUN_10f79d40	19
10f7ada0	FUN_10f7ada0	53
10f7adf0	FUN_10f7adf0	37
10f7b0c0	FUN_10f7b0c0	43
10f7b5a0	FUN_10f7b5a0	32
10f7b5d0	FUN_10f7b5d0	32
10f7b900	FUN_10f7b900	56
10f7b950	FUN_10f7b950	56
10f7bd90	FUN_10f7bd90	33
10f7c290	FUN_10f7c290	39
10f7db60	FUN_10f7db60	19
10f7db80	FUN_10f7db80	28
10f7dc50	FUN_10f7dc50	19
10f7dc70	FUN_10f7dc70	28
10f7f5c0	FUN_10f7f5c0	16
10f829e0	FUN_10f829e0	19
10f82a00	FUN_10f82a00	33
10f82ad0	FUN_10f82ad0	33
10f82c80	FUN_10f82c80	22
10f82ca0	FUN_10f82ca0	22
10f82cc0	FUN_10f82cc0	22
10f82cf0	FUN_10f82cf0	22
10f82d20	FUN_10f82d20	22
10f82d40	FUN_10f82d40	22
10f82d60	FUN_10f82d60	22
10f82e90	FUN_10f82e90	22
10f82eb0	FUN_10f82eb0	22
10f83140	FUN_10f83140	37
10f832d0	FUN_10f832d0	22
10f832f0	FUN_10f832f0	22
10f83310	FUN_10f83310	22
10f83340	FUN_10f83340	22
10f83360	FUN_10f83360	22
10f83380	FUN_10f83380	22
10f833a0	FUN_10f833a0	22
10f83410	FUN_10f83410	22
10f83430	FUN_10f83430	22
10f839d0	FUN_10f839d0	33
10f84040	FUN_10f84040	41
10f86b30	FUN_10f86b30	40
10f886e0	FUN_10f886e0	19
10f887f0	FUN_10f887f0	44
10f88840	FUN_10f88840	25
10f88f50	FUN_10f88f50	29
10f895a0	FUN_10f895a0	25
10f89a80	FUN_10f89a80	32
10f8c8e0	FUN_10f8c8e0	47
10f8d080	FUN_10f8d080	31
10f8ea60	FUN_10f8ea60	16
10f8ed40	FUN_10f8ed40	44
10f8fa20	FUN_10f8fa20	33
10f8fa50	FUN_10f8fa50	37
10f8fa80	FUN_10f8fa80	33
10f90020	FUN_10f90020	31
10f912e0	FUN_10f912e0	33
10f925a0	FUN_10f925a0	33
10f969e0	FUN_10f969e0	21
10f96a10	FUN_10f96a10	21
10f977c0	FUN_10f977c0	41
10f98e90	FUN_10f98e90	16
10f99360	FUN_10f99360	28
10f99940	FUN_10f99940	33
10f99970	FUN_10f99970	33
10f99b60	FUN_10f99b60	49
10f9b030	FUN_10f9b030	19
10f9b050	FUN_10f9b050	19
10f9b070	FUN_10f9b070	28
10f9b0a0	FUN_10f9b0a0	28
10f9b270	FUN_10f9b270	28
10f9b2a0	FUN_10f9b2a0	28
10f9d5a0	FUN_10f9d5a0	31
10f9d5d0	FUN_10f9d5d0	31
10f9dbf0	FUN_10f9dbf0	37
10f9dc40	FUN_10f9dc40	37
10f9de50	FUN_10f9de50	33
10f9de80	FUN_10f9de80	33
10f9deb0	FUN_10f9deb0	24
10fa01c0	FUN_10fa01c0	34
10fa0410	FUN_10fa0410	30
10fa0450	FUN_10fa0450	26
10fa04b0	FUN_10fa04b0	23
10fa2e00	FUN_10fa2e00	22
10fa3450	FUN_10fa3450	24
10fa34a0	FUN_10fa34a0	39
10fa3670	FUN_10fa3670	61
10fa3e60	FUN_10fa3e60	27
10fa5c20	FUN_10fa5c20	37
10fa5c50	FUN_10fa5c50	37
10fa5cc0	FUN_10fa5cc0	33
10fa7690	FUN_10fa7690	34
10fa7840	FUN_10fa7840	30
10fa7880	FUN_10fa7880	26
10fa7ba0	FUN_10fa7ba0	23
10fa9450	FUN_10fa9450	22
10fa9a40	FUN_10fa9a40	24
10fa9a90	FUN_10fa9a90	39
10fa9dc0	FUN_10fa9dc0	61
10fab430	FUN_10fab430	40
10fab470	FUN_10fab470	40
10fab4b0	FUN_10fab4b0	40
10fab4f0	FUN_10fab4f0	40
10faf7e0	FUN_10faf7e0	19
10faf800	FUN_10faf800	19
10faf820	FUN_10faf820	19
10faf840	FUN_10faf840	19
10fafca0	FUN_10fafca0	38
10fafdd0	FUN_10fafdd0	25
10fafdf0	FUN_10fafdf0	25
10fb1100	FUN_10fb1100	27
10fb1130	FUN_10fb1130	27
10fb1160	FUN_10fb1160	27
10fb1190	FUN_10fb1190	27
10fb11c0	FUN_10fb11c0	27
10fb3df0	FUN_10fb3df0	25
10fb3e10	FUN_10fb3e10	25
10fb6aa0	FUN_10fb6aa0	21
10fb6ef0	FUN_10fb6ef0	32
10fb7160	FUN_10fb7160	32
10fb7190	FUN_10fb7190	32
10fb7220	FUN_10fb7220	32
10fb9220	FUN_10fb9220	18
10fb9470	FUN_10fb9470	28
10fb94a0	FUN_10fb94a0	45
10fb94e0	FUN_10fb94e0	45
10fc0aa0	FUN_10fc0aa0	33
10fc0bc0	FUN_10fc0bc0	49
10fc1d60	FUN_10fc1d60	19
10fc1d80	FUN_10fc1d80	28
10fc1e90	FUN_10fc1e90	28
10fc3650	FUN_10fc3650	31
10fc3d60	FUN_10fc3d60	37
10fc3db0	FUN_10fc3db0	37
10fc3fd0	FUN_10fc3fd0	33
10fc5b40	FUN_10fc5b40	34
10fc5dc0	FUN_10fc5dc0	30
10fc5e00	FUN_10fc5e00	26
10fc5e60	FUN_10fc5e60	23
10fc89c0	FUN_10fc89c0	22
10fc9370	FUN_10fc9370	24
10fc93c0	FUN_10fc93c0	39
10fc9570	FUN_10fc9570	61
10fc9ce0	FUN_10fc9ce0	27
10fcb330	FUN_10fcb330	19
10fcb7b0	FUN_10fcb7b0	19
10fcbac0	FUN_10fcbac0	18
10fcc880	FUN_10fcc880	25
10fcc8a0	FUN_10fcc8a0	25
10fcd4b0	FUN_10fcd4b0	63
10fcd530	FUN_10fcd530	16
10fce490	FUN_10fce490	17
10fce8c0	FUN_10fce8c0	20
10fcef20	FUN_10fcef20	32
10fd23a0	FUN_10fd23a0	20
10fd23c0	FUN_10fd23c0	20
10fd24f0	FUN_10fd24f0	25
10fd2510	FUN_10fd2510	22
10fd2530	FUN_10fd2530	19
10fd2570	FUN_10fd2570	23
10fd2590	FUN_10fd2590	23
10fdc330	FUN_10fdc330	20
10fdc350	FUN_10fdc350	20
10fdc370	FUN_10fdc370	20
10fdc390	FUN_10fdc390	20
10fdc3b0	FUN_10fdc3b0	20
10fdc3d0	FUN_10fdc3d0	20
10fdc3f0	FUN_10fdc3f0	20
10fdc410	FUN_10fdc410	20
10fdc430	FUN_10fdc430	20
10fdc450	FUN_10fdc450	20
10fdc470	FUN_10fdc470	20
10fdd1f0	FUN_10fdd1f0	19
10fdd3e0	FUN_10fdd3e0	19
10fde830	FUN_10fde830	45
10fe0860	FUN_10fe0860	17
10fe11b0	FUN_10fe11b0	20
10fe15f0	FUN_10fe15f0	24
10fe3320	FUN_10fe3320	33
10fe3350	FUN_10fe3350	43
10fe34f0	FUN_10fe34f0	39
10fe6260	FUN_10fe6260	27
10fe6d40	FUN_10fe6d40	58
10fe84e0	FUN_10fe84e0	27
10fe8510	FUN_10fe8510	17
10fe8530	FUN_10fe8530	22
10fe9cb0	FUN_10fe9cb0	57
10feb910	FUN_10feb910	30
10fed720	FUN_10fed720	19
10fed7d0	FUN_10fed7d0	17
10fed7f0	FUN_10fed7f0	17
10fef190	FUN_10fef190	21
10fef1b0	FUN_10fef1b0	21
10fef1d0	FUN_10fef1d0	21
10fef1f0	FUN_10fef1f0	21
10fef210	FUN_10fef210	20
10fef230	FUN_10fef230	20
10fef250	FUN_10fef250	31
10fef280	FUN_10fef280	31
10fefef0	FUN_10fefef0	30
10ff0c10	FUN_10ff0c10	24
10ff0dc0	FUN_10ff0dc0	22
10ff1120	FUN_10ff1120	28
10ff1150	FUN_10ff1150	28
10ff15a0	FUN_10ff15a0	19
10ff15c0	FUN_10ff15c0	25
10ff1650	FUN_10ff1650	25
10ff1670	FUN_10ff1670	25
10ff17a0	FUN_10ff17a0	19
10ff1ad0	FUN_10ff1ad0	44
10ff1ce0	FUN_10ff1ce0	18
10ff1d00	FUN_10ff1d00	18
10ff2070	FUN_10ff2070	16
10ff2090	FUN_10ff2090	16
10ff2b60	FUN_10ff2b60	19
10ff2d10	FUN_10ff2d10	23
10ff2d30	FUN_10ff2d30	23
10ff3020	FUN_10ff3020	26
10ff6e20	FUN_10ff6e20	27
10ff6e80	FUN_10ff6e80	29
10ff6f60	FUN_10ff6f60	32
10ff8cb0	FUN_10ff8cb0	48
10ff8cf0	FUN_10ff8cf0	48
10ffb490	FUN_10ffb490	46
10ffb670	FUN_10ffb670	30
10ffbc50	FUN_10ffbc50	59
10ffc070	FUN_10ffc070	54
10ffca10	FUN_10ffca10	25
10ffcb10	FUN_10ffcb10	25
10ffce70	FUN_10ffce70	24
10ffd060	FUN_10ffd060	42
10ffd210	FUN_10ffd210	62
10ffd260	FUN_10ffd260	33
10ffd290	FUN_10ffd290	56
10ffd2e0	FUN_10ffd2e0	31
10ffd500	FUN_10ffd500	30
10ffd650	FUN_10ffd650	30
10ffddc0	FUN_10ffddc0	28
10ffec20	FUN_10ffec20	28
10fffc90	FUN_10fffc90	23
11002b40	FUN_11002b40	18
11002b60	FUN_11002b60	18
11002ba0	FUN_11002ba0	18
11002bc0	FUN_11002bc0	18
11002be0	FUN_11002be0	18
110031b0	FUN_110031b0	46
11005070	FUN_11005070	37
110050a0	FUN_110050a0	52
110051f0	FUN_110051f0	42
11007ed0	FUN_11007ed0	33
11007f00	FUN_11007f00	33
11008010	FUN_11008010	37
110082c0	FUN_110082c0	33
1100bf00	FUN_1100bf00	22
1100bf20	FUN_1100bf20	23
11011870	FUN_11011870	57
11019440	FUN_11019440	32
1101ae40	FUN_1101ae40	27
1101b900	FUN_1101b900	43
1101b940	FUN_1101b940	23
1101b9a0	FUN_1101b9a0	23
1101b9e0	FUN_1101b9e0	23
1101ba20	FUN_1101ba20	23
1101d740	FUN_1101d740	19
1101d760	FUN_1101d760	23
1101d780	FUN_1101d780	23
1101d7a0	FUN_1101d7a0	19
1101d7f0	FUN_1101d7f0	19
1101d810	FUN_1101d810	22
1101d830	FUN_1101d830	19
1101d860	FUN_1101d860	22
1101d890	FUN_1101d890	22
1101d8b0	FUN_1101d8b0	22
1101d8d0	FUN_1101d8d0	23
1101d8f0	FUN_1101d8f0	26
1101d9a0	FUN_1101d9a0	23
1101da00	FUN_1101da00	26
1101dbb0	FUN_1101dbb0	23
1101dbe0	FUN_1101dbe0	22
1101dc20	FUN_1101dc20	23
1101dc40	FUN_1101dc40	19
1101dc70	FUN_1101dc70	19
1101dc90	FUN_1101dc90	19
1101dcb0	FUN_1101dcb0	22
1101dcd0	FUN_1101dcd0	19
1101de90	FUN_1101de90	26
1101dee0	FUN_1101dee0	19
1101e080	FUN_1101e080	28
110204b0	FUN_110204b0	22
110204d0	FUN_110204d0	19
110204f0	FUN_110204f0	19
11020510	FUN_11020510	23
11020530	FUN_11020530	19
11020550	FUN_11020550	19
11020570	FUN_11020570	19
11020590	FUN_11020590	23
110205b0	FUN_110205b0	19
110205d0	FUN_110205d0	23
110205f0	FUN_110205f0	27
11020620	FUN_11020620	23
11020640	FUN_11020640	26
11020660	FUN_11020660	26
11020680	FUN_11020680	26
110206a0	FUN_110206a0	27
110206d0	FUN_110206d0	23
110206f0	FUN_110206f0	19
11020730	FUN_11020730	23
11020760	FUN_11020760	22
110207a0	FUN_110207a0	33
110207d0	FUN_110207d0	33
11020930	FUN_11020930	33
11020970	FUN_11020970	33
110209d0	FUN_110209d0	33
11020a10	FUN_11020a10	33
11020a60	FUN_11020a60	19
11020a80	FUN_11020a80	22
11022230	FUN_11022230	23
11022250	FUN_11022250	19
11022270	FUN_11022270	31
11022350	FUN_11022350	23
11022380	FUN_11022380	19
110223c0	FUN_110223c0	23
110223e0	FUN_110223e0	19
11023740	FUN_11023740	57
11023790	FUN_11023790	49
11027110	FUN_11027110	19
110271c0	FUN_110271c0	17
110283d0	FUN_110283d0	20
11029380	FUN_11029380	24
11029700	FUN_11029700	38
11029730	FUN_11029730	57
11029780	FUN_11029780	42
1102ae40	FUN_1102ae40	43
1102ae80	FUN_1102ae80	43
1102af50	FUN_1102af50	32
1102b0c0	FUN_1102b0c0	30
1102b0f0	FUN_1102b0f0	18
1102b4d0	FUN_1102b4d0	25
1102bc40	FUN_1102bc40	20
1102d850	FUN_1102d850	31
110301e0	FUN_110301e0	16
11030440	FUN_11030440	43
11030cd0	FUN_11030cd0	42
11030d10	FUN_11030d10	33
11032a00	FUN_11032a00	26
11034eb0	FUN_11034eb0	45
11037760	FUN_11037760	27
11037790	FUN_11037790	17
110377b0	FUN_110377b0	50
110377f0	FUN_110377f0	22
11038930	FUN_11038930	31
11038aa0	FUN_11038aa0	36
110390a0	FUN_110390a0	37
11039140	FUN_11039140	38
11039a00	FUN_11039a00	43
11039f60	FUN_11039f60	35
1103a220	FUN_1103a220	39
1103a250	FUN_1103a250	37
1103b680	FUN_1103b680	23
1103c520	FUN_1103c520	52
1103c620	FUN_1103c620	40
1103d4d0	FUN_1103d4d0	33
1103d500	FUN_1103d500	33
1103db30	FUN_1103db30	37
1103df00	FUN_1103df00	33
1103ea20	FUN_1103ea20	59
1103ea70	FUN_1103ea70	59
1103ed40	FUN_1103ed40	43
1103ed80	FUN_1103ed80	43
11041510	FUN_11041510	35
11042050	FUN_11042050	30
11042ef0	FUN_11042ef0	39
11043340	FUN_11043340	30
110435c0	FUN_110435c0	58
11043610	FUN_11043610	44
11044450	FUN_11044450	22
11044510	FUN_11044510	44
11045280	FUN_11045280	43
11045600	FUN_11045600	22
11045620	FUN_11045620	20
11046c90	FUN_11046c90	20
11047dc0	FUN_11047dc0	24
110496d0	FUN_110496d0	44
1104e9e0	FUN_1104e9e0	50
1104ea90	FUN_1104ea90	28
1104f550	FUN_1104f550	19
1104f570	FUN_1104f570	19
1104fdc0	FUN_1104fdc0	39
110525b0	FUN_110525b0	20
110533e0	FUN_110533e0	20
110547c0	FUN_110547c0	50
11057300	FUN_11057300	45
11057340	FUN_11057340	24
11057690	FUN_11057690	18
110576b0	FUN_110576b0	18
1105a9a0	FUN_1105a9a0	58
1105be20	FUN_1105be20	43
1105c3b0	FUN_1105c3b0	54
1105c790	FUN_1105c790	41
1105ce90	FUN_1105ce90	45
1105dd20	FUN_1105dd20	38
1105e3c0	FUN_1105e3c0	28
1105eb10	FUN_1105eb10	28
11060810	FUN_11060810	61
11062cd0	FUN_11062cd0	35
11063110	FUN_11063110	44
110645e0	FUN_110645e0	26
110652d0	FUN_110652d0	20
11065330	FUN_11065330	19
11067d50	FUN_11067d50	54
11067db0	FUN_11067db0	54
1106d900	FUN_1106d900	24
1106f270	FUN_1106f270	41
11071fc0	FUN_11071fc0	33
11071ff0	FUN_11071ff0	33
11072020	FUN_11072020	57
11072070	FUN_11072070	57
110722a0	FUN_110722a0	49
110722e0	FUN_110722e0	49
11072320	FUN_11072320	60
11072370	FUN_11072370	60
11078bc0	FUN_11078bc0	19
11078be0	FUN_11078be0	19
11078c00	FUN_11078c00	19
11078c20	FUN_11078c20	19
11078dc0	FUN_11078dc0	28
11078e90	FUN_11078e90	28
110790c0	FUN_110790c0	19
110790e0	FUN_110790e0	19
11079100	FUN_11079100	17
11079120	FUN_11079120	17
11079140	FUN_11079140	28
11079230	FUN_11079230	28
1107be90	FUN_1107be90	20
1107beb0	FUN_1107beb0	20
1107d2c0	FUN_1107d2c0	31
1107e300	FUN_1107e300	55
1107ee00	FUN_1107ee00	59
1107ee50	FUN_1107ee50	59
1107eea0	FUN_1107eea0	59
1107eef0	FUN_1107eef0	59
1107ef40	FUN_1107ef40	59
1107ef90	FUN_1107ef90	59
1107efe0	FUN_1107efe0	59
1107f030	FUN_1107f030	59
1107f080	FUN_1107f080	45
1107f0c0	FUN_1107f0c0	45
1107f100	FUN_1107f100	45
1107f140	FUN_1107f140	45
1107f7f0	FUN_1107f7f0	33
1107f820	FUN_1107f820	24
1107f840	FUN_1107f840	24
1107fa10	FUN_1107fa10	25
11080520	FUN_11080520	43
11080560	FUN_11080560	43
110805a0	FUN_110805a0	43
110805e0	FUN_110805e0	43
11080e90	FUN_11080e90	48
11080ff0	FUN_11080ff0	34
11081080	FUN_11081080	37
110810d0	FUN_110810d0	37
11081120	FUN_11081120	19
11081650	FUN_11081650	39
11081680	FUN_11081680	36
11081a40	FUN_11081a40	16
11081a60	FUN_11081a60	16
11081a80	FUN_11081a80	16
11081aa0	FUN_11081aa0	16
11081b80	FUN_11081b80	36
11081bb0	FUN_11081bb0	36
11082dc0	FUN_11082dc0	36
11082e10	FUN_11082e10	57
11090e20	FUN_11090e20	28
110916b0	FUN_110916b0	52
110937d0	FUN_110937d0	37
11093800	FUN_11093800	48
110939e0	FUN_110939e0	44
11093d10	FUN_11093d10	46
11093d50	FUN_11093d50	50
110942f0	FUN_110942f0	26
11094310	FUN_11094310	56
11094360	FUN_11094360	18
11094380	FUN_11094380	18
11094590	FUN_11094590	18
110945b0	FUN_110945b0	18
110945d0	FUN_110945d0	18
110945f0	FUN_110945f0	18
110958a0	FUN_110958a0	62
11096620	FUN_11096620	61
11096b70	FUN_11096b70	25
11096c90	FUN_11096c90	41
11097130	FUN_11097130	36
110974e0	FUN_110974e0	44
11097520	FUN_11097520	33
110977e0	FUN_110977e0	36
11097870	FUN_11097870	25
11097ab0	FUN_11097ab0	52
110984c0	FUN_110984c0	34
11098740	FUN_11098740	33
11098860	FUN_11098860	60
110991c0	FUN_110991c0	19
110991e0	FUN_110991e0	28
110992d0	FUN_110992d0	19
11099350	FUN_11099350	28
1109bd10	FUN_1109bd10	33
1109dee0	FUN_1109dee0	45
1109e380	FUN_1109e380	43
1109ed30	FUN_1109ed30	30
1109ed60	FUN_1109ed60	30
1109ef90	FUN_1109ef90	43
1109efd0	FUN_1109efd0	24
1109f0a0	FUN_1109f0a0	42
1109f100	FUN_1109f100	43
1109f280	FUN_1109f280	43
1109f320	FUN_1109f320	43
110a0fd0	FUN_110a0fd0	45
110a1230	FUN_110a1230	58
110a1280	FUN_110a1280	17
110a12a0	FUN_110a12a0	58
110a3080	FUN_110a3080	38
110a30b0	FUN_110a30b0	16
110a3e40	FUN_110a3e40	16
110a6770	FUN_110a6770	40
110a67b0	FUN_110a67b0	40
110a9630	FUN_110a9630	19
110a9650	FUN_110a9650	19
110a9670	FUN_110a9670	19
110a9a80	FUN_110a9a80	19
110a9af0	FUN_110a9af0	55
110a9b40	FUN_110a9b40	25
110a9b60	FUN_110a9b60	55
110a9bb0	FUN_110a9bb0	55
110aa6d0	FUN_110aa6d0	27
110aa700	FUN_110aa700	27
110ac5f0	FUN_110ac5f0	25
110add70	FUN_110add70	49
110ae620	FUN_110ae620	32
110aea50	FUN_110aea50	52
110b0c50	FUN_110b0c50	29
110b23a0	FUN_110b23a0	44
110b43b0	FUN_110b43b0	52
110b4850	FUN_110b4850	54
110b5240	FUN_110b5240	30
110b5610	FUN_110b5610	54
110b58d0	FUN_110b58d0	27
110b5c70	FUN_110b5c70	27
110b5e60	FUN_110b5e60	23
110b5f20	FUN_110b5f20	27
110b60e0	FUN_110b60e0	19
110bc830	FUN_110bc830	34
110bf3e0	FUN_110bf3e0	38
110bf600	FUN_110bf600	38
110bf630	FUN_110bf630	38
110bf660	FUN_110bf660	38
110c1920	FUN_110c1920	59
110c1970	FUN_110c1970	59
110c19c0	FUN_110c19c0	59
110c1a10	FUN_110c1a10	45
110c1a60	FUN_110c1a60	24
110c1e70	FUN_110c1e70	43
110c20d0	FUN_110c20d0	24
110c2570	FUN_110c2570	18
110c2590	FUN_110c2590	33
110c35b0	FUN_110c35b0	30
110c3e90	FUN_110c3e90	32
110c4940	FUN_110c4940	55
110c4ac0	FUN_110c4ac0	20
110c4ae0	FUN_110c4ae0	23
110c5640	FUN_110c5640	33
110c5770	FUN_110c5770	40
110c57b0	FUN_110c57b0	60
110c79f0	FUN_110c79f0	19
110c7a10	FUN_110c7a10	28
110c7b10	FUN_110c7b10	19
110c7b30	FUN_110c7b30	28
110c7e50	FUN_110c7e50	19
110c8bc0	FUN_110c8bc0	27
110c9910	FUN_110c9910	31
110c9cb0	FUN_110c9cb0	45
110c9cf0	FUN_110c9cf0	45
110c9d30	FUN_110c9d30	45
110c9d70	FUN_110c9d70	45
110c9db0	FUN_110c9db0	45
110c9df0	FUN_110c9df0	45
110c9e30	FUN_110c9e30	45
110c9e70	FUN_110c9e70	45
110c9eb0	FUN_110c9eb0	45
110c9ef0	FUN_110c9ef0	45
110c9f30	FUN_110c9f30	45
110c9f70	FUN_110c9f70	45
110c9fb0	FUN_110c9fb0	45
110c9ff0	FUN_110c9ff0	45
110ca040	FUN_110ca040	43
110ca620	FUN_110ca620	33
110cad70	FUN_110cad70	61
110cadc0	FUN_110cadc0	24
110caef0	FUN_110caef0	43
110caf30	FUN_110caf30	43
110caf70	FUN_110caf70	43
110cafb0	FUN_110cafb0	43
110caff0	FUN_110caff0	43
110cb030	FUN_110cb030	43
110cb070	FUN_110cb070	43
110cb0b0	FUN_110cb0b0	43
110cb0f0	FUN_110cb0f0	43
110cb130	FUN_110cb130	43
110cb170	FUN_110cb170	43
110cb1b0	FUN_110cb1b0	43
110cb1f0	FUN_110cb1f0	43
110cb230	FUN_110cb230	43
110cb270	FUN_110cb270	43
110cc260	FUN_110cc260	18
110cdca0	FUN_110cdca0	17
110ce370	FUN_110ce370	18
110ceab0	FUN_110ceab0	18
110cead0	FUN_110cead0	43
110d1d10	FUN_110d1d10	18
110d2700	FUN_110d2700	21
110d2720	FUN_110d2720	31
110d2e80	FUN_110d2e80	33
110d2ec0	FUN_110d2ec0	43
110d3030	FUN_110d3030	43
110d3070	FUN_110d3070	43
110d3140	FUN_110d3140	35
110d4080	FUN_110d4080	62
110d55a0	FUN_110d55a0	53
110d5780	FUN_110d5780	40
110d6ed0	FUN_110d6ed0	17
110d7a50	FUN_110d7a50	24
110d7ad0	FUN_110d7ad0	27
110d8470	FUN_110d8470	24
110d88a0	FUN_110d88a0	21
110d88c0	FUN_110d88c0	21
110d8900	FUN_110d8900	21
110d8930	FUN_110d8930	21
110d8950	FUN_110d8950	21
110d89b0	FUN_110d89b0	21
110d89d0	FUN_110d89d0	21
110d8a30	FUN_110d8a30	21
110d8a50	FUN_110d8a50	21
110d8c40	FUN_110d8c40	21
110d8c60	FUN_110d8c60	21
110d8c80	FUN_110d8c80	21
110d8cb0	FUN_110d8cb0	21
110d8d20	FUN_110d8d20	21
110d8d40	FUN_110d8d40	21
110d8d60	FUN_110d8d60	21
110d8d80	FUN_110d8d80	21
110d8dc0	FUN_110d8dc0	21
110d8de0	FUN_110d8de0	31
110d8e10	FUN_110d8e10	46
110d9b30	FUN_110d9b30	21
110da760	FUN_110da760	45
110db240	FUN_110db240	40
110de640	FUN_110de640	45
110df060	FUN_110df060	40
110e09c0	FUN_110e09c0	34
110e28d0	FUN_110e28d0	24
110e2c60	FUN_110e2c60	43
110e3630	FUN_110e3630	30
110e3660	FUN_110e3660	38
110e3bf0	FUN_110e3bf0	48
110e7d10	FUN_110e7d10	45
110ea940	FUN_110ea940	50
110eb700	FUN_110eb700	18
110ec740	FUN_110ec740	48
110ec780	FUN_110ec780	18
110ec7a0	FUN_110ec7a0	19
110ecc20	FUN_110ecc20	50
110ecd80	FUN_110ecd80	19
110ecda0	FUN_110ecda0	18
110ecdc0	FUN_110ecdc0	19
110ecde0	FUN_110ecde0	23
110ed0b0	FUN_110ed0b0	24
110ed2d0	FUN_110ed2d0	60
110ed320	FUN_110ed320	21
110ed5b0	FUN_110ed5b0	23
110ed980	FUN_110ed980	17
110edc00	FUN_110edc00	26
110ede50	FUN_110ede50	42
110ee040	FUN_110ee040	33
110ee0d0	FUN_110ee0d0	60
110f0440	FUN_110f0440	19
110f0460	FUN_110f0460	28
110f0490	FUN_110f0490	38
110f04c0	FUN_110f04c0	19
110f04e0	FUN_110f04e0	28
110f1790	FUN_110f1790	59
110f24b0	FUN_110f24b0	43
110f2960	FUN_110f2960	19
110f2ac0	FUN_110f2ac0	39
110f2af0	FUN_110f2af0	59
110f2b40	FUN_110f2b40	59
110f53b0	FUN_110f53b0	29
110f6ac0	FUN_110f6ac0	54
110f6f60	FUN_110f6f60	50
110f6fa0	FUN_110f6fa0	33
110f6fd0	FUN_110f6fd0	32
110f7000	FUN_110f7000	32
110f82a0	FUN_110f82a0	29
110f9660	FUN_110f9660	35
110fd290	FUN_110fd290	17
110ff4e0	FUN_110ff4e0	49
111001c0	FUN_111001c0	34
11101900	FUN_11101900	46
11101940	FUN_11101940	37
11101cb0	FUN_11101cb0	24
11102250	FUN_11102250	26
11103e70	FUN_11103e70	45
111045e0	FUN_111045e0	43
11106f40	FUN_11106f40	39
11106f80	FUN_11106f80	55
11107bc0	FUN_11107bc0	38
11108ca0	FUN_11108ca0	57
11108cf0	FUN_11108cf0	49
1110b2f0	FUN_1110b2f0	19
1110b3a0	FUN_1110b3a0	17
1110dd10	FUN_1110dd10	20
1110ea40	FUN_1110ea40	31
1110f120	FUN_1110f120	45
1110f4a0	FUN_1110f4a0	30
1110f630	FUN_1110f630	46
1110f670	FUN_1110f670	24
1110ff50	FUN_1110ff50	43
11110b90	FUN_11110b90	59
11111570	FUN_11111570	50
111115b0	FUN_111115b0	34
111115e0	FUN_111115e0	36
11111610	FUN_11111610	16
11111e10	FUN_11111e10	36
11111e40	FUN_11111e40	21
11112590	FUN_11112590	36
111135c0	FUN_111135c0	36
111135f0	FUN_111135f0	21
111138b0	FUN_111138b0	21
111138d0	FUN_111138d0	20
11113bb0	FUN_11113bb0	48
11113c60	FUN_11113c60	59
11115a00	FUN_11115a00	47
1111b0a0	FUN_1111b0a0	42
1111b510	FUN_1111b510	21
1111b630	FUN_1111b630	24
1111bc70	FUN_1111bc70	21
1111d1f0	FUN_1111d1f0	39
1111f310	FUN_1111f310	19
1111f410	FUN_1111f410	38
1111fc80	FUN_1111fc80	27
111223e0	FUN_111223e0	46
11122950	FUN_11122950	57
11125cd0	FUN_11125cd0	34
11126d40	FUN_11126d40	17
111276e0	FUN_111276e0	20
11127ac0	FUN_11127ac0	59
11127b10	FUN_11127b10	59
11127bc0	FUN_11127bc0	45
11127c00	FUN_11127c00	45
11127c40	FUN_11127c40	45
11128100	FUN_11128100	43
11128ff0	FUN_11128ff0	46
1112a990	FUN_1112a990	32
1112bb60	FUN_1112bb60	45
1112bdb0	FUN_1112bdb0	43
1112bfd0	FUN_1112bfd0	61
1112c310	FUN_1112c310	22
1112cd10	FUN_1112cd10	28
1112ea40	FUN_1112ea40	41
11130320	FUN_11130320	30
111307b0	FUN_111307b0	38
111307e0	FUN_111307e0	38
11131340	FUN_11131340	30
11131370	FUN_11131370	30
111313a0	FUN_111313a0	30
11132910	FUN_11132910	20
11132ba0	FUN_11132ba0	34
11132bd0	FUN_11132bd0	38
11132c10	FUN_11132c10	46
111339e0	FUN_111339e0	38
11133a10	FUN_11133a10	38
111342b0	FUN_111342b0	38
11135050	FUN_11135050	46
11135390	FUN_11135390	38
11135460	FUN_11135460	48
11135a30	FUN_11135a30	46
11135ab0	FUN_11135ab0	32
11136750	FUN_11136750	33
11136830	FUN_11136830	39
11136fe0	FUN_11136fe0	39
11137120	FUN_11137120	37
11137300	FUN_11137300	45
11137410	FUN_11137410	21
11138180	FUN_11138180	36
11138260	FUN_11138260	33
111382a0	FUN_111382a0	32
11138590	FUN_11138590	50
111389e0	FUN_111389e0	52
11138bf0	FUN_11138bf0	21
1113a340	FUN_1113a340	35
1113a820	FUN_1113a820	30
1113b500	FUN_1113b500	28
1113b540	FUN_1113b540	51
1113be80	FUN_1113be80	37
1113cf20	FUN_1113cf20	16
1113da80	FUN_1113da80	27
1113dab0	FUN_1113dab0	27
1113de60	FUN_1113de60	50
1113df70	FUN_1113df70	27
1113dfa0	FUN_1113dfa0	27
1113dfd0	FUN_1113dfd0	27
1113e4f0	FUN_1113e4f0	55
1113f110	FUN_1113f110	59
1113f560	FUN_1113f560	19
1113f9e0	FUN_1113f9e0	36
11147f30	FUN_11147f30	34
11147f60	FUN_11147f60	34
11149270	FUN_11149270	59
1114a6f0	FUN_1114a6f0	58
1114a740	FUN_1114a740	17
1114b950	FUN_1114b950	58
1114b9d0	FUN_1114b9d0	54
1114ede0	FUN_1114ede0	28
11150140	FUN_11150140	27
11150470	FUN_11150470	43
11150b50	FUN_11150b50	33
11151f00	FUN_11151f00	29
11151f30	FUN_11151f30	33
11152240	FUN_11152240	34
11152270	FUN_11152270	34
111522a0	FUN_111522a0	34
11158050	FUN_11158050	23
11158070	FUN_11158070	27
111580a0	FUN_111580a0	30
111580d0	FUN_111580d0	30
11158140	FUN_11158140	30
111581a0	FUN_111581a0	30
11158270	FUN_11158270	30
111582d0	FUN_111582d0	30
11158330	FUN_11158330	30
11158360	FUN_11158360	30
11158390	FUN_11158390	30
11158420	FUN_11158420	27
11159df0	FUN_11159df0	51
1115b460	FUN_1115b460	52
1115ca20	FUN_1115ca20	39
1115ca50	FUN_1115ca50	61
1115cbd0	FUN_1115cbd0	23
1115ced0	FUN_1115ced0	51
1115e0c0	FUN_1115e0c0	17
1115e770	FUN_1115e770	20
1115ebe0	FUN_1115ebe0	45
1115ed20	FUN_1115ed20	19
1115ed40	FUN_1115ed40	24
1115f330	FUN_1115f330	28
1115f360	FUN_1115f360	28
1115f390	FUN_1115f390	36
1115ff80	FUN_1115ff80	28
1115ffd0	FUN_1115ffd0	28
111611f0	FUN_111611f0	49
11161d90	FUN_11161d90	51
11161dd0	FUN_11161dd0	19
111644c0	FUN_111644c0	37
111662d0	FUN_111662d0	54
111664b0	FUN_111664b0	30
11167580	FUN_11167580	45
11167970	FUN_11167970	42
11169430	FUN_11169430	21
11169670	FUN_11169670	24
11169c60	FUN_11169c60	40
1116ae90	FUN_1116ae90	19
1116b070	FUN_1116b070	25
1116b5c0	FUN_1116b5c0	27
1116c2b0	FUN_1116c2b0	25
1116c7d0	FUN_1116c7d0	32
1116c930	FUN_1116c930	19
1116d520	FUN_1116d520	29
1116d550	FUN_1116d550	29
1116ea70	FUN_1116ea70	38
111704b0	FUN_111704b0	40
111711d0	FUN_111711d0	55
11172570	FUN_11172570	19
11172780	FUN_11172780	25
11173a30	FUN_11173a30	25
11174050	FUN_11174050	45
11174220	FUN_11174220	32
11175710	FUN_11175710	34
11175fc0	FUN_11175fc0	22
11176270	FUN_11176270	29
111767c0	FUN_111767c0	38
11177260	FUN_11177260	16
11179630	FUN_11179630	33
11179660	FUN_11179660	33
11179690	FUN_11179690	33
11179720	FUN_11179720	33
11179a20	FUN_11179a20	57
11179ac0	FUN_11179ac0	60
11179b10	FUN_11179b10	60
11179b60	FUN_11179b60	60
11179bb0	FUN_11179bb0	49
11179bf0	FUN_11179bf0	49
1117fa40	FUN_1117fa40	19
1117fa60	FUN_1117fa60	19
1117fa80	FUN_1117fa80	19
1117faa0	FUN_1117faa0	19
1117fac0	FUN_1117fac0	19
1117fae0	FUN_1117fae0	28
1117fb10	FUN_1117fb10	28
1117fb40	FUN_1117fb40	28
1117fbc0	FUN_1117fbc0	28
1117fe80	FUN_1117fe80	19
1117fea0	FUN_1117fea0	19
1117fec0	FUN_1117fec0	19
1117ff00	FUN_1117ff00	19
1117ff20	FUN_1117ff20	17
1117ff40	FUN_1117ff40	17
1117ff60	FUN_1117ff60	17
1117ff80	FUN_1117ff80	28
1117ffb0	FUN_1117ffb0	28
1117ffe0	FUN_1117ffe0	28
11180020	FUN_11180020	28
11182be0	FUN_11182be0	20
11182c00	FUN_11182c00	20
111888f0	FUN_111888f0	42
111891a0	FUN_111891a0	33
111891d0	FUN_111891d0	33
11189200	FUN_11189200	33
11189230	FUN_11189230	33
11189270	FUN_11189270	24
1118c3e0	FUN_1118c3e0	25
1118d1f0	FUN_1118d1f0	44
1118d4c0	FUN_1118d4c0	33
1118dcc0	FUN_1118dcc0	19
1118dce0	FUN_1118dce0	28
1118dd60	FUN_1118dd60	28
1118ecb0	FUN_1118ecb0	33
11191dc0	FUN_11191dc0	19
11192d20	FUN_11192d20	18
11193490	FUN_11193490	45
11193c40	FUN_11193c40	27
111941f0	FUN_111941f0	45
11194230	FUN_11194230	20
11194cd0	FUN_11194cd0	18
1119a2f0	FUN_1119a2f0	32
1119a4a0	FUN_1119a4a0	40
1119a980	FUN_1119a980	21
1119a9a0	FUN_1119a9a0	46
1119a9f0	FUN_1119a9f0	40
1119ac90	FUN_1119ac90	40
1119ace0	FUN_1119ace0	63
1119ba20	FUN_1119ba20	23
1119bd70	FUN_1119bd70	49
1119bdc0	FUN_1119bdc0	30
1119bdf0	FUN_1119bdf0	38
1119c0c0	FUN_1119c0c0	30
1119c150	FUN_1119c150	30
1119c190	FUN_1119c190	50
1119cfc0	FUN_1119cfc0	36
111a00f0	FUN_111a00f0	45
111a0360	FUN_111a0360	42
111a03a0	FUN_111a03a0	47
111a03e0	FUN_111a03e0	42
111a05c0	FUN_111a05c0	16
111a05e0	FUN_111a05e0	49
111a0620	FUN_111a0620	24
111a1fd0	FUN_111a1fd0	24
111a2cb0	FUN_111a2cb0	34
111a32a0	FUN_111a32a0	62
111a4800	FUN_111a4800	33
111a4e00	FUN_111a4e00	28
111a4e30	FUN_111a4e30	28
111a53f0	FUN_111a53f0	41
111a5a00	FUN_111a5a00	25
111a6a00	FUN_111a6a00	28
111a6c40	FUN_111a6c40	16
111a6e70	FUN_111a6e70	16
111a72b0	FUN_111a72b0	27
111a72e0	FUN_111a72e0	25
111a7630	FUN_111a7630	35
111a92e0	FUN_111a92e0	30
111ab110	FUN_111ab110	46
111ab2c0	FUN_111ab2c0	40
111af650	FUN_111af650	57
111af6a0	FUN_111af6a0	30
111af6d0	FUN_111af6d0	30
111af700	FUN_111af700	37
111b1ca0	FUN_111b1ca0	23
111b1d50	FUN_111b1d50	22
111bce20	FUN_111bce20	25
111bce40	FUN_111bce40	25
111bcee0	FUN_111bcee0	49
111bcf20	FUN_111bcf20	25
111bcf40	FUN_111bcf40	21
111bcf60	FUN_111bcf60	25
111bcfc0	FUN_111bcfc0	25
111bcfe0	FUN_111bcfe0	25
111be2e0	FUN_111be2e0	49
111be750	FUN_111be750	22
111bec60	FUN_111bec60	45
111bf4b0	FUN_111bf4b0	50
111bfa10	FUN_111bfa10	47
111c0380	FUN_111c0380	51
111c03c0	FUN_111c03c0	43
111c0a60	FUN_111c0a60	22
111c1270	FUN_111c1270	26
111c1290	FUN_111c1290	20
111c12b0	FUN_111c12b0	20
111c12d0	FUN_111c12d0	20
111c12f0	FUN_111c12f0	31
111c1320	FUN_111c1320	21
111c1340	FUN_111c1340	21
111c1360	FUN_111c1360	21
111c1390	FUN_111c1390	49
111c13d0	FUN_111c13d0	18
111c1460	FUN_111c1460	57
111c1b60	FUN_111c1b60	21
111c1d40	FUN_111c1d40	29
111c2060	FUN_111c2060	55
111c2330	FUN_111c2330	59
111c2590	FUN_111c2590	33
111c2670	FUN_111c2670	62
111c3960	FUN_111c3960	19
111c3980	FUN_111c3980	28
111c39b0	FUN_111c39b0	44
111c39f0	FUN_111c39f0	19
111c3a70	FUN_111c3a70	28
111c3ae0	FUN_111c3ae0	55
111c4830	FUN_111c4830	62
111c4b80	FUN_111c4b80	53
111c5e90	FUN_111c5e90	48
111c63d0	FUN_111c63d0	55
111c66d0	FUN_111c66d0	24
111c7940	FUN_111c7940	33
111c79d0	FUN_111c79d0	40
111cb020	FUN_111cb020	51
111cc320	FUN_111cc320	55
111cc4f0	FUN_111cc4f0	25
111cfc00	FUN_111cfc00	38
111cfc30	FUN_111cfc30	22
111cfc50	FUN_111cfc50	55
111cfd00	FUN_111cfd00	39
111d2ea0	FUN_111d2ea0	19
111d2ec0	FUN_111d2ec0	19
111d2f20	FUN_111d2f20	19
111d3230	FUN_111d3230	44
111d3270	FUN_111d3270	44
111d3300	FUN_111d3300	28
111d3330	FUN_111d3330	38
111d3360	FUN_111d3360	19
111d33b0	FUN_111d33b0	25
111d33d0	FUN_111d33d0	25
111d3430	FUN_111d3430	28
111d3c60	FUN_111d3c60	23
111d50b0	FUN_111d50b0	18
111d5210	FUN_111d5210	27
111d5240	FUN_111d5240	27
111d5270	FUN_111d5270	27
111d7620	FUN_111d7620	31
111d7f80	FUN_111d7f80	29
111d7fb0	FUN_111d7fb0	29
111d9c80	FUN_111d9c80	25
111d9ca0	FUN_111d9ca0	25
111dbb80	FUN_111dbb80	41
111dbfc0	FUN_111dbfc0	32
111dbff0	FUN_111dbff0	32
111dc020	FUN_111dc020	32
111dd8b0	FUN_111dd8b0	53
111df370	FUN_111df370	53
111dfcf0	FUN_111dfcf0	44
111dfd30	FUN_111dfd30	20
111dfd60	FUN_111dfd60	19
111e2cb0	FUN_111e2cb0	58
111e3f20	FUN_111e3f20	31
111e3f50	FUN_111e3f50	30
111e4640	FUN_111e4640	24
111e4690	FUN_111e4690	25
111e4c10	FUN_111e4c10	26
111e7f20	FUN_111e7f20	60
111f1920	FUN_111f1920	25
111f3c00	FUN_111f3c00	50
111f3f20	FUN_111f3f20	28
111f3f50	FUN_111f3f50	47
111f42a0	FUN_111f42a0	22
111f4480	FUN_111f4480	22
111f4a70	FUN_111f4a70	32
111f4db0	FUN_111f4db0	27
111f5630	FUN_111f5630	23
111f5990	FUN_111f5990	33
111f59c0	FUN_111f59c0	36
111f59f0	FUN_111f59f0	36
111f5a20	FUN_111f5a20	30
111f6bf0	FUN_111f6bf0	38
111f6e80	FUN_111f6e80	32
111fc550	FUN_111fc550	52
111fc6a0	FUN_111fc6a0	35
111fc6d0	FUN_111fc6d0	52
111fc820	FUN_111fc820	52
111fd510	FUN_111fd510	52
111ff630	FUN_111ff630	19
111ff660	FUN_111ff660	63
11200570	FUN_11200570	18
112007a0	FUN_112007a0	32
11200a70	FUN_11200a70	58
11202140	FUN_11202140	22
112022a0	FUN_112022a0	35
11202d50	FUN_11202d50	30
112041a0	FUN_112041a0	19
11204570	FUN_11204570	20
112045a0	FUN_112045a0	57
112046d0	FUN_112046d0	18
112046f0	FUN_112046f0	24
11204720	FUN_11204720	57
11205180	FUN_11205180	27
112051b0	FUN_112051b0	35
112051e0	FUN_112051e0	24
11205240	FUN_11205240	27
11205270	FUN_11205270	18
112052f0	FUN_112052f0	21
11205700	FUN_11205700	33
11208410	FUN_11208410	24
112172e0	FUN_112172e0	27
1122add0	FUN_1122add0	55
1122bd10	FUN_1122bd10	21
1122e250	FUN_1122e250	62
1122e860	FUN_1122e860	21
1122f1a0	FUN_1122f1a0	53
11231b20	FUN_11231b20	38
11232950	FUN_11232950	21
11232970	FUN_11232970	49
112333d0	FUN_112333d0	24
11233890	FUN_11233890	26
112338b0	FUN_112338b0	52
11234420	FUN_11234420	38
11234510	FUN_11234510	22
11234620	FUN_11234620	22
11235500	FUN_11235500	24
11236110	FUN_11236110	20
112365c0	FUN_112365c0	33
112366e0	FUN_112366e0	50
11237cf0	FUN_11237cf0	49
11237da0	FUN_11237da0	30
11238260	FUN_11238260	43
112382e0	FUN_112382e0	48
112386e0	FUN_112386e0	20
11238700	FUN_11238700	34
11238b30	FUN_11238b30	42
11238b70	FUN_11238b70	18
11239ce0	FUN_11239ce0	59
11239d30	FUN_11239d30	16
11239d50	FUN_11239d50	20
11239d70	FUN_11239d70	20
11239d90	FUN_11239d90	20
11239db0	FUN_11239db0	22
11239de0	FUN_11239de0	54
1123ad20	FUN_1123ad20	35
1123b1c0	FUN_1123b1c0	20
1123b1e0	FUN_1123b1e0	25
1123ebd0	FUN_1123ebd0	24
1123ef00	FUN_1123ef00	28
11240600	FUN_11240600	37
11241850	FUN_11241850	45
11241890	FUN_11241890	53
112419e0	FUN_112419e0	58
11241dd0	FUN_11241dd0	29
11242a90	FUN_11242a90	41
11242ad0	FUN_11242ad0	18
11242af0	FUN_11242af0	18
11242c60	FUN_11242c60	47
11242ca0	FUN_11242ca0	46
11242ef0	FUN_11242ef0	47
11242f30	FUN_11242f30	38
11245810	FUN_11245810	35
11247c30	FUN_11247c30	16
11247e90	FUN_11247e90	26
112482b0	FUN_112482b0	30
11248ae0	FUN_11248ae0	53
11248ba0	FUN_11248ba0	36
11249a70	FUN_11249a70	27
11249df0	FUN_11249df0	49
11249e30	FUN_11249e30	26
1124ae40	FUN_1124ae40	28
1124b7f0	FUN_1124b7f0	57
1124b850	FUN_1124b850	27
1124ce80	FUN_1124ce80	19
1124cea0	FUN_1124cea0	60
1124d1e0	FUN_1124d1e0	29
1124d500	FUN_1124d500	62
1124d5b0	FUN_1124d5b0	19
1124d630	FUN_1124d630	19
1124d740	FUN_1124d740	38
1124d770	FUN_1124d770	25
1124d7a0	FUN_1124d7a0	42
1124d7e0	FUN_1124d7e0	33
1124f480	FUN_1124f480	21
1124f4c0	FUN_1124f4c0	21
1124f4e0	FUN_1124f4e0	21
1124fe20	FUN_1124fe20	62
1124fe70	FUN_1124fe70	62
1124fec0	FUN_1124fec0	46
1124ff50	FUN_1124ff50	63
11250060	FUN_11250060	55
112500b0	FUN_112500b0	57
1125033f	FUN_1125033f	46
112503c0	FUN_112503c0	38
112503f0	FUN_112503f0	41
11250430	FUN_11250430	41
11250470	FUN_11250470	41
112504b0	FUN_112504b0	41
112504f0	FUN_112504f0	42
11250530	FUN_11250530	42
112505b0	FUN_112505b0	41
112519d0	FUN_112519d0	48
11252550	FUN_11252550	18
11252570	FUN_11252570	18
11252590	FUN_11252590	25
112525b0	FUN_112525b0	25
112525d0	FUN_112525d0	25
112525f0	FUN_112525f0	25
11252610	FUN_11252610	21
11252630	FUN_11252630	21
11252650	FUN_11252650	21
11252670	FUN_11252670	21
11252690	FUN_11252690	21
112526b0	FUN_112526b0	21
11253bf0	FUN_11253bf0	51
11253c30	FUN_11253c30	40
11253c70	FUN_11253c70	45
11253df0	FUN_11253df0	32
11254500	FUN_11254500	41
11255f80	FUN_11255f80	30
11257750	FUN_11257750	41
11257790	FUN_11257790	41
11258440	FUN_11258440	59
112584f0	FUN_112584f0	61
11259e40	FUN_11259e40	25
11259ef0	FUN_11259ef0	24
1125a370	FUN_1125a370	45
1125ac90	FUN_1125ac90	43
1125b610	FUN_1125b610	28
1125ba00	FUN_1125ba00	22
1125bf20	FUN_1125bf20	22
1125bf40	FUN_1125bf40	47
1125cbb0	FUN_1125cbb0	21
1125cec0	FUN_1125cec0	19
1125cee0	FUN_1125cee0	25
1125cf00	FUN_1125cf00	21
1125cf20	FUN_1125cf20	19
1125fd30	FUN_1125fd30	53
11261fc0	FUN_11261fc0	24
11262300	FUN_11262300	21
11262320	FUN_11262320	28
112626c0	FUN_112626c0	25
112626e0	FUN_112626e0	32
11262980	FUN_11262980	35
112629b0	FUN_112629b0	36
11262af0	FUN_11262af0	36
11262c80	FUN_11262c80	18
11262ca0	FUN_11262ca0	21
11262cc0	FUN_11262cc0	37
11263260	FUN_11263260	54
11263580	FUN_11263580	42
112638b0	FUN_112638b0	18
11264170	FUN_11264170	38
11264450	FUN_11264450	30
11264740	FUN_11264740	21
11264a40	FUN_11264a40	19
11268b60	FUN_11268b60	40
11268fa0	FUN_11268fa0	27
11269ac0	FUN_11269ac0	51
11269b00	FUN_11269b00	45
1126b940	FUN_1126b940	22
1126bf60	FUN_1126bf60	17
1126cb20	FUN_1126cb20	17
1126cb40	FUN_1126cb40	53
1126d350	FUN_1126d350	57
1126d3a0	FUN_1126d3a0	59
1126e270	FUN_1126e270	19
1126efa0	FUN_1126efa0	30
1126efd0	FUN_1126efd0	31
1126f680	FUN_1126f680	19
1126fcc0	FUN_1126fcc0	47
11270930	FUN_11270930	45
11273960	FUN_11273960	58
11274540	FUN_11274540	41
112747a0	FUN_112747a0	24
11274a70	FUN_11274a70	41
11274b30	FUN_11274b30	24
11275f20	FUN_11275f20	24
11276dd0	FUN_11276dd0	62
11276e20	FUN_11276e20	36
11276e60	FUN_11276e60	45
11277fc0	FUN_11277fc0	52
11278180	FUN_11278180	32
11278b70	FUN_11278b70	63
11279400	FUN_11279400	18
11279b70	FUN_11279b70	56
11279dd0	FUN_11279dd0	57
1127a280	FUN_1127a280	37
1127a400	FUN_1127a400	18
1127afa0	FUN_1127afa0	60
1127b030	FUN_1127b030	57
1127c4b0	FUN_1127c4b0	18
1127ccf0	FUN_1127ccf0	28
1127d050	FUN_1127d050	45
1127d780	FUN_1127d780	36
1127dee0	FUN_1127dee0	37
1127e380	FUN_1127e380	40
1127e3d0	FUN_1127e3d0	26
1127e3f0	FUN_1127e3f0	33
112801f0	FUN_112801f0	46
11280230	FUN_11280230	49
112802f0	FUN_112802f0	38
11281670	FUN_11281670	60
11281ab0	FUN_11281ab0	18
11282f20	FUN_11282f20	58
11282fc0	FUN_11282fc0	26
11283440	FUN_11283440	35
11283ad0	FUN_11283ad0	30
11283d00	FUN_11283d00	30
11283fc0	FUN_11283fc0	27
11284060	FUN_11284060	52
112840c0	FUN_112840c0	57
11284310	FUN_11284310	57
11285720	FUN_11285720	54
11285850	FUN_11285850	44
11285e20	FUN_11285e20	45
11286500	FUN_11286500	45
112879c0	FUN_112879c0	44
11287e20	FUN_11287e20	29
112882c0	FUN_112882c0	49
11288300	FUN_11288300	46
11289400	FUN_11289400	22
1128aa80	FUN_1128aa80	23
1128abd0	FUN_1128abd0	35
1128af70	FUN_1128af70	16
1128af90	FUN_1128af90	26
1128c350	FUN_1128c350	26
1128da40	FUN_1128da40	32
1128ea10	FUN_1128ea10	32
1128ea50	FUN_1128ea50	24
1128f4e0	FUN_1128f4e0	18
1128f6b0	FUN_1128f6b0	36
1128f8c0	FUN_1128f8c0	49
112928f0	FUN_112928f0	46
112929b0	FUN_112929b0	47
112929f0	FUN_112929f0	47
11292a30	FUN_11292a30	35
11292a60	FUN_11292a60	30
11292d70	FUN_11292d70	54
11292dc0	FUN_11292dc0	43
112931c0	FUN_112931c0	47
11293aa0	FUN_11293aa0	47
11293dd0	FUN_11293dd0	19
11293e20	FUN_11293e20	54
112942e0	FUN_112942e0	57
112949a0	FUN_112949a0	57
11294ae0	FUN_11294ae0	19
11294de0	FUN_11294de0	51
11297630	FUN_11297630	24
11297f70	FUN_11297f70	23
112983c0	FUN_112983c0	43
11299740	FUN_11299740	43
11299d40	FUN_11299d40	19
1129b0c0	FUN_1129b0c0	42
1129b2a0	FUN_1129b2a0	34
1129c130	FUN_1129c130	54
1129c7e0	FUN_1129c7e0	36
1129d2a0	FUN_1129d2a0	35
1129e510	FUN_1129e510	23
1129e530	FUN_1129e530	27
1129ee10	FUN_1129ee10	29
1129f300	FUN_1129f300	36
1129fb30	FUN_1129fb30	59
112a0060	FUN_112a0060	56
112a0ac0	FUN_112a0ac0	37
112a0c30	FUN_112a0c30	51
112a1350	FUN_112a1350	21
112a2890	FUN_112a2890	46
112a28d0	FUN_112a28d0	54
112a29b0	FUN_112a29b0	57
112a4e30	FUN_112a4e30	31
112a5110	FUN_112a5110	19
112a5130	FUN_112a5130	23
112a5340	FUN_112a5340	56
112a8280	FUN_112a8280	37
112a9d20	FUN_112a9d20	19
112a9da0	FUN_112a9da0	31
112aae70	FUN_112aae70	40
112ab370	FUN_112ab370	41
112ab3b0	FUN_112ab3b0	43
112adb20	FUN_112adb20	35
112ae930	FUN_112ae930	23
112af170	FUN_112af170	32
112b0880	FUN_112b0880	43
112b7460	FUN_112b7460	39
112ba6c0	FUN_112ba6c0	17
112ba6e0	FUN_112ba6e0	25
112ba700	FUN_112ba700	23
112ba720	FUN_112ba720	22
112ba740	FUN_112ba740	37
112bd1c0	FUN_112bd1c0	40
112c0480	FUN_112c0480	55
112c2800	FUN_112c2800	52
112c28a0	FUN_112c28a0	52
112c2a10	FUN_112c2a10	52
112c34c0	FUN_112c34c0	33
112c35a0	FUN_112c35a0	57
112c4c80	FUN_112c4c80	42
112c7f50	FUN_112c7f50	54
112c8760	FUN_112c8760	18
112c8c00	FUN_112c8c00	16
112c9c80	FUN_112c9c80	34
112c9cb0	FUN_112c9cb0	31
112caad0	FUN_112caad0	16
112cab10	FUN_112cab10	23
112cab90	FUN_112cab90	23
112cad70	FUN_112cad70	23
112caee0	FUN_112caee0	16
112caf40	FUN_112caf40	25
112d2860	FUN_112d2860	35
112ded60	FUN_112ded60	36
112e8fe0	FUN_112e8fe0	20
112e94d0	FUN_112e94d0	33
112e9500	FUN_112e9500	33
112e9530	FUN_112e9530	33
112e9560	FUN_112e9560	33
112e9590	FUN_112e9590	33
112e95c0	FUN_112e95c0	33
112e95f0	FUN_112e95f0	33
112e9620	FUN_112e9620	33
112e96d0	FUN_112e96d0	21
112e96f0	FUN_112e96f0	21
112e9710	FUN_112e9710	21
112e9730	FUN_112e9730	21
112e9750	FUN_112e9750	17
112e9780	FUN_112e9780	17
112e99b0	FUN_112e99b0	33
112e99e0	FUN_112e99e0	33
112e9a10	FUN_112e9a10	33
112e9a40	FUN_112e9a40	33
112ed1a0	FUN_112ed1a0	33
112ed1d0	FUN_112ed1d0	33
112ed210	FUN_112ed210	33
112ed240	FUN_112ed240	33
112ed270	FUN_112ed270	33
112ed320	FUN_112ed320	33
112ed350	FUN_112ed350	33
112ed790	FUN_112ed790	18
112ed7d0	FUN_112ed7d0	18
112ed830	FUN_112ed830	37
112ed920	FUN_112ed920	37
112ee300	FUN_112ee300	21
112ee320	FUN_112ee320	21
112ee340	FUN_112ee340	58
112ee390	FUN_112ee390	58
112ee3f0	FUN_112ee3f0	59
112eeca0	FUN_112eeca0	33
112eecd0	FUN_112eecd0	33
112eff90	FUN_112eff90	33
112effc0	FUN_112effc0	46
112f4220	FUN_112f4220	18
112f4f70	FUN_112f4f70	39
112f4fa0	FUN_112f4fa0	39
112f4fd0	FUN_112f4fd0	38
112f50c0	FUN_112f50c0	51
1130a830	FUN_1130a830	31
1130f060	FUN_1130f060	63
11312cc0	FUN_11312cc0	25
1131f0c0	FUN_1131f0c0	55
1131f8a0	FUN_1131f8a0	36
11322890	FUN_11322890	54
113244b0	FUN_113244b0	50
11325ef0	FUN_11325ef0	40
11326140	FUN_11326140	51
113262d0	FUN_113262d0	58
1132c340	FUN_1132c340	47
1132ef60	FUN_1132ef60	57
1133b7c0	FUN_1133b7c0	22
1133de50	FUN_1133de50	35
11341510	FUN_11341510	35
11343bf0	FUN_11343bf0	29
113461e0	FUN_113461e0	44
1134c120	FUN_1134c120	62
1134c360	FUN_1134c360	42
11354b80	FUN_11354b80	42
113595a0	FUN_113595a0	35
1135a200	FUN_1135a200	28
1135a6a0	FUN_1135a6a0	32
1135a780	FUN_1135a780	30
1135a7d0	FUN_1135a7d0	28
1135a820	FUN_1135a820	32
1135b7f0	FUN_1135b7f0	42
11363d20	FUN_11363d20	44
11364d60	FUN_11364d60	37
1136c2b0	FUN_1136c2b0	52
1136d2a0	FUN_1136d2a0	26
11372910	FUN_11372910	28
11380c50	FUN_11380c50	43
1138e820	FUN_1138e820	21
1138fad0	FUN_1138fad0	24
11395780	FUN_11395780	44
113a80c0	FUN_113a80c0	33
113abf60	FUN_113abf60	33
113b99b0	FUN_113b99b0	19
113bcd30	FUN_113bcd30	48
113bcdf0	FUN_113bcdf0	48
113bce30	FUN_113bce30	48
113bce70	FUN_113bce70	48
113be100	FUN_113be100	48
113be140	FUN_113be140	48
113be180	FUN_113be180	48
113be290	FUN_113be290	45
113bf700	FUN_113bf700	26
113bfbf0	FUN_113bfbf0	39
113c1b50	FUN_113c1b50	52
113c5be0	FUN_113c5be0	42
113cfe20	FUN_113cfe20	26
113cff20	FUN_113cff20	23
113cff40	FUN_113cff40	23
113d2fb0	FUN_113d2fb0	28
113d3450	FUN_113d3450	31
113d34a0	FUN_113d34a0	21
113d3560	FUN_113d3560	33
113d3590	FUN_113d3590	36
113d35c0	FUN_113d35c0	45
113d3600	FUN_113d3600	23
113d4970	FUN_113d4970	27
113d49c0	FUN_113d49c0	23
113d6a00	FUN_113d6a00	23
113d8610	FUN_113d8610	47
113d8e40	FUN_113d8e40	26
113d9550	FUN_113d9550	33
113d9580	FUN_113d9580	23
113d9600	FUN_113d9600	25
113d9630	FUN_113d9630	33
113d9fa0	FUN_113d9fa0	21
113da1c0	FUN_113da1c0	58
113da450	FUN_113da450	29
113da820	FUN_113da820	19
113da940	FUN_113da940	25
113da960	FUN_113da960	49
113dac90	FUN_113dac90	19
113dada0	FUN_113dada0	19
113db840	FUN_113db840	30
113dc5f0	FUN_113dc5f0	22
113dc7f0	FUN_113dc7f0	26
113dcfc0	FUN_113dcfc0	57
113dd980	FUN_113dd980	30
113de790	FUN_113de790	33
113de830	FUN_113de830	25
113deb30	FUN_113deb30	17
113dec50	FUN_113dec50	37
113def90	FUN_113def90	28
113e0d50	FUN_113e0d50	46
113e3070	FUN_113e3070	31
113e30a0	FUN_113e30a0	45
113e3a50	FUN_113e3a50	45
113e50f0	FUN_113e50f0	32
113e5f90	FUN_113e5f90	22
113e5fb0	FUN_113e5fb0	23
113e5fd0	FUN_113e5fd0	29
113e6000	FUN_113e6000	54
113e61a0	FUN_113e61a0	62
113e62b0	FUN_113e62b0	50
113e9fd0	FUN_113e9fd0	39
113ea020	FUN_113ea020	32
113ea110	FUN_113ea110	38
113ea140	FUN_113ea140	49
113ea210	FUN_113ea210	29
113edca0	FUN_113edca0	35
113ee230	FUN_113ee230	55
113f1560	FUN_113f1560	29
113f16e0	FUN_113f16e0	46
113f5cf0	FUN_113f5cf0	29
113fa2b0	FUN_113fa2b0	38
113fab90	FUN_113fab90	29
113fd670	FUN_113fd670	47
113fef30	FUN_113fef30	29
113ff120	FUN_113ff120	62
11406560	FUN_11406560	37
11407d80	FUN_11407d80	44
11408600	FUN_11408600	55
1140abd0	FUN_1140abd0	30
1140ad00	FUN_1140ad00	35
1140ad60	FUN_1140ad60	35
1140ad90	FUN_1140ad90	43
1140add0	FUN_1140add0	26
1140ae20	FUN_1140ae20	24
1140b1f0	FUN_1140b1f0	20
1140b650	FUN_1140b650	18
1140b690	FUN_1140b690	58
1140bcb0	FUN_1140bcb0	46
1140d5f0	FUN_1140d5f0	19
1140e740	FUN_1140e740	57
1140e870	FUN_1140e870	20
1140e8b0	FUN_1140e8b0	48
114102d0	FUN_114102d0	20
11410310	FUN_11410310	55
114117e0	FUN_114117e0	20
11413ac0	FUN_11413ac0	20
114157a0	FUN_114157a0	18
11417820	FUN_11417820	31
11417910	FUN_11417910	26
11417bd0	FUN_11417bd0	35
11417c00	FUN_11417c00	28
11417c30	FUN_11417c30	28
11418de0	FUN_11418de0	52
1141a470	FUN_1141a470	16
1141f3b0	FUN_1141f3b0	56
1141f400	FUN_1141f400	38
1141ff30	FUN_1141ff30	55
11420a00	FUN_11420a00	61
11420a50	FUN_11420a50	23
11424fd0	FUN_11424fd0	33
11425630	FUN_11425630	32
114294e0	FUN_114294e0	38
11429560	FUN_11429560	26
114295d0	FUN_114295d0	26
11429640	FUN_11429640	26
114298e0	FUN_114298e0	33
1142c330	FUN_1142c330	51
114321b0	FUN_114321b0	42
11433970	FUN_11433970	45
11436230	FUN_11436230	52
11437b00	FUN_11437b00	19
11439480	FUN_11439480	38
1143def0	FUN_1143def0	63
1143e6c0	FUN_1143e6c0	24
1143e930	FUN_1143e930	24
1143ea00	FUN_1143ea00	54
1143f0b0	FUN_1143f0b0	42
1143f0f0	FUN_1143f0f0	36
1143f760	FUN_1143f760	53
1143fea0	FUN_1143fea0	34
114402a0	FUN_114402a0	16
114404b0	FUN_114404b0	47
114404f0	FUN_114404f0	37
11442510	FUN_11442510	23
11442ec0	FUN_11442ec0	23
11442ee0	FUN_11442ee0	39
11442f80	FUN_11442f80	61
114470e0	FUN_114470e0	47
11447120	FUN_11447120	59
11447750	FUN_11447750	29
11447830	FUN_11447830	49
11447da0	FUN_11447da0	60
114485d0	FUN_114485d0	39
1144d660	FUN_1144d660	47
1144db20	FUN_1144db20	28
1144db60	FUN_1144db60	16
11450930	FUN_11450930	62
11451db0	FUN_11451db0	43
11452100	FUN_11452100	58
11452e80	FUN_11452e80	47
11453260	FUN_11453260	35
11453a50	FUN_11453a50	20
114556e0	FUN_114556e0	55
11456d50	FUN_11456d50	51
11456de0	FUN_11456de0	45
11457440	FUN_11457440	20
114574b0	FUN_114574b0	50
11457c60	FUN_11457c60	30
11457d20	FUN_11457d20	25
11457ec0	FUN_11457ec0	32
11457fd0	FUN_11457fd0	32
11458170	FUN_11458170	30
11458ad0	FUN_11458ad0	29
114593e0	FUN_114593e0	18
114595b0	FUN_114595b0	44
1145a2b0	FUN_1145a2b0	39
1145a2e0	FUN_1145a2e0	39
1145a730	FUN_1145a730	38
1145a880	FUN_1145a880	54
1145aba0	FUN_1145aba0	32
1145abd0	FUN_1145abd0	61
1145ac20	FUN_1145ac20	17
1145ac40	FUN_1145ac40	20
1145ac80	FUN_1145ac80	20
1145acc0	FUN_1145acc0	20
1145ae30	FUN_1145ae30	48
1145af00	FUN_1145af00	30
1145af30	FUN_1145af30	30
1145af90	FUN_1145af90	24
1145afb0	FUN_1145afb0	21
1145b070	FUN_1145b070	46
1145c200	FUN_1145c200	54
1145c520	FUN_1145c520	19
1145de30	FUN_1145de30	21
1145e030	FUN_1145e030	61
1145e270	FUN_1145e270	18
1145ed60	FUN_1145ed60	18
11460550	FUN_11460550	32
11460780	FUN_11460780	48
11464ab0	FUN_11464ab0	21
11464b20	FUN_11464b20	61
11465d00	FUN_11465d00	25
1146bd60	FUN_1146bd60	32
1146bd90	FUN_1146bd90	32
1146c960	FUN_1146c960	61
1146c9b0	FUN_1146c9b0	30
11472b30	FUN_11472b30	48
11472b70	FUN_11472b70	48
11472bb0	FUN_11472bb0	48
11472f90	FUN_11472f90	48
11473cd0	FUN_11473cd0	48
11473d10	FUN_11473d10	48
11473d50	FUN_11473d50	48
11473d90	FUN_11473d90	48
11474680	FUN_11474680	33
114746b0	FUN_114746b0	16
11474730	FUN_11474730	34
11474760	FUN_11474760	22
11474780	FUN_11474780	16
11474e00	FUN_11474e00	39
11476310	FUN_11476310	57
11476930	FUN_11476930	22
11477140	FUN_11477140	22
114775c0	FUN_114775c0	26
114796d0	FUN_114796d0	56
1147b650	FUN_1147b650	39
1147c0d0	FUN_1147c0d0	43
1147c2d0	FUN_1147c2d0	35
11480a00	FUN_11480a00	28
11480f20	FUN_11480f20	51
11480f60	FUN_11480f60	32
11481780	FUN_11481780	45
11481c40	FUN_11481c40	53
11481f90	FUN_11481f90	53
11482070	FUN_11482070	45
11482630	FUN_11482630	45
11483100	FUN_11483100	62
114839a0	FUN_114839a0	42
11489290	FUN_11489290	21
11489320	FUN_11489320	28
1148a589	is_potentially_valid_image_base	52
1148a655	___scrt_dllmain_crt_thread_attach	31
1148c762	FUN_1148c762	27
1148c85a	FUN_1148c85a	26
1148cd0d	FUN_1148cd0d	29
114dde00	Unwind@114dde00	34
114dde80	Unwind@114dde80	34
114ddf00	Unwind@114ddf00	34
114ddf80	Unwind@114ddf80	25
114ddfe0	Unwind@114ddfe0	25
114de040	Unwind@114de040	25
114de0c0	Unwind@114de0c0	25
114de170	Unwind@114de170	34
114de1f0	Unwind@114de1f0	34
114de270	Unwind@114de270	34
114de300	Unwind@114de300	25
114de390	Unwind@114de390	25
114de420	Unwind@114de420	34
114de4a0	Unwind@114de4a0	34
114de520	Unwind@114de520	25
114de5a0	Unwind@114de5a0	25
114de620	Unwind@114de620	25
114de6a0	Unwind@114de6a0	25
114de700	Unwind@114de700	34
114de780	Unwind@114de780	34
114de800	Unwind@114de800	25
114de860	Unwind@114de860	34
114de8e0	Unwind@114de8e0	25
114de940	Unwind@114de940	25
114de9a0	Unwind@114de9a0	34
114dea20	Unwind@114dea20	25
114dea88	Unwind@114dea88	34
114deb00	Unwind@114deb00	34
114deb80	Unwind@114deb80	25
114decf0	Unwind@114decf0	25
114df280	Unwind@114df280	25
114df410	Unwind@114df410	25
114df470	Unwind@114df470	25
114df530	Unwind@114df530	25
114df5f0	Unwind@114df5f0	25
114dfa60	Unwind@114dfa60	25
114dfac0	Unwind@114dfac0	25
114dfc70	Unwind@114dfc70	25
114dfcd0	Unwind@114dfcd0	25
114e00b0	Unwind@114e00b0	25
114e0118	Unwind@114e0118	34
114e0198	Unwind@114e0198	34
114e0210	Unwind@114e0210	25
114e0450	Unwind@114e0450	25
114e04b0	Unwind@114e04b0	25
114e0910	Unwind@114e0910	25
114e0b10	Unwind@114e0b10	25
114e0b70	Unwind@114e0b70	25
114e0c90	Unwind@114e0c90	25
114e0cf0	Unwind@114e0cf0	25
114e1040	Unwind@114e1040	25
114e13e0	Unwind@114e13e0	34
114e1460	Unwind@114e1460	25
114e14c0	Unwind@114e14c0	25
114e1be0	Unwind@114e1be0	34
114f5890	Unwind@114f5890	25
114f58a9	Unwind@114f58a9	25
114f6210	Unwind@114f6210	25
114f6229	Unwind@114f6229	25
114f6280	Unwind@114f6280	25
114f6299	Unwind@114f6299	25
114f8b9f	Unwind@114f8b9f	25
114f99ee	Unwind@114f99ee	18
114faf70	Unwind@114faf70	25
114faf91	Unwind@114faf91	25
114fb050	Unwind@114fb050	18
114fb2d1	Unwind@114fb2d1	25
114fb2ea	Unwind@114fb2ea	25
114fb32c	Unwind@114fb32c	25
114fb345	Unwind@114fb345	25
114fb3c0	Unwind@114fb3c0	25
114fb410	Unwind@114fb410	25
114fb442	Unwind@114fb442	25
114fb4e0	Unwind@114fb4e0	18
114fb698	Unwind@114fb698	25
114fb6b1	Unwind@114fb6b1	25
114fb7cc	Unwind@114fb7cc	25
114fb86e	Unwind@114fb86e	18
114fb910	Unwind@114fb910	25
114fb969	Unwind@114fb969	18
114fcd47	Unwind@114fcd47	25
114fce38	Unwind@114fce38	25
114fd0a8	Unwind@114fd0a8	25
114fd337	Unwind@114fd337	25
114fd82f	Unwind@114fd82f	25
114fd867	Unwind@114fd867	25
114fdc50	Unwind@114fdc50	25
114ff060	Unwind@114ff060	18
114ff072	Unwind@114ff072	18
114ff084	Unwind@114ff084	18
114ff096	Unwind@114ff096	18
114ff0a8	Unwind@114ff0a8	18
114ff0ba	Unwind@114ff0ba	18
114ff0cc	Unwind@114ff0cc	18
114ff0de	Unwind@114ff0de	18
114ff0f0	Unwind@114ff0f0	18
114ff122	Unwind@114ff122	18
114ff134	Unwind@114ff134	18
114ff146	Unwind@114ff146	18
114ff158	Unwind@114ff158	18
114ff16a	Unwind@114ff16a	18
114ff17c	Unwind@114ff17c	18
114ff18e	Unwind@114ff18e	18
114ff1a0	Unwind@114ff1a0	18
114ff1b2	Unwind@114ff1b2	18
114ff204	Unwind@114ff204	18
114ff216	Unwind@114ff216	18
114ff2a8	Unwind@114ff2a8	18
114ff2ba	Unwind@114ff2ba	18
114ff2cc	Unwind@114ff2cc	18
114ff2de	Unwind@114ff2de	18
114ff2f0	Unwind@114ff2f0	18
114ff302	Unwind@114ff302	18
114ff314	Unwind@114ff314	18
114ff326	Unwind@114ff326	18
114ff338	Unwind@114ff338	18
114ff382	Unwind@114ff382	18
114ff394	Unwind@114ff394	18
114ff3a6	Unwind@114ff3a6	18
114ff3f0	Unwind@114ff3f0	18
114ff402	Unwind@114ff402	18
114ff414	Unwind@114ff414	18
114ff426	Unwind@114ff426	18
114ff438	Unwind@114ff438	18
114ff44a	Unwind@114ff44a	18
114ff45c	Unwind@114ff45c	18
114ff46e	Unwind@114ff46e	18
114ff480	Unwind@114ff480	18
114ff492	Unwind@114ff492	18
114ff4a4	Unwind@114ff4a4	18
114ff4b6	Unwind@114ff4b6	18
114ff4c8	Unwind@114ff4c8	18
114ff4da	Unwind@114ff4da	18
114ff4ec	Unwind@114ff4ec	18
114ff4fe	Unwind@114ff4fe	18
114ff510	Unwind@114ff510	18
114ff53a	Unwind@114ff53a	18
114ff54c	Unwind@114ff54c	18
114ff55e	Unwind@114ff55e	18
114ff570	Unwind@114ff570	18
114ff582	Unwind@114ff582	18
114ff594	Unwind@114ff594	18
114ff5d7	Unwind@114ff5d7	18
114ff5e9	Unwind@114ff5e9	18
114ff613	Unwind@114ff613	18
114ff625	Unwind@114ff625	18
114ff637	Unwind@114ff637	18
114ff679	Unwind@114ff679	18
114ff68b	Unwind@114ff68b	18
114ffaa0	Unwind@114ffaa0	25
11503e40	Unwind@11503e40	25
11503e59	Unwind@11503e59	25
11504059	Unwind@11504059	25
11504072	Unwind@11504072	28
11504138	Unwind@11504138	18
11504194	Unwind@11504194	18
11504280	Unwind@11504280	18
115042d0	Unwind@115042d0	25
11504650	Unwind@11504650	25
11504ef9	Unwind@11504ef9	18
11504f0b	Unwind@11504f0b	18
115050ef	Unwind@115050ef	18
1150516b	Unwind@1150516b	18
1150517d	Unwind@1150517d	18
1150520b	Unwind@1150520b	18
11505508	Unwind@11505508	25
11505600	Unwind@11505600	25
11505619	Unwind@11505619	25
115058ef	Unwind@115058ef	18
11505901	Unwind@11505901	18
115059e0	Unwind@115059e0	18
11505be0	Unwind@11505be0	18
11505c90	Unwind@11505c90	18
11505d65	Unwind@11505d65	18
11505e29	Unwind@11505e29	18
11505f0e	Unwind@11505f0e	39
11505fbf	Unwind@11505fbf	18
1150630f	Unwind@1150630f	18
11506481	Unwind@11506481	18
1150651b	Unwind@1150651b	21
11506cc6	Unwind@11506cc6	25
11506d70	Unwind@11506d70	25
11507311	Unwind@11507311	25
115073a9	Unwind@115073a9	25
11507410	Unwind@11507410	25
11507429	Unwind@11507429	25
11507580	Unwind@11507580	25
11507599	Unwind@11507599	25
115075ca	Unwind@115075ca	18
115075dc	Unwind@115075dc	18
11507688	Unwind@11507688	18
115076d0	Unwind@115076d0	25
115076e9	Unwind@115076e9	25
11507ef0	Unwind@11507ef0	25
11507f09	Unwind@11507f09	25
1150a9f0	Unwind@1150a9f0	18
1150c55c	Unwind@1150c55c	18
1150c608	Unwind@1150c608	25
1150cdbf	Unwind@1150cdbf	25
1150ce07	Unwind@1150ce07	25
1150ce3f	Unwind@1150ce3f	25
1150d660	Unwind@1150d660	18
1150d6b0	Unwind@1150d6b0	18
1150d700	Unwind@1150d700	18
1150d750	Unwind@1150d750	18
1150e036	Unwind@1150e036	25
1150e0bf	Unwind@1150e0bf	25
1150e296	Unwind@1150e296	25
1150ee40	Unwind@1150ee40	18
1150eea0	Unwind@1150eea0	18
11511296	Unwind@11511296	18
11515848	Unwind@11515848	18
11516a68	Unwind@11516a68	25
115170a8	Unwind@115170a8	25
11517918	Unwind@11517918	25
11517c58	Unwind@11517c58	25
115193f1	Unwind@115193f1	25
1151940a	Unwind@1151940a	25
11519444	Unwind@11519444	25
1151945d	Unwind@1151945d	25
11519540	Unwind@11519540	25
11519740	Unwind@11519740	18
1151a340	Unwind@1151a340	25
1151a3e0	Unwind@1151a3e0	25
1151c2c0	Unwind@1151c2c0	25
1151c370	Unwind@1151c370	25
1151c5f0	Unwind@1151c5f0	25
1151c650	Unwind@1151c650	25
1151c6c1	Unwind@1151c6c1	25
1151c890	Unwind@1151c890	25
1151cf60	Unwind@1151cf60	21
1151d930	Unwind@1151d930	18
1151db2a	Unwind@1151db2a	18
1151dba8	Unwind@1151dba8	18
1151e7fc	Unwind@1151e7fc	18
11520dd0	Unwind@11520dd0	25
11521ed7	Unwind@11521ed7	18
11522b40	Unwind@11522b40	25
11523059	Unwind@11523059	25
115251c9	Unwind@115251c9	25
11525214	Unwind@11525214	25
11525264	Unwind@11525264	30
11526c00	Unwind@11526c00	18
11526c50	Unwind@11526c50	18
11527d50	Unwind@11527d50	25
11527d99	Unwind@11527d99	25
11527dc2	Unwind@11527dc2	25
11527deb	Unwind@11527deb	25
11527e14	Unwind@11527e14	25
11527e3d	Unwind@11527e3d	25
11527e76	Unwind@11527e76	25
11527e9f	Unwind@11527e9f	30
11527ecd	Unwind@11527ecd	30
115293c0	Unwind@115293c0	18
11529a50	Unwind@11529a50	25
11529bc0	Unwind@11529bc0	25
11529df0	Unwind@11529df0	25
11529e68	Unwind@11529e68	25
11529f70	Unwind@11529f70	25
1152a000	Unwind@1152a000	25
1152a090	Unwind@1152a090	25
1152a120	Unwind@1152a120	25
1152a220	Unwind@1152a220	25
1152a2e0	Unwind@1152a2e0	25
1152a360	Unwind@1152a360	25
1152a3f0	Unwind@1152a3f0	25
1152a480	Unwind@1152a480	25
1152a510	Unwind@1152a510	25
1152aa50	Unwind@1152aa50	25
1152b098	Unwind@1152b098	25
1152cfc0	Unwind@1152cfc0	25
1152d2c8	Unwind@1152d2c8	25
1152d380	Unwind@1152d380	18
1152d650	Unwind@1152d650	25
1152d669	Unwind@1152d669	25
1152d682	Unwind@1152d682	25
1152d69b	Unwind@1152d69b	18
1152d7ff	Unwind@1152d7ff	18
1152db80	Unwind@1152db80	25
1152dbd0	Unwind@1152dbd0	18
1152ea70	Unwind@1152ea70	18
1152eb29	Unwind@1152eb29	18
1152f0b0	Unwind@1152f0b0	25
1152f4e0	Unwind@1152f4e0	25
1152f8a0	Unwind@1152f8a0	18
1153040e	Unwind@1153040e	18
11530600	Unwind@11530600	18
11530a20	Unwind@11530a20	18
11530a32	Unwind@11530a32	18
11530a80	Unwind@11530a80	18
11530b10	Unwind@11530b10	18
11530ba0	Unwind@11530ba0	18
11530bf0	Unwind@11530bf0	18
11530cd0	Unwind@11530cd0	21
11530d40	Unwind@11530d40	18
11530d90	Unwind@11530d90	21
11530e00	Unwind@11530e00	21
11530fa0	Unwind@11530fa0	18
11531050	Unwind@11531050	18
115310b0	Unwind@115310b0	18
11531170	Unwind@11531170	18
115311cb	Unwind@115311cb	21
11531230	Unwind@11531230	18
115312e0	Unwind@115312e0	18
11531330	Unwind@11531330	18
11532fe0	Unwind@11532fe0	25
11533150	Unwind@11533150	18
115331e0	Unwind@115331e0	18
11533270	Unwind@11533270	18
11533300	Unwind@11533300	18
1153351f	Unwind@1153351f	25
115336a0	Unwind@115336a0	18
11533790	Unwind@11533790	18
11533820	Unwind@11533820	18
115338b0	Unwind@115338b0	18
11533b4b	Unwind@11533b4b	25
11533b74	Unwind@11533b74	25
11533c60	Unwind@11533c60	25
11533cf0	Unwind@11533cf0	25
11533d80	Unwind@11533d80	25
11533e90	Unwind@11533e90	25
11534170	Unwind@11534170	25
115342b0	Unwind@115342b0	25
115342c9	Unwind@115342c9	25
11534320	Unwind@11534320	25
11534510	Unwind@11534510	25
11534529	Unwind@11534529	25
11534880	Unwind@11534880	25
115348a9	Unwind@115348a9	25
11534910	Unwind@11534910	25
11534942	Unwind@11534942	25
1153495b	Unwind@1153495b	25
115349c0	Unwind@115349c0	25
11534a20	Unwind@11534a20	25
11534b39	Unwind@11534b39	25
11534b52	Unwind@11534b52	25
11534c49	Unwind@11534c49	25
11534c62	Unwind@11534c62	25
11534cd9	Unwind@11534cd9	25
11534cf2	Unwind@11534cf2	25
11534d50	Unwind@11534d50	25
11534d82	Unwind@11534d82	25
11534d9b	Unwind@11534d9b	25
11534e00	Unwind@11534e00	25
11534e19	Unwind@11534e19	25
11534eb0	Unwind@11534eb0	25
11534ee2	Unwind@11534ee2	25
11534efb	Unwind@11534efb	25
11534f60	Unwind@11534f60	25
11534f79	Unwind@11534f79	25
11535010	Unwind@11535010	25
11535029	Unwind@11535029	25
11535080	Unwind@11535080	25
11535099	Unwind@11535099	25
11535100	Unwind@11535100	25
11535119	Unwind@11535119	25
115351f0	Unwind@115351f0	25
11535209	Unwind@11535209	25
11535260	Unwind@11535260	25
11535279	Unwind@11535279	25
115353f0	Unwind@115353f0	25
11535409	Unwind@11535409	25
11535520	Unwind@11535520	25
11535539	Unwind@11535539	25
11535750	Unwind@11535750	18
11536200	Unwind@11536200	25
115363b0	Unwind@115363b0	25
115363c9	Unwind@115363c9	25
11536420	Unwind@11536420	25
11536439	Unwind@11536439	25
11536490	Unwind@11536490	25
115364a9	Unwind@115364a9	25
11536500	Unwind@11536500	25
11536519	Unwind@11536519	25
11536570	Unwind@11536570	25
11536589	Unwind@11536589	25
11538750	Unwind@11538750	18
11538d00	Unwind@11538d00	18
11538e98	Unwind@11538e98	25
11538f20	Unwind@11538f20	25
11538f39	Unwind@11538f39	25
11539060	Unwind@11539060	18
115390f7	Unwind@115390f7	18
11539111	Unwind@11539111	18
1153912b	Unwind@1153912b	18
11539145	Unwind@11539145	18
1153af88	Unwind@1153af88	18
1153aff0	Unwind@1153aff0	18
1153e2c9	Unwind@1153e2c9	18
1154149f	Unwind@1154149f	25
11541530	Unwind@11541530	18
1154160f	Unwind@1154160f	25
11541640	Unwind@11541640	25
11541659	Unwind@11541659	25
1154168a	Unwind@1154168a	25
115416a3	Unwind@115416a3	25
11541950	Unwind@11541950	18
115419f0	Unwind@115419f0	18
11541a4f	Unwind@11541a4f	25
11541d20	Unwind@11541d20	18
11542080	Unwind@11542080	18
115420cb	Unwind@115420cb	25
115421c0	Unwind@115421c0	18
1154234f	Unwind@1154234f	25
115425e0	Unwind@115425e0	18
115426e0	Unwind@115426e0	25
11542760	Unwind@11542760	18
115427d8	Unwind@115427d8	25
115427f1	Unwind@115427f1	25
11542832	Unwind@11542832	25
1154284b	Unwind@1154284b	25
1154286c	Unwind@1154286c	25
11542885	Unwind@11542885	25
11542a68	Unwind@11542a68	25
11542bf8	Unwind@11542bf8	25
11542c50	Unwind@11542c50	25
11542c71	Unwind@11542c71	25
11542e90	Unwind@11542e90	25
11542f10	Unwind@11542f10	25
11543090	Unwind@11543090	18
115430e0	Unwind@115430e0	18
11543130	Unwind@11543130	18
11543210	Unwind@11543210	25
11543239	Unwind@11543239	18
11543480	Unwind@11543480	18
115439e0	Unwind@115439e0	25
11543b90	Unwind@11543b90	25
11543cb6	Unwind@11543cb6	18
11543cf9	Unwind@11543cf9	18
11543e20	Unwind@11543e20	18
11543e70	Unwind@11543e70	18
11543ec0	Unwind@11543ec0	18
11543f90	Unwind@11543f90	25
115441b0	Unwind@115441b0	25
115441d1	Unwind@115441d1	25
11544380	Unwind@11544380	25
115445b0	Unwind@115445b0	18
11544600	Unwind@11544600	25
11544bff	Unwind@11544bff	25
115450e0	Unwind@115450e0	25
1154519a	Unwind@1154519a	18
11545348	Unwind@11545348	25
11545490	Unwind@11545490	18
115454e0	Unwind@115454e0	18
11545530	Unwind@11545530	18
11545580	Unwind@11545580	18
115455d0	Unwind@115455d0	18
11545620	Unwind@11545620	18
11545689	Unwind@11545689	25
115456a2	Unwind@115456a2	25
11545811	Unwind@11545811	25
1154582a	Unwind@1154582a	25
11545b68	Unwind@11545b68	25
115468a0	Unwind@115468a0	25
11546abf	Unwind@11546abf	18
11547578	Unwind@11547578	18
11547728	Unwind@11547728	25
11547838	Unwind@11547838	25
11547861	Unwind@11547861	25
1154787a	Unwind@1154787a	25
1154789b	Unwind@1154789b	25
11547c28	Unwind@11547c28	18
11548010	Unwind@11548010	18
115486f0	Unwind@115486f0	25
11548709	Unwind@11548709	25
11548a96	Unwind@11548a96	18
11548b4b	Unwind@11548b4b	18
11548b78	Unwind@11548b78	25
11548bcf	Unwind@11548bcf	18
11548bfc	Unwind@11548bfc	25
11548c66	Unwind@11548c66	18
11548ce3	Unwind@11548ce3	18
11548d10	Unwind@11548d10	25
11548d54	Unwind@11548d54	18
11548d81	Unwind@11548d81	30
11548e07	Unwind@11548e07	18
11548e19	Unwind@11548e19	30
11549530	Unwind@11549530	18
115495c8	Unwind@115495c8	18
11549628	Unwind@11549628	18
11549680	Unwind@11549680	18
11549a40	Unwind@11549a40	25
11549a79	Unwind@11549a79	25
11549b80	Unwind@11549b80	18
11549d20	Unwind@11549d20	18
1154b172	Unwind@1154b172	18
1154b184	Unwind@1154b184	18
1154b196	Unwind@1154b196	18
1154b1a8	Unwind@1154b1a8	18
1154b1eb	Unwind@1154b1eb	18
1154b1fd	Unwind@1154b1fd	18
1154b20f	Unwind@1154b20f	18
1154b221	Unwind@1154b221	18
1154b233	Unwind@1154b233	18
1154b245	Unwind@1154b245	18
1154b257	Unwind@1154b257	18
1154b269	Unwind@1154b269	28
1154b285	Unwind@1154b285	18
1154b297	Unwind@1154b297	18
1154b2a9	Unwind@1154b2a9	18
1154b2bb	Unwind@1154b2bb	28
1154b2d7	Unwind@1154b2d7	28
1154b2f3	Unwind@1154b2f3	18
1154b305	Unwind@1154b305	18
1154b317	Unwind@1154b317	28
1154b333	Unwind@1154b333	18
1154b345	Unwind@1154b345	18
1154b357	Unwind@1154b357	18
1154b369	Unwind@1154b369	18
1154b37b	Unwind@1154b37b	18
1154b38d	Unwind@1154b38d	18
1154b39f	Unwind@1154b39f	18
1154b3b1	Unwind@1154b3b1	18
1154b3e4	Unwind@1154b3e4	18
1154b431	Unwind@1154b431	18
1154b443	Unwind@1154b443	18
1154b455	Unwind@1154b455	18
1154b47a	Unwind@1154b47a	18
1154b49f	Unwind@1154b49f	18
1154b4b1	Unwind@1154b4b1	18
1154b4c3	Unwind@1154b4c3	18
1154b4d5	Unwind@1154b4d5	18
1154b4e7	Unwind@1154b4e7	18
1154b4f9	Unwind@1154b4f9	18
1154b50b	Unwind@1154b50b	18
1154b51d	Unwind@1154b51d	18
1154b52f	Unwind@1154b52f	18
1154b541	Unwind@1154b541	18
1154b553	Unwind@1154b553	18
1154b565	Unwind@1154b565	18
1154b58d	Unwind@1154b58d	18
1154b59f	Unwind@1154b59f	18
1154b5b1	Unwind@1154b5b1	18
1154b5c3	Unwind@1154b5c3	18
1154b5d5	Unwind@1154b5d5	18
1154b5e7	Unwind@1154b5e7	18
1154b60c	Unwind@1154b60c	18
1154b63a	Unwind@1154b63a	18
1154b65f	Unwind@1154b65f	18
1154b671	Unwind@1154b671	18
1154b683	Unwind@1154b683	18
1154bca8	Unwind@1154bca8	18
1154bdc8	Unwind@1154bdc8	25
1154d153	Unwind@1154d153	18
1154d1b0	Unwind@1154d1b0	18
1154d281	Unwind@1154d281	18
1154e069	Unwind@1154e069	25
1154e3f0	Unwind@1154e3f0	18
1154e469	Unwind@1154e469	25
1154e4a3	Unwind@1154e4a3	18
1154e5c9	Unwind@1154e5c9	25
1154e830	Unwind@1154e830	25
1154e9c9	Unwind@1154e9c9	25
1154eaf7	Unwind@1154eaf7	18
1154eb99	Unwind@1154eb99	25
1154ebd3	Unwind@1154ebd3	18
1154ee80	Unwind@1154ee80	18
11550298	Unwind@11550298	25
115506a8	Unwind@115506a8	25
11550920	Unwind@11550920	25
11551dd9	Unwind@11551dd9	17
1155227b	Unwind@1155227b	17
1155246b	Unwind@1155246b	17
1155267b	Unwind@1155267b	17
115527fb	Unwind@115527fb	17
1155291b	Unwind@1155291b	17
115529a0	Unwind@115529a0	18
11552a50	Unwind@11552a50	18
11552b80	Unwind@11552b80	18
11552c30	Unwind@11552c30	18
11552cd0	Unwind@11552cd0	18
11552d40	Unwind@11552d40	18
11552ea0	Unwind@11552ea0	18
11552f50	Unwind@11552f50	18
11552fc0	Unwind@11552fc0	18
11553080	Unwind@11553080	18
115530f0	Unwind@115530f0	18
115531c0	Unwind@115531c0	18
11553230	Unwind@11553230	18
115532a0	Unwind@115532a0	18
11553390	Unwind@11553390	18
11553490	Unwind@11553490	18
11554e08	Unwind@11554e08	18
11555540	Unwind@11555540	18
1155555a	Unwind@1155555a	18
1155559e	Unwind@1155559e	18
115563b0	Unwind@115563b0	18
11556420	Unwind@11556420	18
11556500	Unwind@11556500	18
11556650	Unwind@11556650	18
115566c0	Unwind@115566c0	18
11556790	Unwind@11556790	18
11556860	Unwind@11556860	18
115568b0	Unwind@115568b0	18
11556900	Unwind@11556900	18
115569e0	Unwind@115569e0	18
11556a40	Unwind@11556a40	18
11556a90	Unwind@11556a90	18
11556ae0	Unwind@11556ae0	18
115584b1	Unwind@115584b1	25
115584ca	Unwind@115584ca	25
11558ce0	Unwind@11558ce0	25
11558d90	Unwind@11558d90	25
1155a4e8	Unwind@1155a4e8	25
1155b658	Unwind@1155b658	25
1155bb28	Unwind@1155bb28	25
1155c360	Unwind@1155c360	18
1155c3b0	Unwind@1155c3b0	18
1155c400	Unwind@1155c400	18
1155c470	Unwind@1155c470	18
1155c4e0	Unwind@1155c4e0	18
1155c513	Unwind@1155c513	18
1155c580	Unwind@1155c580	18
1155c5d0	Unwind@1155c5d0	18
1155c620	Unwind@1155c620	18
1155c670	Unwind@1155c670	18
1155c6c0	Unwind@1155c6c0	18
1155c710	Unwind@1155c710	18
1155c7c0	Unwind@1155c7c0	18
1155c810	Unwind@1155c810	18
1155c890	Unwind@1155c890	18
1155c900	Unwind@1155c900	18
1155c970	Unwind@1155c970	18
1155c9c0	Unwind@1155c9c0	18
1155ca40	Unwind@1155ca40	18
1155cab0	Unwind@1155cab0	18
1155cb00	Unwind@1155cb00	18
1155cb50	Unwind@1155cb50	18
1155cba0	Unwind@1155cba0	18
1155cc10	Unwind@1155cc10	18
1155cc90	Unwind@1155cc90	18
1155d6c0	Unwind@1155d6c0	18
1155e0bc	Unwind@1155e0bc	25
1155e2af	Unwind@1155e2af	25
1155e349	Unwind@1155e349	25
1155e3d1	Unwind@1155e3d1	25
1155e700	Unwind@1155e700	18
1155e750	Unwind@1155e750	18
1155e7a0	Unwind@1155e7a0	18
1155e7f0	Unwind@1155e7f0	18
1155efe8	Unwind@1155efe8	25
1155f0b0	Unwind@1155f0b0	25
11560620	Unwind@11560620	25
11560639	Unwind@11560639	25
11560652	Unwind@11560652	25
1156066b	Unwind@1156066b	25
11560684	Unwind@11560684	25
11560b46	Unwind@11560b46	25
11560c69	Unwind@11560c69	25
11561221	Unwind@11561221	25
1156291c	Unwind@1156291c	18
11563928	Unwind@11563928	25
11564320	Unwind@11564320	25
11564351	Unwind@11564351	25
115648c0	Unwind@115648c0	25
11564a00	Unwind@11564a00	25
11564e10	Unwind@11564e10	25
11564e78	Unwind@11564e78	25
11564e99	Unwind@11564e99	25
11564f00	Unwind@11564f00	25
11565ad0	Unwind@11565ad0	25
11565b20	Unwind@11565b20	25
11565b50	Unwind@11565b50	25
11565be8	Unwind@11565be8	25
11565c19	Unwind@11565c19	25
11565c42	Unwind@11565c42	25
11565d90	Unwind@11565d90	18
11566275	Unwind@11566275	25
115670d8	Unwind@115670d8	18
115671c8	Unwind@115671c8	18
115672c0	Unwind@115672c0	18
115673a0	Unwind@115673a0	18
11567450	Unwind@11567450	18
115674f0	Unwind@115674f0	18
115675c0	Unwind@115675c0	18
115676a0	Unwind@115676a0	18
11567770	Unwind@11567770	18
11567850	Unwind@11567850	18
11567920	Unwind@11567920	18
115679e0	Unwind@115679e0	18
11569293	Unwind@11569293	25
115692c5	Unwind@115692c5	25
1156934f	Unwind@1156934f	25
11569381	Unwind@11569381	25
11569cf0	Unwind@11569cf0	25
11569f80	Unwind@11569f80	25
1156a130	Unwind@1156a130	25
1156a171	Unwind@1156a171	25
1156a18a	Unwind@1156a18a	25
1156a270	Unwind@1156a270	25
1156a2c9	Unwind@1156a2c9	25
1156a2e2	Unwind@1156a2e2	25
1156c43f	Unwind@1156c43f	25
1156c5e8	Unwind@1156c5e8	18
1156d3c0	Unwind@1156d3c0	25
1156d6f0	Unwind@1156d6f0	25
1156d721	Unwind@1156d721	25
1156d742	Unwind@1156d742	25
1156d78c	Unwind@1156d78c	25
1156df60	Unwind@1156df60	25
1156e008	Unwind@1156e008	25
1156f3d8	Unwind@1156f3d8	28
1156ff10	Unwind@1156ff10	25
11570070	Unwind@11570070	18
11570167	Unwind@11570167	25
11570bf0	Unwind@11570bf0	25
11570c09	Unwind@11570c09	25
11570d42	Unwind@11570d42	25
11571100	Unwind@11571100	18
11574ec7	Unwind@11574ec7	25
11574f7f	Unwind@11574f7f	25
1157536f	Unwind@1157536f	25
1157548f	Unwind@1157548f	25
1157587f	Unwind@1157587f	25
115759c7	Unwind@115759c7	25
11575a3f	Unwind@11575a3f	25
11575b87	Unwind@11575b87	25
11575bd0	Unwind@11575bd0	25
11575c18	Unwind@11575c18	25
11575d4f	Unwind@11575d4f	25
11575e78	Unwind@11575e78	25
1157662f	Unwind@1157662f	25
11576b3b	Unwind@11576b3b	25
11576b8b	Unwind@11576b8b	25
11576e90	Unwind@11576e90	25
11576f10	Unwind@11576f10	25
11577011	Unwind@11577011	25
115770d0	Unwind@115770d0	18
11577120	Unwind@11577120	18
11577170	Unwind@11577170	18
115771c0	Unwind@115771c0	18
11577210	Unwind@11577210	18
115781f0	Unwind@115781f0	25
115784af	Unwind@115784af	25
115788d8	Unwind@115788d8	25
11578a60	Unwind@11578a60	25
11579bb0	Unwind@11579bb0	18
1157a857	Unwind@1157a857	25
1157b0f8	Unwind@1157b0f8	25
1157b480	Unwind@1157b480	25
1157b4a9	Unwind@1157b4a9	25
1157c1e0	Unwind@1157c1e0	18
1157c446	Unwind@1157c446	25
1157c4be	Unwind@1157c4be	25
1157c536	Unwind@1157c536	25
1157db97	Unwind@1157db97	25
1157df09	Unwind@1157df09	25
1157dfb9	Unwind@1157dfb9	25
1157dff9	Unwind@1157dff9	25
1157e791	Unwind@1157e791	25
1157e9b0	Unwind@1157e9b0	18
1157f290	Unwind@1157f290	25
1157f300	Unwind@1157f300	25
1157fb78	Unwind@1157fb78	25
1157fd09	Unwind@1157fd09	25
115812e8	Unwind@115812e8	18
115818e0	Unwind@115818e0	25
11581901	Unwind@11581901	25
11581aa0	Unwind@11581aa0	25
11581ab9	Unwind@11581ab9	25
11581bf0	Unwind@11581bf0	25
11583294	Unwind@11583294	25
115832ad	Unwind@115832ad	25
11583468	Unwind@11583468	18
115835d9	Unwind@115835d9	25
1158360b	Unwind@1158360b	25
11586b00	Unwind@11586b00	18
1158727d	Unwind@1158727d	21
11587700	Unwind@11587700	18
115883eb	Unwind@115883eb	25
11588404	Unwind@11588404	25
1158841d	Unwind@1158841d	25
11588436	Unwind@11588436	25
1158844f	Unwind@1158844f	25
11588468	Unwind@11588468	25
11589348	Unwind@11589348	25
11589361	Unwind@11589361	25
11589549	Unwind@11589549	25
1158961a	Unwind@1158961a	25
115896b0	Unwind@115896b0	25
11589700	Unwind@11589700	25
11589769	Unwind@11589769	25
1158979b	Unwind@1158979b	25
11589839	Unwind@11589839	25
1158986b	Unwind@1158986b	25
1158a608	Unwind@1158a608	18
1158b382	Unwind@1158b382	18
1158b394	Unwind@1158b394	18
1158bd18	Unwind@1158bd18	18
1158bd32	Unwind@1158bd32	18
1158bd86	Unwind@1158bd86	18
1158bdbe	Unwind@1158bdbe	18
1158bdd0	Unwind@1158bdd0	18
1158bde2	Unwind@1158bde2	18
1158bdf4	Unwind@1158bdf4	18
1158be0e	Unwind@1158be0e	18
1158be5a	Unwind@1158be5a	18
1158beae	Unwind@1158beae	18
1158bec0	Unwind@1158bec0	18
1158bed2	Unwind@1158bed2	18
1158c600	Unwind@1158c600	25
1158d37e	Unwind@1158d37e	25
1158dbaf	Unwind@1158dbaf	18
1158e159	Unwind@1158e159	25
1158e172	Unwind@1158e172	25
1158e18b	Unwind@1158e18b	25
1158e46f	Unwind@1158e46f	25
1158e720	Unwind@1158e720	25
1158e941	Unwind@1158e941	25
1158ff68	Unwind@1158ff68	18
1158ffe8	Unwind@1158ffe8	18
11590068	Unwind@11590068	18
11590148	Unwind@11590148	18
11590238	Unwind@11590238	18
11590430	Unwind@11590430	18
11590480	Unwind@11590480	18
115904d0	Unwind@115904d0	18
11590520	Unwind@11590520	18
11590588	Unwind@11590588	18
11590600	Unwind@11590600	18
11590660	Unwind@11590660	18
11590672	Unwind@11590672	21
11592be0	Unwind@11592be0	18
11592ec0	Unwind@11592ec0	18
11592f10	Unwind@11592f10	18
11593160	Unwind@11593160	18
11593460	Unwind@11593460	18
11593540	Unwind@11593540	18
11593628	Unwind@11593628	18
11593d40	Unwind@11593d40	25
11594987	Unwind@11594987	25
11595680	Unwind@11595680	25
11596688	Unwind@11596688	25
11596ca7	Unwind@11596ca7	18
11598128	Unwind@11598128	18
11598fbe	Unwind@11598fbe	25
11599228	Unwind@11599228	25
1159a4a8	Unwind@1159a4a8	18
1159a920	Unwind@1159a920	18
1159aa00	Unwind@1159aa00	18
1159aa50	Unwind@1159aa50	18
1159c060	Unwind@1159c060	18
1159d19e	Unwind@1159d19e	18
1159d243	Unwind@1159d243	21
1159d285	Unwind@1159d285	21
1159d2a5	Unwind@1159d2a5	17
1159d2c1	Unwind@1159d2c1	21
1159d2e1	Unwind@1159d2e1	17
1159d2fd	Unwind@1159d2fd	21
1159d31d	Unwind@1159d31d	17
1159d355	Unwind@1159d355	21
1159d375	Unwind@1159d375	18
1159d3e8	Unwind@1159d3e8	18
1159d7a4	Unwind@1159d7a4	21
1159d826	Unwind@1159d826	18
1159d838	Unwind@1159d838	39
1159dc28	Unwind@1159dc28	25
1159e0f0	Unwind@1159e0f0	18
1159e219	Unwind@1159e219	18
1159e259	Unwind@1159e259	18
1159e26b	Unwind@1159e26b	25
1159e9f8	Unwind@1159e9f8	18
1159ea39	Unwind@1159ea39	18
1159ebda	Unwind@1159ebda	18
1159ec15	Unwind@1159ec15	18
1159ee40	Unwind@1159ee40	18
1159ef08	Unwind@1159ef08	18
1159ef31	Unwind@1159ef31	18
1159f188	Unwind@1159f188	18
1159f1b1	Unwind@1159f1b1	18
1159f22f	Unwind@1159f22f	18
1159f2b8	Unwind@1159f2b8	18
1159f2e1	Unwind@1159f2e1	18
1159f390	Unwind@1159f390	18
1159f3d0	Unwind@1159f3d0	18
1159f466	Unwind@1159f466	18
1159f4d8	Unwind@1159f4d8	18
1159f518	Unwind@1159f518	18
115a0e80	Unwind@115a0e80	18
115a1070	Unwind@115a1070	25
115a1188	Unwind@115a1188	18
115a14c0	Unwind@115a14c0	25
115a1510	Unwind@115a1510	25
115a1529	Unwind@115a1529	25
115a1551	Unwind@115a1551	18
115a1563	Unwind@115a1563	25
115a157c	Unwind@115a157c	25
115a1595	Unwind@115a1595	25
115a163f	Unwind@115a163f	18
115a16e9	Unwind@115a16e9	25
115a1820	Unwind@115a1820	18
115a1c10	Unwind@115a1c10	18
115a2030	Unwind@115a2030	18
115a20ce	Unwind@115a20ce	18
115a21b0	Unwind@115a21b0	18
115a3450	Unwind@115a3450	18
115a34c0	Unwind@115a34c0	18
115a36c8	Unwind@115a36c8	18
115a36da	Unwind@115a36da	25
115a36f3	Unwind@115a36f3	25
115a370c	Unwind@115a370c	25
115a3830	Unwind@115a3830	18
115a3908	Unwind@115a3908	18
115a3a96	Unwind@115a3a96	18
115a3bcf	Unwind@115a3bcf	18
115a3c7f	Unwind@115a3c7f	18
115a3fb8	Unwind@115a3fb8	18
115a3fca	Unwind@115a3fca	18
115a4141	Unwind@115a4141	25
115a442f	Unwind@115a442f	25
115a4448	Unwind@115a4448	18
115a4475	Unwind@115a4475	18
115a454f	Unwind@115a454f	18
115a4838	Unwind@115a4838	25
115a4851	Unwind@115a4851	25
115a486a	Unwind@115a486a	25
115a488b	Unwind@115a488b	25
115a48a4	Unwind@115a48a4	25
115a48bd	Unwind@115a48bd	25
115a48d6	Unwind@115a48d6	18
115a6772	Unwind@115a6772	25
115a6c70	Unwind@115a6c70	18
115a8741	Unwind@115a8741	25
115a8773	Unwind@115a8773	25
115a89f0	Unwind@115a89f0	25
115a8b28	Unwind@115a8b28	25
115a9130	Unwind@115a9130	25
115a9190	Unwind@115a9190	25
115a9a70	Unwind@115a9a70	25
115a9c30	Unwind@115a9c30	18
115a9fe8	Unwind@115a9fe8	25
115aa009	Unwind@115aa009	18
115aa03b	Unwind@115aa03b	25
115aa054	Unwind@115aa054	25
115aa075	Unwind@115aa075	18
115aa097	Unwind@115aa097	25
115aa0b0	Unwind@115aa0b0	25
115ab2c0	Unwind@115ab2c0	18
115ab310	Unwind@115ab310	18
115abb51	Unwind@115abb51	34
115abef0	Unwind@115abef0	18
115ac8e0	Unwind@115ac8e0	18
115ac902	Unwind@115ac902	18
115ad380	Unwind@115ad380	18
115ad430	Unwind@115ad430	18
115ad480	Unwind@115ad480	18
115ad4d0	Unwind@115ad4d0	18
115ad5f8	Unwind@115ad5f8	18
115ad650	Unwind@115ad650	18
115ad808	Unwind@115ad808	18
115ad850	Unwind@115ad850	18
115ad8c0	Unwind@115ad8c0	18
115ad910	Unwind@115ad910	18
115ad970	Unwind@115ad970	18
115adad8	Unwind@115adad8	18
115b0f18	Unwind@115b0f18	30
115b1034	Unwind@115b1034	25
115b10a2	Unwind@115b10a2	30
115b13e2	Unwind@115b13e2	18
115b141b	Unwind@115b141b	18
115b1588	Unwind@115b1588	18
115b2630	Unwind@115b2630	18
115b2870	Unwind@115b2870	18
115b28f0	Unwind@115b28f0	18
115b3050	Unwind@115b3050	18
115b3062	Unwind@115b3062	18
115b3074	Unwind@115b3074	18
115b3086	Unwind@115b3086	18
115b3098	Unwind@115b3098	18
115b30aa	Unwind@115b30aa	18
115b3110	Unwind@115b3110	18
115b3122	Unwind@115b3122	18
115b3134	Unwind@115b3134	18
115b326f	Unwind@115b326f	25
115b3b10	Unwind@115b3b10	18
115b3b60	Unwind@115b3b60	18
115b7790	Unwind@115b7790	18
115b77a2	Unwind@115b77a2	25
115b77f0	Unwind@115b77f0	18
115b7802	Unwind@115b7802	25
115b7850	Unwind@115b7850	18
115b7862	Unwind@115b7862	25
115b78b0	Unwind@115b78b0	18
115b78c2	Unwind@115b78c2	25
115b7910	Unwind@115b7910	18
115b7922	Unwind@115b7922	25
115b7970	Unwind@115b7970	18
115b7982	Unwind@115b7982	25
115b79d0	Unwind@115b79d0	18
115b79e2	Unwind@115b79e2	25
115b7a30	Unwind@115b7a30	18
115b7a42	Unwind@115b7a42	25
115b7a90	Unwind@115b7a90	18
115b7aa2	Unwind@115b7aa2	25
115b7af0	Unwind@115b7af0	18
115b7b02	Unwind@115b7b02	25
115b7b50	Unwind@115b7b50	18
115b7b62	Unwind@115b7b62	25
115b7bb0	Unwind@115b7bb0	18
115b7bc2	Unwind@115b7bc2	25
115b7c10	Unwind@115b7c10	18
115b7c22	Unwind@115b7c22	25
115b7c70	Unwind@115b7c70	18
115b7c82	Unwind@115b7c82	25
115b80a0	Unwind@115b80a0	18
115b80b2	Unwind@115b80b2	25
115b8160	Unwind@115b8160	18
115b8172	Unwind@115b8172	25
115b8220	Unwind@115b8220	18
115b8232	Unwind@115b8232	25
115b82e0	Unwind@115b82e0	18
115b82f2	Unwind@115b82f2	25
115b8460	Unwind@115b8460	18
115b8472	Unwind@115b8472	25
115b8520	Unwind@115b8520	18
115b8532	Unwind@115b8532	25
115b85e0	Unwind@115b85e0	18
115b85f2	Unwind@115b85f2	25
115b86a0	Unwind@115b86a0	18
115b86b2	Unwind@115b86b2	25
115b8870	Unwind@115b8870	18
115b8882	Unwind@115b8882	25
115b8930	Unwind@115b8930	18
115b8942	Unwind@115b8942	25
115b8a50	Unwind@115b8a50	18
115b8a62	Unwind@115b8a62	25
115b8b10	Unwind@115b8b10	18
115b8b22	Unwind@115b8b22	25
115b8f30	Unwind@115b8f30	18
115b8f42	Unwind@115b8f42	25
115b8ff0	Unwind@115b8ff0	18
115b9002	Unwind@115b9002	25
115ba598	Unwind@115ba598	18
115ba6e0	Unwind@115ba6e0	18
115ba6f2	Unwind@115ba6f2	18
115ba704	Unwind@115ba704	25
115ba760	Unwind@115ba760	18
115ba772	Unwind@115ba772	18
115ba784	Unwind@115ba784	25
115ba7e0	Unwind@115ba7e0	18
115ba7f2	Unwind@115ba7f2	18
115ba804	Unwind@115ba804	25
115ba860	Unwind@115ba860	18
115ba872	Unwind@115ba872	18
115ba884	Unwind@115ba884	25
115ba8e0	Unwind@115ba8e0	18
115ba930	Unwind@115ba930	18
115ba980	Unwind@115ba980	18
115ba992	Unwind@115ba992	18
115ba9a4	Unwind@115ba9a4	25
115baa00	Unwind@115baa00	18
115baa12	Unwind@115baa12	18
115baa24	Unwind@115baa24	25
115baa80	Unwind@115baa80	18
115baa92	Unwind@115baa92	18
115baaa4	Unwind@115baaa4	25
115bab00	Unwind@115bab00	18
115bab12	Unwind@115bab12	18
115bab24	Unwind@115bab24	25
115bab80	Unwind@115bab80	18
115babd0	Unwind@115babd0	18
115bac30	Unwind@115bac30	18
115bac42	Unwind@115bac42	18
115bac54	Unwind@115bac54	25
115bacb0	Unwind@115bacb0	18
115bacc2	Unwind@115bacc2	18
115bacd4	Unwind@115bacd4	25
115bad30	Unwind@115bad30	18
115bad80	Unwind@115bad80	18
115bad92	Unwind@115bad92	18
115bada4	Unwind@115bada4	25
115bae00	Unwind@115bae00	18
115bae12	Unwind@115bae12	18
115bae24	Unwind@115bae24	25
115bae80	Unwind@115bae80	18
115baed0	Unwind@115baed0	18
115baf20	Unwind@115baf20	18
115baf70	Unwind@115baf70	18
115bafc0	Unwind@115bafc0	18
115bb010	Unwind@115bb010	18
115bb060	Unwind@115bb060	18
115bb0b0	Unwind@115bb0b0	18
115bb0c2	Unwind@115bb0c2	18
115bb0d4	Unwind@115bb0d4	25
115bb130	Unwind@115bb130	18
115bb180	Unwind@115bb180	18
115bb1e8	Unwind@115bb1e8	18
115bb270	Unwind@115bb270	18
115bb282	Unwind@115bb282	25
115bd968	Unwind@115bd968	25
115bd981	Unwind@115bd981	25
115bdae8	Unwind@115bdae8	25
115bdb09	Unwind@115bdb09	25
115bf020	Unwind@115bf020	18
115bf070	Unwind@115bf070	18
115bf0c0	Unwind@115bf0c0	18
115bf110	Unwind@115bf110	18
115bf160	Unwind@115bf160	18
115bf172	Unwind@115bf172	25
115c0550	Unwind@115c0550	18
115c0562	Unwind@115c0562	25
115c05b0	Unwind@115c05b0	18
115c05c2	Unwind@115c05c2	25
115c0610	Unwind@115c0610	18
115c0622	Unwind@115c0622	25
115c0670	Unwind@115c0670	18
115c0682	Unwind@115c0682	25
115c06d0	Unwind@115c06d0	18
115c06e2	Unwind@115c06e2	25
115c0730	Unwind@115c0730	18
115c0742	Unwind@115c0742	25
115c0790	Unwind@115c0790	18
115c07a2	Unwind@115c07a2	25
115c07f0	Unwind@115c07f0	18
115c0802	Unwind@115c0802	25
115c0850	Unwind@115c0850	18
115c0862	Unwind@115c0862	25
115c08b0	Unwind@115c08b0	18
115c08c2	Unwind@115c08c2	25
115c0910	Unwind@115c0910	18
115c0922	Unwind@115c0922	25
115c0970	Unwind@115c0970	18
115c0982	Unwind@115c0982	25
115c09d0	Unwind@115c09d0	18
115c09e2	Unwind@115c09e2	25
115c0a30	Unwind@115c0a30	18
115c0a42	Unwind@115c0a42	25
115c0a90	Unwind@115c0a90	18
115c0aa2	Unwind@115c0aa2	25
115c0b70	Unwind@115c0b70	18
115c0b82	Unwind@115c0b82	25
115c0c30	Unwind@115c0c30	18
115c0c42	Unwind@115c0c42	25
115c0cf0	Unwind@115c0cf0	18
115c0d02	Unwind@115c0d02	25
115c0db0	Unwind@115c0db0	18
115c0dc2	Unwind@115c0dc2	25
115c0e70	Unwind@115c0e70	18
115c0e82	Unwind@115c0e82	25
115c0f90	Unwind@115c0f90	18
115c0fa2	Unwind@115c0fa2	25
115c11f0	Unwind@115c11f0	18
115c1202	Unwind@115c1202	25
115c1420	Unwind@115c1420	18
115c1432	Unwind@115c1432	25
115c14e0	Unwind@115c14e0	18
115c14f2	Unwind@115c14f2	25
115c1600	Unwind@115c1600	18
115c1612	Unwind@115c1612	25
115c1720	Unwind@115c1720	18
115c1732	Unwind@115c1732	25
115c18a0	Unwind@115c18a0	18
115c18b2	Unwind@115c18b2	25
115c1a20	Unwind@115c1a20	18
115c1a32	Unwind@115c1a32	25
115c1b40	Unwind@115c1b40	18
115c1b52	Unwind@115c1b52	25
115c1c00	Unwind@115c1c00	18
115c1c12	Unwind@115c1c12	25
115c3120	Unwind@115c3120	18
115c3132	Unwind@115c3132	25
115c3198	Unwind@115c3198	18
115c31ba	Unwind@115c31ba	25
115c31d3	Unwind@115c31d3	25
115c3240	Unwind@115c3240	18
115c3252	Unwind@115c3252	18
115c3264	Unwind@115c3264	25
115c32c0	Unwind@115c32c0	18
115c32d2	Unwind@115c32d2	18
115c32e4	Unwind@115c32e4	25
115c3340	Unwind@115c3340	18
115c3352	Unwind@115c3352	18
115c3364	Unwind@115c3364	25
115c33c0	Unwind@115c33c0	18
115c33d2	Unwind@115c33d2	18
115c33e4	Unwind@115c33e4	25
115c3440	Unwind@115c3440	18
115c3452	Unwind@115c3452	18
115c3464	Unwind@115c3464	25
115c34c0	Unwind@115c34c0	18
115c3510	Unwind@115c3510	18
115c3522	Unwind@115c3522	18
115c3534	Unwind@115c3534	25
115c3590	Unwind@115c3590	18
115c35e0	Unwind@115c35e0	18
115c3630	Unwind@115c3630	18
115c3680	Unwind@115c3680	18
115c3692	Unwind@115c3692	18
115c36a4	Unwind@115c36a4	25
115c3700	Unwind@115c3700	18
115c3750	Unwind@115c3750	18
115c37a0	Unwind@115c37a0	18
115c37f0	Unwind@115c37f0	18
115c3802	Unwind@115c3802	18
115c3814	Unwind@115c3814	25
115c3870	Unwind@115c3870	18
115c3882	Unwind@115c3882	18
115c3894	Unwind@115c3894	25
115c38f0	Unwind@115c38f0	18
115c3940	Unwind@115c3940	18
115c3952	Unwind@115c3952	18
115c3964	Unwind@115c3964	25
115c39c0	Unwind@115c39c0	18
115c3a10	Unwind@115c3a10	18
115c3a22	Unwind@115c3a22	18
115c3a34	Unwind@115c3a34	25
115c3a90	Unwind@115c3a90	18
115c3ae0	Unwind@115c3ae0	18
115c3b30	Unwind@115c3b30	18
115c3b42	Unwind@115c3b42	18
115c3b54	Unwind@115c3b54	25
115c3bb0	Unwind@115c3bb0	18
115c3c00	Unwind@115c3c00	18
115c3c50	Unwind@115c3c50	18
115c3c62	Unwind@115c3c62	18
115c3c74	Unwind@115c3c74	25
115c3cd0	Unwind@115c3cd0	18
115c3d20	Unwind@115c3d20	18
115c3d32	Unwind@115c3d32	18
115c3d44	Unwind@115c3d44	25
115c3da0	Unwind@115c3da0	18
115c3db2	Unwind@115c3db2	18
115c3dc4	Unwind@115c3dc4	25
115c3e38	Unwind@115c3e38	18
115c3ec0	Unwind@115c3ec0	18
115c3ed2	Unwind@115c3ed2	25
115c4f40	Unwind@115c4f40	25
115c4f59	Unwind@115c4f59	25
115c5440	Unwind@115c5440	25
115c6128	Unwind@115c6128	25
115c6141	Unwind@115c6141	18
115c6153	Unwind@115c6153	25
115c6768	Unwind@115c6768	25
115c7f70	Unwind@115c7f70	18
115c7f82	Unwind@115c7f82	25
115c7fd0	Unwind@115c7fd0	18
115c7fe2	Unwind@115c7fe2	25
115c8030	Unwind@115c8030	18
115c8042	Unwind@115c8042	25
115c8090	Unwind@115c8090	18
115c80a2	Unwind@115c80a2	25
115c80f0	Unwind@115c80f0	18
115c8102	Unwind@115c8102	25
115c8150	Unwind@115c8150	18
115c8162	Unwind@115c8162	25
115c81b0	Unwind@115c81b0	18
115c81c2	Unwind@115c81c2	25
115c8210	Unwind@115c8210	18
115c8222	Unwind@115c8222	25
115c8270	Unwind@115c8270	18
115c8282	Unwind@115c8282	25
115c82d0	Unwind@115c82d0	18
115c82e2	Unwind@115c82e2	25
115c8330	Unwind@115c8330	18
115c8342	Unwind@115c8342	25
115c8390	Unwind@115c8390	18
115c83a2	Unwind@115c83a2	25
115c83f0	Unwind@115c83f0	18
115c8402	Unwind@115c8402	25
115c8450	Unwind@115c8450	18
115c8462	Unwind@115c8462	25
115c84b0	Unwind@115c84b0	18
115c84c2	Unwind@115c84c2	25
115c8510	Unwind@115c8510	18
115c8522	Unwind@115c8522	25
115c8570	Unwind@115c8570	18
115c8582	Unwind@115c8582	25
115c85d0	Unwind@115c85d0	18
115c85e2	Unwind@115c85e2	25
115c8630	Unwind@115c8630	18
115c8642	Unwind@115c8642	25
115c8690	Unwind@115c8690	18
115c86a2	Unwind@115c86a2	25
115c86f0	Unwind@115c86f0	18
115c8702	Unwind@115c8702	25
115c8750	Unwind@115c8750	18
115c8762	Unwind@115c8762	25
115c8880	Unwind@115c8880	18
115c8892	Unwind@115c8892	25
115c8a40	Unwind@115c8a40	18
115c8a52	Unwind@115c8a52	25
115c8b00	Unwind@115c8b00	18
115c8b12	Unwind@115c8b12	25
115c8bc0	Unwind@115c8bc0	18
115c8bd2	Unwind@115c8bd2	25
115c8c80	Unwind@115c8c80	18
115c8c92	Unwind@115c8c92	25
115c8d40	Unwind@115c8d40	18
115c8d52	Unwind@115c8d52	25
115c8e00	Unwind@115c8e00	18
115c8e12	Unwind@115c8e12	25
115c9040	Unwind@115c9040	18
115c9052	Unwind@115c9052	25
115c91c0	Unwind@115c91c0	18
115c91d2	Unwind@115c91d2	25
115c9280	Unwind@115c9280	18
115c9292	Unwind@115c9292	25
115c9340	Unwind@115c9340	18
115c9352	Unwind@115c9352	25
115c9400	Unwind@115c9400	18
115c9412	Unwind@115c9412	25
115c94c0	Unwind@115c94c0	18
115c94d2	Unwind@115c94d2	25
115c95e0	Unwind@115c95e0	18
115c95f2	Unwind@115c95f2	25
115c9860	Unwind@115c9860	18
115c9872	Unwind@115c9872	25
115c9920	Unwind@115c9920	18
115c9932	Unwind@115c9932	25
115c99e0	Unwind@115c99e0	18
115c99f2	Unwind@115c99f2	25
115c9aa0	Unwind@115c9aa0	18
115c9ab2	Unwind@115c9ab2	25
115c9b60	Unwind@115c9b60	18
115c9b72	Unwind@115c9b72	25
115c9ce0	Unwind@115c9ce0	18
115c9cf2	Unwind@115c9cf2	25
115c9e00	Unwind@115c9e00	18
115c9e12	Unwind@115c9e12	25
115c9ec0	Unwind@115c9ec0	18
115c9ed2	Unwind@115c9ed2	25
115cb830	Unwind@115cb830	18
115cb842	Unwind@115cb842	18
115cb854	Unwind@115cb854	25
115cb8b0	Unwind@115cb8b0	18
115cb900	Unwind@115cb900	18
115cb950	Unwind@115cb950	18
115cb962	Unwind@115cb962	18
115cb974	Unwind@115cb974	25
115cb9d0	Unwind@115cb9d0	18
115cb9e2	Unwind@115cb9e2	18
115cb9f4	Unwind@115cb9f4	25
115cba50	Unwind@115cba50	18
115cba62	Unwind@115cba62	18
115cba74	Unwind@115cba74	25
115cbad0	Unwind@115cbad0	18
115cbae2	Unwind@115cbae2	18
115cbaf4	Unwind@115cbaf4	25
115cbb50	Unwind@115cbb50	18
115cbb62	Unwind@115cbb62	18
115cbb74	Unwind@115cbb74	25
115cbbd0	Unwind@115cbbd0	18
115cbbe2	Unwind@115cbbe2	18
115cbbf4	Unwind@115cbbf4	25
115cbc50	Unwind@115cbc50	18
115cbca0	Unwind@115cbca0	18
115cbcf0	Unwind@115cbcf0	18
115cbd40	Unwind@115cbd40	18
115cbd90	Unwind@115cbd90	18
115cbda2	Unwind@115cbda2	18
115cbdb4	Unwind@115cbdb4	25
115cbe10	Unwind@115cbe10	18
115cbe60	Unwind@115cbe60	18
115cbeb0	Unwind@115cbeb0	18
115cbec2	Unwind@115cbec2	18
115cbed4	Unwind@115cbed4	25
115cbf30	Unwind@115cbf30	18
115cbf42	Unwind@115cbf42	18
115cbf54	Unwind@115cbf54	25
115cbfb0	Unwind@115cbfb0	18
115cbfc2	Unwind@115cbfc2	18
115cbfd4	Unwind@115cbfd4	25
115cc030	Unwind@115cc030	18
115cc042	Unwind@115cc042	18
115cc054	Unwind@115cc054	25
115cc0b0	Unwind@115cc0b0	18
115cc0c2	Unwind@115cc0c2	18
115cc0d4	Unwind@115cc0d4	25
115cc130	Unwind@115cc130	18
115cc180	Unwind@115cc180	18
115cc192	Unwind@115cc192	18
115cc1a4	Unwind@115cc1a4	25
115cc200	Unwind@115cc200	18
115cc250	Unwind@115cc250	18
115cc2a0	Unwind@115cc2a0	18
115cc2f0	Unwind@115cc2f0	18
115cc340	Unwind@115cc340	18
115cc352	Unwind@115cc352	18
115cc364	Unwind@115cc364	25
115cc3c0	Unwind@115cc3c0	18
115cc3d2	Unwind@115cc3d2	18
115cc3e4	Unwind@115cc3e4	25
115cc440	Unwind@115cc440	18
115cc452	Unwind@115cc452	18
115cc464	Unwind@115cc464	25
115cc4c0	Unwind@115cc4c0	18
115cc4d2	Unwind@115cc4d2	18
115cc4e4	Unwind@115cc4e4	25
115cc540	Unwind@115cc540	18
115cc552	Unwind@115cc552	18
115cc564	Unwind@115cc564	25
115cc5c0	Unwind@115cc5c0	18
115cc610	Unwind@115cc610	18
115cc660	Unwind@115cc660	18
115cc672	Unwind@115cc672	18
115cc684	Unwind@115cc684	25
115cc6e0	Unwind@115cc6e0	18
115cc730	Unwind@115cc730	18
115cc742	Unwind@115cc742	18
115cc754	Unwind@115cc754	25
115cc7b0	Unwind@115cc7b0	18
115cc7c2	Unwind@115cc7c2	18
115cc7d4	Unwind@115cc7d4	25
115cc848	Unwind@115cc848	18
115cc8d0	Unwind@115cc8d0	18
115cc8e2	Unwind@115cc8e2	25
115cd329	Unwind@115cd329	25
115cd35b	Unwind@115cd35b	25
115cded4	Unwind@115cded4	25
115cdeed	Unwind@115cdeed	25
115ce080	Unwind@115ce080	25
115ce099	Unwind@115ce099	25
115ce21b	Unwind@115ce21b	25
115ce234	Unwind@115ce234	25
115ce520	Unwind@115ce520	25
115ce5e0	Unwind@115ce5e0	25
115ce68e	Unwind@115ce68e	25
115ce9b0	Unwind@115ce9b0	25
115ce9c9	Unwind@115ce9c9	25
115ceae0	Unwind@115ceae0	25
115ceb70	Unwind@115ceb70	25
115cecdf	Unwind@115cecdf	25
115ced38	Unwind@115ced38	25
115cef4f	Unwind@115cef4f	25
115cf25a	Unwind@115cf25a	25
115cf273	Unwind@115cf273	25
115cfb92	Unwind@115cfb92	25
115cfbab	Unwind@115cfbab	25
115d01be	Unwind@115d01be	25
115d01d7	Unwind@115d01d7	25
115d0620	Unwind@115d0620	18
115d0a48	Unwind@115d0a48	25
115d0a61	Unwind@115d0a61	25
115d0b13	Unwind@115d0b13	25
115d0e68	Unwind@115d0e68	25
115d0e81	Unwind@115d0e81	25
115d0ed3	Unwind@115d0ed3	25
115d0f65	Unwind@115d0f65	25
115d106f	Unwind@115d106f	18
115d1216	Unwind@115d1216	18
115d1368	Unwind@115d1368	25
115d1381	Unwind@115d1381	25
115d2350	Unwind@115d2350	25
115d2ab0	Unwind@115d2ab0	25
115d2b38	Unwind@115d2b38	25
115d3050	Unwind@115d3050	18
115d3493	Unwind@115d3493	18
115d3508	Unwind@115d3508	18
115d3550	Unwind@115d3550	18
115d35b0	Unwind@115d35b0	18
115d36b0	Unwind@115d36b0	18
115d37a0	Unwind@115d37a0	18
115d55f8	Unwind@115d55f8	25
115d56d0	Unwind@115d56d0	25
115d5930	Unwind@115d5930	25
115d60da	Unwind@115d60da	18
115d73a0	Unwind@115d73a0	25
115d7818	Unwind@115d7818	25
115d7a70	Unwind@115d7a70	25
115d7d60	Unwind@115d7d60	25
115d7dc0	Unwind@115d7dc0	25
115d7e20	Unwind@115d7e20	25
115d83cd	Unwind@115d83cd	31
115d8580	Unwind@115d8580	25
115d95b0	Unwind@115d95b0	25
115daef0	Unwind@115daef0	18
115db84f	Unwind@115db84f	18
115dbd77	Unwind@115dbd77	18
115dbe30	Unwind@115dbe30	18
115dc010	Unwind@115dc010	25
115dc0c9	Unwind@115dc0c9	18
115dc180	Unwind@115dc180	25
115dc1c1	Unwind@115dc1c1	18
115dc250	Unwind@115dc250	25
115dc2c9	Unwind@115dc2c9	18
115dc302	Unwind@115dc302	18
115dc3a0	Unwind@115dc3a0	25
115dc429	Unwind@115dc429	18
115dc5e0	Unwind@115dc5e0	25
115dc621	Unwind@115dc621	18
115dc760	Unwind@115dc760	25
115dc779	Unwind@115dc779	18
115dc830	Unwind@115dc830	25
115dc899	Unwind@115dc899	25
115dc990	Unwind@115dc990	25
115dca38	Unwind@115dca38	18
115dcbe0	Unwind@115dcbe0	25
115dcc19	Unwind@115dcc19	18
115dcd90	Unwind@115dcd90	25
115dce40	Unwind@115dce40	25
115dce71	Unwind@115dce71	18
115dcea2	Unwind@115dcea2	18
115dcf30	Unwind@115dcf30	25
115dcf7a	Unwind@115dcf7a	18
115dcfcc	Unwind@115dcfcc	18
115dd100	Unwind@115dd100	18
115dd149	Unwind@115dd149	18
115dd17a	Unwind@115dd17a	18
115dd288	Unwind@115dd288	25
115dd2a1	Unwind@115dd2a1	18
115ddc2f	Unwind@115ddc2f	25
115de8a0	Unwind@115de8a0	25
115df8d8	Unwind@115df8d8	18
115e1a20	Unwind@115e1a20	18
115e1a32	Unwind@115e1a32	25
115e1a80	Unwind@115e1a80	18
115e1a92	Unwind@115e1a92	25
115e1ae0	Unwind@115e1ae0	18
115e1af2	Unwind@115e1af2	25
115e1e10	Unwind@115e1e10	18
115e1e22	Unwind@115e1e22	25
115e1ff0	Unwind@115e1ff0	18
115e2002	Unwind@115e2002	25
115e20b0	Unwind@115e20b0	18
115e20c2	Unwind@115e20c2	25
115e2d10	Unwind@115e2d10	18
115e2d60	Unwind@115e2d60	18
115e2db0	Unwind@115e2db0	18
115e2e10	Unwind@115e2e10	18
115e2e60	Unwind@115e2e60	18
115e2e72	Unwind@115e2e72	18
115e2e84	Unwind@115e2e84	25
115e2ee0	Unwind@115e2ee0	18
115e2f30	Unwind@115e2f30	18
115e2f80	Unwind@115e2f80	18
115e2fd0	Unwind@115e2fd0	18
115e2fe2	Unwind@115e2fe2	18
115e2ff4	Unwind@115e2ff4	25
115e3050	Unwind@115e3050	18
115e3062	Unwind@115e3062	18
115e3074	Unwind@115e3074	25
115e30d0	Unwind@115e30d0	18
115e3160	Unwind@115e3160	18
115e3172	Unwind@115e3172	25
115e4bb0	Unwind@115e4bb0	25
115e4d70	Unwind@115e4d70	25
115e4f60	Unwind@115e4f60	25
115e5000	Unwind@115e5000	25
115e53d0	Unwind@115e53d0	18
115e53e2	Unwind@115e53e2	25
115e55a0	Unwind@115e55a0	18
115e55b2	Unwind@115e55b2	25
115e59f0	Unwind@115e59f0	18
115e5a40	Unwind@115e5a40	18
115e5aa0	Unwind@115e5aa0	18
115e5af0	Unwind@115e5af0	18
115e5b02	Unwind@115e5b02	18
115e5b14	Unwind@115e5b14	25
115e5c40	Unwind@115e5c40	18
115e5c52	Unwind@115e5c52	25
115e63e9	Unwind@115e63e9	25
115e6b10	Unwind@115e6b10	18
115e6b60	Unwind@115e6b60	18
115e6bb0	Unwind@115e6bb0	18
115e6c00	Unwind@115e6c00	18
115e6c50	Unwind@115e6c50	18
115e6c62	Unwind@115e6c62	25
115e7c30	Unwind@115e7c30	18
115e7c80	Unwind@115e7c80	18
115e7cd0	Unwind@115e7cd0	18
115e7d80	Unwind@115e7d80	18
115e7d92	Unwind@115e7d92	25
115e88a0	Unwind@115e88a0	18
115e88b2	Unwind@115e88b2	25
115e8900	Unwind@115e8900	18
115e8912	Unwind@115e8912	25
115e91b0	Unwind@115e91b0	18
115e91c2	Unwind@115e91c2	18
115e91d4	Unwind@115e91d4	25
115e9230	Unwind@115e9230	18
115e9280	Unwind@115e9280	18
115e92f0	Unwind@115e92f0	18
115e9340	Unwind@115e9340	18
115e9352	Unwind@115e9352	25
115e9ef0	Unwind@115e9ef0	25
115ea078	Unwind@115ea078	25
115ea12b	Unwind@115ea12b	18
115eab70	Unwind@115eab70	18
115eabc0	Unwind@115eabc0	18
115eac10	Unwind@115eac10	18
115eac60	Unwind@115eac60	18
115eac72	Unwind@115eac72	25
115ec090	Unwind@115ec090	18
115ec0e0	Unwind@115ec0e0	18
115ec130	Unwind@115ec130	18
115ec180	Unwind@115ec180	18
115ec1d0	Unwind@115ec1d0	18
115ec3f0	Unwind@115ec3f0	18
115ec402	Unwind@115ec402	25
115ecb00	Unwind@115ecb00	25
115ecb29	Unwind@115ecb29	25
115ee400	Unwind@115ee400	18
115ee412	Unwind@115ee412	25
115ee460	Unwind@115ee460	18
115ee472	Unwind@115ee472	25
115ee4c0	Unwind@115ee4c0	18
115ee4d2	Unwind@115ee4d2	25
115ee520	Unwind@115ee520	18
115ee532	Unwind@115ee532	25
115ee580	Unwind@115ee580	18
115ee592	Unwind@115ee592	25
115ee5e0	Unwind@115ee5e0	18
115ee5f2	Unwind@115ee5f2	25
115ee640	Unwind@115ee640	18
115ee652	Unwind@115ee652	25
115ee6a0	Unwind@115ee6a0	18
115ee6b2	Unwind@115ee6b2	25
115ee700	Unwind@115ee700	18
115ee712	Unwind@115ee712	25
115ee7e0	Unwind@115ee7e0	18
115ee7f2	Unwind@115ee7f2	25
115ee8a0	Unwind@115ee8a0	18
115ee8b2	Unwind@115ee8b2	25
115ee960	Unwind@115ee960	18
115ee972	Unwind@115ee972	25
115eeba0	Unwind@115eeba0	18
115eebb2	Unwind@115eebb2	25
115eec60	Unwind@115eec60	18
115eec72	Unwind@115eec72	25
115eef00	Unwind@115eef00	18
115eef12	Unwind@115eef12	25
115ef0e0	Unwind@115ef0e0	18
115ef0f2	Unwind@115ef0f2	25
115ef1a0	Unwind@115ef1a0	18
115ef1b2	Unwind@115ef1b2	25
115ef260	Unwind@115ef260	18
115ef272	Unwind@115ef272	25
115f02f0	Unwind@115f02f0	18
115f0302	Unwind@115f0302	18
115f0314	Unwind@115f0314	25
115f0370	Unwind@115f0370	18
115f0382	Unwind@115f0382	18
115f0394	Unwind@115f0394	25
115f03f0	Unwind@115f03f0	18
115f0402	Unwind@115f0402	18
115f0414	Unwind@115f0414	25
115f0470	Unwind@115f0470	18
115f04c0	Unwind@115f04c0	18
115f0510	Unwind@115f0510	18
115f0560	Unwind@115f0560	18
115f05b0	Unwind@115f05b0	18
115f05c2	Unwind@115f05c2	18
115f05d4	Unwind@115f05d4	25
115f0630	Unwind@115f0630	18
115f0642	Unwind@115f0642	18
115f0654	Unwind@115f0654	25
115f06b0	Unwind@115f06b0	18
115f0700	Unwind@115f0700	18
115f0750	Unwind@115f0750	18
115f07a0	Unwind@115f07a0	18
115f07f0	Unwind@115f07f0	18
115f0840	Unwind@115f0840	18
115f0852	Unwind@115f0852	18
115f0864	Unwind@115f0864	25
115f08c0	Unwind@115f08c0	18
115f0910	Unwind@115f0910	18
115f0980	Unwind@115f0980	18
115f0992	Unwind@115f0992	18
115f09a4	Unwind@115f09a4	25
115f0a00	Unwind@115f0a00	18
115f0a12	Unwind@115f0a12	18
115f0a24	Unwind@115f0a24	25
115f0a80	Unwind@115f0a80	18
115f0a92	Unwind@115f0a92	18
115f0aa4	Unwind@115f0aa4	25
115f0b00	Unwind@115f0b00	18
115f0b50	Unwind@115f0b50	18
115f0b62	Unwind@115f0b62	25
115f293f	Unwind@115f293f	25
115f29cb	Unwind@115f29cb	25
115f30cf	Unwind@115f30cf	28
115f3628	Unwind@115f3628	25
115f3641	Unwind@115f3641	25
115f3662	Unwind@115f3662	25
115f367b	Unwind@115f367b	25
115f3694	Unwind@115f3694	25
115f36ad	Unwind@115f36ad	25
115f38c0	Unwind@115f38c0	25
115f38d9	Unwind@115f38d9	25
115f39a8	Unwind@115f39a8	25
115f3aa8	Unwind@115f3aa8	25
115f3ada	Unwind@115f3ada	25
115f3af3	Unwind@115f3af3	25
115f3f60	Unwind@115f3f60	18
115f44a8	Unwind@115f44a8	25
115f45c1	Unwind@115f45c1	25
115f460b	Unwind@115f460b	25
115f4b60	Unwind@115f4b60	18
115f4bb0	Unwind@115f4bb0	18
115f4bc2	Unwind@115f4bc2	25
115f52e0	Unwind@115f52e0	18
115f5330	Unwind@115f5330	18
115f5342	Unwind@115f5342	25
115f5990	Unwind@115f5990	18
115f59a2	Unwind@115f59a2	25
115f59f0	Unwind@115f59f0	18
115f5a02	Unwind@115f5a02	25
115f5a50	Unwind@115f5a50	18
115f5a62	Unwind@115f5a62	25
115f5b10	Unwind@115f5b10	18
115f5b22	Unwind@115f5b22	25
115f63c0	Unwind@115f63c0	18
115f63d2	Unwind@115f63d2	18
115f63e4	Unwind@115f63e4	25
115f6440	Unwind@115f6440	18
115f6452	Unwind@115f6452	18
115f6464	Unwind@115f6464	25
115f64c0	Unwind@115f64c0	18
115f6510	Unwind@115f6510	18
115f6560	Unwind@115f6560	18
115f65b0	Unwind@115f65b0	18
115f6600	Unwind@115f6600	18
115f6650	Unwind@115f6650	18
115f6662	Unwind@115f6662	25
115f6c50	Unwind@115f6c50	25
115f73b1	Unwind@115f73b1	25
115f8100	Unwind@115f8100	18
115f8150	Unwind@115f8150	18
115f81a0	Unwind@115f81a0	18
115f81f0	Unwind@115f81f0	18
115f8240	Unwind@115f8240	18
115f8290	Unwind@115f8290	18
115f82e0	Unwind@115f82e0	18
115f8348	Unwind@115f8348	18
115f83d0	Unwind@115f83d0	18
115f83e2	Unwind@115f83e2	25
115f9b48	Unwind@115f9b48	18
115f9ba8	Unwind@115f9ba8	18
115f9bca	Unwind@115f9bca	25
115f9be3	Unwind@115f9be3	25
115f9c70	Unwind@115f9c70	18
115f9cc0	Unwind@115f9cc0	18
115f9d10	Unwind@115f9d10	18
115f9d60	Unwind@115f9d60	18
115f9d72	Unwind@115f9d72	25
115fac90	Unwind@115fac90	18
115face0	Unwind@115face0	18
115fad30	Unwind@115fad30	18
115fad42	Unwind@115fad42	25
115fb2b8	Unwind@115fb2b8	25
115fb6e0	Unwind@115fb6e0	18
115fb6f2	Unwind@115fb6f2	25
115fb8c0	Unwind@115fb8c0	18
115fb8d2	Unwind@115fb8d2	25
115fbf60	Unwind@115fbf60	18
115fbfb0	Unwind@115fbfb0	18
115fc000	Unwind@115fc000	18
115fc050	Unwind@115fc050	18
115fc0a0	Unwind@115fc0a0	18
115fc0b2	Unwind@115fc0b2	18
115fc0c4	Unwind@115fc0c4	25
115fc120	Unwind@115fc120	18
115fc132	Unwind@115fc132	25
115fca7e	Unwind@115fca7e	28
115fcab3	Unwind@115fcab3	28
115fcc61	Unwind@115fcc61	25
115fd65f	Unwind@115fd65f	25
115fd6b0	Unwind@115fd6b0	18
115fd700	Unwind@115fd700	18
115fd750	Unwind@115fd750	18
115fd7a0	Unwind@115fd7a0	18
115fd7f0	Unwind@115fd7f0	18
115fd802	Unwind@115fd802	25
115fd850	Unwind@115fd850	18
115fd862	Unwind@115fd862	25
115fe520	Unwind@115fe520	25
115fe552	Unwind@115fe552	25
115fe651	Unwind@115fe651	25
115fe66a	Unwind@115fe66a	25
115fe683	Unwind@115fe683	25
115fe69c	Unwind@115fe69c	25
115fe6c5	Unwind@115fe6c5	25
115fe6de	Unwind@115fe6de	25
115fe6f7	Unwind@115fe6f7	30
115fe715	Unwind@115fe715	30
115fe840	Unwind@115fe840	25
115fe872	Unwind@115fe872	25
115fe89a	Unwind@115fe89a	25
115fe928	Unwind@115fe928	25
115fe941	Unwind@115fe941	18
115fe953	Unwind@115fe953	25
115feea8	Unwind@115feea8	18
115fef08	Unwind@115fef08	18
115fef2a	Unwind@115fef2a	25
115fef43	Unwind@115fef43	25
115fefd0	Unwind@115fefd0	18
115ff020	Unwind@115ff020	18
115ff032	Unwind@115ff032	25
115ff1b0	Unwind@115ff1b0	25
115ff1c9	Unwind@115ff1c9	25
115ff1fb	Unwind@115ff1fb	25
115ff470	Unwind@115ff470	25
115ff4a1	Unwind@115ff4a1	18
115ffb70	Unwind@115ffb70	18
115ffbc0	Unwind@115ffbc0	18
115ffc10	Unwind@115ffc10	18
115ffc60	Unwind@115ffc60	18
115ffc72	Unwind@115ffc72	25
115ffd44	Unwind@115ffd44	28
115ffd94	Unwind@115ffd94	28
11600940	Unwind@11600940	18
11600990	Unwind@11600990	18
116009a2	Unwind@116009a2	25
11600a28	Unwind@11600a28	25
11600a69	Unwind@11600a69	25
11600b38	Unwind@11600b38	25
11600b51	Unwind@11600b51	28
11601b30	Unwind@11601b30	18
11601b42	Unwind@11601b42	25
11601b90	Unwind@11601b90	18
11601ba2	Unwind@11601ba2	25
11601bf0	Unwind@11601bf0	18
11601c02	Unwind@11601c02	25
11601e70	Unwind@11601e70	18
11601e82	Unwind@11601e82	25
11602350	Unwind@11602350	18
11602362	Unwind@11602362	25
11602b00	Unwind@11602b00	18
11602b12	Unwind@11602b12	25
116048d0	Unwind@116048d0	18
11604930	Unwind@11604930	18
11604980	Unwind@11604980	18
116049e0	Unwind@116049e0	18
11604a30	Unwind@11604a30	18
11604a42	Unwind@11604a42	18
11604a54	Unwind@11604a54	25
11604ab0	Unwind@11604ab0	18
11604b00	Unwind@11604b00	18
11604b50	Unwind@11604b50	18
11604ba0	Unwind@11604ba0	18
11604bf0	Unwind@11604bf0	18
11604c40	Unwind@11604c40	18
11604c90	Unwind@11604c90	18
11604ce0	Unwind@11604ce0	18
11604d30	Unwind@11604d30	18
11604d80	Unwind@11604d80	18
11604dd0	Unwind@11604dd0	18
11604e20	Unwind@11604e20	18
11604e32	Unwind@11604e32	18
11604e44	Unwind@11604e44	25
11604ea0	Unwind@11604ea0	18
11604ef0	Unwind@11604ef0	18
11604f50	Unwind@11604f50	18
11604fa0	Unwind@11604fa0	18
11604ff0	Unwind@11604ff0	18
11605040	Unwind@11605040	18
116050e0	Unwind@116050e0	18
11605130	Unwind@11605130	18
11605180	Unwind@11605180	18
116051d0	Unwind@116051d0	18
11605230	Unwind@11605230	18
11605290	Unwind@11605290	18
116052e0	Unwind@116052e0	18
11605340	Unwind@11605340	18
11605352	Unwind@11605352	18
11605364	Unwind@11605364	25
116053c0	Unwind@116053c0	18
11605410	Unwind@11605410	18
11605422	Unwind@11605422	25
11606008	Unwind@11606008	25
11606021	Unwind@11606021	25
1160608a	Unwind@1160608a	25
116060ab	Unwind@116060ab	25
116071a4	Unwind@116071a4	28
116071d9	Unwind@116071d9	28
1160720e	Unwind@1160720e	28
11607243	Unwind@11607243	33
11607282	Unwind@11607282	33
116077ac	Unwind@116077ac	28
116077e1	Unwind@116077e1	28
1160b061	Unwind@1160b061	25
1160b0ac	Unwind@1160b0ac	25
1160b3a0	Unwind@1160b3a0	25
1160b3d2	Unwind@1160b3d2	25
1160b404	Unwind@1160b404	25
1160b436	Unwind@1160b436	30
1160b482	Unwind@1160b482	30
1160b4be	Unwind@1160b4be	30
1160b50a	Unwind@1160b50a	30
1160b546	Unwind@1160b546	30
1160b582	Unwind@1160b582	30
1160b5ce	Unwind@1160b5ce	30
1160b60a	Unwind@1160b60a	30
1160b646	Unwind@1160b646	30
1160b692	Unwind@1160b692	30
1160b6ce	Unwind@1160b6ce	30
1160b70a	Unwind@1160b70a	30
1160b746	Unwind@1160b746	30
1160b77d	Unwind@1160b77d	25
1160bb71	Unwind@1160bb71	25
1160c0d1	Unwind@1160c0d1	25
1160c103	Unwind@1160c103	25
1160c145	Unwind@1160c145	25
1160c15e	Unwind@1160c15e	25
1160c195	Unwind@1160c195	30
1160c1b3	Unwind@1160c1b3	30
1160c1ef	Unwind@1160c1ef	30
1160c20d	Unwind@1160c20d	30
1160c249	Unwind@1160c249	30
1160c267	Unwind@1160c267	30
1160c2d3	Unwind@1160c2d3	30
1160c971	Unwind@1160c971	25
1160c98a	Unwind@1160c98a	25
1160c9c4	Unwind@1160c9c4	25
1160c9dd	Unwind@1160c9dd	25
1160e200	Unwind@1160e200	18
1160e250	Unwind@1160e250	18
1160e2a0	Unwind@1160e2a0	18
1160e2f0	Unwind@1160e2f0	18
1160e340	Unwind@1160e340	18
1160e390	Unwind@1160e390	18
1160e3e0	Unwind@1160e3e0	18
1160e430	Unwind@1160e430	18
1160e480	Unwind@1160e480	18
1160e4f0	Unwind@1160e4f0	18
1160e540	Unwind@1160e540	18
1160e552	Unwind@1160e552	25
1160e7a0	Unwind@1160e7a0	25
11611720	Unwind@11611720	18
11611732	Unwind@11611732	25
116117e0	Unwind@116117e0	18
116117f2	Unwind@116117f2	25
11611c40	Unwind@11611c40	18
11611c90	Unwind@11611c90	18
11611ca2	Unwind@11611ca2	18
11611cb4	Unwind@11611cb4	25
11611d10	Unwind@11611d10	18
11611d22	Unwind@11611d22	25
116120f0	Unwind@116120f0	18
116132c0	Unwind@116132c0	18
11613310	Unwind@11613310	18
11613360	Unwind@11613360	18
116133b0	Unwind@116133b0	18
11613400	Unwind@11613400	18
11613450	Unwind@11613450	18
116134a0	Unwind@116134a0	18
116134f0	Unwind@116134f0	18
11613540	Unwind@11613540	18
11613590	Unwind@11613590	18
116135e0	Unwind@116135e0	18
11613630	Unwind@11613630	18
11613680	Unwind@11613680	18
116136d0	Unwind@116136d0	18
116136e2	Unwind@116136e2	25
1161390c	Unwind@1161390c	28
11613928	Unwind@11613928	28
116139a6	Unwind@116139a6	28
116139c2	Unwind@116139c2	28
11613ab1	Unwind@11613ab1	28
11613acd	Unwind@11613acd	28
11613bb4	Unwind@11613bb4	28
11613bd0	Unwind@11613bd0	28
11613cd3	Unwind@11613cd3	28
11613cef	Unwind@11613cef	28
11613f5c	Unwind@11613f5c	28
11613f78	Unwind@11613f78	28
116140e1	Unwind@116140e1	28
116140fd	Unwind@116140fd	28
116143a2	Unwind@116143a2	28
116143be	Unwind@116143be	28
116144d1	Unwind@116144d1	28
116144ed	Unwind@116144ed	28
11614681	Unwind@11614681	28
1161469d	Unwind@1161469d	28
11614b29	Unwind@11614b29	28
11614b45	Unwind@11614b45	28
11614c4c	Unwind@11614c4c	28
11614c68	Unwind@11614c68	28
11615a09	Unwind@11615a09	28
116163c0	Unwind@116163c0	25
116163f2	Unwind@116163f2	25
116164c9	Unwind@116164c9	25
116164e2	Unwind@116164e2	25
11616621	Unwind@11616621	25
1161663a	Unwind@1161663a	25
11616653	Unwind@11616653	25
1161666c	Unwind@1161666c	25
116173f0	Unwind@116173f0	18
11617440	Unwind@11617440	18
11617490	Unwind@11617490	18
116174e0	Unwind@116174e0	18
11617530	Unwind@11617530	18
11617580	Unwind@11617580	18
116175d0	Unwind@116175d0	18
11617620	Unwind@11617620	18
11617670	Unwind@11617670	18
11617682	Unwind@11617682	25
1161775c	Unwind@1161775c	28
11617778	Unwind@11617778	28
1161783c	Unwind@1161783c	28
11617858	Unwind@11617858	28
11617971	Unwind@11617971	28
1161798d	Unwind@1161798d	28
11617a74	Unwind@11617a74	28
11617a90	Unwind@11617a90	28
11617bac	Unwind@11617bac	28
11617bc8	Unwind@11617bc8	28
11617be4	Unwind@11617be4	28
11617c00	Unwind@11617c00	28
11617d5d	Unwind@11617d5d	28
11617d79	Unwind@11617d79	28
1161806c	Unwind@1161806c	28
11618088	Unwind@11618088	28
116180a4	Unwind@116180a4	28
116180c0	Unwind@116180c0	28
116185df	Unwind@116185df	28
11619539	Unwind@11619539	25
11619552	Unwind@11619552	25
116196a9	Unwind@116196a9	25
116196c2	Unwind@116196c2	25
116199b0	Unwind@116199b0	18
116199c2	Unwind@116199c2	25
11619a10	Unwind@11619a10	18
11619a22	Unwind@11619a22	25
1161a090	Unwind@1161a090	18
1161a0a2	Unwind@1161a0a2	18
1161a0b4	Unwind@1161a0b4	25
1161a110	Unwind@1161a110	18
1161a160	Unwind@1161a160	18
1161a1b0	Unwind@1161a1b0	18
1161a200	Unwind@1161a200	18
1161a212	Unwind@1161a212	25
1161aab8	Unwind@1161aab8	18
1161aada	Unwind@1161aada	25
1161aaf3	Unwind@1161aaf3	25
1161bb80	Unwind@1161bb80	18
1161bbd0	Unwind@1161bbd0	18
1161bc20	Unwind@1161bc20	18
1161bc70	Unwind@1161bc70	18
1161bcc0	Unwind@1161bcc0	18
1161bd10	Unwind@1161bd10	18
1161bd60	Unwind@1161bd60	18
1161bdb0	Unwind@1161bdb0	18
1161be00	Unwind@1161be00	18
1161be50	Unwind@1161be50	18
1161bea0	Unwind@1161bea0	18
1161bef0	Unwind@1161bef0	18
1161bf02	Unwind@1161bf02	25
1161d0c9	Unwind@1161d0c9	25
1161d0fb	Unwind@1161d0fb	25
1161d231	Unwind@1161d231	25
1161d2f8	Unwind@1161d2f8	25
1161d311	Unwind@1161d311	25
1161d481	Unwind@1161d481	25
1161d538	Unwind@1161d538	25
1161d551	Unwind@1161d551	25
1161d658	Unwind@1161d658	25
1161d671	Unwind@1161d671	25
1161d718	Unwind@1161d718	25
1161d731	Unwind@1161d731	25
1161d7c0	Unwind@1161d7c0	25
1161d7e1	Unwind@1161d7e1	25
1161f0c8	Unwind@1161f0c8	25
1161f0e1	Unwind@1161f0e1	25
1161f102	Unwind@1161f102	25
1161f1f0	Unwind@1161f1f0	25
1161f2c0	Unwind@1161f2c0	25
1161f2f9	Unwind@1161f2f9	25
1161f312	Unwind@1161f312	25
1161f3a0	Unwind@1161f3a0	18
1161f400	Unwind@1161f400	18
1161f450	Unwind@1161f450	18
1161f4a0	Unwind@1161f4a0	18
1161f4f0	Unwind@1161f4f0	18
1161f540	Unwind@1161f540	18
1161f590	Unwind@1161f590	18
1161f5f0	Unwind@1161f5f0	18
1161f602	Unwind@1161f602	25
11620278	Unwind@11620278	25
11620291	Unwind@11620291	25
11620e50	Unwind@11620e50	18
11620ea0	Unwind@11620ea0	18
11620ef0	Unwind@11620ef0	18
11620f40	Unwind@11620f40	18
11620f52	Unwind@11620f52	25
11621b8b	Unwind@11621b8b	18
116225d0	Unwind@116225d0	18
116225e2	Unwind@116225e2	25
11622630	Unwind@11622630	18
11622642	Unwind@11622642	25
11622690	Unwind@11622690	18
116226a2	Unwind@116226a2	25
116226f0	Unwind@116226f0	18
11622702	Unwind@11622702	25
11622750	Unwind@11622750	18
11622762	Unwind@11622762	25
116227b0	Unwind@116227b0	18
116227c2	Unwind@116227c2	25
11622810	Unwind@11622810	18
11622822	Unwind@11622822	25
11622870	Unwind@11622870	18
11622882	Unwind@11622882	25
116228d0	Unwind@116228d0	18
116228e2	Unwind@116228e2	25
11622930	Unwind@11622930	18
11622942	Unwind@11622942	25
116229f0	Unwind@116229f0	18
11622a02	Unwind@11622a02	25
11622c90	Unwind@11622c90	18
11622ca2	Unwind@11622ca2	25
11622f30	Unwind@11622f30	18
11622f42	Unwind@11622f42	25
11623050	Unwind@11623050	18
11623062	Unwind@11623062	25
11623110	Unwind@11623110	18
11623122	Unwind@11623122	25
116231d0	Unwind@116231d0	18
116231e2	Unwind@116231e2	25
11623290	Unwind@11623290	18
116232a2	Unwind@116232a2	25
11623410	Unwind@11623410	18
11623422	Unwind@11623422	25
11624390	Unwind@11624390	18
116243a2	Unwind@116243a2	18
116243b4	Unwind@116243b4	25
11624410	Unwind@11624410	18
11624422	Unwind@11624422	18
11624434	Unwind@11624434	25
11624490	Unwind@11624490	18
116244e0	Unwind@116244e0	18
11624530	Unwind@11624530	18
11624580	Unwind@11624580	18
116245d0	Unwind@116245d0	18
11624620	Unwind@11624620	18
11624632	Unwind@11624632	18
11624644	Unwind@11624644	25
116246a0	Unwind@116246a0	18
116246f0	Unwind@116246f0	18
11624740	Unwind@11624740	18
11624790	Unwind@11624790	18
116247e0	Unwind@116247e0	18
11624830	Unwind@11624830	18
11624842	Unwind@11624842	18
11624854	Unwind@11624854	25
116248b0	Unwind@116248b0	18
11624900	Unwind@11624900	18
11624912	Unwind@11624912	18
11624924	Unwind@11624924	25
11624980	Unwind@11624980	18
11624992	Unwind@11624992	18
116249a4	Unwind@116249a4	25
11624a00	Unwind@11624a00	18
11624a12	Unwind@11624a12	18
11624a24	Unwind@11624a24	25
11624a80	Unwind@11624a80	18
11624a92	Unwind@11624a92	18
11624aa4	Unwind@11624aa4	25
11624b00	Unwind@11624b00	18
11624b50	Unwind@11624b50	18
11624ba0	Unwind@11624ba0	18
11624bb2	Unwind@11624bb2	18
11624bc4	Unwind@11624bc4	25
11624c20	Unwind@11624c20	18
11624cf0	Unwind@11624cf0	18
11624d02	Unwind@11624d02	25
11626d0f	Unwind@11626d0f	25
11626fc9	Unwind@11626fc9	25
11627003	Unwind@11627003	25
116273a0	Unwind@116273a0	18
11627448	Unwind@11627448	25
1162777f	Unwind@1162777f	18
116278e7	Unwind@116278e7	18
11627e50	Unwind@11627e50	18
11627ea0	Unwind@11627ea0	18
11627eb2	Unwind@11627eb2	25
116293b0	Unwind@116293b0	18
11629400	Unwind@11629400	18
11629450	Unwind@11629450	18
116294a0	Unwind@116294a0	18
116294f0	Unwind@116294f0	18
11629540	Unwind@11629540	18
11629590	Unwind@11629590	18
116295e0	Unwind@116295e0	18
11629630	Unwind@11629630	18
11629680	Unwind@11629680	18
116296d0	Unwind@116296d0	18
116296e2	Unwind@116296e2	25
1162ace8	Unwind@1162ace8	25
1162ad90	Unwind@1162ad90	25
1162b280	Unwind@1162b280	18
1162b292	Unwind@1162b292	25
1162b3c0	Unwind@1162b3c0	18
1162b3d2	Unwind@1162b3d2	25
1162bb80	Unwind@1162bb80	18
1162bbd0	Unwind@1162bbd0	18
1162bbe2	Unwind@1162bbe2	18
1162bbf4	Unwind@1162bbf4	25
1162bc50	Unwind@1162bc50	18
1162bca0	Unwind@1162bca0	18
1162bcf0	Unwind@1162bcf0	18
1162bd40	Unwind@1162bd40	18
1162bd52	Unwind@1162bd52	25
1162bdf8	Unwind@1162bdf8	25
1162bef8	Unwind@1162bef8	34
1162c0e0	Unwind@1162c0e0	25
1162c190	Unwind@1162c190	28
1162cff0	Unwind@1162cff0	18
1162d002	Unwind@1162d002	25
1162d640	Unwind@1162d640	18
1162d652	Unwind@1162d652	25
1162dac0	Unwind@1162dac0	18
1162dad2	Unwind@1162dad2	25
1162e4c0	Unwind@1162e4c0	18
1162e504	Unwind@1162e504	25
1162e560	Unwind@1162e560	18
1162e5b0	Unwind@1162e5b0	18
1162e600	Unwind@1162e600	18
1162e650	Unwind@1162e650	18
1162e6a0	Unwind@1162e6a0	18
1162e6f0	Unwind@1162e6f0	18
1162e740	Unwind@1162e740	18
1162e790	Unwind@1162e790	18
1162e7e0	Unwind@1162e7e0	18
1162e830	Unwind@1162e830	18
1162e880	Unwind@1162e880	18
1162e8d0	Unwind@1162e8d0	18
1162e8e2	Unwind@1162e8e2	18
1162e8f4	Unwind@1162e8f4	25
1162e950	Unwind@1162e950	18
1162e9a0	Unwind@1162e9a0	18
1162e9b2	Unwind@1162e9b2	25
116303f8	Unwind@116303f8	30
11630416	Unwind@11630416	18
1163045a	Unwind@1163045a	25
1163048c	Unwind@1163048c	25
116304be	Unwind@116304be	25
11630638	Unwind@11630638	25
1163068a	Unwind@1163068a	25
11631528	Unwind@11631528	18
1163154a	Unwind@1163154a	25
11631563	Unwind@11631563	25
116315f0	Unwind@116315f0	18
11631640	Unwind@11631640	18
11631690	Unwind@11631690	18
116316e0	Unwind@116316e0	18
11631730	Unwind@11631730	18
11631780	Unwind@11631780	18
116317d0	Unwind@116317d0	18
116318a0	Unwind@116318a0	18
116318b2	Unwind@116318b2	25
11631961	Unwind@11631961	25
11631993	Unwind@11631993	25
11631e20	Unwind@11631e20	25
11631ec1	Unwind@11631ec1	25
11631ef3	Unwind@11631ef3	25
11632530	Unwind@11632530	25
11632ec0	Unwind@11632ec0	25
11633520	Unwind@11633520	18
11633532	Unwind@11633532	25
11633580	Unwind@11633580	18
11633592	Unwind@11633592	25
116338c0	Unwind@116338c0	18
116338d2	Unwind@116338d2	25
116345a0	Unwind@116345a0	18
116345e4	Unwind@116345e4	25
11634658	Unwind@11634658	18
1163467a	Unwind@1163467a	25
11634693	Unwind@11634693	25
11634720	Unwind@11634720	18
11634764	Unwind@11634764	25
116347c0	Unwind@116347c0	18
116347d2	Unwind@116347d2	25
11634820	Unwind@11634820	18
11634870	Unwind@11634870	18
116348c0	Unwind@116348c0	18
11634910	Unwind@11634910	18
11634960	Unwind@11634960	18
116349b0	Unwind@116349b0	18
11634a00	Unwind@11634a00	18
11634a50	Unwind@11634a50	18
11634a62	Unwind@11634a62	18
11634a74	Unwind@11634a74	25
11634ad0	Unwind@11634ad0	18
11634b20	Unwind@11634b20	18
11634b70	Unwind@11634b70	18
11634bc0	Unwind@11634bc0	18
11634c10	Unwind@11634c10	18
11634c60	Unwind@11634c60	18
11634cb0	Unwind@11634cb0	18
11634cc2	Unwind@11634cc2	25
11636a78	Unwind@11636a78	25
11636c19	Unwind@11636c19	25
11636cac	Unwind@11636cac	25
11636cf9	Unwind@11636cf9	18
11636da8	Unwind@11636da8	25
11636dc1	Unwind@11636dc1	18
11636e05	Unwind@11636e05	25
11636e56	Unwind@11636e56	25
11636f48	Unwind@11636f48	25
11636f61	Unwind@11636f61	18
11636f73	Unwind@11636f73	25
11637978	Unwind@11637978	18
1163799a	Unwind@1163799a	25
116379b3	Unwind@116379b3	25
11637a40	Unwind@11637a40	18
11637a90	Unwind@11637a90	18
11637ae0	Unwind@11637ae0	18
11637b30	Unwind@11637b30	18
11637b80	Unwind@11637b80	18
11637b92	Unwind@11637b92	25
11637be0	Unwind@11637be0	18
11637bf2	Unwind@11637bf2	25
11637de1	Unwind@11637de1	28
116389c0	Unwind@116389c0	18
11638a03	Unwind@11638a03	25
11638a1c	Unwind@11638a1c	18
11638db0	Unwind@11638db0	18
11638dc2	Unwind@11638dc2	25
11638ed0	Unwind@11638ed0	18
11638ee2	Unwind@11638ee2	25
11639730	Unwind@11639730	18
11639780	Unwind@11639780	18
116397d0	Unwind@116397d0	18
116397e2	Unwind@116397e2	18
116397f4	Unwind@116397f4	25
11639850	Unwind@11639850	18
116398a0	Unwind@116398a0	18
116398f0	Unwind@116398f0	18
11639940	Unwind@11639940	18
11639990	Unwind@11639990	18
116399e0	Unwind@116399e0	18
116399f2	Unwind@116399f2	25
1163a1e6	Unwind@1163a1e6	28
1163a21b	Unwind@1163a21b	28
1163a851	Unwind@1163a851	25
1163aa30	Unwind@1163aa30	18
1163bdd0	Unwind@1163bdd0	18
1163be20	Unwind@1163be20	18
1163be70	Unwind@1163be70	18
1163bec0	Unwind@1163bec0	18
1163bf10	Unwind@1163bf10	18
1163bf60	Unwind@1163bf60	18
1163bfb0	Unwind@1163bfb0	18
1163c000	Unwind@1163c000	18
1163c050	Unwind@1163c050	18
1163c0a0	Unwind@1163c0a0	18
1163c0f0	Unwind@1163c0f0	18
1163c140	Unwind@1163c140	18
1163c190	Unwind@1163c190	18
1163c1e0	Unwind@1163c1e0	18
1163c1f2	Unwind@1163c1f2	25
1163c3a1	Unwind@1163c3a1	28
1163c3bd	Unwind@1163c3bd	28
1163c3d9	Unwind@1163c3d9	28
1163c3f5	Unwind@1163c3f5	28
1163c54d	Unwind@1163c54d	28
1163c569	Unwind@1163c569	28
1163c801	Unwind@1163c801	28
1163c81d	Unwind@1163c81d	28
1163c839	Unwind@1163c839	28
1163c855	Unwind@1163c855	28
1163c9ef	Unwind@1163c9ef	28
1163d254	Unwind@1163d254	28
1163d270	Unwind@1163d270	28
1163d2a5	Unwind@1163d2a5	28
1163e9c9	Unwind@1163e9c9	25
1163e9e2	Unwind@1163e9e2	25
1163eb29	Unwind@1163eb29	25
1163eb42	Unwind@1163eb42	25
1163ec79	Unwind@1163ec79	25
1163ec92	Unwind@1163ec92	25
1163f570	Unwind@1163f570	18
1163f582	Unwind@1163f582	25
1163fab0	Unwind@1163fab0	18
1163fac2	Unwind@1163fac2	25
116404f0	Unwind@116404f0	18
11640540	Unwind@11640540	18
11640590	Unwind@11640590	18
116405e0	Unwind@116405e0	18
11640630	Unwind@11640630	18
11640680	Unwind@11640680	18
116406d0	Unwind@116406d0	18
11640720	Unwind@11640720	18
11640770	Unwind@11640770	18
116407c0	Unwind@116407c0	18
11640810	Unwind@11640810	18
11640860	Unwind@11640860	18
116408b0	Unwind@116408b0	18
11640900	Unwind@11640900	18
11640912	Unwind@11640912	18
11640924	Unwind@11640924	25
11640980	Unwind@11640980	18
116409d0	Unwind@116409d0	18
11640a20	Unwind@11640a20	18
11640a32	Unwind@11640a32	25
11641266	Unwind@11641266	28
1164129b	Unwind@1164129b	28
11642e79	Unwind@11642e79	25
11642eab	Unwind@11642eab	25
11642edd	Unwind@11642edd	25
11642f0f	Unwind@11642f0f	30
11643221	Unwind@11643221	25
116433a0	Unwind@116433a0	18
11643d90	Unwind@11643d90	18
11643de0	Unwind@11643de0	18
11643df2	Unwind@11643df2	25
11643fc0	Unwind@11643fc0	25
116441b9	Unwind@116441b9	28
116441d5	Unwind@116441d5	25
116441ee	Unwind@116441ee	25
11644207	Unwind@11644207	25
11644220	Unwind@11644220	25
11644239	Unwind@11644239	25
11644252	Unwind@11644252	30
1164428e	Unwind@1164428e	30
11644e40	Unwind@11644e40	18
11644e90	Unwind@11644e90	18
11644ee0	Unwind@11644ee0	18
11644f30	Unwind@11644f30	18
11644f80	Unwind@11644f80	18
11644f92	Unwind@11644f92	25
11645187	Unwind@11645187	28
116451a3	Unwind@116451a3	28
11645969	Unwind@11645969	28
11645985	Unwind@11645985	28
11645e38	Unwind@11645e38	30
11645e66	Unwind@11645e66	25
11645e7f	Unwind@11645e7f	25
11645eb1	Unwind@11645eb1	25
11645eca	Unwind@11645eca	25
11646580	Unwind@11646580	18
11646592	Unwind@11646592	25
116465e0	Unwind@116465e0	18
116465f2	Unwind@116465f2	25
11646760	Unwind@11646760	18
11646772	Unwind@11646772	25
116468e0	Unwind@116468e0	18
116468f2	Unwind@116468f2	25
11647358	Unwind@11647358	18
1164737a	Unwind@1164737a	25
11647393	Unwind@11647393	25
11647420	Unwind@11647420	18
11647470	Unwind@11647470	18
116474c0	Unwind@116474c0	18
11647510	Unwind@11647510	18
11647522	Unwind@11647522	18
11647534	Unwind@11647534	25
11647590	Unwind@11647590	18
116475e0	Unwind@116475e0	18
11647630	Unwind@11647630	18
11647642	Unwind@11647642	18
11647654	Unwind@11647654	25
116476b0	Unwind@116476b0	18
11647700	Unwind@11647700	18
11647750	Unwind@11647750	18
116477a0	Unwind@116477a0	18
116477f0	Unwind@116477f0	18
11647802	Unwind@11647802	25
11647d11	Unwind@11647d11	25
11647d43	Unwind@11647d43	25
11649160	Unwind@11649160	25
116492d2	Unwind@116492d2	25
116493fc	Unwind@116493fc	18
11649ac0	Unwind@11649ac0	18
11649ad2	Unwind@11649ad2	25
11649b20	Unwind@11649b20	18
11649b32	Unwind@11649b32	25
11649b80	Unwind@11649b80	18
11649b92	Unwind@11649b92	25
11649be0	Unwind@11649be0	18
11649bf2	Unwind@11649bf2	25
11649c40	Unwind@11649c40	18
11649c52	Unwind@11649c52	25
11649d00	Unwind@11649d00	18
11649d12	Unwind@11649d12	25
1164a000	Unwind@1164a000	18
1164a012	Unwind@1164a012	25
1164a2a0	Unwind@1164a2a0	18
1164a2b2	Unwind@1164a2b2	25
1164ada0	Unwind@1164ada0	18
1164adb2	Unwind@1164adb2	18
1164adc4	Unwind@1164adc4	25
1164ae20	Unwind@1164ae20	18
1164ae32	Unwind@1164ae32	18
1164ae44	Unwind@1164ae44	25
1164aea0	Unwind@1164aea0	18
1164aef0	Unwind@1164aef0	18
1164af40	Unwind@1164af40	18
1164af90	Unwind@1164af90	18
1164afe0	Unwind@1164afe0	18
1164b030	Unwind@1164b030	18
1164b080	Unwind@1164b080	18
1164b092	Unwind@1164b092	18
1164b0a4	Unwind@1164b0a4	25
1164b100	Unwind@1164b100	18
1164b150	Unwind@1164b150	18
1164b1a0	Unwind@1164b1a0	18
1164b1f0	Unwind@1164b1f0	18
1164b240	Unwind@1164b240	18
1164b290	Unwind@1164b290	18
1164b2a2	Unwind@1164b2a2	18
1164b2b4	Unwind@1164b2b4	25
1164b310	Unwind@1164b310	18
1164b360	Unwind@1164b360	18
1164b3c8	Unwind@1164b3c8	18
1164b450	Unwind@1164b450	25
1164b530	Unwind@1164b530	18
1164b542	Unwind@1164b542	25
1164bfe0	Unwind@1164bfe0	25
1164d218	Unwind@1164d218	25
1164d231	Unwind@1164d231	25
1164e8d0	Unwind@1164e8d0	18
1164e920	Unwind@1164e920	18
1164e970	Unwind@1164e970	18
1164e9c0	Unwind@1164e9c0	18
1164ea10	Unwind@1164ea10	18
1164ea60	Unwind@1164ea60	18
1164eab0	Unwind@1164eab0	18
1164eb00	Unwind@1164eb00	18
1164eb50	Unwind@1164eb50	18
1164eba0	Unwind@1164eba0	18
1164ebf0	Unwind@1164ebf0	18
1164ec40	Unwind@1164ec40	18
1164ec90	Unwind@1164ec90	18
1164ece0	Unwind@1164ece0	18
1164ed30	Unwind@1164ed30	18
1164ed80	Unwind@1164ed80	18
1164edd0	Unwind@1164edd0	18
1164ede2	Unwind@1164ede2	25
1164efb9	Unwind@1164efb9	25
1164efd2	Unwind@1164efd2	25
1164f5a0	Unwind@1164f5a0	28
1164f5bc	Unwind@1164f5bc	28
1164f84b	Unwind@1164f84b	28
1164f867	Unwind@1164f867	28
1164fba1	Unwind@1164fba1	28
1164fbbd	Unwind@1164fbbd	28
1164ffe0	Unwind@1164ffe0	25
1164fff9	Unwind@1164fff9	25
11651ad0	Unwind@11651ad0	25
11651ae9	Unwind@11651ae9	25
11651b0a	Unwind@11651b0a	25
11651b23	Unwind@11651b23	25
11653150	Unwind@11653150	18
116531a0	Unwind@116531a0	18
116531f0	Unwind@116531f0	18
11653240	Unwind@11653240	18
11653290	Unwind@11653290	18
116532e0	Unwind@116532e0	18
116533b0	Unwind@116533b0	18
116533c2	Unwind@116533c2	25
11653510	Unwind@11653510	25
11653c00	Unwind@11653c00	25
11653cd0	Unwind@11653cd0	25
11653da0	Unwind@11653da0	25
11654460	Unwind@11654460	25
11654481	Unwind@11654481	25
116545a1	Unwind@116545a1	25
116545d3	Unwind@116545d3	25
11654605	Unwind@11654605	25
11654dd0	Unwind@11654dd0	18
11654e20	Unwind@11654e20	18
11654e70	Unwind@11654e70	18
11654e82	Unwind@11654e82	25
11654f41	Unwind@11654f41	28
11654f5d	Unwind@11654f5d	25
11655161	Unwind@11655161	25
1165517a	Unwind@1165517a	28
116555e0	Unwind@116555e0	18
116555f2	Unwind@116555f2	25
116556a0	Unwind@116556a0	18
116556b2	Unwind@116556b2	25
11655b70	Unwind@11655b70	18
11655bc0	Unwind@11655bc0	18
11655bd2	Unwind@11655bd2	18
11655be4	Unwind@11655be4	25
11655c40	Unwind@11655c40	18
11655c52	Unwind@11655c52	25
11655d1e	Unwind@11655d1e	25
11655d37	Unwind@11655d37	25
11655e04	Unwind@11655e04	28
11655e20	Unwind@11655e20	28
11656b50	Unwind@11656b50	18
11656ba0	Unwind@11656ba0	18
11656bf0	Unwind@11656bf0	18
11656c40	Unwind@11656c40	18
11656c90	Unwind@11656c90	18
11656ca2	Unwind@11656ca2	25
11657621	Unwind@11657621	25
11657d80	Unwind@11657d80	18
11657dd0	Unwind@11657dd0	18
11657e20	Unwind@11657e20	18
11657e70	Unwind@11657e70	18
11657e82	Unwind@11657e82	25
11658011	Unwind@11658011	28
11658046	Unwind@11658046	28
11658648	Unwind@11658648	25
11658730	Unwind@11658730	25
11658749	Unwind@11658749	25
11658762	Unwind@11658762	25
11658930	Unwind@11658930	25
11658949	Unwind@11658949	25
11658962	Unwind@11658962	25
11658c40	Unwind@11658c40	25
11658ec0	Unwind@11658ec0	25
11658ed9	Unwind@11658ed9	25
11659030	Unwind@11659030	25
11659049	Unwind@11659049	25
11659062	Unwind@11659062	25
11659180	Unwind@11659180	25
11659199	Unwind@11659199	25
11659700	Unwind@11659700	25
116597d0	Unwind@116597d0	25
116598f0	Unwind@116598f0	25
11659909	Unwind@11659909	25
1165992a	Unwind@1165992a	25
11659943	Unwind@11659943	25
11659f29	Unwind@11659f29	25
1165a650	Unwind@1165a650	18
1165a6a0	Unwind@1165a6a0	18
1165a6f0	Unwind@1165a6f0	18
1165a702	Unwind@1165a702	25
1165af30	Unwind@1165af30	18
1165af42	Unwind@1165af42	25
1165af90	Unwind@1165af90	18
1165afa2	Unwind@1165afa2	25
1165b230	Unwind@1165b230	18
1165b242	Unwind@1165b242	25
1165b2f0	Unwind@1165b2f0	18
1165b302	Unwind@1165b302	25
1165bb80	Unwind@1165bb80	18
1165bbd0	Unwind@1165bbd0	18
1165bc20	Unwind@1165bc20	18
1165bc70	Unwind@1165bc70	18
1165bcc0	Unwind@1165bcc0	18
1165bd10	Unwind@1165bd10	18
1165bd60	Unwind@1165bd60	18
1165bd72	Unwind@1165bd72	18
1165bd84	Unwind@1165bd84	25
1165bde0	Unwind@1165bde0	18
1165bdf2	Unwind@1165bdf2	18
1165be04	Unwind@1165be04	25
1165be60	Unwind@1165be60	18
1165beb0	Unwind@1165beb0	18
1165bf00	Unwind@1165bf00	18
1165bf50	Unwind@1165bf50	18
1165bf62	Unwind@1165bf62	25
1165d077	Unwind@1165d077	25
1165d10e	Unwind@1165d10e	25
1165d140	Unwind@1165d140	25
1165d361	Unwind@1165d361	25
1165d438	Unwind@1165d438	25
1165d451	Unwind@1165d451	25
1165d472	Unwind@1165d472	18
1165d518	Unwind@1165d518	25
1165d531	Unwind@1165d531	25
1165d584	Unwind@1165d584	18
1165da20	Unwind@1165da20	18
1165da32	Unwind@1165da32	25
1165da80	Unwind@1165da80	18
1165da92	Unwind@1165da92	25
1165dae0	Unwind@1165dae0	18
1165daf2	Unwind@1165daf2	25
1165dc60	Unwind@1165dc60	18
1165dc72	Unwind@1165dc72	25
1165dd20	Unwind@1165dd20	18
1165dd32	Unwind@1165dd32	25
1165dde0	Unwind@1165dde0	18
1165ddf2	Unwind@1165ddf2	25
1165e570	Unwind@1165e570	18
1165e5c0	Unwind@1165e5c0	18
1165e610	Unwind@1165e610	18
1165e660	Unwind@1165e660	18
1165e672	Unwind@1165e672	18
1165e684	Unwind@1165e684	25
1165e6e0	Unwind@1165e6e0	18
1165e6f2	Unwind@1165e6f2	18
1165e704	Unwind@1165e704	25
1165e760	Unwind@1165e760	18
1165e772	Unwind@1165e772	18
1165e784	Unwind@1165e784	25
1165e7e0	Unwind@1165e7e0	18
1165e8b0	Unwind@1165e8b0	18
1165e8c2	Unwind@1165e8c2	25
1165edc3	Unwind@1165edc3	25
1165ee53	Unwind@1165ee53	25
1165f398	Unwind@1165f398	25
1165fba0	Unwind@1165fba0	18
1165fbf0	Unwind@1165fbf0	18
1165fc40	Unwind@1165fc40	18
1165fc52	Unwind@1165fc52	25
1165fe48	Unwind@1165fe48	25
1165fef0	Unwind@1165fef0	25
1165ff09	Unwind@1165ff09	25
1165ff22	Unwind@1165ff22	25
116602c0	Unwind@116602c0	18
11660330	Unwind@11660330	25
11660349	Unwind@11660349	25
11660a70	Unwind@11660a70	18
11660a82	Unwind@11660a82	25
11660bd0	Unwind@11660bd0	18
11660be2	Unwind@11660be2	25
11661500	Unwind@11661500	18
11661512	Unwind@11661512	18
11661524	Unwind@11661524	25
11661580	Unwind@11661580	18
116615d0	Unwind@116615d0	18
11661630	Unwind@11661630	18
11661680	Unwind@11661680	18
116616d0	Unwind@116616d0	18
116616e2	Unwind@116616e2	25
11661ba0	Unwind@11661ba0	25
11662040	Unwind@11662040	25
116622e0	Unwind@116622e0	25
116626c0	Unwind@116626c0	18
116626d2	Unwind@116626d2	25
11662720	Unwind@11662720	18
11662732	Unwind@11662732	25
11662cb0	Unwind@11662cb0	18
11662cc2	Unwind@11662cc2	18
11662cd4	Unwind@11662cd4	25
11662d30	Unwind@11662d30	18
11662d80	Unwind@11662d80	18
11662d92	Unwind@11662d92	25
11664160	Unwind@11664160	18
116641b0	Unwind@116641b0	18
11664200	Unwind@11664200	18
11664250	Unwind@11664250	18
116642a0	Unwind@116642a0	18
116642b2	Unwind@116642b2	25
11664a40	Unwind@11664a40	25
11664ca0	Unwind@11664ca0	25
11665081	Unwind@11665081	28
1166509d	Unwind@1166509d	25
116650b6	Unwind@116650b6	25
116650cf	Unwind@116650cf	25
116650e8	Unwind@116650e8	25
11665101	Unwind@11665101	25
1166511a	Unwind@1166511a	30
11665156	Unwind@11665156	30
116655d0	Unwind@116655d0	18
116655e2	Unwind@116655e2	25
11665630	Unwind@11665630	18
11665642	Unwind@11665642	25
11665690	Unwind@11665690	18
116656a2	Unwind@116656a2	25
116656f0	Unwind@116656f0	18
11665702	Unwind@11665702	25
11665750	Unwind@11665750	18
11665762	Unwind@11665762	25
116657b0	Unwind@116657b0	18
116657c2	Unwind@116657c2	25
116658d0	Unwind@116658d0	18
116658e2	Unwind@116658e2	25
116659f0	Unwind@116659f0	18
11665a02	Unwind@11665a02	25
11665b10	Unwind@11665b10	18
11665b22	Unwind@11665b22	25
11665bd0	Unwind@11665bd0	18
11665be2	Unwind@11665be2	25
11666410	Unwind@11666410	18
11666422	Unwind@11666422	18
11666434	Unwind@11666434	25
11666490	Unwind@11666490	18
116664e0	Unwind@116664e0	18
116664f2	Unwind@116664f2	18
11666504	Unwind@11666504	25
11666560	Unwind@11666560	18
116665b0	Unwind@116665b0	18
116665c2	Unwind@116665c2	18
116665d4	Unwind@116665d4	25
11666630	Unwind@11666630	18
11666680	Unwind@11666680	18
11666692	Unwind@11666692	18
116666a4	Unwind@116666a4	25
11666700	Unwind@11666700	18
11666712	Unwind@11666712	18
11666724	Unwind@11666724	25
11666780	Unwind@11666780	18
116667d0	Unwind@116667d0	18
116667e2	Unwind@116667e2	25
11667c50	Unwind@11667c50	25
11667d40	Unwind@11667d40	34
11667e33	Unwind@11667e33	18
11667e45	Unwind@11667e45	31
11667e64	Unwind@11667e64	31
11667edd	Unwind@11667edd	31
11668bbf	Unwind@11668bbf	25
11668c10	Unwind@11668c10	18
11668c60	Unwind@11668c60	18
11668cb0	Unwind@11668cb0	18
11668d00	Unwind@11668d00	18
11668d50	Unwind@11668d50	18
11668d62	Unwind@11668d62	25
11669466	Unwind@11669466	28
11669a29	Unwind@11669a29	25
11669a42	Unwind@11669a42	25
11669a6a	Unwind@11669a6a	25
11669e60	Unwind@11669e60	18
11669e72	Unwind@11669e72	25
11669ec0	Unwind@11669ec0	18
11669ed2	Unwind@11669ed2	25
11669f80	Unwind@11669f80	18
11669f92	Unwind@11669f92	25
1166a0a0	Unwind@1166a0a0	18
1166a0b2	Unwind@1166a0b2	25
1166a5e0	Unwind@1166a5e0	18
1166a630	Unwind@1166a630	18
1166a642	Unwind@1166a642	18
1166a654	Unwind@1166a654	25
1166a6b0	Unwind@1166a6b0	18
1166a700	Unwind@1166a700	18
1166a712	Unwind@1166a712	18
1166a724	Unwind@1166a724	25
1166a780	Unwind@1166a780	18
1166a792	Unwind@1166a792	25
1166aec0	Unwind@1166aec0	18
1166aed2	Unwind@1166aed2	25
1166afe0	Unwind@1166afe0	18
1166aff2	Unwind@1166aff2	25
1166b6ff	Unwind@1166b6ff	25
1166b75f	Unwind@1166b75f	25
1166b7b0	Unwind@1166b7b0	18
1166b800	Unwind@1166b800	18
1166b850	Unwind@1166b850	18
1166b862	Unwind@1166b862	18
1166b874	Unwind@1166b874	25
1166b8d0	Unwind@1166b8d0	18
1166b920	Unwind@1166b920	18
1166b932	Unwind@1166b932	25
1166bdb6	Unwind@1166bdb6	28
1166c278	Unwind@1166c278	25
1166c2a0	Unwind@1166c2a0	25
1166c323	Unwind@1166c323	25
1166c34b	Unwind@1166c34b	25
1166ce20	Unwind@1166ce20	18
1166ce70	Unwind@1166ce70	18
1166cec0	Unwind@1166cec0	18
1166cf10	Unwind@1166cf10	18
1166cf22	Unwind@1166cf22	25
1166d009	Unwind@1166d009	28
1166d03e	Unwind@1166d03e	28
1166d320	Unwind@1166d320	28
1166d363	Unwind@1166d363	25
1166dcf0	Unwind@1166dcf0	25
1166e981	Unwind@1166e981	25
1166eda0	Unwind@1166eda0	18
1166edb2	Unwind@1166edb2	25
1166eec0	Unwind@1166eec0	18
1166eed2	Unwind@1166eed2	25
1166f710	Unwind@1166f710	25
1166f850	Unwind@1166f850	18
1166f8a0	Unwind@1166f8a0	18
1166f8f0	Unwind@1166f8f0	18
1166f902	Unwind@1166f902	18
1166f914	Unwind@1166f914	25
1166f970	Unwind@1166f970	18
1166f9c0	Unwind@1166f9c0	18
1166fa10	Unwind@1166fa10	18
1166fa22	Unwind@1166fa22	25
116704b8	Unwind@116704b8	25
116704e1	Unwind@116704e1	25
11670ad0	Unwind@11670ad0	18
11670ae2	Unwind@11670ae2	25
11670b30	Unwind@11670b30	18
11670b42	Unwind@11670b42	25
11670b90	Unwind@11670b90	18
11670ba2	Unwind@11670ba2	25
11670bf0	Unwind@11670bf0	18
11670c02	Unwind@11670c02	25
11670e30	Unwind@11670e30	18
11670e42	Unwind@11670e42	25
11670f50	Unwind@11670f50	18
11670f62	Unwind@11670f62	25
116717e0	Unwind@116717e0	18
116717f2	Unwind@116717f2	18
11671804	Unwind@11671804	25
11671860	Unwind@11671860	18
116718b0	Unwind@116718b0	18
11671900	Unwind@11671900	18
11671950	Unwind@11671950	18
116719a0	Unwind@116719a0	18
116719b2	Unwind@116719b2	18
116719c4	Unwind@116719c4	25
11671a20	Unwind@11671a20	18
11671a70	Unwind@11671a70	18
11671a82	Unwind@11671a82	18
11671a94	Unwind@11671a94	25
11671af0	Unwind@11671af0	18
11671b02	Unwind@11671b02	25
116722e0	Unwind@116722e0	25
11672440	Unwind@11672440	25
11672bee	Unwind@11672bee	18
11673080	Unwind@11673080	18
11673092	Unwind@11673092	25
116730e0	Unwind@116730e0	18
116730f2	Unwind@116730f2	25
116738a0	Unwind@116738a0	18
116738b2	Unwind@116738b2	18
116738c4	Unwind@116738c4	25
11673920	Unwind@11673920	18
11673970	Unwind@11673970	18
116739c0	Unwind@116739c0	18
11673a10	Unwind@11673a10	18
11673a22	Unwind@11673a22	25
11675980	Unwind@11675980	18
116759d0	Unwind@116759d0	18
11675a20	Unwind@11675a20	18
11675a70	Unwind@11675a70	18
11675ac0	Unwind@11675ac0	18
11675b10	Unwind@11675b10	18
11675b60	Unwind@11675b60	18
11675bb0	Unwind@11675bb0	18
11675c00	Unwind@11675c00	18
11675c50	Unwind@11675c50	18
11675ca0	Unwind@11675ca0	18
11675cf0	Unwind@11675cf0	18
11675d02	Unwind@11675d02	25
11677548	Unwind@11677548	18
116775af	Unwind@116775af	18
11677600	Unwind@11677600	18
116776b8	Unwind@116776b8	18
11677737	Unwind@11677737	18
116777e8	Unwind@116777e8	18
11677cc0	Unwind@11677cc0	18
11677cd2	Unwind@11677cd2	25
11677d20	Unwind@11677d20	18
11677d32	Unwind@11677d32	25
11677d80	Unwind@11677d80	18
11677d92	Unwind@11677d92	25
11677e40	Unwind@11677e40	18
11677e52	Unwind@11677e52	25
116784b0	Unwind@116784b0	18
116784c2	Unwind@116784c2	18
116784d4	Unwind@116784d4	25
11678530	Unwind@11678530	18
11678542	Unwind@11678542	18
11678554	Unwind@11678554	25
116785b0	Unwind@116785b0	18
11678600	Unwind@11678600	18
11678612	Unwind@11678612	25
116786a3	Unwind@116786a3	28
116786d8	Unwind@116786d8	28
11679330	Unwind@11679330	18
11679380	Unwind@11679380	18
116793d0	Unwind@116793d0	18
11679420	Unwind@11679420	18
1167944b	Unwind@1167944b	25
116794a0	Unwind@116794a0	18
116794b2	Unwind@116794b2	25
11679726	Unwind@11679726	25
1167a980	Unwind@1167a980	18
1167a9d0	Unwind@1167a9d0	18
1167aa20	Unwind@1167aa20	18
1167aa70	Unwind@1167aa70	18
1167aac0	Unwind@1167aac0	18
1167ab28	Unwind@1167ab28	18
1167abb0	Unwind@1167abb0	18
1167abc2	Unwind@1167abc2	25
1167b920	Unwind@1167b920	25
1167b951	Unwind@1167b951	25
1167b96a	Unwind@1167b96a	25
1167d2b0	Unwind@1167d2b0	18
1167d300	Unwind@1167d300	18
1167d350	Unwind@1167d350	18
1167d3a0	Unwind@1167d3a0	18
1167d3f0	Unwind@1167d3f0	18
1167d440	Unwind@1167d440	18
1167d490	Unwind@1167d490	18
1167d4e0	Unwind@1167d4e0	18
1167d530	Unwind@1167d530	18
1167d5a0	Unwind@1167d5a0	18
1167d5f0	Unwind@1167d5f0	18
1167d640	Unwind@1167d640	18
1167d6a0	Unwind@1167d6a0	18
1167d6f0	Unwind@1167d6f0	18
1167d702	Unwind@1167d702	25
1167d7cc	Unwind@1167d7cc	25
1167dcd1	Unwind@1167dcd1	25
1167e38f	Unwind@1167e38f	28
1167e54f	Unwind@1167e54f	28
1167e584	Unwind@1167e584	28
1167e780	Unwind@1167e780	28
1167e7d6	Unwind@1167e7d6	28
1167e82c	Unwind@1167e82c	28
1167f041	Unwind@1167f041	25
1167f1a7	Unwind@1167f1a7	25
1167f53b	Unwind@1167f53b	25
1167f690	Unwind@1167f690	25
11681c40	Unwind@11681c40	18
11681c90	Unwind@11681c90	18
11681ce0	Unwind@11681ce0	18
11681cf2	Unwind@11681cf2	25
11682140	Unwind@11682140	25
11682958	Unwind@11682958	18
1168296a	Unwind@1168296a	25
11682983	Unwind@11682983	25
11682a08	Unwind@11682a08	18
11682a1a	Unwind@11682a1a	25
11682a33	Unwind@11682a33	25
11682aa0	Unwind@11682aa0	18
11682af0	Unwind@11682af0	18
11682b40	Unwind@11682b40	18
11682b52	Unwind@11682b52	25
11682ee0	Unwind@11682ee0	25
116838f8	Unwind@116838f8	18
1168391a	Unwind@1168391a	25
11683933	Unwind@11683933	25
116839c0	Unwind@116839c0	18
11683a10	Unwind@11683a10	18
11683a60	Unwind@11683a60	18
11683a72	Unwind@11683a72	25
11684770	Unwind@11684770	18
11684782	Unwind@11684782	25
116847d0	Unwind@116847d0	18
116847e2	Unwind@116847e2	25
11684830	Unwind@11684830	18
11684842	Unwind@11684842	25
11684910	Unwind@11684910	18
11684922	Unwind@11684922	25
116849d0	Unwind@116849d0	18
116849e2	Unwind@116849e2	25
11684e50	Unwind@11684e50	18
11684e62	Unwind@11684e62	25
11685a10	Unwind@11685a10	18
11685a22	Unwind@11685a22	18
11685a34	Unwind@11685a34	25
11685a90	Unwind@11685a90	18
11685aa2	Unwind@11685aa2	18
11685ab4	Unwind@11685ab4	25
11685b10	Unwind@11685b10	18
11685b60	Unwind@11685b60	18
11685bb0	Unwind@11685bb0	18
11685c00	Unwind@11685c00	18
11685c50	Unwind@11685c50	18
11685ca0	Unwind@11685ca0	18
11685cf0	Unwind@11685cf0	18
11685d40	Unwind@11685d40	18
11685d90	Unwind@11685d90	18
11685de0	Unwind@11685de0	18
11685e30	Unwind@11685e30	18
11685e42	Unwind@11685e42	18
11685e54	Unwind@11685e54	25
11685eb0	Unwind@11685eb0	18
11685ec2	Unwind@11685ec2	25
1168620b	Unwind@1168620b	28
11686240	Unwind@11686240	28
11686cdd	Unwind@11686cdd	34
11686cff	Unwind@11686cff	34
11686d21	Unwind@11686d21	34
11686ea0	Unwind@11686ea0	25
11687b39	Unwind@11687b39	18
11688e30	Unwind@11688e30	18
11688e80	Unwind@11688e80	18
11688ed0	Unwind@11688ed0	18
11688f20	Unwind@11688f20	18
11688f70	Unwind@11688f70	18
11688fc0	Unwind@11688fc0	18
11689010	Unwind@11689010	18
11689060	Unwind@11689060	18
116890b0	Unwind@116890b0	18
11689100	Unwind@11689100	18
11689150	Unwind@11689150	18
116891a0	Unwind@116891a0	18
116891f0	Unwind@116891f0	18
11689202	Unwind@11689202	25
1168a870	Unwind@1168a870	18
1168a8c0	Unwind@1168a8c0	18
1168a910	Unwind@1168a910	18
1168a960	Unwind@1168a960	18
1168a972	Unwind@1168a972	25
1168c060	Unwind@1168c060	18
1168c0b0	Unwind@1168c0b0	18
1168c100	Unwind@1168c100	18
1168c150	Unwind@1168c150	18
1168c162	Unwind@1168c162	25
1168c4b0	Unwind@1168c4b0	25
1168c560	Unwind@1168c560	25
1168c618	Unwind@1168c618	25
1168c680	Unwind@1168c680	25
1168c730	Unwind@1168c730	25
1168d120	Unwind@1168d120	18
1168d170	Unwind@1168d170	18
1168d1c0	Unwind@1168d1c0	18
1168d210	Unwind@1168d210	18
1168d222	Unwind@1168d222	25
1168dc60	Unwind@1168dc60	18
1168dcb0	Unwind@1168dcb0	18
1168dd20	Unwind@1168dd20	18
1168dd32	Unwind@1168dd32	25
1168e110	Unwind@1168e110	25
1168e810	Unwind@1168e810	18
1168e860	Unwind@1168e860	18
1168e8b0	Unwind@1168e8b0	18
1168e900	Unwind@1168e900	18
1168e912	Unwind@1168e912	25
1168ec70	Unwind@1168ec70	25
1168f060	Unwind@1168f060	25
1168f0f0	Unwind@1168f0f0	25
1168f180	Unwind@1168f180	25
1168fa40	Unwind@1168fa40	18
1168fa90	Unwind@1168fa90	18
1168fae0	Unwind@1168fae0	18
1168fb30	Unwind@1168fb30	18
1168fb80	Unwind@1168fb80	18
1168fb92	Unwind@1168fb92	25
11690380	Unwind@11690380	25
116904c2	Unwind@116904c2	25
116905f0	Unwind@116905f0	25
116916c0	Unwind@116916c0	18
11691710	Unwind@11691710	18
11691760	Unwind@11691760	18
116917b0	Unwind@116917b0	18
11691800	Unwind@11691800	18
11691850	Unwind@11691850	18
116918a0	Unwind@116918a0	18
116918f0	Unwind@116918f0	18
11691902	Unwind@11691902	25
116920b0	Unwind@116920b0	25
1169217b	Unwind@1169217b	25
11692780	Unwind@11692780	18
11692880	Unwind@11692880	18
116933a0	Unwind@116933a0	18
116933b2	Unwind@116933b2	25
11693400	Unwind@11693400	18
11693450	Unwind@11693450	18
116934a0	Unwind@116934a0	18
116934f0	Unwind@116934f0	18
11693540	Unwind@11693540	18
11693590	Unwind@11693590	18
116935e0	Unwind@116935e0	18
116935f2	Unwind@116935f2	25
116938b0	Unwind@116938b0	25
11693bd0	Unwind@11693bd0	25
11694190	Unwind@11694190	25
116941a9	Unwind@116941a9	18
116941bb	Unwind@116941bb	25
11695660	Unwind@11695660	18
116956b0	Unwind@116956b0	18
11695700	Unwind@11695700	18
11695750	Unwind@11695750	18
116957a0	Unwind@116957a0	18
116957f0	Unwind@116957f0	18
11695840	Unwind@11695840	18
11695890	Unwind@11695890	18
116958e0	Unwind@116958e0	18
11695930	Unwind@11695930	18
11695980	Unwind@11695980	18
116959d0	Unwind@116959d0	18
11695a20	Unwind@11695a20	18
11695a70	Unwind@11695a70	18
11695ac0	Unwind@11695ac0	18
11695b10	Unwind@11695b10	18
11695b60	Unwind@11695b60	18
11695b72	Unwind@11695b72	25
11697430	Unwind@11697430	18
11697480	Unwind@11697480	18
11697492	Unwind@11697492	25
11697910	Unwind@11697910	18
11697960	Unwind@11697960	18
116979b0	Unwind@116979b0	18
116979c2	Unwind@116979c2	25
11697d80	Unwind@11697d80	18
11697d92	Unwind@11697d92	25
1169a840	Unwind@1169a840	18
1169a890	Unwind@1169a890	18
1169a8e0	Unwind@1169a8e0	18
1169a930	Unwind@1169a930	18
1169a980	Unwind@1169a980	18
1169a9d0	Unwind@1169a9d0	18
1169aa20	Unwind@1169aa20	18
1169aa70	Unwind@1169aa70	18
1169aac0	Unwind@1169aac0	18
1169ab10	Unwind@1169ab10	18
1169ab60	Unwind@1169ab60	18
1169abb0	Unwind@1169abb0	18
1169ac00	Unwind@1169ac00	18
1169ac50	Unwind@1169ac50	18
1169aca0	Unwind@1169aca0	18
1169acf0	Unwind@1169acf0	18
1169ad40	Unwind@1169ad40	18
1169ad90	Unwind@1169ad90	18
1169ade0	Unwind@1169ade0	18
1169ae30	Unwind@1169ae30	18
1169ae80	Unwind@1169ae80	18
1169aed0	Unwind@1169aed0	18
1169af20	Unwind@1169af20	18
1169af70	Unwind@1169af70	18
1169afc0	Unwind@1169afc0	18
1169b010	Unwind@1169b010	18
1169b060	Unwind@1169b060	18
1169b0b0	Unwind@1169b0b0	18
1169b100	Unwind@1169b100	18
1169b150	Unwind@1169b150	18
1169b1a0	Unwind@1169b1a0	18
1169b1f0	Unwind@1169b1f0	18
1169b240	Unwind@1169b240	18
1169b290	Unwind@1169b290	18
1169b2e0	Unwind@1169b2e0	18
1169b330	Unwind@1169b330	18
1169b380	Unwind@1169b380	18
1169b3d0	Unwind@1169b3d0	18
1169b3e2	Unwind@1169b3e2	25
116a09a0	Unwind@116a09a0	18
116a09f0	Unwind@116a09f0	18
116a0a40	Unwind@116a0a40	18
116a0a90	Unwind@116a0a90	18
116a0aa2	Unwind@116a0aa2	25
116a17d0	Unwind@116a17d0	18
116a1820	Unwind@116a1820	18
116a1870	Unwind@116a1870	18
116a18c0	Unwind@116a18c0	18
116a1910	Unwind@116a1910	18
116a1960	Unwind@116a1960	18
116a19b0	Unwind@116a19b0	18
116a1a00	Unwind@116a1a00	18
116a1a50	Unwind@116a1a50	18
116a1a62	Unwind@116a1a62	25
116a3d10	Unwind@116a3d10	18
116a3d60	Unwind@116a3d60	18
116a3db0	Unwind@116a3db0	18
116a3e00	Unwind@116a3e00	18
116a3e50	Unwind@116a3e50	18
116a3ea0	Unwind@116a3ea0	18
116a3eb2	Unwind@116a3eb2	25
116a3fc0	Unwind@116a3fc0	25
116a4060	Unwind@116a4060	25
116a45a0	Unwind@116a45a0	25
116a4990	Unwind@116a4990	25
116a50e0	Unwind@116a50e0	18
116a5130	Unwind@116a5130	18
116a5190	Unwind@116a5190	18
116a51e0	Unwind@116a51e0	18
116a51f2	Unwind@116a51f2	25
116a5c10	Unwind@116a5c10	18
116a5c22	Unwind@116a5c22	25
116a5d90	Unwind@116a5d90	18
116a5da2	Unwind@116a5da2	25
116a64e0	Unwind@116a64e0	18
116a6530	Unwind@116a6530	18
116a6542	Unwind@116a6542	18
116a6554	Unwind@116a6554	25
116a65b0	Unwind@116a65b0	18
116a6600	Unwind@116a6600	18
116a6612	Unwind@116a6612	25
116a68a0	Unwind@116a68a0	25
116a68b9	Unwind@116a68b9	25
116a68d2	Unwind@116a68d2	25
116a68eb	Unwind@116a68eb	25
116a6904	Unwind@116a6904	25
116a69f0	Unwind@116a69f0	25
116a7340	Unwind@116a7340	18
116a7352	Unwind@116a7352	25
116a73a0	Unwind@116a73a0	18
116a73b2	Unwind@116a73b2	25
116a7400	Unwind@116a7400	18
116a7412	Unwind@116a7412	25
116a74a0	Unwind@116a74a0	18
116a74b2	Unwind@116a74b2	25
116a7680	Unwind@116a7680	18
116a7692	Unwind@116a7692	25
116a7800	Unwind@116a7800	18
116a7812	Unwind@116a7812	25
116a8450	Unwind@116a8450	18
116a8462	Unwind@116a8462	18
116a8474	Unwind@116a8474	25
116a84d0	Unwind@116a84d0	18
116a8520	Unwind@116a8520	18
116a8570	Unwind@116a8570	18
116a85c0	Unwind@116a85c0	18
116a85d2	Unwind@116a85d2	18
116a85e4	Unwind@116a85e4	25
116a8640	Unwind@116a8640	18
116a8690	Unwind@116a8690	18
116a86e0	Unwind@116a86e0	18
116a86f2	Unwind@116a86f2	18
116a8704	Unwind@116a8704	25
116a8760	Unwind@116a8760	18
116a87b0	Unwind@116a87b0	18
116a8800	Unwind@116a8800	18
116a8850	Unwind@116a8850	18
116a88a0	Unwind@116a88a0	18
116a88f0	Unwind@116a88f0	18
116a8940	Unwind@116a8940	18
116a8952	Unwind@116a8952	25
116a92c0	Unwind@116a92c0	25
116a9358	Unwind@116a9358	25
116aa058	Unwind@116aa058	25
116aa071	Unwind@116aa071	25
116aa980	Unwind@116aa980	18
116aa9d0	Unwind@116aa9d0	18
116aaa20	Unwind@116aaa20	18
116aaa70	Unwind@116aaa70	18
116aaac0	Unwind@116aaac0	18
116aab10	Unwind@116aab10	18
116aab22	Unwind@116aab22	25
116ab645	Unwind@116ab645	25
116ac590	Unwind@116ac590	18
116ac5e0	Unwind@116ac5e0	18
116ac630	Unwind@116ac630	18
116ac680	Unwind@116ac680	18
116ac6d0	Unwind@116ac6d0	18
116ac720	Unwind@116ac720	18
116ac770	Unwind@116ac770	18
116ac7c0	Unwind@116ac7c0	18
116ac810	Unwind@116ac810	18
116ac860	Unwind@116ac860	18
116ac8b0	Unwind@116ac8b0	18
116acc10	Unwind@116acc10	18
116acc22	Unwind@116acc22	25
116ace00	Unwind@116ace00	25
116ae150	Unwind@116ae150	18
116ae1a0	Unwind@116ae1a0	18
116ae1f0	Unwind@116ae1f0	18
116ae240	Unwind@116ae240	18
116ae252	Unwind@116ae252	25
116aebd0	Unwind@116aebd0	18
116aebe2	Unwind@116aebe2	25
116aec70	Unwind@116aec70	18
116aec82	Unwind@116aec82	25
116af9a0	Unwind@116af9a0	25
116af9c9	Unwind@116af9c9	18
116afa48	Unwind@116afa48	18
116afb10	Unwind@116afb10	18
116afb22	Unwind@116afb22	18
116afb34	Unwind@116afb34	25
116afb90	Unwind@116afb90	18
116afbe0	Unwind@116afbe0	18
116afc30	Unwind@116afc30	18
116afc80	Unwind@116afc80	18
116afcd0	Unwind@116afcd0	18
116afd20	Unwind@116afd20	18
116afd70	Unwind@116afd70	18
116afdc0	Unwind@116afdc0	18
116afe10	Unwind@116afe10	18
116afe60	Unwind@116afe60	18
116afeb0	Unwind@116afeb0	18
116aff60	Unwind@116aff60	18
116aff72	Unwind@116aff72	25
116b2e90	Unwind@116b2e90	18
116b2ee0	Unwind@116b2ee0	18
116b2f30	Unwind@116b2f30	18
116b2f80	Unwind@116b2f80	18
116b2fd0	Unwind@116b2fd0	18
116b3020	Unwind@116b3020	18
116b3070	Unwind@116b3070	18
116b30c0	Unwind@116b30c0	18
116b3110	Unwind@116b3110	18
116b3122	Unwind@116b3122	25
116b3d60	Unwind@116b3d60	18
116b3d72	Unwind@116b3d72	25
116b3dc0	Unwind@116b3dc0	18
116b3dd2	Unwind@116b3dd2	25
116b3e20	Unwind@116b3e20	18
116b3e32	Unwind@116b3e32	25
116b3f40	Unwind@116b3f40	18
116b3f52	Unwind@116b3f52	25
116b40c0	Unwind@116b40c0	18
116b40d2	Unwind@116b40d2	25
116b4410	Unwind@116b4410	18
116b4460	Unwind@116b4460	18
116b44b0	Unwind@116b44b0	18
116b44c2	Unwind@116b44c2	18
116b44d4	Unwind@116b44d4	25
116b4530	Unwind@116b4530	18
116b4580	Unwind@116b4580	18
116b45d0	Unwind@116b45d0	18
116b45e2	Unwind@116b45e2	18
116b45f4	Unwind@116b45f4	25
116b4650	Unwind@116b4650	18
116b4662	Unwind@116b4662	25
116b4f70	Unwind@116b4f70	18
116b4fc0	Unwind@116b4fc0	18
116b5010	Unwind@116b5010	18
116b5060	Unwind@116b5060	18
116b5072	Unwind@116b5072	25
116b5670	Unwind@116b5670	18
116b5682	Unwind@116b5682	25
116b56d0	Unwind@116b56d0	18
116b56e2	Unwind@116b56e2	25
116b5850	Unwind@116b5850	18
116b5862	Unwind@116b5862	18
116b5874	Unwind@116b5874	25
116b58d0	Unwind@116b58d0	18
116b58e2	Unwind@116b58e2	25
116b7360	Unwind@116b7360	18
116b73b0	Unwind@116b73b0	18
116b7400	Unwind@116b7400	18
116b7450	Unwind@116b7450	18
116b74a0	Unwind@116b74a0	18
116b74f0	Unwind@116b74f0	18
116b7540	Unwind@116b7540	18
116b7590	Unwind@116b7590	18
116b75e0	Unwind@116b75e0	18
116b7630	Unwind@116b7630	18
116b7680	Unwind@116b7680	18
116b76d0	Unwind@116b76d0	18
116b7720	Unwind@116b7720	18
116b7770	Unwind@116b7770	18
116b77c0	Unwind@116b77c0	18
116b7810	Unwind@116b7810	18
116b7822	Unwind@116b7822	25
116b84d9	Unwind@116b84d9	28
116b8700	Unwind@116b8700	25
116b9210	Unwind@116b9210	25
116b9242	Unwind@116b9242	25
116b9da0	Unwind@116b9da0	25
116b9dc1	Unwind@116b9dc1	18
116ba0c0	Unwind@116ba0c0	25
116ba133	Unwind@116ba133	18
116ba1d0	Unwind@116ba1d0	25
116bb4d0	Unwind@116bb4d0	25
116bb638	Unwind@116bb638	25
116bb651	Unwind@116bb651	25
116bbe68	Unwind@116bbe68	25
116bcb48	Unwind@116bcb48	18
116bcba8	Unwind@116bcba8	18
116bcc50	Unwind@116bcc50	18
116bcc71	Unwind@116bcc71	18
116bcd00	Unwind@116bcd00	18
116bcd80	Unwind@116bcd80	18
116bcdf8	Unwind@116bcdf8	18
116bce68	Unwind@116bce68	18
116bd500	Unwind@116bd500	25
116bde50	Unwind@116bde50	18
116bde62	Unwind@116bde62	25
116bdef0	Unwind@116bdef0	18
116bdff0	Unwind@116bdff0	18
116be110	Unwind@116be110	18
116be122	Unwind@116be122	25
116be1b0	Unwind@116be1b0	18
116be2b0	Unwind@116be2b0	18
116be2c2	Unwind@116be2c2	25
116be350	Unwind@116be350	18
116be4da	Unwind@116be4da	18
116be560	Unwind@116be560	18
116be67a	Unwind@116be67a	18
116be78a	Unwind@116be78a	18
116c0990	Unwind@116c0990	18
116c09a2	Unwind@116c09a2	18
116c09b4	Unwind@116c09b4	18
116c09c6	Unwind@116c09c6	18
116c09d8	Unwind@116c09d8	18
116c09f2	Unwind@116c09f2	18
116c0a0c	Unwind@116c0a0c	18
116c0a26	Unwind@116c0a26	18
116c0a40	Unwind@116c0a40	18
116c0a5a	Unwind@116c0a5a	18
116c0a74	Unwind@116c0a74	18
116c0a8e	Unwind@116c0a8e	18
116c0aa8	Unwind@116c0aa8	18
116c0ac2	Unwind@116c0ac2	18
116c0adc	Unwind@116c0adc	18
116c0af6	Unwind@116c0af6	18
116c0b21	Unwind@116c0b21	18
116c0b3b	Unwind@116c0b3b	18
116c0b55	Unwind@116c0b55	18
116c0b67	Unwind@116c0b67	18
116c0b79	Unwind@116c0b79	18
116c0b9a	Unwind@116c0b9a	18
116c0bbc	Unwind@116c0bbc	18
116c0bd6	Unwind@116c0bd6	18
116c0c20	Unwind@116c0c20	18
116c2210	Unwind@116c2210	18
116c2328	Unwind@116c2328	18
116c2378	Unwind@116c2378	18
116c238a	Unwind@116c238a	18
116c2a60	Unwind@116c2a60	25
116c3800	Unwind@116c3800	18
116c3898	Unwind@116c3898	18
116c440d	Unwind@116c440d	34
116c54f0	Unwind@116c54f0	18
116c5540	Unwind@116c5540	18
116c5590	Unwind@116c5590	18
116c55e8	Unwind@116c55e8	18
116c5807	Unwind@116c5807	25
116c77a0	Unwind@116c77a0	25
116c77c8	Unwind@116c77c8	25
116c77f0	Unwind@116c77f0	25
116ca301	Unwind@116ca301	17
116cb4b0	Unwind@116cb4b0	25
116cb4c9	Unwind@116cb4c9	25
116cbfa0	Unwind@116cbfa0	25
116cc030	Unwind@116cc030	25
116cc0c0	Unwind@116cc0c0	25
116cc630	Unwind@116cc630	31
116cc9a0	Unwind@116cc9a0	25
116cc9b9	Unwind@116cc9b9	25
116cc9da	Unwind@116cc9da	25
116cc9f3	Unwind@116cc9f3	25
116cca14	Unwind@116cca14	30
116ccf28	Unwind@116ccf28	25
116ccf41	Unwind@116ccf41	25
116ccf5a	Unwind@116ccf5a	25
116ccf73	Unwind@116ccf73	25
116ccf8c	Unwind@116ccf8c	25
116cee70	Unwind@116cee70	25
116cee89	Unwind@116cee89	25
116cf9b0	Unwind@116cf9b0	21
116cf9db	Unwind@116cf9db	17
116cf9ec	Unwind@116cf9ec	17
116cfa35	Unwind@116cfa35	21
116d0358	Unwind@116d0358	25
116d2630	Unwind@116d2630	25
116d2649	Unwind@116d2649	25
116d267a	Unwind@116d267a	25
116d2693	Unwind@116d2693	25
116d2774	Unwind@116d2774	30
116d281c	Unwind@116d281c	30
116d2889	Unwind@116d2889	30
116d29a6	Unwind@116d29a6	30
116d2c56	Unwind@116d2c56	25
116d2d78	Unwind@116d2d78	25
116d2e08	Unwind@116d2e08	25
116d2e79	Unwind@116d2e79	25
116d33e0	Unwind@116d33e0	25
116d47d8	Unwind@116d47d8	25
116d4e60	Unwind@116d4e60	18
116d4eb0	Unwind@116d4eb0	18
116d5399	Unwind@116d5399	25
116d5520	Unwind@116d5520	18
116d5668	Unwind@116d5668	18
116d56c3	Unwind@116d56c3	18
116d5758	Unwind@116d5758	18
116d58f0	Unwind@116d58f0	18
116d5990	Unwind@116d5990	18
116d5b79	Unwind@116d5b79	25
116d61ef	Unwind@116d61ef	30
116d6e90	Unwind@116d6e90	25
116d7ed8	Unwind@116d7ed8	25
116d8ea0	Unwind@116d8ea0	18
116d97c0	Unwind@116d97c0	25
116d99a0	Unwind@116d99a0	25
116d9ab8	Unwind@116d9ab8	25
116d9ae9	Unwind@116d9ae9	25
116d9cd8	Unwind@116d9cd8	25
116d9d98	Unwind@116d9d98	25
116d9e7b	Unwind@116d9e7b	25
116dac18	Unwind@116dac18	25
116db5e8	Unwind@116db5e8	18
116dc030	Unwind@116dc030	18
116dcdc0	Unwind@116dcdc0	18
116dd418	Unwind@116dd418	25
116de170	Unwind@116de170	18
116de7e0	Unwind@116de7e0	18
116df020	Unwind@116df020	18
116df0b0	Unwind@116df0b0	18
116df140	Unwind@116df140	18
116df1d0	Unwind@116df1d0	18
116df260	Unwind@116df260	18
116df2c0	Unwind@116df2c0	18
116df320	Unwind@116df320	18
116df380	Unwind@116df380	18
116dff00	Unwind@116dff00	18
116dff90	Unwind@116dff90	18
116e0028	Unwind@116e0028	18
116e00b0	Unwind@116e00b0	18
116e0780	Unwind@116e0780	18
116e0ff0	Unwind@116e0ff0	18
116e101b	Unwind@116e101b	25
116e20c8	Unwind@116e20c8	25
116e3bc0	Unwind@116e3bc0	25
116e3c58	Unwind@116e3c58	18
116e4efc	Unwind@116e4efc	18
116e5090	Unwind@116e5090	31
116e51b0	Unwind@116e51b0	25
116e5210	Unwind@116e5210	25
116e5270	Unwind@116e5270	25
116e52e8	Unwind@116e52e8	25
116e599f	Unwind@116e599f	25
116e5a70	Unwind@116e5a70	25
116e5f40	Unwind@116e5f40	18
116e6000	Unwind@116e6000	18
116e6a50	Unwind@116e6a50	18
116e7fa9	Unwind@116e7fa9	25
116e7fc2	Unwind@116e7fc2	25
116e8150	Unwind@116e8150	18
116e86b4	Unwind@116e86b4	25
116e86cd	Unwind@116e86cd	25
116e89c0	Unwind@116e89c0	25
116e89d9	Unwind@116e89d9	25
116e8a2c	Unwind@116e8a2c	25
116e8b70	Unwind@116e8b70	25
116e8e79	Unwind@116e8e79	25
116e8e92	Unwind@116e8e92	25
116e9088	Unwind@116e9088	25
116e9eb0	Unwind@116e9eb0	25
116ea219	Unwind@116ea219	25
116ea232	Unwind@116ea232	25
116ea253	Unwind@116ea253	25
116ea26c	Unwind@116ea26c	25
116ea28d	Unwind@116ea28d	25
116ea329	Unwind@116ea329	25
116ea342	Unwind@116ea342	25
116eb800	Unwind@116eb800	25
116ecfb0	Unwind@116ecfb0	18
116ed0d8	Unwind@116ed0d8	18
116ed180	Unwind@116ed180	18
116ed192	Unwind@116ed192	18
116ed1a4	Unwind@116ed1a4	18
116ed23f	Unwind@116ed23f	18
116ed259	Unwind@116ed259	18
116ed38f	Unwind@116ed38f	18
116ed401	Unwind@116ed401	25
116ed490	Unwind@116ed490	18
116ed4e0	Unwind@116ed4e0	18
116ed570	Unwind@116ed570	18
116ed648	Unwind@116ed648	18
116ed67a	Unwind@116ed67a	18
116ed800	Unwind@116ed800	25
116ef4b1	Unwind@116ef4b1	25
116f0568	Unwind@116f0568	18
116f08c0	Unwind@116f08c0	18
116f0910	Unwind@116f0910	18
116f0960	Unwind@116f0960	18
116f09b0	Unwind@116f09b0	18
116f0a39	Unwind@116f0a39	18
116f0a4b	Unwind@116f0a4b	18
116f0aa8	Unwind@116f0aa8	18
116f0b10	Unwind@116f0b10	18
116f0b60	Unwind@116f0b60	18
116f0bb0	Unwind@116f0bb0	18
116f1428	Unwind@116f1428	25
116f1a18	Unwind@116f1a18	18
116f1b40	Unwind@116f1b40	25
116f2020	Unwind@116f2020	25
116f2049	Unwind@116f2049	25
116f324b	Unwind@116f324b	18
116f4260	Unwind@116f4260	18
116f42e8	Unwind@116f42e8	18
116f4410	Unwind@116f4410	18
116f4538	Unwind@116f4538	18
116f45f1	Unwind@116f45f1	18
116f4613	Unwind@116f4613	18
116f4708	Unwind@116f4708	18
116f4798	Unwind@116f4798	18
116f65b0	Unwind@116f65b0	18
116f6e28	Unwind@116f6e28	18
116f6e78	Unwind@116f6e78	18
116f6ed0	Unwind@116f6ed0	18
116f6f30	Unwind@116f6f30	18
116f7010	Unwind@116f7010	18
116f7710	Unwind@116f7710	18
116f7760	Unwind@116f7760	18
116f78d0	Unwind@116f78d0	18
116fa284	Unwind@116fa284	25
116fa3a0	Unwind@116fa3a0	25
116fa3b9	Unwind@116fa3b9	25
116fab40	Unwind@116fab40	25
116fb410	Unwind@116fb410	25
116fc130	Unwind@116fc130	25
116fc149	Unwind@116fc149	25
116fc3b0	Unwind@116fc3b0	25
116fc408	Unwind@116fc408	25
116fe898	Unwind@116fe898	18
116fe90d	Unwind@116fe90d	18
116fe992	Unwind@116fe992	18
116ffd08	Unwind@116ffd08	18
116ffd60	Unwind@116ffd60	18
11700100	Unwind@11700100	18
11700132	Unwind@11700132	18
1170017d	Unwind@1170017d	18
117001d0	Unwind@117001d0	18
11700233	Unwind@11700233	18
11700f78	Unwind@11700f78	18
11701009	Unwind@11701009	25
11701022	Unwind@11701022	25
117010d8	Unwind@117010d8	18
11701134	Unwind@11701134	18
11701248	Unwind@11701248	18
117012c8	Unwind@117012c8	18
11701330	Unwind@11701330	25
117014a3	Unwind@117014a3	18
11701746	Unwind@11701746	18
117018d8	Unwind@117018d8	18
11701d98	Unwind@11701d98	18
1170327f	Unwind@1170327f	18
11703a28	Unwind@11703a28	18
11703b00	Unwind@11703b00	18
11703bd0	Unwind@11703bd0	25
11703be9	Unwind@11703be9	25
11703c02	Unwind@11703c02	25
11704b90	Unwind@11704b90	18
11704e1f	Unwind@11704e1f	18
11704e7c	Unwind@11704e7c	18
11704ed9	Unwind@11704ed9	18
11705e00	Unwind@11705e00	18
11705e28	Unwind@11705e28	21
11705e80	Unwind@11705e80	18
1170837c	Unwind@1170837c	30
1170899a	Unwind@1170899a	18
117098d0	Unwind@117098d0	18
11709d59	Unwind@11709d59	18
1170a248	Unwind@1170a248	18
1170a7b0	Unwind@1170a7b0	25
1170ac38	Unwind@1170ac38	25
1170b04f	Unwind@1170b04f	25
1170b150	Unwind@1170b150	18
1170b910	Unwind@1170b910	18
1170c6d7	Unwind@1170c6d7	18
1170c79d	Unwind@1170c79d	18
1170c7e9	Unwind@1170c7e9	18
1170c9a4	Unwind@1170c9a4	18
1170ca10	Unwind@1170ca10	18
1170ca5e	Unwind@1170ca5e	18
1170cadc	Unwind@1170cadc	18
1170e3d7	Unwind@1170e3d7	18
1170e3e9	Unwind@1170e3e9	18
1170e578	Unwind@1170e578	18
1170e58a	Unwind@1170e58a	18
1170e655	Unwind@1170e655	18
1170e66f	Unwind@1170e66f	18
1170e681	Unwind@1170e681	18
1170e788	Unwind@1170e788	18
1170e7aa	Unwind@1170e7aa	18
1170e85f	Unwind@1170e85f	18
1170e8d3	Unwind@1170e8d3	18
1170ef07	Unwind@1170ef07	18
1170fabb	Unwind@1170fabb	18
1170fadd	Unwind@1170fadd	18
1170fb20	Unwind@1170fb20	18
1170fb42	Unwind@1170fb42	18
1170fb7d	Unwind@1170fb7d	18
1170fc85	Unwind@1170fc85	25
1170fcde	Unwind@1170fcde	25
1170fd1f	Unwind@1170fd1f	18
1170fd88	Unwind@1170fd88	25
1170fdc9	Unwind@1170fdc9	18
1170fe35	Unwind@1170fe35	25
1170fe76	Unwind@1170fe76	18
11711278	Unwind@11711278	25
117112d9	Unwind@117112d9	25
117112f2	Unwind@117112f2	25
117119f0	Unwind@117119f0	18
1171351e	Unwind@1171351e	18
11714020	Unwind@11714020	18
117141c0	Unwind@117141c0	25
11715130	Unwind@11715130	18
11715192	Unwind@11715192	18
11715268	Unwind@11715268	18
11715430	Unwind@11715430	18
11715868	Unwind@11715868	25
11717460	Unwind@11717460	18
1171764f	Unwind@1171764f	25
11717717	Unwind@11717717	25
117177a0	Unwind@117177a0	25
117179b8	Unwind@117179b8	18
117179ca	Unwind@117179ca	18
11718c80	Unwind@11718c80	18
11718dd0	Unwind@11718dd0	18
11719b03	Unwind@11719b03	18
1171cb39	Unwind@1171cb39	18
1171cbf1	Unwind@1171cbf1	18
1171f460	Unwind@1171f460	18
1172017f	Unwind@1172017f	25
11720290	Unwind@11720290	25
117202b8	Unwind@117202b8	25
11720bd6	Unwind@11720bd6	25
11721390	Unwind@11721390	18
117213f0	Unwind@117213f0	18
11721450	Unwind@11721450	18
117214b0	Unwind@117214b0	18
11721510	Unwind@11721510	18
11722d37	Unwind@11722d37	25
11722d70	Unwind@11722d70	18
11722d92	Unwind@11722d92	18
11722dbd	Unwind@11722dbd	25
11722e1a	Unwind@11722e1a	18
11722e2c	Unwind@11722e2c	18
11722e57	Unwind@11722e57	25
11722f87	Unwind@11722f87	25
11722fd0	Unwind@11722fd0	18
11722ffb	Unwind@11722ffb	25
1172302d	Unwind@1172302d	25
11723067	Unwind@11723067	18
11723127	Unwind@11723127	25
11723160	Unwind@11723160	18
1172317a	Unwind@1172317a	18
11723194	Unwind@11723194	18
11723230	Unwind@11723230	34
117232a0	Unwind@117232a0	34
11723310	Unwind@11723310	25
117234db	Unwind@117234db	34
11723a20	Unwind@11723a20	18
11723a3d	Unwind@11723a3d	34
11723ae3	Unwind@11723ae3	21
11724e1f	Unwind@11724e1f	18
11724ef1	Unwind@11724ef1	18
11724f03	Unwind@11724f03	28
11724f42	Unwind@11724f42	18
11725440	Unwind@11725440	34
1172561a	Unwind@1172561a	21
11725695	Unwind@11725695	18
117256f5	Unwind@117256f5	21
1172570a	Unwind@1172570a	21
1172572a	Unwind@1172572a	34
11725833	Unwind@11725833	18
11725850	Unwind@11725850	18
1172586d	Unwind@1172586d	18
1172588a	Unwind@1172588a	18
11725936	Unwind@11725936	21
117259da	Unwind@117259da	21
11725a7e	Unwind@11725a7e	21
11725ad5	Unwind@11725ad5	21
11725b2c	Unwind@11725b2c	21
11725b41	Unwind@11725b41	21
11725bc6	Unwind@11725bc6	21
11725ca8	Unwind@11725ca8	21
11725d2b	Unwind@11725d2b	21
11725dc0	Unwind@11725dc0	21
11725dd5	Unwind@11725dd5	21
11725df5	Unwind@11725df5	39
11725e3d	Unwind@11725e3d	18
11725f00	Unwind@11725f00	18
11725f3e	Unwind@11725f3e	18
11725fa3	Unwind@11725fa3	18
11726378	Unwind@11726378	25
11726391	Unwind@11726391	25
117263b2	Unwind@117263b2	25
117263cb	Unwind@117263cb	25
11726500	Unwind@11726500	25
11726519	Unwind@11726519	25
1172653a	Unwind@1172653a	25
11726553	Unwind@11726553	25
11726574	Unwind@11726574	25
1172658d	Unwind@1172658d	25
11726970	Unwind@11726970	25
11726cce	Unwind@11726cce	25
11726ce7	Unwind@11726ce7	25
11726e66	Unwind@11726e66	25
11726e7f	Unwind@11726e7f	25
11726e98	Unwind@11726e98	25
1172721f	Unwind@1172721f	25
11727367	Unwind@11727367	25
11727457	Unwind@11727457	25
11727960	Unwind@11727960	25
11727c10	Unwind@11727c10	25
11727fa0	Unwind@11727fa0	18
11729650	Unwind@11729650	25
11729750	Unwind@11729750	18
11729850	Unwind@11729850	18
11729910	Unwind@11729910	18
117299b0	Unwind@117299b0	18
1172a671	Unwind@1172a671	25
1172a702	Unwind@1172a702	25
1172beb3	Unwind@1172beb3	18
1172bec5	Unwind@1172bec5	18
1172bed7	Unwind@1172bed7	18
1172bf40	Unwind@1172bf40	18
1172bf6a	Unwind@1172bf6a	18
1172c1b7	Unwind@1172c1b7	18
1172c1c9	Unwind@1172c1c9	25
1172c1e2	Unwind@1172c1e2	25
1172c1fb	Unwind@1172c1fb	25
11731e98	Unwind@11731e98	25
11731ec1	Unwind@11731ec1	25
11732920	Unwind@11732920	25
11732941	Unwind@11732941	25
11736ce0	Unwind@11736ce0	25
117387a0	Unwind@117387a0	18
11738850	Unwind@11738850	18
117388f0	Unwind@117388f0	18
11738b7f	Unwind@11738b7f	25
11738fb7	Unwind@11738fb7	25
11739738	Unwind@11739738	18
1173a308	Unwind@1173a308	25
1173a321	Unwind@1173a321	25
1173a4f8	Unwind@1173a4f8	18
1173a7f0	Unwind@1173a7f0	18
1173d0af	Unwind@1173d0af	25
1173d130	Unwind@1173d130	25
1173f298	Unwind@1173f298	18
1173f318	Unwind@1173f318	18
1173f37d	Unwind@1173f37d	18
1173f38f	Unwind@1173f38f	18
1173f3a1	Unwind@1173f3a1	18
11741cf0	Unwind@11741cf0	18
11743af0	Unwind@11743af0	18
11743b80	Unwind@11743b80	18
11743f47	Unwind@11743f47	25
11746be0	Unwind@11746be0	18
11746c30	Unwind@11746c30	18
11746d39	Unwind@11746d39	25
11746d6b	Unwind@11746d6b	25
11747090	Unwind@11747090	18
11748c9d	Unwind@11748c9d	25
11749cc9	Unwind@11749cc9	25
11749cfb	Unwind@11749cfb	18
11749dd0	Unwind@11749dd0	18
1174a471	Unwind@1174a471	18
1174a712	Unwind@1174a712	25
1174a812	Unwind@1174a812	25
1174a8a2	Unwind@1174a8a2	25
1174a8f2	Unwind@1174a8f2	30
1174af40	Unwind@1174af40	18
1174b487	Unwind@1174b487	25
1174b818	Unwind@1174b818	18
1174c65f	Unwind@1174c65f	25
1174d8db	Unwind@1174d8db	25
1174e36c	Unwind@1174e36c	30
11752c30	Unwind@11752c30	18
11753fd0	Unwind@11753fd0	25
11753fe9	Unwind@11753fe9	25
11754040	Unwind@11754040	25
11754059	Unwind@11754059	25
1175eee8	Unwind@1175eee8	18
1175f16c	Unwind@1175f16c	18
1175f1b0	Unwind@1175f1b0	18
1175f9c9	Unwind@1175f9c9	25
11760078	Unwind@11760078	18
11760350	Unwind@11760350	25
117610a0	Unwind@117610a0	25
117613b0	Unwind@117613b0	18
11762b90	Unwind@11762b90	25
11762bf0	Unwind@11762bf0	25
11762c22	Unwind@11762c22	25
11762c54	Unwind@11762c54	25
11762c86	Unwind@11762c86	25
11762cbd	Unwind@11762cbd	30
11762cf9	Unwind@11762cf9	30
11762ec8	Unwind@11762ec8	25
117632a8	Unwind@117632a8	25
117632c1	Unwind@117632c1	25
11764590	Unwind@11764590	25
117645e0	Unwind@117645e0	25
11764670	Unwind@11764670	25
117653f0	Unwind@117653f0	25
11765409	Unwind@11765409	25
11765578	Unwind@11765578	25
11765591	Unwind@11765591	25
11766c50	Unwind@11766c50	18
11766d30	Unwind@11766d30	18
11767622	Unwind@11767622	18
1176770a	Unwind@1176770a	18
11767ac8	Unwind@11767ac8	18
11767b20	Unwind@11767b20	18
11767b70	Unwind@11767b70	18
11767c18	Unwind@11767c18	18
11767c70	Unwind@11767c70	18
11767cc0	Unwind@11767cc0	18
11767d30	Unwind@11767d30	18
11767d90	Unwind@11767d90	18
1176abb0	Unwind@1176abb0	18
1176ac08	Unwind@1176ac08	18
1176ac50	Unwind@1176ac50	18
1176b1d8	Unwind@1176b1d8	18
1176b1ea	Unwind@1176b1ea	25
1176b2d2	Unwind@1176b2d2	18
1176b2e4	Unwind@1176b2e4	25
1176b35d	Unwind@1176b35d	18
1176b39d	Unwind@1176b39d	18
1176b3c8	Unwind@1176b3c8	25
1176b497	Unwind@1176b497	25
1176b4b0	Unwind@1176b4b0	18
1176b4f4	Unwind@1176b4f4	25
1176b50d	Unwind@1176b50d	18
1176b52e	Unwind@1176b52e	25
1176ba18	Unwind@1176ba18	25
1176bcdf	Unwind@1176bcdf	25
1176bcf8	Unwind@1176bcf8	25
1176be35	Unwind@1176be35	30
1176be53	Unwind@1176be53	30
1176c880	Unwind@1176c880	18
1176c8f0	Unwind@1176c8f0	18
1176c970	Unwind@1176c970	18
1176ca80	Unwind@1176ca80	18
1176cbb0	Unwind@1176cbb0	18
1176d948	Unwind@1176d948	18
1176d998	Unwind@1176d998	18
1176d9e8	Unwind@1176d9e8	18
1176da38	Unwind@1176da38	18
1176edb0	Unwind@1176edb0	25
117705d0	Unwind@117705d0	18
11770d5c	Unwind@11770d5c	25
11771220	Unwind@11771220	18
117713e0	Unwind@117713e0	18
117714ef	Unwind@117714ef	25
11771d56	Unwind@11771d56	25
117721e3	Unwind@117721e3	18
117739c7	Unwind@117739c7	25
11773a08	Unwind@11773a08	25
11773a30	Unwind@11773a30	25
11773a58	Unwind@11773a58	25
11773a80	Unwind@11773a80	25
11773caf	Unwind@11773caf	25
11773de7	Unwind@11773de7	25
11773ef7	Unwind@11773ef7	25
11773fff	Unwind@11773fff	25
11774661	Unwind@11774661	25
11774d50	Unwind@11774d50	18
11774de0	Unwind@11774de0	18
11775180	Unwind@11775180	18
11775460	Unwind@11775460	18
117754f0	Unwind@117754f0	18
117758f0	Unwind@117758f0	18
11775ce7	Unwind@11775ce7	25
11775d77	Unwind@11775d77	25
11775e07	Unwind@11775e07	25
11775eb7	Unwind@11775eb7	25
11775f5f	Unwind@11775f5f	25
11776037	Unwind@11776037	25
117760a7	Unwind@117760a7	25
11776137	Unwind@11776137	25
117761c7	Unwind@117761c7	25
1177624f	Unwind@1177624f	25
117762ff	Unwind@117762ff	25
117763af	Unwind@117763af	25
1177645f	Unwind@1177645f	25
1177650f	Unwind@1177650f	25
117765bf	Unwind@117765bf	25
1177668f	Unwind@1177668f	25
1177674f	Unwind@1177674f	25
11776817	Unwind@11776817	25
11776eff	Unwind@11776eff	25
11776faf	Unwind@11776faf	25
11777097	Unwind@11777097	25
11777127	Unwind@11777127	25
117771af	Unwind@117771af	25
1177723f	Unwind@1177723f	25
11777307	Unwind@11777307	25
11777366	Unwind@11777366	25
117773a7	Unwind@117773a7	25
11777c10	Unwind@11777c10	18
11777dd0	Unwind@11777dd0	18
11778020	Unwind@11778020	18
117784d7	Unwind@117784d7	25
1177850e	Unwind@1177850e	25
11778536	Unwind@11778536	25
1177857f	Unwind@1177857f	25
11778f80	Unwind@11778f80	25
11778fa8	Unwind@11778fa8	25
117799c8	Unwind@117799c8	18
1177a2f3	Unwind@1177a2f3	25
1177a359	Unwind@1177a359	25
1177acb0	Unwind@1177acb0	18
1177ad30	Unwind@1177ad30	18
1177b098	Unwind@1177b098	18
1177b0aa	Unwind@1177b0aa	18
1177b1d0	Unwind@1177b1d0	18
1177b209	Unwind@1177b209	18
1177ca80	Unwind@1177ca80	18
1177cb40	Unwind@1177cb40	18
1177cbb8	Unwind@1177cbb8	18
1177d4b8	Unwind@1177d4b8	25
1177d588	Unwind@1177d588	18
1177d790	Unwind@1177d790	18
1177de2b	Unwind@1177de2b	18
1177df10	Unwind@1177df10	18
1177e010	Unwind@1177e010	18
1177e940	Unwind@1177e940	18
1177ee1f	Unwind@1177ee1f	25
1177ee90	Unwind@1177ee90	25
1178097f	Unwind@1178097f	25
11781a08	Unwind@11781a08	25
11781ac0	Unwind@11781ac0	18
11781bcf	Unwind@11781bcf	25
11783120	Unwind@11783120	18
11783390	Unwind@11783390	18
11783408	Unwind@11783408	18
11785670	Unwind@11785670	18
117879e8	Unwind@117879e8	25
11787aa0	Unwind@11787aa0	18
11787b8f	Unwind@11787b8f	25
117885e7	Unwind@117885e7	25
117889f8	Unwind@117889f8	25
11788ad8	Unwind@11788ad8	25
11788b38	Unwind@11788b38	25
11788bd8	Unwind@11788bd8	25
11788cb8	Unwind@11788cb8	25
11788d18	Unwind@11788d18	25
11788d78	Unwind@11788d78	25
11788e58	Unwind@11788e58	25
11788e71	Unwind@11788e71	25
117890a0	Unwind@117890a0	25
11789320	Unwind@11789320	25
1178a5f0	Unwind@1178a5f0	18
1178d2c0	Unwind@1178d2c0	18
1178d2e1	Unwind@1178d2e1	25
1178d550	Unwind@1178d550	18
1178d927	Unwind@1178d927	25
1178d9b7	Unwind@1178d9b7	25
1178dabf	Unwind@1178dabf	25
1178ea96	Unwind@1178ea96	25
1178eaaf	Unwind@1178eaaf	25
1178faa9	Unwind@1178faa9	25
1178fee0	Unwind@1178fee0	25
1178fef9	Unwind@1178fef9	25
1178ffd2	Unwind@1178ffd2	25
11790031	Unwind@11790031	18
11790197	Unwind@11790197	25
117902c9	Unwind@117902c9	18
11790391	Unwind@11790391	18
11790431	Unwind@11790431	18
1179067a	Unwind@1179067a	25
11790790	Unwind@11790790	25
117907a9	Unwind@117907a9	25
11790a58	Unwind@11790a58	25
11790a71	Unwind@11790a71	25
11790a92	Unwind@11790a92	25
11790aab	Unwind@11790aab	25
11790dd0	Unwind@11790dd0	25
11790de9	Unwind@11790de9	25
11791462	Unwind@11791462	25
117915d8	Unwind@117915d8	18
1179182c	Unwind@1179182c	25
117921b0	Unwind@117921b0	18
1179229d	Unwind@1179229d	25
117926a0	Unwind@117926a0	18
117929b8	Unwind@117929b8	18
11793158	Unwind@11793158	18
11793180	Unwind@11793180	18
117931a8	Unwind@117931a8	18
11793298	Unwind@11793298	18
117934a0	Unwind@117934a0	18
11793630	Unwind@11793630	18
11794110	Unwind@11794110	25
11795b50	Unwind@11795b50	18
11795bb9	Unwind@11795bb9	25
11795beb	Unwind@11795beb	25
11795e80	Unwind@11795e80	18
11796097	Unwind@11796097	25
117960d8	Unwind@117960d8	25
117962d7	Unwind@117962d7	25
11796da0	Unwind@11796da0	18
11796df0	Unwind@11796df0	18
117972a0	Unwind@117972a0	25
11797358	Unwind@11797358	25
11797d08	Unwind@11797d08	25
11797d51	Unwind@11797d51	25
117981c0	Unwind@117981c0	18
117981d2	Unwind@117981d2	18
117981e4	Unwind@117981e4	18
117981f6	Unwind@117981f6	18
11798230	Unwind@11798230	18
11798242	Unwind@11798242	18
11798254	Unwind@11798254	18
11798266	Unwind@11798266	18
11798278	Unwind@11798278	18
11799480	Unwind@11799480	18
11799af8	Unwind@11799af8	18
11799b0a	Unwind@11799b0a	25
1179a596	Unwind@1179a596	25
1179a647	Unwind@1179a647	25
1179a7b0	Unwind@1179a7b0	18
1179a805	Unwind@1179a805	18
1179a822	Unwind@1179a822	18
1179a944	Unwind@1179a944	18
1179ae10	Unwind@1179ae10	25
1179affe	Unwind@1179affe	25
1179b0a6	Unwind@1179b0a6	25
1179b21e	Unwind@1179b21e	25
1179bba0	Unwind@1179bba0	18
1179bdd8	Unwind@1179bdd8	18
1179bef0	Unwind@1179bef0	18
1179c037	Unwind@1179c037	18
1179c090	Unwind@1179c090	25
1179c2f7	Unwind@1179c2f7	18
1179cd98	Unwind@1179cd98	18
1179d010	Unwind@1179d010	25
1179d029	Unwind@1179d029	25
1179d690	Unwind@1179d690	25
1179d9c9	Unwind@1179d9c9	25
1179dd30	Unwind@1179dd30	25
1179dd73	Unwind@1179dd73	25
1179e2e8	Unwind@1179e2e8	25
1179e540	Unwind@1179e540	25
1179e559	Unwind@1179e559	25
1179e719	Unwind@1179e719	18
1179ec10	Unwind@1179ec10	25
1179ec29	Unwind@1179ec29	25
1179f2a8	Unwind@1179f2a8	25
1179f580	Unwind@1179f580	25
1179f868	Unwind@1179f868	25
1179fc48	Unwind@1179fc48	25
1179fcc8	Unwind@1179fcc8	25
1179fce9	Unwind@1179fce9	25
1179fd12	Unwind@1179fd12	25
1179fee8	Unwind@1179fee8	25
117a0ff0	Unwind@117a0ff0	18
117a10b0	Unwind@117a10b0	18
117a1170	Unwind@117a1170	18
117a1290	Unwind@117a1290	18
117a29d0	Unwind@117a29d0	18
117a2d00	Unwind@117a2d00	18
117a2f70	Unwind@117a2f70	25
117a3780	Unwind@117a3780	25
117a37e0	Unwind@117a37e0	25
117a37f9	Unwind@117a37f9	25
117a3812	Unwind@117a3812	25
117a382b	Unwind@117a382b	25
117a3844	Unwind@117a3844	25
117a385d	Unwind@117a385d	25
117a3920	Unwind@117a3920	25
117a3990	Unwind@117a3990	25
117a4a29	Unwind@117a4a29	17
117a4a3a	Unwind@117a4a3a	17
117a4a4b	Unwind@117a4a4b	17
117a4a5c	Unwind@117a4a5c	17
117a4a6d	Unwind@117a4a6d	17
117a4a7e	Unwind@117a4a7e	17
117a4a8f	Unwind@117a4a8f	17
117a4aa0	Unwind@117a4aa0	17
117a4ab1	Unwind@117a4ab1	17
117a4ac2	Unwind@117a4ac2	17
117a4ad3	Unwind@117a4ad3	17
117a4ae4	Unwind@117a4ae4	17
117a4af5	Unwind@117a4af5	17
117a4b06	Unwind@117a4b06	17
117a4b17	Unwind@117a4b17	17
117a4b28	Unwind@117a4b28	17
117a4b39	Unwind@117a4b39	17
117a4b4a	Unwind@117a4b4a	17
117a4b5b	Unwind@117a4b5b	17
117a4b6c	Unwind@117a4b6c	17
117a4b7d	Unwind@117a4b7d	17
117a4b8e	Unwind@117a4b8e	17
117a4b9f	Unwind@117a4b9f	17
117a4bb0	Unwind@117a4bb0	17
117a4bc1	Unwind@117a4bc1	17
117a4bdd	Unwind@117a4bdd	17
117a4bee	Unwind@117a4bee	17
117a4bff	Unwind@117a4bff	17
117a4c10	Unwind@117a4c10	17
117a4c21	Unwind@117a4c21	17
117a4c32	Unwind@117a4c32	17
117a4c43	Unwind@117a4c43	17
117a4c5f	Unwind@117a4c5f	21
117a5810	Unwind@117a5810	18
117a58e0	Unwind@117a58e0	18
117a59f0	Unwind@117a59f0	25
117a5c98	Unwind@117a5c98	18
117a5caa	Unwind@117a5caa	18
117a6148	Unwind@117a6148	18
117a66d0	Unwind@117a66d0	25
117a66e9	Unwind@117a66e9	25
117a67a0	Unwind@117a67a0	18
117a68d0	Unwind@117a68d0	25
117a68e9	Unwind@117a68e9	25
117a6a68	Unwind@117a6a68	25
117a6a81	Unwind@117a6a81	25
117a6af8	Unwind@117a6af8	18
117a6d58	Unwind@117a6d58	18
117a6d6a	Unwind@117a6d6a	18
117a6e30	Unwind@117a6e30	25
117a6e49	Unwind@117a6e49	25
117a7200	Unwind@117a7200	18
117a8150	Unwind@117a8150	18
117a8440	Unwind@117a8440	18
117a8490	Unwind@117a8490	18
117a9b00	Unwind@117a9b00	25
117a9ff8	Unwind@117a9ff8	25
117aa011	Unwind@117aa011	25
117aa02a	Unwind@117aa02a	25
117aa0b0	Unwind@117aa0b0	25
117aa110	Unwind@117aa110	25
117aa230	Unwind@117aa230	18
117aa280	Unwind@117aa280	18
117aa2d0	Unwind@117aa2d0	18
117aa320	Unwind@117aa320	18
117aa370	Unwind@117aa370	18
117aa3c0	Unwind@117aa3c0	18
117aa410	Unwind@117aa410	18
117aa460	Unwind@117aa460	18
117aa4b0	Unwind@117aa4b0	18
117aa500	Unwind@117aa500	18
117aa550	Unwind@117aa550	18
117aa5a0	Unwind@117aa5a0	18
117aa5f0	Unwind@117aa5f0	18
117aa640	Unwind@117aa640	18
117aa690	Unwind@117aa690	21
117aa6f8	Unwind@117aa6f8	18
117aa70a	Unwind@117aa70a	18
117aabf0	Unwind@117aabf0	25
117ab250	Unwind@117ab250	18
117ab3d0	Unwind@117ab3d0	18
117ab4c0	Unwind@117ab4c0	18
117ab570	Unwind@117ab570	18
117ab690	Unwind@117ab690	18
117ab6f0	Unwind@117ab6f0	18
117ac430	Unwind@117ac430	18
117ac480	Unwind@117ac480	18
117ac4ef	Unwind@117ac4ef	25
117ac54f	Unwind@117ac54f	25
117ac5af	Unwind@117ac5af	25
117ac60f	Unwind@117ac60f	25
117ac66f	Unwind@117ac66f	25
117ac6cf	Unwind@117ac6cf	25
117ac79f	Unwind@117ac79f	25
117ac7ff	Unwind@117ac7ff	25
117ac850	Unwind@117ac850	25
117ac869	Unwind@117ac869	25
117ac8cf	Unwind@117ac8cf	25
117ac920	Unwind@117ac920	25
117ac980	Unwind@117ac980	25
117ac9ef	Unwind@117ac9ef	25
117aca17	Unwind@117aca17	25
117aca3f	Unwind@117aca3f	25
117aca67	Unwind@117aca67	25
117aca8f	Unwind@117aca8f	25
117acace	Unwind@117acace	25
117acb26	Unwind@117acb26	25
117acbef	Unwind@117acbef	25
117acc4f	Unwind@117acc4f	25
117acca0	Unwind@117acca0	25
117accb9	Unwind@117accb9	25
117acd2f	Unwind@117acd2f	25
117ace40	Unwind@117ace40	25
117aceb0	Unwind@117aceb0	25
117acf40	Unwind@117acf40	25
117acf71	Unwind@117acf71	25
117acf9a	Unwind@117acf9a	25
117ad2a0	Unwind@117ad2a0	25
117ad2b9	Unwind@117ad2b9	25
117ad310	Unwind@117ad310	25
117ad36f	Unwind@117ad36f	25
117ad400	Unwind@117ad400	18
117ad490	Unwind@117ad490	25
117ad4e0	Unwind@117ad4e0	25
117ad4f9	Unwind@117ad4f9	25
117ad720	Unwind@117ad720	25
117ad739	Unwind@117ad739	25
117ad752	Unwind@117ad752	25
117ad76b	Unwind@117ad76b	25
117ad784	Unwind@117ad784	25
117ad79d	Unwind@117ad79d	25
117ad7b6	Unwind@117ad7b6	25
117ad7cf	Unwind@117ad7cf	30
117ad7ed	Unwind@117ad7ed	30
117ad930	Unwind@117ad930	25
117ad949	Unwind@117ad949	25
117ad962	Unwind@117ad962	25
117ad97b	Unwind@117ad97b	25
117ada6b	Unwind@117ada6b	18
117adac0	Unwind@117adac0	25
117adad9	Unwind@117adad9	25
117ae060	Unwind@117ae060	18
117ae072	Unwind@117ae072	18
117ae6a0	Unwind@117ae6a0	25
117ae6f0	Unwind@117ae6f0	18
117ae7d0	Unwind@117ae7d0	18
117ae920	Unwind@117ae920	25
117aea7f	Unwind@117aea7f	25
117aed88	Unwind@117aed88	18
117aef00	Unwind@117aef00	25
117aef29	Unwind@117aef29	25
117af020	Unwind@117af020	25
117af039	Unwind@117af039	25
117af052	Unwind@117af052	25
117af06b	Unwind@117af06b	25
117af084	Unwind@117af084	25
117af09d	Unwind@117af09d	25
117af0b6	Unwind@117af0b6	25
117af0cf	Unwind@117af0cf	30
117af0ed	Unwind@117af0ed	30
117af370	Unwind@117af370	25
117af389	Unwind@117af389	25
117af3a2	Unwind@117af3a2	25
117af3c3	Unwind@117af3c3	18
117af4b0	Unwind@117af4b0	18
117af830	Unwind@117af830	18
117af8d0	Unwind@117af8d0	18
117af920	Unwind@117af920	18
117af970	Unwind@117af970	18
117af9c0	Unwind@117af9c0	18
117afa10	Unwind@117afa10	18
117afa6b	Unwind@117afa6b	21
117afad0	Unwind@117afad0	18
117afaea	Unwind@117afaea	18
117afb04	Unwind@117afb04	18
117afb70	Unwind@117afb70	18
117afbc0	Unwind@117afbc0	21
117afe40	Unwind@117afe40	18
117b0510	Unwind@117b0510	25
117b0fc8	Unwind@117b0fc8	18
117b1100	Unwind@117b1100	18
117b1150	Unwind@117b1150	18
117b11f0	Unwind@117b11f0	18
117b1380	Unwind@117b1380	18
117b15b0	Unwind@117b15b0	18
117b1600	Unwind@117b1600	18
117b1776	Unwind@117b1776	18
117b1800	Unwind@117b1800	18
117b1b50	Unwind@117b1b50	18
117b1be0	Unwind@117b1be0	18
117b1c90	Unwind@117b1c90	18
117b1d70	Unwind@117b1d70	18
117b1e1f	Unwind@117b1e1f	18
117b1e31	Unwind@117b1e31	18
117b1e88	Unwind@117b1e88	18
117b1ef0	Unwind@117b1ef0	18
117b1f9f	Unwind@117b1f9f	18
117b2730	Unwind@117b2730	25
117b2749	Unwind@117b2749	25
117b2762	Unwind@117b2762	25
117b2ba0	Unwind@117b2ba0	21
117b2c00	Unwind@117b2c00	18
117b2d50	Unwind@117b2d50	18
117b2d62	Unwind@117b2d62	18
117b2e10	Unwind@117b2e10	25
117b2fa0	Unwind@117b2fa0	18
117b3160	Unwind@117b3160	18
117b3338	Unwind@117b3338	18
117b3500	Unwind@117b3500	18
117b37b8	Unwind@117b37b8	18
117b3800	Unwind@117b3800	18
117b3860	Unwind@117b3860	18
117b38b0	Unwind@117b38b0	18
117b3900	Unwind@117b3900	18
117b3912	Unwind@117b3912	18
117b3970	Unwind@117b3970	18
117b3a10	Unwind@117b3a10	18
117b3a60	Unwind@117b3a60	18
117b3ab0	Unwind@117b3ab0	18
117b3b00	Unwind@117b3b00	18
117b3be0	Unwind@117b3be0	18
117b42a8	Unwind@117b42a8	28
117b4340	Unwind@117b4340	25
117b4458	Unwind@117b4458	25
117b44f8	Unwind@117b44f8	25
117b4550	Unwind@117b4550	25
117b45a0	Unwind@117b45a0	18
117b46a0	Unwind@117b46a0	18
117b47d0	Unwind@117b47d0	18
117b4c80	Unwind@117b4c80	25
117b4cd0	Unwind@117b4cd0	18
117b5434	Unwind@117b5434	18
117b5609	Unwind@117b5609	18
117b56cb	Unwind@117b56cb	18
117b578a	Unwind@117b578a	18
117b5900	Unwind@117b5900	25
117b5919	Unwind@117b5919	25
117b5951	Unwind@117b5951	18
117b59d0	Unwind@117b59d0	21
117b59f0	Unwind@117b59f0	18
117b5a02	Unwind@117b5a02	34
117b5a24	Unwind@117b5a24	21
117b5af0	Unwind@117b5af0	18
117b5b50	Unwind@117b5b50	21
117b5b65	Unwind@117b5b65	18
117b5bc0	Unwind@117b5bc0	18
117b62f0	Unwind@117b62f0	25
117b63c0	Unwind@117b63c0	25
117b63d9	Unwind@117b63d9	25
117b675f	Unwind@117b675f	18
117b680d	Unwind@117b680d	18
117b6b34	Unwind@117b6b34	18
117b6cf0	Unwind@117b6cf0	18
117b6d02	Unwind@117b6d02	25
117b6d50	Unwind@117b6d50	25
117b6daf	Unwind@117b6daf	18
117b6dc1	Unwind@117b6dc1	25
117b6e20	Unwind@117b6e20	25
117b7909	Unwind@117b7909	18
117b791b	Unwind@117b791b	18
117b792d	Unwind@117b792d	18
117b79c1	Unwind@117b79c1	18
117b79d3	Unwind@117b79d3	18
117b7a6f	Unwind@117b7a6f	18
117b7a81	Unwind@117b7a81	18
117b7a93	Unwind@117b7a93	18
117b7aa5	Unwind@117b7aa5	18
117b7ab7	Unwind@117b7ab7	18
117b7d3d	Unwind@117b7d3d	18
117b7dbd	Unwind@117b7dbd	18
117b7e50	Unwind@117b7e50	18
117b7e82	Unwind@117b7e82	18
117b7eac	Unwind@117b7eac	18
117b7ece	Unwind@117b7ece	18
117b7f00	Unwind@117b7f00	18
117b8228	Unwind@117b8228	18
117b8280	Unwind@117b8280	18
117b83f0	Unwind@117b83f0	25
117b8a90	Unwind@117b8a90	18
117b9170	Unwind@117b9170	18
117b91c0	Unwind@117b91c0	18
117b9210	Unwind@117b9210	18
117b9260	Unwind@117b9260	18
117b92b0	Unwind@117b92b0	18
117b9300	Unwind@117b9300	18
117b9312	Unwind@117b9312	18
117b9360	Unwind@117b9360	18
117b93b0	Unwind@117b93b0	18
117b9400	Unwind@117b9400	18
117b9450	Unwind@117b9450	18
117b94a0	Unwind@117b94a0	18
117b94f0	Unwind@117b94f0	18
117b9540	Unwind@117b9540	18
117b9590	Unwind@117b9590	18
117b95e0	Unwind@117b95e0	18
117b9630	Unwind@117b9630	18
117b9680	Unwind@117b9680	18
117b96d0	Unwind@117b96d0	18
117b9720	Unwind@117b9720	18
117b9770	Unwind@117b9770	18
117b97c0	Unwind@117b97c0	18
117b9810	Unwind@117b9810	18
117b9860	Unwind@117b9860	18
117b9a20	Unwind@117b9a20	18
117b9a70	Unwind@117b9a70	18
117b9ac0	Unwind@117b9ac0	18
117b9b10	Unwind@117b9b10	18
117b9b60	Unwind@117b9b60	18
117b9bb0	Unwind@117b9bb0	18
117b9c00	Unwind@117b9c00	18
117b9c50	Unwind@117b9c50	18
117b9ca0	Unwind@117b9ca0	18
117b9cf0	Unwind@117b9cf0	18
117b9d40	Unwind@117b9d40	25
117b9d90	Unwind@117b9d90	25
117ba4c0	Unwind@117ba4c0	18
117ba518	Unwind@117ba518	18
117ba630	Unwind@117ba630	18
117ba680	Unwind@117ba680	18
117ba6d0	Unwind@117ba6d0	18
117ba720	Unwind@117ba720	18
117ba93d	Unwind@117ba93d	18
117ba9f0	Unwind@117ba9f0	21
117baa10	Unwind@117baa10	21
117baa25	Unwind@117baa25	21
117baa45	Unwind@117baa45	18
117bab0e	Unwind@117bab0e	18
117bad16	Unwind@117bad16	18
117bad96	Unwind@117bad96	18
117bb140	Unwind@117bb140	18
117bb152	Unwind@117bb152	25
117bb16b	Unwind@117bb16b	18
117bb17d	Unwind@117bb17d	25
117bb196	Unwind@117bb196	18
117bb1a8	Unwind@117bb1a8	25
117bb96f	Unwind@117bb96f	25
117bb9c8	Unwind@117bb9c8	18
117bba8f	Unwind@117bba8f	25
117bbc20	Unwind@117bbc20	18
117bbc78	Unwind@117bbc78	18
117bbcc8	Unwind@117bbcc8	18
117bc9b0	Unwind@117bc9b0	25
117be60f	Unwind@117be60f	25
117be628	Unwind@117be628	25
117be641	Unwind@117be641	25
117be65a	Unwind@117be65a	25
117be673	Unwind@117be673	25
117be76f	Unwind@117be76f	25
117be9d7	Unwind@117be9d7	25
117be9f0	Unwind@117be9f0	25
117bead0	Unwind@117bead0	18
117bf370	Unwind@117bf370	18
117bf7e0	Unwind@117bf7e0	18
117bf89f	Unwind@117bf89f	25
117bf8b8	Unwind@117bf8b8	25
117bf91f	Unwind@117bf91f	25
117bf938	Unwind@117bf938	18
117bf94a	Unwind@117bf94a	25
117bfb30	Unwind@117bfb30	25
117c0020	Unwind@117c0020	18
117c0032	Unwind@117c0032	18
117c0044	Unwind@117c0044	18
117c0056	Unwind@117c0056	18
117c00b0	Unwind@117c00b0	18
117c00c2	Unwind@117c00c2	18
117c0110	Unwind@117c0110	18
117c0160	Unwind@117c0160	18
117c01b0	Unwind@117c01b0	18
117c0200	Unwind@117c0200	18
117c0250	Unwind@117c0250	18
117c02e0	Unwind@117c02e0	18
117c0330	Unwind@117c0330	18
117c0380	Unwind@117c0380	18
117c03d0	Unwind@117c03d0	18
117c0420	Unwind@117c0420	18
117c04b0	Unwind@117c04b0	18
117c0927	Unwind@117c0927	25
117c0940	Unwind@117c0940	25
117c0da0	Unwind@117c0da0	25
117c0db9	Unwind@117c0db9	25
117c0e10	Unwind@117c0e10	25
117c0e29	Unwind@117c0e29	25
117c1b80	Unwind@117c1b80	25
117c1f80	Unwind@117c1f80	18
117c1f92	Unwind@117c1f92	18
117c1fe0	Unwind@117c1fe0	18
117c1ff2	Unwind@117c1ff2	18
117c2040	Unwind@117c2040	18
117c2052	Unwind@117c2052	18
117c20a0	Unwind@117c20a0	25
117c20b9	Unwind@117c20b9	25
117c2384	Unwind@117c2384	25
117c2610	Unwind@117c2610	25
117c2629	Unwind@117c2629	25
117c2690	Unwind@117c2690	25
117c26a9	Unwind@117c26a9	25
117c2e34	Unwind@117c2e34	18
117c2f7b	Unwind@117c2f7b	17
117c326b	Unwind@117c326b	17
117c3751	Unwind@117c3751	18
117c3763	Unwind@117c3763	18
117c3801	Unwind@117c3801	18
117c3813	Unwind@117c3813	18
117c3ace	Unwind@117c3ace	18
117c3b3e	Unwind@117c3b3e	18
117c3c3b	Unwind@117c3c3b	17
117c3ceb	Unwind@117c3ceb	17
117c3f79	Unwind@117c3f79	18
117c3f8b	Unwind@117c3f8b	18
117c4270	Unwind@117c4270	18
117c42d0	Unwind@117c42d0	18
117c42e2	Unwind@117c42e2	18
117c4340	Unwind@117c4340	18
117c4390	Unwind@117c4390	18
117c43a2	Unwind@117c43a2	18
117c43b4	Unwind@117c43b4	18
117c43c6	Unwind@117c43c6	18
117c43d8	Unwind@117c43d8	18
117c43ea	Unwind@117c43ea	18
117c43fc	Unwind@117c43fc	18
117c440e	Unwind@117c440e	18
117c4420	Unwind@117c4420	18
117c4432	Unwind@117c4432	18
117c4444	Unwind@117c4444	18
117c4456	Unwind@117c4456	18
117c4468	Unwind@117c4468	18
117c447a	Unwind@117c447a	18
117c448c	Unwind@117c448c	18
117c449e	Unwind@117c449e	18
117c4540	Unwind@117c4540	18
117c4552	Unwind@117c4552	18
117c45b0	Unwind@117c45b0	18
117c45c2	Unwind@117c45c2	18
117c4620	Unwind@117c4620	18
117c4632	Unwind@117c4632	18
117c4690	Unwind@117c4690	18
117c46a2	Unwind@117c46a2	18
117c4700	Unwind@117c4700	18
117c474f	Unwind@117c474f	18
117c47b0	Unwind@117c47b0	18
117c47c2	Unwind@117c47c2	18
117c4860	Unwind@117c4860	18
117c48b0	Unwind@117c48b0	18
117c48c2	Unwind@117c48c2	18
117c4920	Unwind@117c4920	18
117c4932	Unwind@117c4932	18
117c499b	Unwind@117c499b	21
117c4a00	Unwind@117c4a00	18
117c4a12	Unwind@117c4a12	18
117c4a24	Unwind@117c4a24	18
117c4a80	Unwind@117c4a80	18
117c4acf	Unwind@117c4acf	18
117c4bb0	Unwind@117c4bb0	18
117c4bc2	Unwind@117c4bc2	18
117c4c20	Unwind@117c4c20	18
117c4c32	Unwind@117c4c32	18
117c4c90	Unwind@117c4c90	18
117c4ca2	Unwind@117c4ca2	18
117c5070	Unwind@117c5070	18
117c50c0	Unwind@117c50c0	18
117c51e0	Unwind@117c51e0	18
117c51f2	Unwind@117c51f2	18
117c60e0	Unwind@117c60e0	18
117c64a0	Unwind@117c64a0	18
117c64f0	Unwind@117c64f0	18
117c6540	Unwind@117c6540	18
117c6590	Unwind@117c6590	18
117c8300	Unwind@117c8300	18
117c89b0	Unwind@117c89b0	18
117ca4c0	Unwind@117ca4c0	18
117caf70	Unwind@117caf70	18
117cafc0	Unwind@117cafc0	18
117cb650	Unwind@117cb650	18
117cbdd6	Unwind@117cbdd6	18
117cbea0	Unwind@117cbea0	18
117cbef0	Unwind@117cbef0	18
117cbf02	Unwind@117cbf02	18
117cbf50	Unwind@117cbf50	18
117cbfb0	Unwind@117cbfb0	18
117cccee	Unwind@117cccee	34
117cd360	Unwind@117cd360	18
117d017f	Unwind@117d017f	18
117d01d0	Unwind@117d01d0	18
117d0250	Unwind@117d0250	18
117d02be	Unwind@117d02be	18
117d0390	Unwind@117d0390	18
117d0f50	Unwind@117d0f50	18
117d0ff6	Unwind@117d0ff6	21
117d1118	Unwind@117d1118	18
117d14a0	Unwind@117d14a0	18
