entry	name	reference_body_bytes
101169b0	FUN_101169b0	26
101169d0	FUN_101169d0	26
10116ad0	FUN_10116ad0	26
101175c0	FUN_101175c0	30
101175f0	FUN_101175f0	30
10117620	FUN_10117620	30
10117e90	FUN_10117e90	32
10117ec0	FUN_10117ec0	32
10118470	FUN_10118470	24
10122560	FUN_10122560	65
101225c0	FUN_101225c0	65
10122620	FUN_10122620	65
101226e0	FUN_101226e0	24
10122ac0	FUN_10122ac0	24
10122ba0	FUN_10122ba0	24
10122d10	FUN_10122d10	24
10122ee0	FUN_10122ee0	24
101231a0	FUN_101231a0	24
101231f0	FUN_101231f0	24
10123240	FUN_10123240	24
10123320	FUN_10123320	24
10123490	FUN_10123490	24
10123ab0	FUN_10123ab0	24
10123f20	FUN_10123f20	24
10123f70	FUN_10123f70	24
10124080	FUN_10124080	24
10124130	FUN_10124130	24
10124180	FUN_10124180	24
10124c80	FUN_10124c80	207
1012b880	FUN_1012b880	30
1012b8b0	FUN_1012b8b0	30
1012b8e0	FUN_1012b8e0	30
1013f540	FUN_1013f540	28
1013f570	FUN_1013f570	28
1013f5a0	FUN_1013f5a0	28
1013f5d0	FUN_1013f5d0	20
1013f5f0	FUN_1013f5f0	20
1013f610	FUN_1013f610	20
10196370	FUN_10196370	72
10199630	FUN_10199630	72
101996d0	FUN_101996d0	72
1019c350	FUN_1019c350	16
1019c370	FUN_1019c370	16
1019c390	FUN_1019c390	16
1019c3b0	FUN_1019c3b0	16
1019c3d0	FUN_1019c3d0	16
1019c3f0	FUN_1019c3f0	16
1019c410	FUN_1019c410	16
1019c430	FUN_1019c430	16
1019c450	FUN_1019c450	16
1019c470	FUN_1019c470	16
1019c490	FUN_1019c490	16
1019c4b0	FUN_1019c4b0	16
1019c4d0	FUN_1019c4d0	16
1019c4f0	FUN_1019c4f0	16
1019c510	FUN_1019c510	16
1019c530	FUN_1019c530	16
1019c550	FUN_1019c550	16
1019c570	FUN_1019c570	16
1019c590	FUN_1019c590	16
1019c5b0	FUN_1019c5b0	16
1019c5d0	FUN_1019c5d0	16
1019c5f0	FUN_1019c5f0	16
1019c610	FUN_1019c610	16
1019c630	FUN_1019c630	16
1019c650	FUN_1019c650	16
1019c670	FUN_1019c670	16
1019c690	FUN_1019c690	16
1019c6b0	FUN_1019c6b0	16
1019c6d0	FUN_1019c6d0	16
1019c6f0	FUN_1019c6f0	16
1019c710	FUN_1019c710	16
1019c730	FUN_1019c730	16
1019c750	FUN_1019c750	16
1019c770	FUN_1019c770	16
1019c790	FUN_1019c790	16
1019c7b0	FUN_1019c7b0	16
1019c7d0	FUN_1019c7d0	16
1019c7f0	FUN_1019c7f0	16
1019c810	FUN_1019c810	16
1019c830	FUN_1019c830	16
1019c850	FUN_1019c850	16
1019c870	FUN_1019c870	16
1019c890	FUN_1019c890	16
1019c8b0	FUN_1019c8b0	16
1019c8d0	FUN_1019c8d0	16
1019c8f0	FUN_1019c8f0	16
1019c910	FUN_1019c910	16
1019c930	FUN_1019c930	16
1019c950	FUN_1019c950	16
1019c970	FUN_1019c970	16
1019c990	FUN_1019c990	16
1019c9b0	FUN_1019c9b0	16
1019c9d0	FUN_1019c9d0	16
1019c9f0	FUN_1019c9f0	16
1019ca10	FUN_1019ca10	16
1019ca30	FUN_1019ca30	16
1019ca50	FUN_1019ca50	16
1019ca70	FUN_1019ca70	16
1019ca90	FUN_1019ca90	16
1019cab0	FUN_1019cab0	16
1019cad0	FUN_1019cad0	16
1019caf0	FUN_1019caf0	16
1019cb10	FUN_1019cb10	16
1019cb30	FUN_1019cb30	16
1019cb50	FUN_1019cb50	16
1019cb70	FUN_1019cb70	16
1019cb90	FUN_1019cb90	16
1019cbb0	FUN_1019cbb0	16
1019cbd0	FUN_1019cbd0	16
1019cbf0	FUN_1019cbf0	16
1019cc10	FUN_1019cc10	16
1019cc30	FUN_1019cc30	16
1019cc50	FUN_1019cc50	16
1019cc70	FUN_1019cc70	16
1019cc90	FUN_1019cc90	16
1019ccb0	FUN_1019ccb0	16
1019ccd0	FUN_1019ccd0	16
1019ccf0	FUN_1019ccf0	16
1019cd10	FUN_1019cd10	16
1019cd30	FUN_1019cd30	16
1019cd50	FUN_1019cd50	16
1019cd70	FUN_1019cd70	16
1019cd90	FUN_1019cd90	16
1019cdb0	FUN_1019cdb0	16
1019cdd0	FUN_1019cdd0	16
1019cdf0	FUN_1019cdf0	16
1019ce10	FUN_1019ce10	16
1019ce30	FUN_1019ce30	16
1019ce50	FUN_1019ce50	16
1019ce70	FUN_1019ce70	16
1019ce90	FUN_1019ce90	16
1019ceb0	FUN_1019ceb0	16
1019ced0	FUN_1019ced0	16
1019cef0	FUN_1019cef0	16
1019cf10	FUN_1019cf10	16
1019cf30	FUN_1019cf30	16
1019cf50	FUN_1019cf50	16
1019cf70	FUN_1019cf70	16
1019cf90	FUN_1019cf90	16
1019cfb0	FUN_1019cfb0	16
1019cfd0	FUN_1019cfd0	16
1019cff0	FUN_1019cff0	16
1019d010	FUN_1019d010	16
1019d030	FUN_1019d030	16
1019d050	FUN_1019d050	16
1019d070	FUN_1019d070	16
1019d090	FUN_1019d090	16
1019d0b0	FUN_1019d0b0	16
1019d0d0	FUN_1019d0d0	16
1019d0f0	FUN_1019d0f0	16
1019d110	FUN_1019d110	16
1019d130	FUN_1019d130	16
1019d150	FUN_1019d150	16
1019d170	FUN_1019d170	16
1019d190	FUN_1019d190	16
1019d1b0	FUN_1019d1b0	16
1019d1d0	FUN_1019d1d0	16
1019d1f0	FUN_1019d1f0	16
1019d210	FUN_1019d210	16
1019d230	FUN_1019d230	16
1019d250	FUN_1019d250	16
1019d270	FUN_1019d270	16
1019d290	FUN_1019d290	16
1019d2b0	FUN_1019d2b0	16
1019d2d0	FUN_1019d2d0	16
1019d2f0	FUN_1019d2f0	16
1019d310	FUN_1019d310	16
1019d330	FUN_1019d330	16
1019d350	FUN_1019d350	16
1019d370	FUN_1019d370	16
1019d390	FUN_1019d390	16
1019d3b0	FUN_1019d3b0	16
1019d3d0	FUN_1019d3d0	16
1019d3f0	FUN_1019d3f0	16
1019d410	FUN_1019d410	16
1019d430	FUN_1019d430	16
1019d450	FUN_1019d450	16
1019d470	FUN_1019d470	16
1019d490	FUN_1019d490	16
1019d4b0	FUN_1019d4b0	16
1019d4d0	FUN_1019d4d0	16
1019d4f0	FUN_1019d4f0	16
1019d510	FUN_1019d510	16
1019d530	FUN_1019d530	16
1019d550	FUN_1019d550	16
1019d570	FUN_1019d570	16
1019d590	FUN_1019d590	16
1019d5b0	FUN_1019d5b0	16
1019d5d0	FUN_1019d5d0	16
1019d5f0	FUN_1019d5f0	16
1019d610	FUN_1019d610	16
1019d630	FUN_1019d630	16
1019d650	FUN_1019d650	16
1019d670	FUN_1019d670	16
1019d690	FUN_1019d690	16
1019d6b0	FUN_1019d6b0	16
1019d6d0	FUN_1019d6d0	16
1019d6f0	FUN_1019d6f0	16
1019d710	FUN_1019d710	16
1019d730	FUN_1019d730	16
1019d750	FUN_1019d750	16
1019d770	FUN_1019d770	16
1019d790	FUN_1019d790	16
1019d7b0	FUN_1019d7b0	16
1019d7d0	FUN_1019d7d0	16
1019d7f0	FUN_1019d7f0	16
1019d810	FUN_1019d810	16
1019d830	FUN_1019d830	16
1019d850	FUN_1019d850	16
1019d870	FUN_1019d870	16
1019d890	FUN_1019d890	16
1019d8b0	FUN_1019d8b0	16
1019d8d0	FUN_1019d8d0	16
1019d8f0	FUN_1019d8f0	16
1019d910	FUN_1019d910	16
1019d930	FUN_1019d930	16
1019d950	FUN_1019d950	16
1019d970	FUN_1019d970	16
1019d990	FUN_1019d990	16
1019d9b0	FUN_1019d9b0	16
1019d9d0	FUN_1019d9d0	16
1019d9f0	FUN_1019d9f0	16
1019da10	FUN_1019da10	16
1019da30	FUN_1019da30	16
1019da50	FUN_1019da50	16
1019da70	FUN_1019da70	16
1019da90	FUN_1019da90	16
1019dab0	FUN_1019dab0	16
1019dad0	FUN_1019dad0	16
1019daf0	FUN_1019daf0	16
1019db10	FUN_1019db10	16
1019db30	FUN_1019db30	16
1019db50	FUN_1019db50	16
1019db70	FUN_1019db70	16
1019db90	FUN_1019db90	16
1019dbb0	FUN_1019dbb0	16
1019dbd0	FUN_1019dbd0	16
1019dbf0	FUN_1019dbf0	16
1019dc10	FUN_1019dc10	16
1019dc30	FUN_1019dc30	16
1019dc50	FUN_1019dc50	16
1019dc70	FUN_1019dc70	16
1019dc90	FUN_1019dc90	16
1019dcb0	FUN_1019dcb0	16
1019dcd0	FUN_1019dcd0	16
1019dcf0	FUN_1019dcf0	16
1019dd10	FUN_1019dd10	16
1019dd30	FUN_1019dd30	16
1019dd50	FUN_1019dd50	16
1019dd70	FUN_1019dd70	16
1019dd90	FUN_1019dd90	16
1019ddb0	FUN_1019ddb0	16
1019ddd0	FUN_1019ddd0	16
1019ddf0	FUN_1019ddf0	16
1019de10	FUN_1019de10	16
1019de30	FUN_1019de30	16
1019de50	FUN_1019de50	16
1019de70	FUN_1019de70	16
1019de90	FUN_1019de90	16
1019deb0	FUN_1019deb0	16
1019ded0	FUN_1019ded0	16
1019df10	FUN_1019df10	16
1019df30	FUN_1019df30	16
1019df50	FUN_1019df50	16
1019df70	FUN_1019df70	16
1019df90	FUN_1019df90	16
1019dfb0	FUN_1019dfb0	16
1019dfd0	FUN_1019dfd0	16
1019dff0	FUN_1019dff0	16
1019e010	FUN_1019e010	16
1019e030	FUN_1019e030	16
1019e050	FUN_1019e050	16
1019e070	FUN_1019e070	16
1019e090	FUN_1019e090	16
1019e0b0	FUN_1019e0b0	16
1019e0d0	FUN_1019e0d0	16
1019e0f0	FUN_1019e0f0	16
1019e110	FUN_1019e110	16
1019e130	FUN_1019e130	16
1019e150	FUN_1019e150	16
1019e170	FUN_1019e170	16
1019e190	FUN_1019e190	16
1019e1b0	FUN_1019e1b0	16
1019e1d0	FUN_1019e1d0	16
1019e1f0	FUN_1019e1f0	16
1019e210	FUN_1019e210	16
1019e230	FUN_1019e230	16
1019e250	FUN_1019e250	16
1019e270	FUN_1019e270	16
1019e290	FUN_1019e290	16
1019e2b0	FUN_1019e2b0	16
1019e2d0	FUN_1019e2d0	16
1019e2f0	FUN_1019e2f0	16
1019e310	FUN_1019e310	16
1019e330	FUN_1019e330	16
1019e350	FUN_1019e350	16
1019e370	FUN_1019e370	16
1019e390	FUN_1019e390	16
1019e3b0	FUN_1019e3b0	16
1019e3d0	FUN_1019e3d0	16
1019e3f0	FUN_1019e3f0	16
1019e410	FUN_1019e410	16
1019e430	FUN_1019e430	16
1019e450	FUN_1019e450	16
1019e470	FUN_1019e470	16
1019e490	FUN_1019e490	16
1019e4b0	FUN_1019e4b0	16
1019e4d0	FUN_1019e4d0	16
1019e4f0	FUN_1019e4f0	16
1019e510	FUN_1019e510	16
1019e530	FUN_1019e530	16
1019e550	FUN_1019e550	16
1019e570	FUN_1019e570	16
1019e590	FUN_1019e590	16
1019e5b0	FUN_1019e5b0	16
1019e5d0	FUN_1019e5d0	16
1019e5f0	FUN_1019e5f0	16
1019e610	FUN_1019e610	16
1019e630	FUN_1019e630	16
1019e650	FUN_1019e650	16
1019e670	FUN_1019e670	16
1019e690	FUN_1019e690	16
1019e6b0	FUN_1019e6b0	16
1019e6d0	FUN_1019e6d0	16
1019e6f0	FUN_1019e6f0	16
1019e710	FUN_1019e710	16
1019e730	FUN_1019e730	16
1019e750	FUN_1019e750	16
1019e770	FUN_1019e770	16
1019e790	FUN_1019e790	16
1019e7b0	FUN_1019e7b0	16
1019e7d0	FUN_1019e7d0	16
1019e7f0	FUN_1019e7f0	16
1019e810	FUN_1019e810	16
1019e850	FUN_1019e850	16
1019e870	FUN_1019e870	16
1019e890	FUN_1019e890	16
1019e8b0	FUN_1019e8b0	16
1019e8d0	FUN_1019e8d0	16
1019e8f0	FUN_1019e8f0	16
1019e910	FUN_1019e910	16
1019e930	FUN_1019e930	16
1019e950	FUN_1019e950	16
1019e970	FUN_1019e970	16
1019e990	FUN_1019e990	16
1019e9b0	FUN_1019e9b0	16
1019e9d0	FUN_1019e9d0	16
1019e9f0	FUN_1019e9f0	16
1019ea10	FUN_1019ea10	16
1019ea30	FUN_1019ea30	16
1019eaf0	FUN_1019eaf0	16
1019eb10	FUN_1019eb10	16
1019eb30	FUN_1019eb30	16
1019eb50	FUN_1019eb50	16
1019ebf0	FUN_1019ebf0	16
1019ec10	FUN_1019ec10	16
1019ec30	FUN_1019ec30	16
1019ec50	FUN_1019ec50	16
1019ec70	FUN_1019ec70	16
1019ec90	FUN_1019ec90	16
1019ecb0	FUN_1019ecb0	16
1019ecd0	FUN_1019ecd0	16
1019ecf0	FUN_1019ecf0	16
1019edb0	FUN_1019edb0	24
1019edd0	FUN_1019edd0	24
1019edf0	FUN_1019edf0	24
1019ee10	FUN_1019ee10	24
1019ee30	FUN_1019ee30	24
1019ee50	FUN_1019ee50	24
1019ee70	FUN_1019ee70	24
1019ee90	FUN_1019ee90	24
1019eee0	FUN_1019eee0	24
1019ef00	FUN_1019ef00	16
1019ef40	FUN_1019ef40	16
1019ef60	FUN_1019ef60	16
1019ef80	FUN_1019ef80	16
1019efa0	FUN_1019efa0	24
101a6df0	FUN_101a6df0	26
101a8d90	FUN_101a8d90	41
101a8dd0	FUN_101a8dd0	24
101a8df0	FUN_101a8df0	24
101aa3d0	FUN_101aa3d0	28
101aa400	FUN_101aa400	28
101aa810	FUN_101aa810	91
101aa890	FUN_101aa890	26
101aa8d0	FUN_101aa8d0	91
101aa950	FUN_101aa950	26
101aa970	FUN_101aa970	91
101aa9f0	FUN_101aa9f0	91
101aaae0	FUN_101aaae0	83
101ab9e0	FUN_101ab9e0	30
101ac3f0	FUN_101ac3f0	32
101ac420	FUN_101ac420	41
101ac460	FUN_101ac460	32
101ac490	FUN_101ac490	32
101ac4c0	FUN_101ac4c0	32
101ac4f0	FUN_101ac4f0	32
101ac520	FUN_101ac520	32
101ac590	FUN_101ac590	32
101ac5c0	FUN_101ac5c0	32
101ac5f0	FUN_101ac5f0	32
101ac620	FUN_101ac620	32
101ac650	FUN_101ac650	32
101ac680	FUN_101ac680	32
101ac6b0	FUN_101ac6b0	32
101ac6e0	FUN_101ac6e0	32
101ac710	FUN_101ac710	32
101ac740	FUN_101ac740	32
101ac770	FUN_101ac770	32
101ac7a0	FUN_101ac7a0	32
101ac7d0	FUN_101ac7d0	32
101ac800	FUN_101ac800	32
101ac830	FUN_101ac830	32
101ac860	FUN_101ac860	32
101ac890	FUN_101ac890	32
101ac8c0	FUN_101ac8c0	32
101ac8f0	FUN_101ac8f0	32
101ac920	FUN_101ac920	32
101ac950	FUN_101ac950	32
101ac990	FUN_101ac990	24
101af1f0	FUN_101af1f0	65
101af250	FUN_101af250	81
101af2c0	FUN_101af2c0	65
101af320	FUN_101af320	65
101af380	FUN_101af380	65
101af3e0	FUN_101af3e0	65
101af440	FUN_101af440	65
101af4a0	FUN_101af4a0	81
101af510	FUN_101af510	81
101af580	FUN_101af580	65
101af5e0	FUN_101af5e0	81
101af650	FUN_101af650	65
101af6b0	FUN_101af6b0	65
101af710	FUN_101af710	65
101af770	FUN_101af770	65
101af7d0	FUN_101af7d0	65
101af830	FUN_101af830	65
101af890	FUN_101af890	65
101af8f0	FUN_101af8f0	65
101af950	FUN_101af950	65
101af9b0	FUN_101af9b0	81
101afa20	FUN_101afa20	65
101afa80	FUN_101afa80	65
101afae0	FUN_101afae0	65
101afb40	FUN_101afb40	65
101afba0	FUN_101afba0	81
101afc10	FUN_101afc10	65
101afc70	FUN_101afc70	65
101afcd0	FUN_101afcd0	65
101afd30	FUN_101afd30	65
101afd90	FUN_101afd90	65
101afdf0	FUN_101afdf0	65
101afe50	FUN_101afe50	65
101b0000	FUN_101b0000	70
101b0060	FUN_101b0060	94
101b00e0	FUN_101b00e0	70
101b1040	FUN_101b1040	70
101b2980	FUN_101b2980	61
101b29d0	FUN_101b29d0	61
101b2a20	FUN_101b2a20	61
101b2a70	FUN_101b2a70	61
101b2ac0	FUN_101b2ac0	30
101b4d40	FUN_101b4d40	28
101b5290	FUN_101b5290	28
101b6f00	FUN_101b6f00	28
101b6f30	FUN_101b6f30	28
101b6f60	FUN_101b6f60	28
101b6f90	FUN_101b6f90	28
101b6fc0	FUN_101b6fc0	28
101b6ff0	FUN_101b6ff0	28
101b7020	FUN_101b7020	28
101b7050	FUN_101b7050	28
101b7080	FUN_101b7080	28
101b70b0	FUN_101b70b0	28
101b70e0	FUN_101b70e0	28
101b7110	FUN_101b7110	28
101b7140	FUN_101b7140	28
101b7170	FUN_101b7170	28
101b71a0	FUN_101b71a0	28
101b71d0	FUN_101b71d0	28
101b7200	FUN_101b7200	28
101b7230	FUN_101b7230	28
101b7260	FUN_101b7260	28
101b7290	FUN_101b7290	28
101b72c0	FUN_101b72c0	28
101b72f0	FUN_101b72f0	28
101b7320	FUN_101b7320	28
101b7350	FUN_101b7350	28
101b7380	FUN_101b7380	28
101b73b0	FUN_101b73b0	28
101b73e0	FUN_101b73e0	28
101b7410	FUN_101b7410	28
101b7440	FUN_101b7440	28
101b7470	FUN_101b7470	28
101b74a0	FUN_101b74a0	28
101b74d0	FUN_101b74d0	28
101b7500	FUN_101b7500	20
101b7d60	FUN_101b7d60	101
101b7de0	FUN_101b7de0	101
101b7e60	FUN_101b7e60	115
101b7ef0	FUN_101b7ef0	83
101b80e0	FUN_101b80e0	41
101b8120	FUN_101b8120	24
101b8310	FUN_101b8310	81
101b8fc0	FUN_101b8fc0	279
101b9270	FUN_101b9270	91
101b92f0	FUN_101b92f0	91
101b9650	FUN_101b9650	41
101b96b0	FUN_101b96b0	32
101b9700	FUN_101b9700	24
101ba390	FUN_101ba390	81
101ba400	FUN_101ba400	65
101ba460	FUN_101ba460	81
101ba4d0	FUN_101ba4d0	70
101baaf0	FUN_101baaf0	149
101bac00	FUN_101bac00	61
101bac50	FUN_101bac50	61
101bb140	FUN_101bb140	43
101bc1b0	FUN_101bc1b0	28
101bc1e0	FUN_101bc1e0	28
101bc210	FUN_101bc210	28
101bc240	FUN_101bc240	28
101bc270	FUN_101bc270	28
101bc2a0	FUN_101bc2a0	28
101bc4f0	FUN_101bc4f0	91
101bc590	FUN_101bc590	26
101bdfa0	FUN_101bdfa0	24
101be3c0	FUN_101be3c0	61
101bf0a0	FUN_101bf0a0	28
101bf370	FUN_101bf370	91
101c35c0	FUN_101c35c0	61
101c3660	FUN_101c3660	28
101c3940	FUN_101c3940	91
101c39c0	FUN_101c39c0	91
101c3a40	FUN_101c3a40	26
101c3a60	FUN_101c3a60	26
101c3aa0	FUN_101c3aa0	26
101c3ac0	FUN_101c3ac0	43
101c3b00	FUN_101c3b00	91
101c3b80	FUN_101c3b80	26
101c3ba0	FUN_101c3ba0	26
101c3bc0	FUN_101c3bc0	91
101c4390	FUN_101c4390	39
101c43e0	FUN_101c43e0	39
101c4410	FUN_101c4410	39
101c4ee0	FUN_101c4ee0	30
101c4fa0	FUN_101c4fa0	28
101c4fd0	FUN_101c4fd0	28
101c5120	FUN_101c5120	59
101c5550	FUN_101c5550	32
101c55c0	FUN_101c55c0	41
101c5640	FUN_101c5640	24
101c5660	FUN_101c5660	24
101c5680	FUN_101c5680	24
101c7350	FUN_101c7350	81
101c97f0	FUN_101c97f0	61
101c9840	FUN_101c9840	61
101c9890	FUN_101c9890	61
101c98e0	FUN_101c98e0	61
101c9930	FUN_101c9930	30
101ca970	FUN_101ca970	28
101cb160	FUN_101cb160	59
101cb590	FUN_101cb590	28
101cb5c0	FUN_101cb5c0	28
101cb5f0	FUN_101cb5f0	28
101cb620	FUN_101cb620	28
101cb650	FUN_101cb650	28
101cb680	FUN_101cb680	28
101cb6b0	FUN_101cb6b0	28
101cb6e0	FUN_101cb6e0	28
101cb710	FUN_101cb710	20
101cc870	FUN_101cc870	91
101cc8f0	FUN_101cc8f0	26
101cc910	FUN_101cc910	43
101cc950	FUN_101cc950	91
101cc9d0	FUN_101cc9d0	91
101cca90	FUN_101cca90	26
101ccab0	FUN_101ccab0	91
101ccb30	FUN_101ccb30	26
101ccb50	FUN_101ccb50	91
101ccbd0	FUN_101ccbd0	26
101ccbf0	FUN_101ccbf0	91
101ccef0	FUN_101ccef0	26
101ccf10	FUN_101ccf10	91
101ccf90	FUN_101ccf90	91
101cd010	FUN_101cd010	91
101cd090	FUN_101cd090	43
101cd0d0	FUN_101cd0d0	91
101cd150	FUN_101cd150	91
101cd1d0	FUN_101cd1d0	91
101cd250	FUN_101cd250	26
101cd290	FUN_101cd290	26
101cd2b0	FUN_101cd2b0	78
101cd760	FUN_101cd760	83
101cd7d0	FUN_101cd7d0	78
101ce970	FUN_101ce970	30
101ce9a0	FUN_101ce9a0	30
101ceaa0	FUN_101ceaa0	28
101cfae0	FUN_101cfae0	41
101cfb80	FUN_101cfb80	41
101cfbc0	FUN_101cfbc0	41
101cfc00	FUN_101cfc00	41
101cfc40	FUN_101cfc40	32
101cfc70	FUN_101cfc70	41
101cfcf0	FUN_101cfcf0	41
101cfd30	FUN_101cfd30	41
101cfd90	FUN_101cfd90	32
101cfdc0	FUN_101cfdc0	41
101cfe00	FUN_101cfe00	32
101cfe30	FUN_101cfe30	41
101cfe90	FUN_101cfe90	24
101cfeb0	FUN_101cfeb0	24
101d3bb0	FUN_101d3bb0	81
101d3c20	FUN_101d3c20	65
101d3c80	FUN_101d3c80	81
101d3cf0	FUN_101d3cf0	81
101d3d60	FUN_101d3d60	65
101d3dc0	FUN_101d3dc0	81
101d3e30	FUN_101d3e30	81
101d3ea0	FUN_101d3ea0	81
101d3f10	FUN_101d3f10	81
101d3f80	FUN_101d3f80	65
101d3fe0	FUN_101d3fe0	81
101d7950	FUN_101d7950	61
101d79a0	FUN_101d79a0	61
101d79f0	FUN_101d79f0	61
101d7a40	FUN_101d7a40	61
101d7a90	FUN_101d7a90	61
101d7ae0	FUN_101d7ae0	61
101d7b30	FUN_101d7b30	61
101d7b80	FUN_101d7b80	61
101d7bd0	FUN_101d7bd0	61
101d7c20	FUN_101d7c20	61
101d7c70	FUN_101d7c70	61
101d7cc0	FUN_101d7cc0	61
101d7d10	FUN_101d7d10	61
101d7d60	FUN_101d7d60	61
101d7db0	FUN_101d7db0	30
101d7de0	FUN_101d7de0	30
101d83f0	FUN_101d83f0	41
101d8e80	FUN_101d8e80	43
101d8ec0	FUN_101d8ec0	43
101d8f00	FUN_101d8f00	28
101d8f30	FUN_101d8f30	28
101dac00	FUN_101dac00	135
101dacb0	FUN_101dacb0	71
101de100	FUN_101de100	28
101de130	FUN_101de130	28
101de160	FUN_101de160	28
101de190	FUN_101de190	28
101de1c0	FUN_101de1c0	28
101de1f0	FUN_101de1f0	28
101de220	FUN_101de220	28
101de250	FUN_101de250	28
101de280	FUN_101de280	28
101de2b0	FUN_101de2b0	28
101de2e0	FUN_101de2e0	28
101de310	FUN_101de310	28
101de340	FUN_101de340	28
101de370	FUN_101de370	28
101de3a0	FUN_101de3a0	28
101de3d0	FUN_101de3d0	28
101de400	FUN_101de400	28
101de430	FUN_101de430	28
101de460	FUN_101de460	28
101de490	FUN_101de490	28
101de4c0	FUN_101de4c0	28
101de4f0	FUN_101de4f0	28
101de520	FUN_101de520	28
101de550	FUN_101de550	28
101de580	FUN_101de580	20
101de5a0	FUN_101de5a0	20
101de5c0	FUN_101de5c0	20
101e0020	FUN_101e0020	26
101e02e0	FUN_101e02e0	26
101e0300	FUN_101e0300	26
101e0320	FUN_101e0320	26
101e0340	FUN_101e0340	26
101e0360	FUN_101e0360	91
101e03e0	FUN_101e03e0	26
101e0400	FUN_101e0400	26
101e0420	FUN_101e0420	91
101e04a0	FUN_101e04a0	26
101e04e0	FUN_101e04e0	91
101e0560	FUN_101e0560	78
101e05d0	FUN_101e05d0	83
101e0640	FUN_101e0640	78
101e0890	FUN_101e0890	83
101e0900	FUN_101e0900	78
101e0970	FUN_101e0970	83
101e09e0	FUN_101e09e0	78
101e0dc0	FUN_101e0dc0	30
101e0df0	FUN_101e0df0	30
101e0f40	FUN_101e0f40	32
101e0f70	FUN_101e0f70	41
101e0fd0	FUN_101e0fd0	32
101e1000	FUN_101e1000	24
101e1020	FUN_101e1020	24
101e1040	FUN_101e1040	24
101e1060	FUN_101e1060	24
101e1080	FUN_101e1080	24
101e10a0	FUN_101e10a0	24
101e1410	FUN_101e1410	81
101e1480	FUN_101e1480	81
101e23d0	FUN_101e23d0	61
101e2420	FUN_101e2420	61
101e2470	FUN_101e2470	30
101e24a0	FUN_101e24a0	30
101e2d10	FUN_101e2d10	28
101e2d40	FUN_101e2d40	28
101e3f40	FUN_101e3f40	44
101e5090	FUN_101e5090	20
101e50b0	FUN_101e50b0	20
101e71e0	FUN_101e71e0	25
101e7d70	FUN_101e7d70	39
101e7da0	FUN_101e7da0	39
101e7dd0	FUN_101e7dd0	39
101e7e50	FUN_101e7e50	91
101e7fb0	FUN_101e7fb0	26
101e7fd0	FUN_101e7fd0	91
101e8070	FUN_101e8070	26
101e8090	FUN_101e8090	91
101e8110	FUN_101e8110	26
101e8130	FUN_101e8130	26
101e8150	FUN_101e8150	78
101e82b0	FUN_101e82b0	78
101e8320	FUN_101e8320	83
101e8390	FUN_101e8390	78
101e8400	FUN_101e8400	78
101e85f0	FUN_101e85f0	92
101e87b0	FUN_101e87b0	39
101e87e0	FUN_101e87e0	39
101e8810	FUN_101e8810	39
101e8840	FUN_101e8840	39
101e8870	FUN_101e8870	39
101e88a0	FUN_101e88a0	39
101e88d0	FUN_101e88d0	39
101e8e70	FUN_101e8e70	93
101e8ef0	FUN_101e8ef0	93
101e8f70	FUN_101e8f70	92
101e8ff0	FUN_101e8ff0	92
101e9400	FUN_101e9400	28
101e9430	FUN_101e9430	28
101e9460	FUN_101e9460	28
101e9490	FUN_101e9490	28
101e94c0	FUN_101e94c0	28
101e94f0	FUN_101e94f0	28
101e9b50	FUN_101e9b50	59
101e9ba0	FUN_101e9ba0	59
101e9dd0	FUN_101e9dd0	32
101e9e00	FUN_101e9e00	41
101e9e60	FUN_101e9e60	32
101e9e90	FUN_101e9e90	41
101e9ed0	FUN_101e9ed0	24
101e9ef0	FUN_101e9ef0	24
101e9f10	FUN_101e9f10	24
101e9f30	FUN_101e9f30	24
101eb4b0	FUN_101eb4b0	81
101eb520	FUN_101eb520	81
101eb590	FUN_101eb590	81
101eb600	FUN_101eb600	81
101eb670	FUN_101eb670	65
101eb6d0	FUN_101eb6d0	81
101eb740	FUN_101eb740	65
101eb7a0	FUN_101eb7a0	81
101ec800	FUN_101ec800	61
101ec850	FUN_101ec850	61
101ec8a0	FUN_101ec8a0	61
101ec8f0	FUN_101ec8f0	61
101ee060	FUN_101ee060	28
101f0da0	FUN_101f0da0	25
101f1110	FUN_101f1110	32
101f1190	FUN_101f1190	32
101f2090	FUN_101f2090	59
101f20e0	FUN_101f20e0	59
101f2470	FUN_101f2470	28
101f24a0	FUN_101f24a0	28
101f24d0	FUN_101f24d0	28
101f2500	FUN_101f2500	28
101f2530	FUN_101f2530	28
101f2560	FUN_101f2560	28
101f3c30	FUN_101f3c30	26
101f3c50	FUN_101f3c50	91
101f3db0	FUN_101f3db0	91
101f4350	FUN_101f4350	30
101f44c0	FUN_101f44c0	32
101f4510	FUN_101f4510	32
101f4540	FUN_101f4540	41
101f45a0	FUN_101f45a0	41
101f4c10	FUN_101f4c10	65
101f4c70	FUN_101f4c70	81
101f4ce0	FUN_101f4ce0	81
101f54e0	FUN_101f54e0	61
101f5530	FUN_101f5530	30
101f85e0	FUN_101f85e0	28
101f8610	FUN_101f8610	20
101f9190	FUN_101f9190	80
101f9fd0	FUN_101f9fd0	41
101fa010	FUN_101fa010	41
101fa050	FUN_101fa050	24
101fb830	FUN_101fb830	28
101fb860	FUN_101fb860	28
101fc640	FUN_101fc640	43
101fc680	FUN_101fc680	91
101fc700	FUN_101fc700	26
101fc720	FUN_101fc720	91
101fc7a0	FUN_101fc7a0	91
101fc820	FUN_101fc820	91
101fc8a0	FUN_101fc8a0	91
101fc920	FUN_101fc920	91
101fc9a0	FUN_101fc9a0	26
101fc9c0	FUN_101fc9c0	26
101fc9e0	FUN_101fc9e0	26
101fca00	FUN_101fca00	91
101fca80	FUN_101fca80	91
101fccc0	FUN_101fccc0	91
101fcd40	FUN_101fcd40	91
101fcdc0	FUN_101fcdc0	91
101fce40	FUN_101fce40	91
101fcfa0	FUN_101fcfa0	91
101fd040	FUN_101fd040	26
101fd060	FUN_101fd060	91
101fd0e0	FUN_101fd0e0	91
101fd160	FUN_101fd160	91
101fd1e0	FUN_101fd1e0	78
101fd250	FUN_101fd250	78
101fd2c0	FUN_101fd2c0	78
101fd330	FUN_101fd330	78
101fd3a0	FUN_101fd3a0	78
101fd410	FUN_101fd410	78
101fd480	FUN_101fd480	78
101fd5e0	FUN_101fd5e0	78
101fe110	FUN_101fe110	30
101fe140	FUN_101fe140	30
101fe820	FUN_101fe820	32
101fe850	FUN_101fe850	41
101fe8f0	FUN_101fe8f0	41
101fe930	FUN_101fe930	41
101fe970	FUN_101fe970	41
101fe9b0	FUN_101fe9b0	41
101fe9f0	FUN_101fe9f0	41
101fea50	FUN_101fea50	41
101fead0	FUN_101fead0	41
101feb30	FUN_101feb30	41
101feb70	FUN_101feb70	41
101febb0	FUN_101febb0	41
101fec10	FUN_101fec10	41
101fec50	FUN_101fec50	41
101fec90	FUN_101fec90	41
101fecd0	FUN_101fecd0	41
101fed10	FUN_101fed10	41
101fed50	FUN_101fed50	41
101fedb0	FUN_101fedb0	41
101fee30	FUN_101fee30	24
101fee50	FUN_101fee50	24
101fee70	FUN_101fee70	24
101fee90	FUN_101fee90	24
102047e0	FUN_102047e0	81
10204850	FUN_10204850	81
102048c0	FUN_102048c0	65
10204920	FUN_10204920	81
10204990	FUN_10204990	81
10204a00	FUN_10204a00	81
10204a70	FUN_10204a70	81
10204ae0	FUN_10204ae0	65
10204b40	FUN_10204b40	81
10204bb0	FUN_10204bb0	81
10207470	FUN_10207470	61
102074c0	FUN_102074c0	61
10207510	FUN_10207510	61
10207560	FUN_10207560	61
102075b0	FUN_102075b0	61
10207600	FUN_10207600	61
10207650	FUN_10207650	61
102076a0	FUN_102076a0	61
102076f0	FUN_102076f0	61
10207740	FUN_10207740	61
10207790	FUN_10207790	61
102077e0	FUN_102077e0	61
10207830	FUN_10207830	61
10207880	FUN_10207880	61
102078d0	FUN_102078d0	61
10207920	FUN_10207920	61
10207970	FUN_10207970	61
102079c0	FUN_102079c0	61
10207a10	FUN_10207a10	30
10207a40	FUN_10207a40	30
1020a380	FUN_1020a380	43
1020a3c0	FUN_1020a3c0	43
1020a400	FUN_1020a400	28
1020a660	FUN_1020a660	50
1020bea0	FUN_1020bea0	25
102187f0	FUN_102187f0	25
1021fb20	FUN_1021fb20	28
1021fb50	FUN_1021fb50	28
1021fb80	FUN_1021fb80	28
1021fbb0	FUN_1021fbb0	28
1021fbe0	FUN_1021fbe0	28
1021fc10	FUN_1021fc10	28
1021fc40	FUN_1021fc40	28
1021fc70	FUN_1021fc70	28
1021fca0	FUN_1021fca0	28
1021fcd0	FUN_1021fcd0	28
1021fd00	FUN_1021fd00	28
1021fd30	FUN_1021fd30	28
1021fd60	FUN_1021fd60	28
1021fd90	FUN_1021fd90	28
1021fdc0	FUN_1021fdc0	28
1021fdf0	FUN_1021fdf0	28
1021fe20	FUN_1021fe20	28
1021fe50	FUN_1021fe50	28
1021fe80	FUN_1021fe80	28
1021feb0	FUN_1021feb0	28
1021fee0	FUN_1021fee0	28
1021ff10	FUN_1021ff10	28
1021ff40	FUN_1021ff40	28
1021ff70	FUN_1021ff70	28
1021ffa0	FUN_1021ffa0	28
1021ffd0	FUN_1021ffd0	28
10220000	FUN_10220000	28
10220030	FUN_10220030	28
10220060	FUN_10220060	20
10220080	FUN_10220080	20
10220920	FUN_10220920	80
10221bc0	FUN_10221bc0	24
102226d0	FUN_102226d0	91
10223630	FUN_10223630	61
10223680	FUN_10223680	28
102236b0	FUN_102236b0	28
102236e0	FUN_102236e0	28
10223990	FUN_10223990	28
10224ac0	FUN_10224ac0	26
10224ae0	FUN_10224ae0	26
10224b00	FUN_10224b00	26
10224b20	FUN_10224b20	26
10224df0	FUN_10224df0	91
10224e70	FUN_10224e70	26
10224e90	FUN_10224e90	26
10224eb0	FUN_10224eb0	91
10224f30	FUN_10224f30	91
10224fb0	FUN_10224fb0	91
10225170	FUN_10225170	91
102251f0	FUN_102251f0	43
102253f0	FUN_102253f0	91
10225590	FUN_10225590	78
10225600	FUN_10225600	78
10225890	FUN_10225890	78
10227430	FUN_10227430	30
10228f60	FUN_10228f60	41
10228fa0	FUN_10228fa0	41
10228fe0	FUN_10228fe0	41
10229020	FUN_10229020	41
10229060	FUN_10229060	41
102290a0	FUN_102290a0	41
10229120	FUN_10229120	41
10229160	FUN_10229160	41
102291c0	FUN_102291c0	41
10229200	FUN_10229200	41
10229240	FUN_10229240	41
10229280	FUN_10229280	41
102292e0	FUN_102292e0	41
10229340	FUN_10229340	41
10229380	FUN_10229380	32
102293d0	FUN_102293d0	41
10229410	FUN_10229410	41
10229470	FUN_10229470	24
1022f2b0	FUN_1022f2b0	81
1022f320	FUN_1022f320	81
1022f390	FUN_1022f390	81
1022f400	FUN_1022f400	81
10234c50	FUN_10234c50	61
10234ca0	FUN_10234ca0	61
10234cf0	FUN_10234cf0	61
10234d40	FUN_10234d40	61
10234d90	FUN_10234d90	61
10234de0	FUN_10234de0	61
10234e30	FUN_10234e30	30
10236500	FUN_10236500	28
10236530	FUN_10236530	28
102365f0	FUN_102365f0	46
10243d80	FUN_10243d80	28
10243db0	FUN_10243db0	28
10243de0	FUN_10243de0	28
10243e10	FUN_10243e10	28
10243e40	FUN_10243e40	28
10243e70	FUN_10243e70	28
10243ea0	FUN_10243ea0	28
10243ed0	FUN_10243ed0	28
10243f00	FUN_10243f00	28
10243f30	FUN_10243f30	28
10243f60	FUN_10243f60	28
10243f90	FUN_10243f90	28
10243fc0	FUN_10243fc0	28
10243ff0	FUN_10243ff0	28
10244020	FUN_10244020	28
10244050	FUN_10244050	28
10244080	FUN_10244080	20
10245ad0	FUN_10245ad0	91
10245b50	FUN_10245b50	26
10245b70	FUN_10245b70	91
10245bf0	FUN_10245bf0	78
10245c60	FUN_10245c60	78
10246680	FUN_10246680	30
102469f0	FUN_102469f0	24
10247810	FUN_10247810	81
10247880	FUN_10247880	81
102481b0	FUN_102481b0	61
10248200	FUN_10248200	61
10248250	FUN_10248250	30
10248650	FUN_10248650	28
10249a90	FUN_10249a90	28
10249ac0	FUN_10249ac0	20
10249cf0	FUN_10249cf0	91
10249d70	FUN_10249d70	26
10249d90	FUN_10249d90	26
10249df0	FUN_10249df0	41
10249e30	FUN_10249e30	41
1024a590	FUN_1024a590	81
1024a600	FUN_1024a600	81
1024a8f0	FUN_1024a8f0	61
1024b0f0	FUN_1024b0f0	28
1024b120	FUN_1024b120	28
1024b150	FUN_1024b150	28
1024c1a0	FUN_1024c1a0	26
1024c220	FUN_1024c220	41
1024e170	FUN_1024e170	28
1024e750	FUN_1024e750	26
1024ed20	FUN_1024ed20	41
1024ed80	FUN_1024ed80	41
1024ede0	FUN_1024ede0	32
1024ee10	FUN_1024ee10	24
1024f800	FUN_1024f800	81
1024f870	FUN_1024f870	81
10252f10	FUN_10252f10	28
10252f40	FUN_10252f40	28
10252f70	FUN_10252f70	28
102535a0	FUN_102535a0	72
102546e0	FUN_102546e0	26
10254720	FUN_10254720	26
10254740	FUN_10254740	26
10254760	FUN_10254760	91
10254b90	FUN_10254b90	39
10254bc0	FUN_10254bc0	39
10254bf0	FUN_10254bf0	39
10256010	FUN_10256010	28
10256040	FUN_10256040	28
10256070	FUN_10256070	28
102561c0	FUN_102561c0	59
10257060	FUN_10257060	32
10257090	FUN_10257090	41
102570d0	FUN_102570d0	32
10257100	FUN_10257100	41
10257140	FUN_10257140	41
102571a0	FUN_102571a0	41
102571e0	FUN_102571e0	41
10257220	FUN_10257220	24
10258e90	FUN_10258e90	81
1025b6c0	FUN_1025b6c0	61
1025b7f0	FUN_1025b7f0	59
1025cbd0	FUN_1025cbd0	59
1025d210	FUN_1025d210	28
1025d240	FUN_1025d240	28
1025d270	FUN_1025d270	28
1025d2a0	FUN_1025d2a0	28
1025d2d0	FUN_1025d2d0	28
1025d300	FUN_1025d300	28
1025d330	FUN_1025d330	28
1025d5d0	FUN_1025d5d0	26
1025d630	FUN_1025d630	41
1025d670	FUN_1025d670	41
1025d940	FUN_1025d940	81
1025dff0	FUN_1025dff0	80
1025e100	FUN_1025e100	28
1025e130	FUN_1025e130	28
1025e1d0	FUN_1025e1d0	24
1025f100	FUN_1025f100	41
1025f140	FUN_1025f140	24
102626b0	FUN_102626b0	28
10263630	FUN_10263630	91
102636b0	FUN_102636b0	26
102636d0	FUN_102636d0	26
102636f0	FUN_102636f0	91
10263770	FUN_10263770	91
102637f0	FUN_102637f0	78
10263860	FUN_10263860	78
10263b90	FUN_10263b90	39
10263bc0	FUN_10263bc0	39
10263bf0	FUN_10263bf0	39
10263c20	FUN_10263c20	39
10263c50	FUN_10263c50	39
10263c80	FUN_10263c80	39
10264eb0	FUN_10264eb0	28
10264ee0	FUN_10264ee0	28
10264f10	FUN_10264f10	28
10264f40	FUN_10264f40	28
102650c0	FUN_102650c0	59
10265110	FUN_10265110	59
10265810	FUN_10265810	32
10265840	FUN_10265840	41
10265880	FUN_10265880	32
102658b0	FUN_102658b0	41
102658f0	FUN_102658f0	41
10265930	FUN_10265930	32
10265960	FUN_10265960	41
102659a0	FUN_102659a0	41
10265a00	FUN_10265a00	24
10269380	FUN_10269380	61
102693d0	FUN_102693d0	61
10269420	FUN_10269420	61
10269470	FUN_10269470	61
1026aee0	FUN_1026aee0	43
1026af20	FUN_1026af20	43
1026b010	FUN_1026b010	25
1026bd40	FUN_1026bd40	32
1026bdc0	FUN_1026bdc0	32
1026cc60	FUN_1026cc60	59
1026ccb0	FUN_1026ccb0	59
1026d0e0	FUN_1026d0e0	28
1026d110	FUN_1026d110	28
1026d140	FUN_1026d140	28
1026d170	FUN_1026d170	28
1026d1a0	FUN_1026d1a0	28
1026d800	FUN_1026d800	26
1026d880	FUN_1026d880	41
1026db10	FUN_1026db10	81
1026e0e0	FUN_1026e0e0	80
1026e1f0	FUN_1026e1f0	28
1026e220	FUN_1026e220	28
1026e2d0	FUN_1026e2d0	39
1026e380	FUN_1026e380	26
1026e3a0	FUN_1026e3a0	91
1026e420	FUN_1026e420	91
1026e4a0	FUN_1026e4a0	78
1026e5f0	FUN_1026e5f0	39
1026e8e0	FUN_1026e8e0	93
1026ea10	FUN_1026ea10	28
1026ecb0	FUN_1026ecb0	59
1026f0c0	FUN_1026f0c0	41
1026f140	FUN_1026f140	32
1026f170	FUN_1026f170	41
102701c0	FUN_102701c0	65
10270220	FUN_10270220	81
10270290	FUN_10270290	81
10270df0	FUN_10270df0	61
10270e40	FUN_10270e40	61
10270e90	FUN_10270e90	61
10271350	FUN_10271350	32
102717b0	FUN_102717b0	59
102719a0	FUN_102719a0	28
102719d0	FUN_102719d0	28
10271a00	FUN_10271a00	28
10271a30	FUN_10271a30	28
10271a60	FUN_10271a60	28
10271a90	FUN_10271a90	28
102720c0	FUN_102720c0	26
10272100	FUN_10272100	26
10272120	FUN_10272120	78
10272d20	FUN_10272d20	92
10273070	FUN_10273070	39
10273130	FUN_10273130	39
10273160	FUN_10273160	39
10273d10	FUN_10273d10	28
10273d40	FUN_10273d40	28
10273d70	FUN_10273d70	28
10273f20	FUN_10273f20	59
10274a50	FUN_10274a50	41
10274ab0	FUN_10274ab0	32
10274ae0	FUN_10274ae0	41
10274b20	FUN_10274b20	32
10274b50	FUN_10274b50	41
10275d00	FUN_10275d00	81
10275d70	FUN_10275d70	65
10278e40	FUN_10278e40	25
10278ef0	FUN_10278ef0	32
10279690	FUN_10279690	59
10279880	FUN_10279880	28
102798b0	FUN_102798b0	28
102798e0	FUN_102798e0	28
1027d820	FUN_1027d820	91
1027d980	FUN_1027d980	78
1027d9f0	FUN_1027d9f0	78
1027da60	FUN_1027da60	78
1027e7c0	FUN_1027e7c0	30
1027e7f0	FUN_1027e7f0	30
1027e820	FUN_1027e820	30
1027eb40	FUN_1027eb40	41
1027eba0	FUN_1027eba0	41
1027ec00	FUN_1027ec00	41
1027fb30	FUN_1027fb30	81
10280ff0	FUN_10280ff0	61
10281040	FUN_10281040	61
10281090	FUN_10281090	61
102810e0	FUN_102810e0	61
10281130	FUN_10281130	30
10281160	FUN_10281160	30
10281190	FUN_10281190	30
10281400	FUN_10281400	28
10281430	FUN_10281430	28
10281460	FUN_10281460	28
10283260	FUN_10283260	28
10283290	FUN_10283290	28
102832c0	FUN_102832c0	28
102832f0	FUN_102832f0	28
10283320	FUN_10283320	20
10283340	FUN_10283340	20
10283360	FUN_10283360	20
10283cd0	FUN_10283cd0	26
10283cf0	FUN_10283cf0	26
102842c0	FUN_102842c0	39
102842f0	FUN_102842f0	39
10284320	FUN_10284320	39
10284350	FUN_10284350	39
102849d0	FUN_102849d0	92
10284c70	FUN_10284c70	28
10284ca0	FUN_10284ca0	28
10284cd0	FUN_10284cd0	28
10284df0	FUN_10284df0	59
10284e40	FUN_10284e40	59
102851d0	FUN_102851d0	32
10285200	FUN_10285200	32
10285230	FUN_10285230	41
10285290	FUN_10285290	41
102852d0	FUN_102852d0	24
102852f0	FUN_102852f0	24
10285d80	FUN_10285d80	81
10285df0	FUN_10285df0	65
10285e50	FUN_10285e50	81
10285ec0	FUN_10285ec0	81
102878a0	FUN_102878a0	25
1028a5e0	FUN_1028a5e0	59
1028a630	FUN_1028a630	59
1028a8a0	FUN_1028a8a0	28
1028a8d0	FUN_1028a8d0	28
1028a900	FUN_1028a900	28
1028b6f0	FUN_1028b6f0	91
1028b770	FUN_1028b770	91
1028b810	FUN_1028b810	26
1028b850	FUN_1028b850	26
1028b870	FUN_1028b870	91
1028b8f0	FUN_1028b8f0	78
1028c830	FUN_1028c830	28
1028c860	FUN_1028c860	28
1028cc00	FUN_1028cc00	32
1028cc30	FUN_1028cc30	41
1028cc90	FUN_1028cc90	41
1028ccd0	FUN_1028ccd0	24
1028ccf0	FUN_1028ccf0	24
1028de90	FUN_1028de90	65
1028fa20	FUN_1028fa20	61
1028fa70	FUN_1028fa70	61
1028fac0	FUN_1028fac0	61
102907a0	FUN_102907a0	25
10293820	FUN_10293820	28
10293850	FUN_10293850	28
10293880	FUN_10293880	28
102938b0	FUN_102938b0	28
102950f0	FUN_102950f0	41
10295130	FUN_10295130	32
10295160	FUN_10295160	41
102951c0	FUN_102951c0	24
10296ea0	FUN_10296ea0	65
10298960	FUN_10298960	76
102989c0	FUN_102989c0	76
10298a20	FUN_10298a20	76
10298b30	FUN_10298b30	76
10298b90	FUN_10298b90	149
1029c7d0	FUN_1029c7d0	28
1029cbc0	FUN_1029cbc0	26
1029cc40	FUN_1029cc40	24
1029d130	FUN_1029d130	81
1029dc40	FUN_1029dc40	28
1029de20	FUN_1029de20	26
1029dea0	FUN_1029dea0	24
1029e0f0	FUN_1029e0f0	81
1029e920	FUN_1029e920	28
1029f0f0	FUN_1029f0f0	41
1029f130	FUN_1029f130	24
102a0d10	FUN_102a0d10	27
102a1760	FUN_102a1760	28
102a1e70	FUN_102a1e70	91
102a1ef0	FUN_102a1ef0	26
102a1f10	FUN_102a1f10	91
102a2070	FUN_102a2070	43
102a20b0	FUN_102a20b0	91
102a2210	FUN_102a2210	26
102a2230	FUN_102a2230	43
102a2270	FUN_102a2270	91
102a22f0	FUN_102a22f0	26
102a2310	FUN_102a2310	91
102a2390	FUN_102a2390	26
102a23b0	FUN_102a23b0	91
102a2430	FUN_102a2430	43
102a2470	FUN_102a2470	91
102a25b0	FUN_102a25b0	78
102a2620	FUN_102a2620	78
102a2690	FUN_102a2690	78
102a2700	FUN_102a2700	78
102a2950	FUN_102a2950	78
102a29c0	FUN_102a29c0	78
102a2f00	FUN_102a2f00	92
102a3360	FUN_102a3360	39
102a3390	FUN_102a3390	39
102a34a0	FUN_102a34a0	39
102a34d0	FUN_102a34d0	39
102a3520	FUN_102a3520	39
102a3550	FUN_102a3550	39
102a55f0	FUN_102a55f0	30
102a5620	FUN_102a5620	30
102a58e0	FUN_102a58e0	28
102a5910	FUN_102a5910	28
102a5940	FUN_102a5940	28
102a5970	FUN_102a5970	28
102a59a0	FUN_102a59a0	28
102a59d0	FUN_102a59d0	28
102a5c90	FUN_102a5c90	59
102a5ce0	FUN_102a5ce0	59
102a6360	FUN_102a6360	41
102a63c0	FUN_102a63c0	41
102a6400	FUN_102a6400	32
102a6470	FUN_102a6470	41
102a64f0	FUN_102a64f0	32
102a6540	FUN_102a6540	32
102a6570	FUN_102a6570	41
102a65d0	FUN_102a65d0	41
102a6610	FUN_102a6610	32
102a6660	FUN_102a6660	32
102a6690	FUN_102a6690	41
102a66f0	FUN_102a66f0	24
102aa650	FUN_102aa650	81
102aa6c0	FUN_102aa6c0	65
102aa720	FUN_102aa720	65
102aa780	FUN_102aa780	65
102aa7e0	FUN_102aa7e0	81
102addb0	FUN_102addb0	61
102ade00	FUN_102ade00	61
102ade50	FUN_102ade50	61
102adea0	FUN_102adea0	61
102adef0	FUN_102adef0	61
102adf40	FUN_102adf40	61
102adf90	FUN_102adf90	61
102adfe0	FUN_102adfe0	61
102ae030	FUN_102ae030	30
102ae060	FUN_102ae060	30
102ae2e0	FUN_102ae2e0	59
102aebd0	FUN_102aebd0	28
102aec00	FUN_102aec00	28
102af250	FUN_102af250	25
102b09e0	FUN_102b09e0	25
102b0a00	FUN_102b0a00	25
102b0d90	FUN_102b0d90	25
102b11f0	FUN_102b11f0	25
102b5010	FUN_102b5010	131
102b88c0	FUN_102b88c0	59
102b8910	FUN_102b8910	59
102b8f20	FUN_102b8f20	28
102b8f50	FUN_102b8f50	28
102b8f80	FUN_102b8f80	28
102b8fb0	FUN_102b8fb0	28
102b8fe0	FUN_102b8fe0	28
102b9010	FUN_102b9010	28
102b9040	FUN_102b9040	28
102b9070	FUN_102b9070	28
102b90a0	FUN_102b90a0	28
102b90d0	FUN_102b90d0	28
102b9100	FUN_102b9100	28
102b9130	FUN_102b9130	28
102b9160	FUN_102b9160	20
102b9180	FUN_102b9180	20
102bd160	FUN_102bd160	24
102bfae0	FUN_102bfae0	25
102bfb00	FUN_102bfb00	25
102c0240	FUN_102c0240	26
102c02c0	FUN_102c02c0	24
102c0460	FUN_102c0460	81
102c0950	FUN_102c0950	25
102c0b00	FUN_102c0b00	28
102c0be0	FUN_102c0be0	80
102c0ce0	FUN_102c0ce0	26
102c0d00	FUN_102c0d00	91
102c0d80	FUN_102c0d80	26
102c1170	FUN_102c1170	30
102c1290	FUN_102c1290	41
102c1c10	FUN_102c1c10	30
102c1fc0	FUN_102c1fc0	28
102c2380	FUN_102c2380	28
102c23b0	FUN_102c23b0	20
102c2ac0	FUN_102c2ac0	26
102c2d20	FUN_102c2d20	91
102c2e80	FUN_102c2e80	26
102c2ea0	FUN_102c2ea0	91
102c2f20	FUN_102c2f20	91
102c2fa0	FUN_102c2fa0	26
102c2fc0	FUN_102c2fc0	91
102c3040	FUN_102c3040	91
102c34c0	FUN_102c34c0	78
102c3680	FUN_102c3680	30
102c36b0	FUN_102c36b0	30
102c3a90	FUN_102c3a90	41
102c3ad0	FUN_102c3ad0	41
102c3b30	FUN_102c3b30	41
102c3b70	FUN_102c3b70	41
102c3bb0	FUN_102c3bb0	41
102c3c10	FUN_102c3c10	24
102c3c30	FUN_102c3c30	24
102c3c50	FUN_102c3c50	24
102c3c70	FUN_102c3c70	24
102c5210	FUN_102c5210	81
102c5280	FUN_102c5280	81
102c6970	FUN_102c6970	61
102c69c0	FUN_102c69c0	61
102c6a10	FUN_102c6a10	61
102c6a60	FUN_102c6a60	61
102c6ab0	FUN_102c6ab0	61
102c6b00	FUN_102c6b00	30
102c6b30	FUN_102c6b30	30
102c6b80	FUN_102c6b80	88
102c6de0	FUN_102c6de0	57
102c6f50	FUN_102c6f50	43
102c6f90	FUN_102c6f90	28
102c6fc0	FUN_102c6fc0	28
102c81f0	FUN_102c81f0	25
102c8500	FUN_102c8500	135
102c85b0	FUN_102c85b0	135
102ca070	FUN_102ca070	28
102ca0a0	FUN_102ca0a0	28
102ca0d0	FUN_102ca0d0	28
102ca100	FUN_102ca100	28
102ca130	FUN_102ca130	28
102ca160	FUN_102ca160	28
102ca190	FUN_102ca190	28
102ca1c0	FUN_102ca1c0	28
102ca1f0	FUN_102ca1f0	20
102ca210	FUN_102ca210	20
102ca690	FUN_102ca690	80
102caa30	FUN_102caa30	91
102caab0	FUN_102caab0	91
102cac10	FUN_102cac10	91
102cacb0	FUN_102cacb0	26
102cacd0	FUN_102cacd0	91
102cad50	FUN_102cad50	26
102cad70	FUN_102cad70	26
102cae80	FUN_102cae80	78
102cb150	FUN_102cb150	39
102cbb40	FUN_102cbb40	28
102cbeb0	FUN_102cbeb0	41
102cbef0	FUN_102cbef0	41
102cbf70	FUN_102cbf70	32
102cbfc0	FUN_102cbfc0	24
102cbfe0	FUN_102cbfe0	24
102cd1d0	FUN_102cd1d0	81
102cd240	FUN_102cd240	65
102cd2a0	FUN_102cd2a0	81
102cf0c0	FUN_102cf0c0	61
102cf110	FUN_102cf110	61
102cf160	FUN_102cf160	61
102cf330	FUN_102cf330	33
102cf520	FUN_102cf520	77
102cf5a0	FUN_102cf5a0	43
102cffa0	FUN_102cffa0	135
102d0050	FUN_102d0050	135
102d1b90	FUN_102d1b90	28
102d1bc0	FUN_102d1bc0	28
102d1bf0	FUN_102d1bf0	28
102d20c0	FUN_102d20c0	91
102d2160	FUN_102d2160	26
102d2180	FUN_102d2180	78
102d21f0	FUN_102d21f0	78
102d2260	FUN_102d2260	78
102d22d0	FUN_102d22d0	78
102d2f50	FUN_102d2f50	41
102d2fd0	FUN_102d2fd0	32
102d4060	FUN_102d4060	81
102d40d0	FUN_102d40d0	65
102d4130	FUN_102d4130	81
102d5180	FUN_102d5180	61
102d51d0	FUN_102d51d0	61
102d5220	FUN_102d5220	61
102d5270	FUN_102d5270	61
102d76a0	FUN_102d76a0	28
102d76d0	FUN_102d76d0	28
102d7700	FUN_102d7700	28
102d89a0	FUN_102d89a0	26
102d8f40	FUN_102d8f40	41
102d8f80	FUN_102d8f80	24
102db9a0	FUN_102db9a0	28
102dc060	FUN_102dc060	91
102dc0e0	FUN_102dc0e0	26
102dc260	FUN_102dc260	26
102dc570	FUN_102dc570	30
102dc720	FUN_102dc720	41
102dc760	FUN_102dc760	41
102dc7a0	FUN_102dc7a0	24
102dd0e0	FUN_102dd0e0	81
102dd790	FUN_102dd790	61
102dd7e0	FUN_102dd7e0	30
102dda60	FUN_102dda60	28
102dec00	FUN_102dec00	28
102dec30	FUN_102dec30	28
102dec60	FUN_102dec60	28
102dec90	FUN_102dec90	20
102df550	FUN_102df550	32
102df580	FUN_102df580	24
102df5a0	FUN_102df5a0	24
102e4c00	FUN_102e4c00	25
102e5570	FUN_102e5570	26
102e5590	FUN_102e5590	26
102e55b0	FUN_102e55b0	91
102e5630	FUN_102e5630	91
102e56b0	FUN_102e56b0	91
102e5730	FUN_102e5730	26
102e5770	FUN_102e5770	26
102e5790	FUN_102e5790	26
102e57b0	FUN_102e57b0	26
102e57f0	FUN_102e57f0	26
102e5810	FUN_102e5810	26
102e5830	FUN_102e5830	26
102e5850	FUN_102e5850	26
102e5870	FUN_102e5870	26
102e5890	FUN_102e5890	26
102e58b0	FUN_102e58b0	26
102e58d0	FUN_102e58d0	26
102e5d30	FUN_102e5d30	26
102e5d50	FUN_102e5d50	26
102e5d70	FUN_102e5d70	26
102e5d90	FUN_102e5d90	91
102e5e10	FUN_102e5e10	26
102e5f10	FUN_102e5f10	26
102e5f30	FUN_102e5f30	26
102e5f50	FUN_102e5f50	26
102e5f90	FUN_102e5f90	26
102e5fb0	FUN_102e5fb0	26
102e5ff0	FUN_102e5ff0	26
102e6010	FUN_102e6010	78
102e6080	FUN_102e6080	78
102e60f0	FUN_102e60f0	78
102e6690	FUN_102e6690	78
102e6700	FUN_102e6700	78
102e6770	FUN_102e6770	78
102e67e0	FUN_102e67e0	78
102e6850	FUN_102e6850	78
102e68c0	FUN_102e68c0	78
102e78c0	FUN_102e78c0	93
102e8740	FUN_102e8740	92
102e9310	FUN_102e9310	30
102e9340	FUN_102e9340	30
102e9370	FUN_102e9370	30
102e93a0	FUN_102e93a0	30
102e9ed0	FUN_102e9ed0	41
102e9f10	FUN_102e9f10	41
102e9f70	FUN_102e9f70	41
102e9fd0	FUN_102e9fd0	41
102ea130	FUN_102ea130	41
102ea190	FUN_102ea190	41
102ea230	FUN_102ea230	41
102ea2d0	FUN_102ea2d0	41
102ea350	FUN_102ea350	41
102ea430	FUN_102ea430	24
102ea450	FUN_102ea450	24
102ea470	FUN_102ea470	24
102ea490	FUN_102ea490	24
102ed720	FUN_102ed720	81
102ed790	FUN_102ed790	81
102ed800	FUN_102ed800	81
102ed870	FUN_102ed870	81
102ed8e0	FUN_102ed8e0	81
102ed950	FUN_102ed950	81
102ed9c0	FUN_102ed9c0	81
102eda30	FUN_102eda30	81
102edaa0	FUN_102edaa0	81
102edb10	FUN_102edb10	81
102edb80	FUN_102edb80	81
102edbf0	FUN_102edbf0	81
102edc60	FUN_102edc60	81
102edcd0	FUN_102edcd0	81
102edd40	FUN_102edd40	81
102eddb0	FUN_102eddb0	81
102ede20	FUN_102ede20	81
102f08e0	FUN_102f08e0	61
102f0930	FUN_102f0930	61
102f0980	FUN_102f0980	61
102f09d0	FUN_102f09d0	61
102f0a20	FUN_102f0a20	61
102f0a70	FUN_102f0a70	61
102f0ac0	FUN_102f0ac0	61
102f0b10	FUN_102f0b10	30
102f0b40	FUN_102f0b40	30
102f0b70	FUN_102f0b70	30
102f0ba0	FUN_102f0ba0	30
102f0df0	FUN_102f0df0	33
102f45b0	FUN_102f45b0	43
102f45f0	FUN_102f45f0	43
102f4630	FUN_102f4630	43
102f4670	FUN_102f4670	43
102f46b0	FUN_102f46b0	28
102f46e0	FUN_102f46e0	28
102f4710	FUN_102f4710	28
102f4e60	FUN_102f4e60	28
102f5090	FUN_102f5090	29
102f5410	FUN_102f5410	44
102f55f0	FUN_102f55f0	28
102f57c0	FUN_102f57c0	28
102f5800	FUN_102f5800	28
102f5b60	FUN_102f5b60	28
102f7900	FUN_102f7900	28
102f9200	FUN_102f9200	28
102f9240	FUN_102f9240	28
102f9270	FUN_102f9270	28
102f92a0	FUN_102f92a0	28
102f92d0	FUN_102f92d0	28
102fcc20	FUN_102fcc20	99
102feb50	FUN_102feb50	28
102feb80	FUN_102feb80	28
102febb0	FUN_102febb0	28
102febe0	FUN_102febe0	28
102fec10	FUN_102fec10	28
102fec40	FUN_102fec40	28
102fec70	FUN_102fec70	28
102feca0	FUN_102feca0	20
102fecc0	FUN_102fecc0	20
102fece0	FUN_102fece0	20
102fed00	FUN_102fed00	20
103067a0	FUN_103067a0	81
103141c0	FUN_103141c0	43
10314200	FUN_10314200	26
10314270	FUN_10314270	26
10314290	FUN_10314290	26
103142b0	FUN_103142b0	26
103142d0	FUN_103142d0	26
103142f0	FUN_103142f0	26
10314310	FUN_10314310	26
10314330	FUN_10314330	91
10314630	FUN_10314630	78
103146a0	FUN_103146a0	78
10314710	FUN_10314710	78
10314780	FUN_10314780	78
10314c30	FUN_10314c30	39
10314c60	FUN_10314c60	39
10314c90	FUN_10314c90	39
10315130	FUN_10315130	28
10315160	FUN_10315160	28
10315190	FUN_10315190	28
103151c0	FUN_103151c0	59
10315e60	FUN_10315e60	41
10315ea0	FUN_10315ea0	41
10315ee0	FUN_10315ee0	41
10315f20	FUN_10315f20	41
10315f60	FUN_10315f60	41
10315fa0	FUN_10315fa0	41
10316060	FUN_10316060	41
103160a0	FUN_103160a0	41
103160e0	FUN_103160e0	24
10316100	FUN_10316100	24
10316120	FUN_10316120	24
10316140	FUN_10316140	24
10316160	FUN_10316160	24
10316180	FUN_10316180	24
103161a0	FUN_103161a0	24
103161c0	FUN_103161c0	24
103161e0	FUN_103161e0	24
10316200	FUN_10316200	24
10316220	FUN_10316220	24
1031a1e0	FUN_1031a1e0	149
1031a2c0	FUN_1031a2c0	149
1031a3a0	FUN_1031a3a0	149
1031a480	FUN_1031a480	149
1031a560	FUN_1031a560	149
1031ae80	FUN_1031ae80	61
1031aed0	FUN_1031aed0	61
1031af20	FUN_1031af20	61
1031af70	FUN_1031af70	61
1031afc0	FUN_1031afc0	61
1031dc80	FUN_1031dc80	43
1031dcc0	FUN_1031dcc0	43
1031dd00	FUN_1031dd00	43
1031dd40	FUN_1031dd40	43
1031dd80	FUN_1031dd80	28
1031ddb0	FUN_1031ddb0	28
10328ea0	FUN_10328ea0	25
10328f00	FUN_10328f00	25
10329660	FUN_10329660	59
1032a550	FUN_1032a550	28
1032a580	FUN_1032a580	28
1032a5b0	FUN_1032a5b0	28
1032a5e0	FUN_1032a5e0	28
1032a610	FUN_1032a610	28
1032a640	FUN_1032a640	28
1032a670	FUN_1032a670	28
1032a6a0	FUN_1032a6a0	28
1032a6d0	FUN_1032a6d0	28
1032a700	FUN_1032a700	28
1032a730	FUN_1032a730	28
1032a760	FUN_1032a760	28
1032dcf0	FUN_1032dcf0	26
1032dd10	FUN_1032dd10	26
1032dd50	FUN_1032dd50	62
1032dda0	FUN_1032dda0	58
10331ba0	FUN_10331ba0	34
10331bd0	FUN_10331bd0	34
10333760	FUN_10333760	32
10333790	FUN_10333790	45
103337d0	FUN_103337d0	32
10333800	FUN_10333800	41
10333860	FUN_10333860	41
103338c0	FUN_103338c0	41
10333900	FUN_10333900	24
10333940	FUN_10333940	24
10334070	FUN_10334070	44
103340b0	FUN_103340b0	44
10336d40	FUN_10336d40	81
10336db0	FUN_10336db0	81
103376a0	FUN_103376a0	28
10337740	FUN_10337740	28
1033c780	FUN_1033c780	43
1033c7c0	FUN_1033c7c0	43
1033cce0	FUN_1033cce0	25
1033cd00	FUN_1033cd00	97
10342eb0	FUN_10342eb0	28
10342ee0	FUN_10342ee0	28
10342f10	FUN_10342f10	28
103503e0	FUN_103503e0	26
10350400	FUN_10350400	26
10350420	FUN_10350420	26
10350440	FUN_10350440	26
10350460	FUN_10350460	26
10350480	FUN_10350480	26
103507b0	FUN_103507b0	26
103507f0	FUN_103507f0	26
10350830	FUN_10350830	26
10350870	FUN_10350870	91
10350ad0	FUN_10350ad0	91
10350b50	FUN_10350b50	26
10350b70	FUN_10350b70	91
103510b0	FUN_103510b0	26
103510d0	FUN_103510d0	26
103510f0	FUN_103510f0	26
10351110	FUN_10351110	26
10351130	FUN_10351130	26
10351150	FUN_10351150	26
10351170	FUN_10351170	26
10351190	FUN_10351190	26
103511b0	FUN_103511b0	26
103511d0	FUN_103511d0	91
10351250	FUN_10351250	26
10351270	FUN_10351270	26
10351290	FUN_10351290	91
10351350	FUN_10351350	26
10351370	FUN_10351370	91
103513f0	FUN_103513f0	26
10351430	FUN_10351430	26
10351450	FUN_10351450	91
103514d0	FUN_103514d0	43
10351530	FUN_10351530	26
10352210	FUN_10352210	83
10352280	FUN_10352280	78
103522f0	FUN_103522f0	78
10352360	FUN_10352360	78
103523d0	FUN_103523d0	78
10352c90	FUN_10352c90	39
10352cc0	FUN_10352cc0	39
10352dc0	FUN_10352dc0	39
10352df0	FUN_10352df0	39
10352ed0	FUN_10352ed0	39
10352f20	FUN_10352f20	39
10355870	FUN_10355870	93
103558f0	FUN_103558f0	93
10355970	FUN_10355970	92
103559f0	FUN_103559f0	92
10356890	FUN_10356890	92
103581f0	FUN_103581f0	30
10358220	FUN_10358220	30
10358250	FUN_10358250	30
10358280	FUN_10358280	30
103582b0	FUN_103582b0	30
103586c0	FUN_103586c0	28
103586f0	FUN_103586f0	28
10358720	FUN_10358720	28
10358750	FUN_10358750	28
10358780	FUN_10358780	28
10358cd0	FUN_10358cd0	59
10358d50	FUN_10358d50	59
1035acb0	FUN_1035acb0	41
1035acf0	FUN_1035acf0	41
1035ad30	FUN_1035ad30	41
1035ad70	FUN_1035ad70	41
1035adb0	FUN_1035adb0	41
1035adf0	FUN_1035adf0	41
1035ae30	FUN_1035ae30	41
1035ae70	FUN_1035ae70	41
1035aeb0	FUN_1035aeb0	41
1035aef0	FUN_1035aef0	41
1035af30	FUN_1035af30	41
1035af90	FUN_1035af90	41
1035aff0	FUN_1035aff0	41
1035b130	FUN_1035b130	32
1035b160	FUN_1035b160	41
1035b1a0	FUN_1035b1a0	32
1035b1f0	FUN_1035b1f0	41
1035b230	FUN_1035b230	41
1035b270	FUN_1035b270	41
1035b2b0	FUN_1035b2b0	41
1035b2f0	FUN_1035b2f0	41
1035b330	FUN_1035b330	41
1035b370	FUN_1035b370	41
1035b3d0	FUN_1035b3d0	41
1035b470	FUN_1035b470	41
1035b4f0	FUN_1035b4f0	41
1035b530	FUN_1035b530	32
1035b580	FUN_1035b580	41
1035b600	FUN_1035b600	41
1035b680	FUN_1035b680	41
1035b6e0	FUN_1035b6e0	32
1035b710	FUN_1035b710	41
1035b750	FUN_1035b750	41
1035b790	FUN_1035b790	32
1035b7c0	FUN_1035b7c0	41
1035b840	FUN_1035b840	24
1035b860	FUN_1035b860	24
1035b8a0	FUN_1035b8a0	24
1035b8c0	FUN_1035b8c0	24
1035b8e0	FUN_1035b8e0	24
1035b900	FUN_1035b900	24
1035b920	FUN_1035b920	24
1035b940	FUN_1035b940	24
1035b960	FUN_1035b960	24
1035b9a0	FUN_1035b9a0	24
1035b9c0	FUN_1035b9c0	24
1035b9e0	FUN_1035b9e0	24
1035ba00	FUN_1035ba00	24
1035ba20	FUN_1035ba20	24
1035ba40	FUN_1035ba40	24
1035c990	FUN_1035c990	44
10365a60	FUN_10365a60	81
10365ad0	FUN_10365ad0	81
10365b40	FUN_10365b40	81
10365bb0	FUN_10365bb0	81
10365c20	FUN_10365c20	81
10365c90	FUN_10365c90	81
10365d00	FUN_10365d00	81
10365d70	FUN_10365d70	81
10365de0	FUN_10365de0	81
10365e50	FUN_10365e50	81
10365ec0	FUN_10365ec0	65
10365f20	FUN_10365f20	81
10365f90	FUN_10365f90	81
10366000	FUN_10366000	81
10366070	FUN_10366070	81
103660e0	FUN_103660e0	81
10366150	FUN_10366150	81
103661c0	FUN_103661c0	81
10366230	FUN_10366230	65
10366290	FUN_10366290	81
10366300	FUN_10366300	65
10366360	FUN_10366360	65
103663c0	FUN_103663c0	81
10366430	FUN_10366430	81
103664a0	FUN_103664a0	65
10366500	FUN_10366500	81
10366570	FUN_10366570	24
103666b0	FUN_103666b0	120
103701d0	FUN_103701d0	149
103703b0	FUN_103703b0	61
10370400	FUN_10370400	61
10370450	FUN_10370450	61
103704a0	FUN_103704a0	61
103704f0	FUN_103704f0	61
10370540	FUN_10370540	61
10370590	FUN_10370590	61
103705e0	FUN_103705e0	30
10370610	FUN_10370610	30
10370640	FUN_10370640	30
10370670	FUN_10370670	30
103706a0	FUN_103706a0	30
10372110	FUN_10372110	463
10376b50	FUN_10376b50	57
10376ba0	FUN_10376ba0	60
10376bf0	FUN_10376bf0	57
10376c40	FUN_10376c40	57
10376c90	FUN_10376c90	57
10377700	FUN_10377700	43
10377740	FUN_10377740	43
10377780	FUN_10377780	43
103777c0	FUN_103777c0	43
10377800	FUN_10377800	43
10377840	FUN_10377840	43
10377880	FUN_10377880	43
103778c0	FUN_103778c0	43
10377900	FUN_10377900	43
10377940	FUN_10377940	43
10377980	FUN_10377980	43
103779c0	FUN_103779c0	43
10377a00	FUN_10377a00	43
10377a40	FUN_10377a40	43
10377a80	FUN_10377a80	28
10377ab0	FUN_10377ab0	28
10377ae0	FUN_10377ae0	28
10377b10	FUN_10377b10	28
10377b40	FUN_10377b40	28
1037eff0	FUN_1037eff0	28
10380b80	FUN_10380b80	28
10384750	FUN_10384750	135
10393b80	FUN_10393b80	59
10393bd0	FUN_10393bd0	59
10394530	FUN_10394530	28
10394560	FUN_10394560	28
10394590	FUN_10394590	28
103945c0	FUN_103945c0	28
103945f0	FUN_103945f0	28
10394620	FUN_10394620	28
10394650	FUN_10394650	28
10394680	FUN_10394680	28
103946b0	FUN_103946b0	28
103946e0	FUN_103946e0	28
10394710	FUN_10394710	28
10394740	FUN_10394740	28
10394770	FUN_10394770	28
103947a0	FUN_103947a0	28
103947d0	FUN_103947d0	28
10394800	FUN_10394800	28
10394830	FUN_10394830	28
10394860	FUN_10394860	28
10394890	FUN_10394890	28
103948c0	FUN_103948c0	28
103948f0	FUN_103948f0	28
10394920	FUN_10394920	28
10394950	FUN_10394950	28
10394980	FUN_10394980	28
103949b0	FUN_103949b0	28
103949e0	FUN_103949e0	28
10394a10	FUN_10394a10	28
10394a40	FUN_10394a40	28
10394a70	FUN_10394a70	28
10394aa0	FUN_10394aa0	28
10394ad0	FUN_10394ad0	28
10394b00	FUN_10394b00	28
10394b30	FUN_10394b30	28
10394b60	FUN_10394b60	28
10394b90	FUN_10394b90	28
10394bc0	FUN_10394bc0	28
10394bf0	FUN_10394bf0	28
10394c20	FUN_10394c20	28
10394c50	FUN_10394c50	28
10394c80	FUN_10394c80	28
10394cb0	FUN_10394cb0	28
10394ce0	FUN_10394ce0	28
10394d10	FUN_10394d10	28
10394d40	FUN_10394d40	20
10394d60	FUN_10394d60	20
10394d80	FUN_10394d80	20
10394da0	FUN_10394da0	20
1039a280	FUN_1039a280	461
1039ec00	FUN_1039ec00	26
1039ec20	FUN_1039ec20	26
1039ec40	FUN_1039ec40	78
1039f140	FUN_1039f140	41
1039f1e0	FUN_1039f1e0	24
1039f200	FUN_1039f200	24
1039f220	FUN_1039f220	24
1039ff50	FUN_1039ff50	81
103a0620	FUN_103a0620	149
103a0700	FUN_103a0700	149
103a0840	FUN_103a0840	61
103a14f0	FUN_103a14f0	43
103a3c40	FUN_103a3c40	28
103a3c70	FUN_103a3c70	28
103a3ca0	FUN_103a3ca0	28
103a4420	FUN_103a4420	91
103a4580	FUN_103a4580	91
103a4600	FUN_103a4600	91
103a46a0	FUN_103a46a0	91
103a4720	FUN_103a4720	26
103a4740	FUN_103a4740	78
103a57f0	FUN_103a57f0	30
103a5850	FUN_103a5850	28
103a5de0	FUN_103a5de0	41
103a5e40	FUN_103a5e40	41
103a5e80	FUN_103a5e80	41
103a5ee0	FUN_103a5ee0	24
103a5f00	FUN_103a5f00	24
103a5f20	FUN_103a5f20	24
103a8a50	FUN_103a8a50	81
103a8ac0	FUN_103a8ac0	65
103abc70	FUN_103abc70	61
103abcc0	FUN_103abcc0	61
103abd10	FUN_103abd10	61
103abd60	FUN_103abd60	30
103bd3a0	FUN_103bd3a0	28
103bd3d0	FUN_103bd3d0	28
103bd400	FUN_103bd400	28
103bd430	FUN_103bd430	28
103bd460	FUN_103bd460	28
103bd490	FUN_103bd490	28
103bd4c0	FUN_103bd4c0	20
103be310	FUN_103be310	39
103bf6d0	FUN_103bf6d0	78
103bfd40	FUN_103bfd40	93
103c07e0	FUN_103c07e0	41
103c0820	FUN_103c0820	32
103c0870	FUN_103c0870	41
103c08b0	FUN_103c08b0	41
103c31d0	FUN_103c31d0	81
103c3240	FUN_103c3240	81
103c32b0	FUN_103c32b0	81
103c3320	FUN_103c3320	81
103c3390	FUN_103c3390	81
103c3400	FUN_103c3400	65
103c4ec0	FUN_103c4ec0	83
103c5d70	FUN_103c5d70	149
103c5e50	FUN_103c5e50	149
103c64f0	FUN_103c64f0	73
103c6b20	FUN_103c6b20	83
103c6bb0	FUN_103c6bb0	116
103c7610	FUN_103c7610	43
103c7650	FUN_103c7650	43
103c9230	FUN_103c9230	135
103c92e0	FUN_103c92e0	135
103cb270	FUN_103cb270	28
103cb2a0	FUN_103cb2a0	28
103cb2d0	FUN_103cb2d0	28
103cb300	FUN_103cb300	28
103cb330	FUN_103cb330	28
103cc1e0	FUN_103cc1e0	9
103cd2c0	FUN_103cd2c0	78
103d5fa0	FUN_103d5fa0	61
103d9170	FUN_103d9170	41
103e7150	FUN_103e7150	149
103e7230	FUN_103e7230	149
103e7310	FUN_103e7310	149
103e73f0	FUN_103e73f0	149
103e74d0	FUN_103e74d0	149
103e75b0	FUN_103e75b0	149
103e7690	FUN_103e7690	149
103e7770	FUN_103e7770	149
103e7850	FUN_103e7850	149
103e7930	FUN_103e7930	149
103e7a10	FUN_103e7a10	149
103e7af0	FUN_103e7af0	149
103e7bd0	FUN_103e7bd0	149
103e7cb0	FUN_103e7cb0	149
103e7d90	FUN_103e7d90	149
103e7e70	FUN_103e7e70	149
103e7f50	FUN_103e7f50	149
103eb3d0	FUN_103eb3d0	28
103eb400	FUN_103eb400	28
103eb430	FUN_103eb430	31
103f2920	FUN_103f2920	28
103f61d0	FUN_103f61d0	26
103f7480	FUN_103f7480	93
103f8220	FUN_103f8220	41
103f8260	FUN_103f8260	41
103f82a0	FUN_103f82a0	41
103f82e0	FUN_103f82e0	41
103f8320	FUN_103f8320	41
103fb4b0	FUN_103fb4b0	81
103fe890	FUN_103fe890	213
104002d0	FUN_104002d0	135
10400380	FUN_10400380	135
10400430	FUN_10400430	135
104004e0	FUN_104004e0	135
10402430	FUN_10402430	28
10402460	FUN_10402460	28
10402490	FUN_10402490	28
104024c0	FUN_104024c0	28
104024f0	FUN_104024f0	28
10402520	FUN_10402520	28
10403cd0	FUN_10403cd0	41
10404bb0	FUN_10404bb0	28
10405520	FUN_10405520	26
10405900	FUN_10405900	91
10405980	FUN_10405980	26
104061f0	FUN_104061f0	39
10406220	FUN_10406220	39
10406310	FUN_10406310	39
10406bd0	FUN_10406bd0	30
10406cb0	FUN_10406cb0	28
10406ce0	FUN_10406ce0	28
10406d10	FUN_10406d10	28
10407020	FUN_10407020	59
104073c0	FUN_104073c0	32
104073f0	FUN_104073f0	41
10407430	FUN_10407430	26
10407450	FUN_10407450	24
10408620	FUN_10408620	65
10408680	FUN_10408680	81
10409b60	FUN_10409b60	61
10409bb0	FUN_10409bb0	30
1040a180	FUN_1040a180	28
1040b690	FUN_1040b690	53
1040b6e0	FUN_1040b6e0	64
1040cc10	FUN_1040cc10	59
1040cce0	FUN_1040cce0	28
1040cd10	FUN_1040cd10	20
1040f7e0	FUN_1040f7e0	91
1040fa20	FUN_1040fa20	39
1040fa70	FUN_1040fa70	39
1040faa0	FUN_1040faa0	39
10410770	FUN_10410770	28
104107a0	FUN_104107a0	28
104107d0	FUN_104107d0	28
104108a0	FUN_104108a0	59
10411070	FUN_10411070	41
104110b0	FUN_104110b0	32
104110e0	FUN_104110e0	24
10414dc0	FUN_10414dc0	59
10414fb0	FUN_10414fb0	28
104152b0	FUN_104152b0	100
10415ed0	FUN_10415ed0	91
10415f50	FUN_10415f50	26
10415f70	FUN_10415f70	91
10415ff0	FUN_10415ff0	26
10416010	FUN_10416010	26
10416090	FUN_10416090	32
104160c0	FUN_104160c0	41
10416f00	FUN_10416f00	81
10416f70	FUN_10416f70	81
10416fe0	FUN_10416fe0	65
10417040	FUN_10417040	81
104170b0	FUN_104170b0	81
10417590	FUN_10417590	61
10419db0	FUN_10419db0	28
1041a530	FUN_1041a530	28
1041a5f0	FUN_1041a5f0	28
1041a630	FUN_1041a630	28
1041a660	FUN_1041a660	25
1041a7e0	FUN_1041a7e0	28
1041ce50	FUN_1041ce50	28
1041ce80	FUN_1041ce80	28
1041ceb0	FUN_1041ceb0	28
1041cfb0	FUN_1041cfb0	101
1041d230	FUN_1041d230	101
1041d2c0	FUN_1041d2c0	101
1041d490	FUN_1041d490	101
1041da20	FUN_1041da20	26
1041da40	FUN_1041da40	26
1041da60	FUN_1041da60	26
1041da80	FUN_1041da80	26
1041e050	FUN_1041e050	92
1041e0d0	FUN_1041e0d0	39
1041ee40	FUN_1041ee40	41
1041ee80	FUN_1041ee80	41
1041eec0	FUN_1041eec0	41
1041ef00	FUN_1041ef00	41
1041feb0	FUN_1041feb0	65
104239d0	FUN_104239d0	28
10423a00	FUN_10423a00	28
10423a30	FUN_10423a30	28
10423a60	FUN_10423a60	28
104259a0	FUN_104259a0	91
10425b60	FUN_10425b60	91
10425be0	FUN_10425be0	91
10425c60	FUN_10425c60	78
10426070	FUN_10426070	30
10426240	FUN_10426240	41
10426280	FUN_10426280	41
104262c0	FUN_104262c0	32
104262f0	FUN_104262f0	41
10426330	FUN_10426330	24
1042b0c0	FUN_1042b0c0	65
1042bdf0	FUN_1042bdf0	61
1042be40	FUN_1042be40	61
1042be90	FUN_1042be90	61
1042bee0	FUN_1042bee0	30
1042cec0	FUN_1042cec0	28
10430790	FUN_10430790	28
104307c0	FUN_104307c0	28
104307f0	FUN_104307f0	28
10430820	FUN_10430820	20
10432710	FUN_10432710	91
10432af0	FUN_10432af0	26
104332a0	FUN_104332a0	30
104334a0	FUN_104334a0	32
104334f0	FUN_104334f0	41
10433fb0	FUN_10433fb0	81
10434020	FUN_10434020	65
10434080	FUN_10434080	81
10434b60	FUN_10434b60	61
10434bb0	FUN_10434bb0	30
104360d0	FUN_104360d0	28
10438680	FUN_10438680	28
104386b0	FUN_104386b0	28
104386e0	FUN_104386e0	28
10438710	FUN_10438710	20
10439e40	FUN_10439e40	91
10439fe0	FUN_10439fe0	41
1043b0f0	FUN_1043b0f0	61
1043b620	FUN_1043b620	135
1043ca40	FUN_1043ca40	28
10440e10	FUN_10440e10	41
10442210	FUN_10442210	28
10442b50	FUN_10442b50	26
104430b0	FUN_104430b0	41
10443110	FUN_10443110	41
10443e90	FUN_10443e90	81
10443f00	FUN_10443f00	81
1044a0a0	FUN_1044a0a0	28
1044a0d0	FUN_1044a0d0	28
1044b450	FUN_1044b450	81
1044e870	FUN_1044e870	95
1044ea20	FUN_1044ea20	28
1044fd00	FUN_1044fd00	81
10451620	FUN_10451620	28
10451d50	FUN_10451d50	83
10451dc0	FUN_10451dc0	30
10452350	FUN_10452350	81
104525d0	FUN_104525d0	30
10452600	FUN_10452600	28
10453820	FUN_10453820	20
10453f80	FUN_10453f80	43
10454320	FUN_10454320	30
10454b40	FUN_10454b40	30
10454eb0	FUN_10454eb0	28
10455280	FUN_10455280	28
104552b0	FUN_104552b0	20
104557d0	FUN_104557d0	91
10455850	FUN_10455850	78
104558c0	FUN_104558c0	78
10455930	FUN_10455930	41
10457900	FUN_10457900	61
10457950	FUN_10457950	61
1045c1a0	FUN_1045c1a0	28
10461070	FUN_10461070	78
10461520	FUN_10461520	32
10461550	FUN_10461550	41
10461590	FUN_10461590	32
10462560	FUN_10462560	65
10463890	FUN_10463890	61
104648a0	FUN_104648a0	31
10464b60	FUN_10464b60	135
10465040	FUN_10465040	28
10465070	FUN_10465070	28
10465ec0	FUN_10465ec0	91
10465f40	FUN_10465f40	91
10465fc0	FUN_10465fc0	26
10466000	FUN_10466000	78
10466290	FUN_10466290	30
10468380	FUN_10468380	61
104683d0	FUN_104683d0	30
10468b70	FUN_10468b70	28
10469230	FUN_10469230	28
10469260	FUN_10469260	20
1046d2c0	FUN_1046d2c0	133
1046e960	FUN_1046e960	81
1046fb00	FUN_1046fb00	28
104700f0	FUN_104700f0	78
10471530	FUN_10471530	95
10471880	FUN_10471880	26
104718a0	FUN_104718a0	91
10471920	FUN_10471920	26
10471f00	FUN_10471f00	41
10471f40	FUN_10471f40	41
104733f0	FUN_104733f0	61
10474430	FUN_10474430	28
10474460	FUN_10474460	28
10474490	FUN_10474490	28
10474700	FUN_10474700	26
10474c00	FUN_10474c00	41
10474c40	FUN_10474c40	41
10474c80	FUN_10474c80	41
10478a30	FUN_10478a30	28
10478a60	FUN_10478a60	28
10478a90	FUN_10478a90	28
10478f40	FUN_10478f40	39
10479450	FUN_10479450	59
10479700	FUN_10479700	32
1047d4e0	FUN_1047d4e0	59
1047d5c0	FUN_1047d5c0	28
1047f070	FUN_1047f070	26
1047f090	FUN_1047f090	26
1047f0b0	FUN_1047f0b0	26
1047f0d0	FUN_1047f0d0	26
1047f0f0	FUN_1047f0f0	26
1047f1f0	FUN_1047f1f0	91
1047f270	FUN_1047f270	91
1047fdc0	FUN_1047fdc0	39
10481650	FUN_10481650	30
104816c0	FUN_104816c0	59
10482bb0	FUN_10482bb0	41
10482bf0	FUN_10482bf0	41
10482c30	FUN_10482c30	41
10482c70	FUN_10482c70	41
10482cb0	FUN_10482cb0	41
10488610	FUN_10488610	61
10488660	FUN_10488660	61
104886b0	FUN_104886b0	30
104940e0	FUN_104940e0	28
10496660	FUN_10496660	59
10496770	FUN_10496770	28
104967a0	FUN_104967a0	28
104967d0	FUN_104967d0	28
10496800	FUN_10496800	28
10496830	FUN_10496830	28
10496860	FUN_10496860	28
10496890	FUN_10496890	20
104975a0	FUN_104975a0	78
10498d20	FUN_10498d20	61
1049d340	FUN_1049d340	26
1049d7c0	FUN_1049d7c0	41
104a74b0	FUN_104a74b0	28
104a7f90	FUN_104a7f90	91
104a8010	FUN_104a8010	26
104a8b60	FUN_104a8b60	61
104a9190	FUN_104a9190	28
104ab2b0	FUN_104ab2b0	26
104acbf0	FUN_104acbf0	41
104ae950	FUN_104ae950	135
104aee60	FUN_104aee60	133
104b0250	FUN_104b0250	28
104b4d80	FUN_104b4d80	26
104b4da0	FUN_104b4da0	91
104b5780	FUN_104b5780	41
104ba330	FUN_104ba330	261
104ba510	FUN_104ba510	28
104c2520	FUN_104c2520	41
104c2560	FUN_104c2560	41
104c8c90	FUN_104c8c90	28
104c8cc0	FUN_104c8cc0	28
104ca210	FUN_104ca210	69
104cb300	FUN_104cb300	91
104cb380	FUN_104cb380	26
104cb3a0	FUN_104cb3a0	91
104cb500	FUN_104cb500	78
104cb570	FUN_104cb570	78
104cb780	FUN_104cb780	30
104cb910	FUN_104cb910	32
104cb9a0	FUN_104cb9a0	24
104cce20	FUN_104cce20	81
104cce90	FUN_104cce90	65
104cdd80	FUN_104cdd80	61
104cddd0	FUN_104cddd0	61
104cde20	FUN_104cde20	61
104cde70	FUN_104cde70	30
104d1450	FUN_104d1450	43
104d1490	FUN_104d1490	28
104d30f0	FUN_104d30f0	25
104d45f0	FUN_104d45f0	28
104d4620	FUN_104d4620	28
104d4650	FUN_104d4650	28
104d4680	FUN_104d4680	28
104d46b0	FUN_104d46b0	28
104d46e0	FUN_104d46e0	20
104d66e0	FUN_104d66e0	91
104d6820	FUN_104d6820	39
104d6850	FUN_104d6850	39
104d6880	FUN_104d6880	39
104d6d20	FUN_104d6d20	28
104d6d50	FUN_104d6d50	28
104d6d80	FUN_104d6d80	28
104d6e20	FUN_104d6e20	59
104d6f40	FUN_104d6f40	24
104d7a30	FUN_104d7a30	81
104d7aa0	FUN_104d7aa0	65
104d8190	FUN_104d8190	61
104d9cc0	FUN_104d9cc0	51
104d9d40	FUN_104d9d40	59
104da330	FUN_104da330	26
104da350	FUN_104da350	91
104da3d0	FUN_104da3d0	26
104da4a0	FUN_104da4a0	41
104da4e0	FUN_104da4e0	41
104da520	FUN_104da520	41
104da7f0	FUN_104da7f0	65
104daf10	FUN_104daf10	25
104daf80	FUN_104daf80	25
104db440	FUN_104db440	28
104db470	FUN_104db470	28
104db4a0	FUN_104db4a0	28
104db660	FUN_104db660	26
104dc3a0	FUN_104dc3a0	81
104dd880	FUN_104dd880	28
104df3e0	FUN_104df3e0	26
104df400	FUN_104df400	76
104dfbd0	FUN_104dfbd0	92
104dfdf0	FUN_104dfdf0	39
104dfe20	FUN_104dfe20	39
104dfeb0	FUN_104dfeb0	39
104dfee0	FUN_104dfee0	39
104dff10	FUN_104dff10	39
104dff40	FUN_104dff40	39
104e0bf0	FUN_104e0bf0	92
104e1a00	FUN_104e1a00	28
104e1a30	FUN_104e1a30	28
104e1a60	FUN_104e1a60	28
104e1a90	FUN_104e1a90	28
104e1ac0	FUN_104e1ac0	28
104e1d40	FUN_104e1d40	59
104e1d90	FUN_104e1d90	59
104e2690	FUN_104e2690	32
104e26c0	FUN_104e26c0	41
104e2720	FUN_104e2720	32
104e2750	FUN_104e2750	41
104e27b0	FUN_104e27b0	24
104e44d0	FUN_104e44d0	65
104e4530	FUN_104e4530	65
104e4590	FUN_104e4590	81
104ea0c0	FUN_104ea0c0	43
104ea4c0	FUN_104ea4c0	73
104eca70	FUN_104eca70	59
104ecac0	FUN_104ecac0	59
104eced0	FUN_104eced0	28
104ed680	FUN_104ed680	78
104ed9a0	FUN_104ed9a0	81
104edaf0	FUN_104edaf0	124
104ede70	FUN_104ede70	43
104edeb0	FUN_104edeb0	43
104ee000	FUN_104ee000	62
104ee370	FUN_104ee370	145
104ee430	FUN_104ee430	149
104ee4f0	FUN_104ee4f0	80
104ee560	FUN_104ee560	80
104ee5d0	FUN_104ee5d0	80
104eec60	FUN_104eec60	48
104eeca0	FUN_104eeca0	48
104eeec0	FUN_104eeec0	33
104ef1a0	FUN_104ef1a0	42
104f83d0	FUN_104f83d0	91
104f8450	FUN_104f8450	26
104f8470	FUN_104f8470	91
104f84f0	FUN_104f84f0	91
104f86d0	FUN_104f86d0	39
104f8720	FUN_104f8720	39
104f8750	FUN_104f8750	39
104f8f30	FUN_104f8f30	92
104f95a0	FUN_104f95a0	28
104f95d0	FUN_104f95d0	28
104f9600	FUN_104f9600	28
104f97a0	FUN_104f97a0	59
104f9b00	FUN_104f9b00	32
104f9b30	FUN_104f9b30	41
104f9b70	FUN_104f9b70	32
104f9bc0	FUN_104f9bc0	32
104f9bf0	FUN_104f9bf0	41
104f9c30	FUN_104f9c30	41
104f9c70	FUN_104f9c70	32
104f9ca0	FUN_104f9ca0	41
104f9ce0	FUN_104f9ce0	32
104fb550	FUN_104fb550	65
104fb5b0	FUN_104fb5b0	65
104fb610	FUN_104fb610	81
104fd5b0	FUN_104fd5b0	61
104fd600	FUN_104fd600	61
104fd650	FUN_104fd650	61
104ff720	FUN_104ff720	59
104ff930	FUN_104ff930	28
104ff960	FUN_104ff960	28
104ff990	FUN_104ff990	28
104ff9c0	FUN_104ff9c0	28
104ff9f0	FUN_104ff9f0	28
104ffa20	FUN_104ffa20	28
104ffa50	FUN_104ffa50	28
104fff70	FUN_104fff70	26
104fff90	FUN_104fff90	78
105005d0	FUN_105005d0	32
10500600	FUN_10500600	32
10500650	FUN_10500650	32
105006c0	FUN_105006c0	51
10500720	FUN_10500720	24
10500740	FUN_10500740	24
10504480	FUN_10504480	83
105044f0	FUN_105044f0	89
10505b90	FUN_10505b90	61
10509620	FUN_10509620	37
1050b6a0	FUN_1050b6a0	28
1050b6d0	FUN_1050b6d0	28
1050b700	FUN_1050b700	28
1050e670	FUN_1050e670	91
1050e6f0	FUN_1050e6f0	26
1050e810	FUN_1050e810	43
1050e850	FUN_1050e850	26
1050e870	FUN_1050e870	26
1050e980	FUN_1050e980	78
1050e9f0	FUN_1050e9f0	78
1050ea60	FUN_1050ea60	30
1050eb60	FUN_1050eb60	41
1050eba0	FUN_1050eba0	41
1050ebe0	FUN_1050ebe0	41
1050ec40	FUN_1050ec40	24
105106f0	FUN_105106f0	81
10510760	FUN_10510760	81
105107d0	FUN_105107d0	81
10510d30	FUN_10510d30	30
10510d60	FUN_10510d60	59
10513690	FUN_10513690	43
105136d0	FUN_105136d0	28
105168d0	FUN_105168d0	25
1051a290	FUN_1051a290	28
1051a2c0	FUN_1051a2c0	28
1051a2f0	FUN_1051a2f0	28
1051a320	FUN_1051a320	20
1051b580	FUN_1051b580	30
1051b880	FUN_1051b880	41
1051e090	FUN_1051e090	30
1051fa00	FUN_1051fa00	43
1051fa40	FUN_1051fa40	43
10520f40	FUN_10520f40	136
105247c0	FUN_105247c0	20
10524d20	FUN_10524d20	91
10524ee0	FUN_10524ee0	91
10525040	FUN_10525040	91
105250c0	FUN_105250c0	91
10525360	FUN_10525360	83
105253d0	FUN_105253d0	78
10525440	FUN_10525440	83
105254b0	FUN_105254b0	78
10525520	FUN_10525520	78
10525590	FUN_10525590	78
10525980	FUN_10525980	30
105259b0	FUN_105259b0	30
10525b20	FUN_10525b20	32
10525b50	FUN_10525b50	41
10525b90	FUN_10525b90	32
10525c00	FUN_10525c00	41
10525c40	FUN_10525c40	41
10525ca0	FUN_10525ca0	24
1052a940	FUN_1052a940	65
1052a9a0	FUN_1052a9a0	81
1052aa10	FUN_1052aa10	65
1052aa70	FUN_1052aa70	81
1052da20	FUN_1052da20	61
1052da70	FUN_1052da70	61
1052dac0	FUN_1052dac0	61
1052db10	FUN_1052db10	61
1052db60	FUN_1052db60	61
1052dbb0	FUN_1052dbb0	61
1052dc00	FUN_1052dc00	30
1052dc30	FUN_1052dc30	30
1052e820	FUN_1052e820	33
1052e850	FUN_1052e850	60
1052e8b0	FUN_1052e8b0	33
10532df0	FUN_10532df0	43
10532e30	FUN_10532e30	43
10532e70	FUN_10532e70	28
10532ea0	FUN_10532ea0	28
10535380	FUN_10535380	28
10535a90	FUN_10535a90	28
10535ae0	FUN_10535ae0	37
10535d30	FUN_10535d30	37
1053dbc0	FUN_1053dbc0	46
10545a20	FUN_10545a20	28
10545a50	FUN_10545a50	28
10545a80	FUN_10545a80	28
10545ab0	FUN_10545ab0	28
10545ae0	FUN_10545ae0	28
10545b10	FUN_10545b10	28
10545b40	FUN_10545b40	20
10545b60	FUN_10545b60	20
1054c390	FUN_1054c390	41
1054d600	FUN_1054d600	28
1054d8f0	FUN_1054d8f0	91
1054d970	FUN_1054d970	26
1054d990	FUN_1054d990	26
1054daf0	FUN_1054daf0	39
1054db20	FUN_1054db20	39
1054db70	FUN_1054db70	39
1054e410	FUN_1054e410	92
1054e820	FUN_1054e820	28
1054e850	FUN_1054e850	28
1054e880	FUN_1054e880	28
1054ea60	FUN_1054ea60	59
1054ed70	FUN_1054ed70	32
1054eda0	FUN_1054eda0	32
1054edd0	FUN_1054edd0	41
1054ee30	FUN_1054ee30	41
1054ee70	FUN_1054ee70	24
1054ee90	FUN_1054ee90	24
105502c0	FUN_105502c0	65
10550320	FUN_10550320	81
10550390	FUN_10550390	65
105503f0	FUN_105503f0	81
10551ef0	FUN_10551ef0	149
10552010	FUN_10552010	61
10556c40	FUN_10556c40	59
10557040	FUN_10557040	28
105585f0	FUN_105585f0	91
10558670	FUN_10558670	43
105586b0	FUN_105586b0	26
105587d0	FUN_105587d0	41
10558810	FUN_10558810	41
10558850	FUN_10558850	41
105588b0	FUN_105588b0	41
105588f0	FUN_105588f0	41
1055a290	FUN_1055a290	81
1055a300	FUN_1055a300	81
1055a370	FUN_1055a370	81
1055b730	FUN_1055b730	61
1055dc90	FUN_1055dc90	28
1055fd10	FUN_1055fd10	28
1055fd40	FUN_1055fd40	28
1055fd70	FUN_1055fd70	28
1055fda0	FUN_1055fda0	28
1055fdd0	FUN_1055fdd0	28
1055fe00	FUN_1055fe00	28
1055fe30	FUN_1055fe30	28
105600b0	FUN_105600b0	41
105600f0	FUN_105600f0	41
105616f0	FUN_105616f0	28
10561a20	FUN_10561a20	91
10561cc0	FUN_10561cc0	91
10561e80	FUN_10561e80	83
105622f0	FUN_105622f0	83
105627a0	FUN_105627a0	83
10562940	FUN_10562940	30
10562970	FUN_10562970	30
105629a0	FUN_105629a0	30
105629d0	FUN_105629d0	30
10562e90	FUN_10562e90	41
10562ed0	FUN_10562ed0	41
10562f10	FUN_10562f10	41
10562f50	FUN_10562f50	41
10562f90	FUN_10562f90	41
10562ff0	FUN_10562ff0	41
10563030	FUN_10563030	41
10563070	FUN_10563070	41
105630b0	FUN_105630b0	41
10563120	FUN_10563120	24
10566bd0	FUN_10566bd0	81
1056b4a0	FUN_1056b4a0	149
1056d380	FUN_1056d380	61
1056d3d0	FUN_1056d3d0	61
1056d420	FUN_1056d420	30
1056d450	FUN_1056d450	30
1056d480	FUN_1056d480	30
1056d4b0	FUN_1056d4b0	30
105725b0	FUN_105725b0	28
105725e0	FUN_105725e0	28
10572610	FUN_10572610	28
10572640	FUN_10572640	28
105785b0	FUN_105785b0	28
105785e0	FUN_105785e0	28
10578610	FUN_10578610	28
10578640	FUN_10578640	28
10578670	FUN_10578670	28
105786a0	FUN_105786a0	28
105786d0	FUN_105786d0	28
10578700	FUN_10578700	28
10578730	FUN_10578730	28
10578760	FUN_10578760	28
10578790	FUN_10578790	28
105787c0	FUN_105787c0	28
105787f0	FUN_105787f0	28
10578820	FUN_10578820	20
10578840	FUN_10578840	20
10578860	FUN_10578860	20
10578880	FUN_10578880	20
105796c0	FUN_105796c0	91
10579740	FUN_10579740	26
10579760	FUN_10579760	83
10579850	FUN_10579850	41
10579890	FUN_10579890	41
105798f0	FUN_105798f0	41
10579930	FUN_10579930	32
10579960	FUN_10579960	41
105799a0	FUN_105799a0	24
1057c010	FUN_1057c010	81
105809d0	FUN_105809d0	43
10585bc0	FUN_10585bc0	28
10585bf0	FUN_10585bf0	28
10585c20	FUN_10585c20	28
10586670	FUN_10586670	41
105866b0	FUN_105866b0	41
10586710	FUN_10586710	41
10588c80	FUN_10588c80	81
10589c90	FUN_10589c90	149
1058c3d0	FUN_1058c3d0	43
1058c410	FUN_1058c410	43
10592530	FUN_10592530	28
10592560	FUN_10592560	28
10592590	FUN_10592590	28
105925c0	FUN_105925c0	28
105934e0	FUN_105934e0	91
10593560	FUN_10593560	26
10594990	FUN_10594990	41
105949f0	FUN_105949f0	41
10595790	FUN_10595790	81
10596a90	FUN_10596a90	61
10599150	FUN_10599150	28
1059da00	FUN_1059da00	24
1059e630	FUN_1059e630	25
105a0840	FUN_105a0840	232
105a2a50	FUN_105a2a50	26
105a4150	FUN_105a4150	91
105a6390	FUN_105a6390	30
105a6c80	FUN_105a6c80	41
105a6cc0	FUN_105a6cc0	41
105a6d00	FUN_105a6d00	41
105a78b0	FUN_105a78b0	46
105a78f0	FUN_105a78f0	54
105a8920	FUN_105a8920	65
105a8b60	FUN_105a8b60	71
105a8bc0	FUN_105a8bc0	71
105ac000	FUN_105ac000	61
105ac050	FUN_105ac050	30
105ad2b0	FUN_105ad2b0	28
105b0210	FUN_105b0210	28
105b0240	FUN_105b0240	28
105b0270	FUN_105b0270	20
105b0950	FUN_105b0950	91
105b09d0	FUN_105b09d0	78
105b15b0	FUN_105b15b0	41
105b15f0	FUN_105b15f0	41
105b23d0	FUN_105b23d0	81
105b32d0	FUN_105b32d0	61
105b3320	FUN_105b3320	149
105b5230	FUN_105b5230	28
105b5260	FUN_105b5260	28
105b5290	FUN_105b5290	28
105b5b90	FUN_105b5b90	229
105b6290	FUN_105b6290	26
105b6700	FUN_105b6700	39
105b6730	FUN_105b6730	39
105b6760	FUN_105b6760	39
105b6790	FUN_105b6790	39
105b67c0	FUN_105b67c0	39
105b67f0	FUN_105b67f0	39
105b7110	FUN_105b7110	92
105b7570	FUN_105b7570	28
105b75a0	FUN_105b75a0	28
105b75d0	FUN_105b75d0	28
105b7600	FUN_105b7600	28
105b7630	FUN_105b7630	28
105b7660	FUN_105b7660	28
105b77f0	FUN_105b77f0	59
105b7840	FUN_105b7840	59
105b8140	FUN_105b8140	32
105b8170	FUN_105b8170	24
105bba00	FUN_105bba00	55
105bba50	FUN_105bba50	113
105bbc80	FUN_105bbc80	149
105bbfb0	FUN_105bbfb0	120
105c04a0	FUN_105c04a0	59
105c04f0	FUN_105c04f0	59
105c2ed0	FUN_105c2ed0	26
105c2ef0	FUN_105c2ef0	91
105c2f70	FUN_105c2f70	91
105c2ff0	FUN_105c2ff0	91
105c3070	FUN_105c3070	91
105c30f0	FUN_105c30f0	91
105c3170	FUN_105c3170	91
105c31f0	FUN_105c31f0	26
105c3210	FUN_105c3210	26
105c3230	FUN_105c3230	26
105c3250	FUN_105c3250	83
105c32c0	FUN_105c32c0	41
105c3340	FUN_105c3340	41
105c3380	FUN_105c3380	41
105c4300	FUN_105c4300	81
105c4370	FUN_105c4370	81
105c4a10	FUN_105c4a10	61
105c7bd0	FUN_105c7bd0	25
105c9ba0	FUN_105c9ba0	28
105c9bd0	FUN_105c9bd0	28
105c9c00	FUN_105c9c00	28
105c9c30	FUN_105c9c30	28
105c9c60	FUN_105c9c60	28
105c9fc0	FUN_105c9fc0	91
105ca040	FUN_105ca040	26
105ca060	FUN_105ca060	26
105ca160	FUN_105ca160	26
105ca450	FUN_105ca450	78
105cd280	FUN_105cd280	30
105cd2b0	FUN_105cd2b0	30
105cd2e0	FUN_105cd2e0	30
105ce0f0	FUN_105ce0f0	41
105ce130	FUN_105ce130	41
105ce170	FUN_105ce170	41
105ce1d0	FUN_105ce1d0	41
105ce210	FUN_105ce210	41
105ce250	FUN_105ce250	24
105ce270	FUN_105ce270	24
105d46f0	FUN_105d46f0	81
105d4760	FUN_105d4760	81
105d47d0	FUN_105d47d0	81
105d75e0	FUN_105d75e0	149
105d8670	FUN_105d8670	61
105d86c0	FUN_105d86c0	61
105d8710	FUN_105d8710	30
105d8740	FUN_105d8740	30
105d8770	FUN_105d8770	30
105dc140	FUN_105dc140	28
105dc170	FUN_105dc170	28
105dc1a0	FUN_105dc1a0	28
105e6d50	FUN_105e6d50	28
105e6d80	FUN_105e6d80	28
105e6db0	FUN_105e6db0	28
105e6de0	FUN_105e6de0	28
105e6e10	FUN_105e6e10	28
105e6e40	FUN_105e6e40	28
105e6e70	FUN_105e6e70	28
105e6ea0	FUN_105e6ea0	20
105e6ec0	FUN_105e6ec0	20
105e6ee0	FUN_105e6ee0	20
105f29d0	FUN_105f29d0	78
105f4940	FUN_105f4940	30
105f7de0	FUN_105f7de0	24
105f7e00	FUN_105f7e00	24
105f9d60	FUN_105f9d60	38
105f9d90	FUN_105f9d90	38
10601330	FUN_10601330	65
10601390	FUN_10601390	65
10604ce0	FUN_10604ce0	61
10604d30	FUN_10604d30	30
10608380	FUN_10608380	28
1061c430	FUN_1061c430	28
1061c460	FUN_1061c460	28
1061c490	FUN_1061c490	28
1061c4c0	FUN_1061c4c0	28
1061c4f0	FUN_1061c4f0	28
1061c520	FUN_1061c520	20
1061cad0	FUN_1061cad0	43
1061cb10	FUN_1061cb10	41
1061dd70	FUN_1061dd70	28
1061e340	FUN_1061e340	30
1061fe90	FUN_1061fe90	30
10620360	FUN_10620360	28
10623be0	FUN_10623be0	20
10623c10	FUN_10623c10	39
10623c70	FUN_10623c70	78
10623ce0	FUN_10623ce0	78
10623df0	FUN_10623df0	93
10623e70	FUN_10623e70	92
10625fa0	FUN_10625fa0	24
10625fc0	FUN_10625fc0	24
1062ddc0	FUN_1062ddc0	65
10630940	FUN_10630940	61
10647400	FUN_10647400	28
10647b80	FUN_10647b80	26
10648530	FUN_10648530	92
1064bc40	FUN_1064bc40	41
1064bc80	FUN_1064bc80	41
1064bce0	FUN_1064bce0	41
10656a30	FUN_10656a30	81
10656aa0	FUN_10656aa0	65
1067f050	FUN_1067f050	28
1067f080	FUN_1067f080	28
1067f0b0	FUN_1067f0b0	28
1067f0e0	FUN_1067f0e0	28
1067f450	FUN_1067f450	43
1067f4a0	FUN_1067f4a0	32
1067f4d0	FUN_1067f4d0	41
106805d0	FUN_106805d0	28
10681850	FUN_10681850	26
106819d0	FUN_106819d0	39
10681a00	FUN_10681a00	39
10681a30	FUN_10681a30	39
10682660	FUN_10682660	92
10682a90	FUN_10682a90	28
10682ac0	FUN_10682ac0	28
10682af0	FUN_10682af0	28
10682c90	FUN_10682c90	59
10682f90	FUN_10682f90	32
10682fc0	FUN_10682fc0	41
10683000	FUN_10683000	32
10683030	FUN_10683030	41
106846c0	FUN_106846c0	65
10684720	FUN_10684720	65
10687780	FUN_10687780	59
10687a10	FUN_10687a10	28
10687fe0	FUN_10687fe0	41
106896f0	FUN_106896f0	149
1068b960	FUN_1068b960	28
1068c6a0	FUN_1068c6a0	26
1068c6c0	FUN_1068c6c0	91
1068ca40	FUN_1068ca40	39
1068ca70	FUN_1068ca70	39
1068cb40	FUN_1068cb40	39
1068cb70	FUN_1068cb70	39
1068cba0	FUN_1068cba0	39
1068cbd0	FUN_1068cbd0	39
1068ddc0	FUN_1068ddc0	93
1068f030	FUN_1068f030	92
1068feb0	FUN_1068feb0	28
1068fee0	FUN_1068fee0	28
1068ff10	FUN_1068ff10	28
1068ff40	FUN_1068ff40	28
1068ff70	FUN_1068ff70	28
1068ffa0	FUN_1068ffa0	28
10690430	FUN_10690430	59
10690480	FUN_10690480	59
10690d80	FUN_10690d80	24
10690da0	FUN_10690da0	24
106929c0	FUN_106929c0	65
10692a20	FUN_10692a20	67
10696ac0	FUN_10696ac0	59
10696b10	FUN_10696b10	59
10696fa0	FUN_10696fa0	26
10696fc0	FUN_10696fc0	41
106979b0	FUN_106979b0	81
10699830	FUN_10699830	28
10699b20	FUN_10699b20	26
10699b40	FUN_10699b40	26
10699b60	FUN_10699b60	26
10699b80	FUN_10699b80	78
1069abb0	FUN_1069abb0	41
1069abf0	FUN_1069abf0	41
1069ac30	FUN_1069ac30	32
1069ac80	FUN_1069ac80	41
1069acc0	FUN_1069acc0	41
1069ad00	FUN_1069ad00	24
1069ad20	FUN_1069ad20	24
1069c780	FUN_1069c780	65
1069c7e0	FUN_1069c7e0	81
1069e280	FUN_1069e280	61
106a0570	FUN_106a0570	28
106a05a0	FUN_106a05a0	28
106a05d0	FUN_106a05d0	28
106a0600	FUN_106a0600	28
106a1290	FUN_106a1290	26
106a12f0	FUN_106a12f0	41
106a1f10	FUN_106a1f10	28
106a8e70	FUN_106a8e70	91
106a90a0	FUN_106a90a0	91
106a9120	FUN_106a9120	26
106a9140	FUN_106a9140	91
106a9e70	FUN_106a9e70	92
106aa2f0	FUN_106aa2f0	39
106aa320	FUN_106aa320	39
106aa3a0	FUN_106aa3a0	39
106aa3d0	FUN_106aa3d0	39
106aa4a0	FUN_106aa4a0	39
106aa4f0	FUN_106aa4f0	39
106aa520	FUN_106aa520	39
106ac610	FUN_106ac610	93
106ac6f0	FUN_106ac6f0	92
106ad240	FUN_106ad240	398
106aeb50	FUN_106aeb50	28
106aeb80	FUN_106aeb80	28
106aebb0	FUN_106aebb0	28
106aebe0	FUN_106aebe0	28
106aec10	FUN_106aec10	28
106af240	FUN_106af240	59
106af2d0	FUN_106af2d0	59
106af320	FUN_106af320	59
106afc20	FUN_106afc20	74
106b0570	FUN_106b0570	32
106b05a0	FUN_106b05a0	41
106b0640	FUN_106b0640	41
106b0680	FUN_106b0680	41
106b06c0	FUN_106b06c0	51
106b0700	FUN_106b0700	24
106b0720	FUN_106b0720	24
106b5300	FUN_106b5300	81
106b5370	FUN_106b5370	81
106b53e0	FUN_106b53e0	81
106b5450	FUN_106b5450	65
106b54b0	FUN_106b54b0	89
106b5520	FUN_106b5520	81
106bcb40	FUN_106bcb40	61
106bcb90	FUN_106bcb90	61
106bcbe0	FUN_106bcbe0	61
106cc710	FUN_106cc710	59
106cc760	FUN_106cc760	59
106cc7b0	FUN_106cc7b0	59
106cca00	FUN_106cca00	28
106cca30	FUN_106cca30	28
106cca60	FUN_106cca60	28
106cca90	FUN_106cca90	28
106cfe30	FUN_106cfe30	41
106d0ca0	FUN_106d0ca0	135
106d16c0	FUN_106d16c0	91
106d1740	FUN_106d1740	26
106d2450	FUN_106d2450	32
106d2480	FUN_106d2480	41
106d24e0	FUN_106d24e0	24
106d3000	FUN_106d3000	65
106d4c90	FUN_106d4c90	61
106d56a0	FUN_106d56a0	17
106d6eb0	FUN_106d6eb0	28
106d8310	FUN_106d8310	47
106d83f0	FUN_106d83f0	24
106d8410	FUN_106d8410	24
106e0100	FUN_106e0100	78
106e0170	FUN_106e0170	78
106e0460	FUN_106e0460	39
106e0520	FUN_106e0520	39
106e0570	FUN_106e0570	39
106e0f90	FUN_106e0f90	28
106e0fc0	FUN_106e0fc0	28
106e0ff0	FUN_106e0ff0	28
106e1100	FUN_106e1100	59
106e2410	FUN_106e2410	24
106e2430	FUN_106e2430	24
106e4950	FUN_106e4950	38
106e4980	FUN_106e4980	38
106e5b00	FUN_106e5b00	81
106e78c0	FUN_106e78c0	61
106e7910	FUN_106e7910	61
106e8c50	FUN_106e8c50	37
106e8c80	FUN_106e8c80	37
106e8cb0	FUN_106e8cb0	37
106f6ba0	FUN_106f6ba0	59
106f6ca0	FUN_106f6ca0	28
106f6cd0	FUN_106f6cd0	28
106f6d00	FUN_106f6d00	28
106f70a0	FUN_106f70a0	78
106f7590	FUN_106f7590	24
106f9080	FUN_106f9080	61
106f9b30	FUN_106f9b30	37
106fd740	FUN_106fd740	78
106fdc30	FUN_106fdc30	24
106ff0b0	FUN_106ff0b0	61
10702ac0	FUN_10702ac0	28
10702b00	FUN_10702b00	78
10702ef0	FUN_10702ef0	24
10704460	FUN_10704460	61
10704b80	FUN_10704b80	37
10708c60	FUN_10708c60	78
10708cd0	FUN_10708cd0	78
10708d40	FUN_10708d40	78
10709270	FUN_10709270	24
10709290	FUN_10709290	24
107092b0	FUN_107092b0	24
1070b210	FUN_1070b210	61
1070b260	FUN_1070b260	61
1070b2b0	FUN_1070b2b0	61
1070b3a0	FUN_1070b3a0	53
10711c20	FUN_10711c20	28
10711c50	FUN_10711c50	28
10711c80	FUN_10711c80	28
10712310	FUN_10712310	78
10712700	FUN_10712700	24
10713990	FUN_10713990	61
10717310	FUN_10717310	19
10718190	FUN_10718190	91
10718210	FUN_10718210	26
1071a400	FUN_1071a400	61
10722df0	FUN_10722df0	28
10723720	FUN_10723720	78
10726230	FUN_10726230	41
1072a750	FUN_1072a750	38
1072a780	FUN_1072a780	38
1072a7b0	FUN_1072a7b0	38
1072bd10	FUN_1072bd10	65
1072bd70	FUN_1072bd70	65
10743460	FUN_10743460	25
1074af70	FUN_1074af70	28
1074afa0	FUN_1074afa0	28
107558b0	FUN_107558b0	28
107581e0	FUN_107581e0	95
10758260	FUN_10758260	78
10761000	FUN_10761000	61
10762630	FUN_10762630	78
10763c50	FUN_10763c50	61
10767650	FUN_10767650	28
10772eb0	FUN_10772eb0	91
107733b0	FUN_107733b0	24
107744c0	FUN_107744c0	81
1077bc90	FUN_1077bc90	28
10785ae0	FUN_10785ae0	91
10785b60	FUN_10785b60	26
10785b80	FUN_10785b80	78
10787f60	FUN_10787f60	41
10790020	FUN_10790020	81
10790090	FUN_10790090	81
10790100	FUN_10790100	81
10790170	FUN_10790170	81
10790280	FUN_10790280	65
10793b20	FUN_10793b20	61
10793b70	FUN_10793b70	61
107998f0	FUN_107998f0	28
107af2b0	FUN_107af2b0	28
107cb870	FUN_107cb870	28
107cb8a0	FUN_107cb8a0	28
107cb8d0	FUN_107cb8d0	28
107cb900	FUN_107cb900	28
107cc390	FUN_107cc390	101
107d2970	FUN_107d2970	28
107db420	FUN_107db420	28
107e53d0	FUN_107e53d0	101
107e6cb0	FUN_107e6cb0	81
10829c20	FUN_10829c20	32
10829c50	FUN_10829c50	41
1082bda0	FUN_1082bda0	65
1083f680	FUN_1083f680	91
1083f700	FUN_1083f700	78
108411d0	FUN_108411d0	24
10846a20	FUN_10846a20	81
10846a90	FUN_10846a90	81
10848d20	FUN_10848d20	61
10848d70	FUN_10848d70	61
1085d500	FUN_1085d500	28
1085d530	FUN_1085d530	28
1085d560	FUN_1085d560	28
1085f090	FUN_1085f090	26
1085f0b0	FUN_1085f0b0	78
1085f120	FUN_1085f120	78
1085fea0	FUN_1085fea0	41
1085ff00	FUN_1085ff00	24
1085ff20	FUN_1085ff20	24
108622f0	FUN_108622f0	81
108631d0	FUN_108631d0	61
10863220	FUN_10863220	61
1086e620	FUN_1086e620	28
1087fc90	FUN_1087fc90	24
10892310	FUN_10892310	24
1089e3c0	FUN_1089e3c0	78
1089e430	FUN_1089e430	78
1089f300	FUN_1089f300	41
1089f360	FUN_1089f360	24
108a36e0	FUN_108a36e0	61
108a3730	FUN_108a3730	61
108b16a0	FUN_108b16a0	61
108b4500	FUN_108b4500	28
108b4530	FUN_108b4530	28
108c41d0	FUN_108c41d0	28
108eeb30	FUN_108eeb30	28
108eeb80	FUN_108eeb80	28
108fb140	FUN_108fb140	91
108fb320	FUN_108fb320	78
108fb5b0	FUN_108fb5b0	78
108fb620	FUN_108fb620	39
108fb7a0	FUN_108fb7a0	30
108fb7d0	FUN_108fb7d0	28
108fbc70	FUN_108fbc70	41
108fd790	FUN_108fd790	61
108fd7e0	FUN_108fd7e0	61
108fd830	FUN_108fd830	30
108fded0	FUN_108fded0	28
10905460	FUN_10905460	28
10905490	FUN_10905490	20
1095b180	FUN_1095b180	78
1095b800	FUN_1095b800	24
1095cfe0	FUN_1095cfe0	61
10962930	FUN_10962930	65
109887f0	FUN_109887f0	28
10988900	FUN_10988900	91
10988980	FUN_10988980	26
109889a0	FUN_109889a0	91
10988b10	FUN_10988b10	30
10989000	FUN_10989000	24
10989da0	FUN_10989da0	61
10989df0	FUN_10989df0	30
1098a140	FUN_1098a140	28
1098d610	FUN_1098d610	28
1098d640	FUN_1098d640	20
1098d950	FUN_1098d950	91
1098ed60	FUN_1098ed60	32
10991ee0	FUN_10991ee0	61
109990e0	FUN_109990e0	28
1099d670	FUN_1099d670	30
1099fb10	FUN_1099fb10	30
109a0990	FUN_109a0990	28
109a66a0	FUN_109a66a0	20
109a96b0	FUN_109a96b0	81
109b6a00	FUN_109b6a00	28
109c3ee0	FUN_109c3ee0	24
109d8610	FUN_109d8610	91
109d88b0	FUN_109d88b0	30
109d8e70	FUN_109d8e70	24
109d8e90	FUN_109d8e90	24
109da9f0	FUN_109da9f0	61
109daa40	FUN_109daa40	30
109dbdf0	FUN_109dbdf0	28
109e14f0	FUN_109e14f0	28
109e1520	FUN_109e1520	20
109e1e00	FUN_109e1e00	24
109f5020	FUN_109f5020	41
109f5060	FUN_109f5060	41
109f50a0	FUN_109f50a0	41
109f50e0	FUN_109f50e0	41
109f8a60	FUN_109f8a60	81
109f8ad0	FUN_109f8ad0	81
109f8b40	FUN_109f8b40	81
109f8bb0	FUN_109f8bb0	81
109fa340	FUN_109fa340	149
109fa420	FUN_109fa420	149
109fa500	FUN_109fa500	149
109fa5e0	FUN_109fa5e0	149
10a08790	FUN_10a08790	28
10a087c0	FUN_10a087c0	28
10a087f0	FUN_10a087f0	28
10a08820	FUN_10a08820	28
10a08850	FUN_10a08850	28
10a08880	FUN_10a08880	28
10a088b0	FUN_10a088b0	28
10a088e0	FUN_10a088e0	28
10a08cb0	FUN_10a08cb0	26
10a0bf70	FUN_10a0bf70	28
10a4cae0	FUN_10a4cae0	39
10a4cb10	FUN_10a4cb10	39
10a4cb40	FUN_10a4cb40	39
10a4cb70	FUN_10a4cb70	39
10a4cbc0	FUN_10a4cbc0	39
10a4cbf0	FUN_10a4cbf0	39
10a4d1b0	FUN_10a4d1b0	92
10a4d230	FUN_10a4d230	92
10a4d7b0	FUN_10a4d7b0	28
10a4d7e0	FUN_10a4d7e0	28
10a4d810	FUN_10a4d810	28
10a4d840	FUN_10a4d840	28
10a4d870	FUN_10a4d870	28
10a4d8a0	FUN_10a4d8a0	28
10a4d9f0	FUN_10a4d9f0	59
10a4da40	FUN_10a4da40	59
10a4e8e0	FUN_10a4e8e0	32
10a4e930	FUN_10a4e930	32
10a51ed0	FUN_10a51ed0	65
10a51f30	FUN_10a51f30	81
10a51fa0	FUN_10a51fa0	65
10a52000	FUN_10a52000	81
10a5c8b0	FUN_10a5c8b0	28
10a642d0	FUN_10a642d0	59
10a64320	FUN_10a64320	59
10a64370	FUN_10a64370	28
10a643a0	FUN_10a643a0	28
10a74490	FUN_10a74490	83
10a757a0	FUN_10a757a0	32
10a75810	FUN_10a75810	32
10a76fd0	FUN_10a76fd0	81
10a77040	FUN_10a77040	81
10a7a900	FUN_10a7a900	37
10a7cbf0	FUN_10a7cbf0	28
10a7cc20	FUN_10a7cc20	28
10a890a0	FUN_10a890a0	32
10a89e30	FUN_10a89e30	65
10a8e1d0	FUN_10a8e1d0	37
10a9a860	FUN_10a9a860	41
10a9fb10	FUN_10a9fb10	28
10aa2750	FUN_10aa2750	101
10ae6a90	FUN_10ae6a90	38
10b18c00	FUN_10b18c00	28
10b1a690	FUN_10b1a690	101
10b1c0b0	FUN_10b1c0b0	81
10b22160	FUN_10b22160	28
10b22ff0	FUN_10b22ff0	38
10b31c70	FUN_10b31c70	26
10b31c90	FUN_10b31c90	26
10b31cb0	FUN_10b31cb0	78
10b32c70	FUN_10b32c70	47
10b41e60	FUN_10b41e60	37
10b41e90	FUN_10b41e90	37
10b45ec0	FUN_10b45ec0	37
10b45ef0	FUN_10b45ef0	37
10b6c200	FUN_10b6c200	39
10b6c230	FUN_10b6c230	91
10b6c390	FUN_10b6c390	26
10b6c3b0	FUN_10b6c3b0	26
10b6c3d0	FUN_10b6c3d0	26
10b6c3f0	FUN_10b6c3f0	26
10b6c550	FUN_10b6c550	26
10b6c570	FUN_10b6c570	83
10b6c6d0	FUN_10b6c6d0	78
10b6c960	FUN_10b6c960	78
10b6c9d0	FUN_10b6c9d0	78
10b6ca50	FUN_10b6ca50	30
10b6ce90	FUN_10b6ce90	41
10b6ced0	FUN_10b6ced0	32
10b6cf00	FUN_10b6cf00	41
10b6cfc0	FUN_10b6cfc0	24
10b6cfe0	FUN_10b6cfe0	24
10b6d000	FUN_10b6d000	24
10b6d020	FUN_10b6d020	24
10b6da70	FUN_10b6da70	81
10b6dde0	FUN_10b6dde0	149
10b6dee0	FUN_10b6dee0	61
10b6df30	FUN_10b6df30	61
10b6df80	FUN_10b6df80	61
10b6dfd0	FUN_10b6dfd0	30
10b6eb50	FUN_10b6eb50	43
10b6eb90	FUN_10b6eb90	43
10b6ebd0	FUN_10b6ebd0	43
10b6ec10	FUN_10b6ec10	28
10b6feb0	FUN_10b6feb0	31
10b6fee0	FUN_10b6fee0	25
10b72760	FUN_10b72760	28
10b72790	FUN_10b72790	28
10b727c0	FUN_10b727c0	28
10b727f0	FUN_10b727f0	20
10b72880	FUN_10b72880	80
10b75b80	FUN_10b75b80	26
10b75fe0	FUN_10b75fe0	32
10b76030	FUN_10b76030	24
10b76cc0	FUN_10b76cc0	81
10b76d30	FUN_10b76d30	65
10b76d90	FUN_10b76d90	81
10b77ad0	FUN_10b77ad0	72
10b77ea0	FUN_10b77ea0	43
10b79aa0	FUN_10b79aa0	25
10b7b6f0	FUN_10b7b6f0	26
10b7b7f0	FUN_10b7b7f0	43
10b7b830	FUN_10b7b830	26
10b7b850	FUN_10b7b850	26
10b7b950	FUN_10b7b950	78
10b7b9c0	FUN_10b7b9c0	78
10b7ba30	FUN_10b7ba30	78
10b7baa0	FUN_10b7baa0	30
10b7c0b0	FUN_10b7c0b0	41
10b7c0f0	FUN_10b7c0f0	41
10b7c150	FUN_10b7c150	32
10b7c1c0	FUN_10b7c1c0	41
10b7c220	FUN_10b7c220	41
10b7c260	FUN_10b7c260	41
10b7c2a0	FUN_10b7c2a0	24
10b7c2c0	FUN_10b7c2c0	24
10b7c2e0	FUN_10b7c2e0	24
10b7c300	FUN_10b7c300	24
10b7d780	FUN_10b7d780	81
10b7e370	FUN_10b7e370	149
10b7e570	FUN_10b7e570	61
10b7e5c0	FUN_10b7e5c0	61
10b7e610	FUN_10b7e610	61
10b7e660	FUN_10b7e660	30
10b84170	FUN_10b84170	28
10b841a0	FUN_10b841a0	28
10b841d0	FUN_10b841d0	28
10b84200	FUN_10b84200	28
10b84230	FUN_10b84230	28
10b84260	FUN_10b84260	28
10b84290	FUN_10b84290	28
10b842c0	FUN_10b842c0	28
10b842f0	FUN_10b842f0	20
10b85300	FUN_10b85300	41
10b85340	FUN_10b85340	41
10b85380	FUN_10b85380	41
10b853c0	FUN_10b853c0	41
10b89580	FUN_10b89580	149
10b89660	FUN_10b89660	149
10b89740	FUN_10b89740	149
10b89820	FUN_10b89820	149
10b8b420	FUN_10b8b420	28
10b8b5f0	FUN_10b8b5f0	28
10b8b890	FUN_10b8b890	28
10b8dab0	FUN_10b8dab0	28
10b8dae0	FUN_10b8dae0	28
10b8db10	FUN_10b8db10	28
10b8db40	FUN_10b8db40	28
10b8ed40	FUN_10b8ed40	26
10b8ed60	FUN_10b8ed60	26
10b8ed80	FUN_10b8ed80	78
10b8edf0	FUN_10b8edf0	78
10b8ee60	FUN_10b8ee60	78
10b8eed0	FUN_10b8eed0	78
10b8f910	FUN_10b8f910	41
10b8f950	FUN_10b8f950	41
10b8f990	FUN_10b8f990	41
10b8f9d0	FUN_10b8f9d0	41
10b8fa10	FUN_10b8fa10	41
10b8fa50	FUN_10b8fa50	41
10b8fa90	FUN_10b8fa90	41
10b8fad0	FUN_10b8fad0	41
10b8fb10	FUN_10b8fb10	41
10b8fb50	FUN_10b8fb50	41
10b8fb90	FUN_10b8fb90	41
10b8fbd0	FUN_10b8fbd0	41
10b8fc10	FUN_10b8fc10	24
10b91c40	FUN_10b91c40	65
10b91ca0	FUN_10b91ca0	81
10b94e40	FUN_10b94e40	28
10b94ff0	FUN_10b94ff0	28
10b95020	FUN_10b95020	28
10b95050	FUN_10b95050	28
10b95080	FUN_10b95080	28
10b950b0	FUN_10b950b0	28
10b950e0	FUN_10b950e0	28
10b95110	FUN_10b95110	28
10b95140	FUN_10b95140	28
10b95170	FUN_10b95170	28
10b951a0	FUN_10b951a0	28
10b951d0	FUN_10b951d0	28
10b95200	FUN_10b95200	28
10b958b0	FUN_10b958b0	26
10b958d0	FUN_10b958d0	26
10b958f0	FUN_10b958f0	43
10b95930	FUN_10b95930	26
10b95950	FUN_10b95950	26
10b95970	FUN_10b95970	83
10b96c10	FUN_10b96c10	32
10b96c40	FUN_10b96c40	41
10b96ca0	FUN_10b96ca0	32
10b96cd0	FUN_10b96cd0	41
10b96d50	FUN_10b96d50	41
10b96dd0	FUN_10b96dd0	41
10b96e10	FUN_10b96e10	48
10b96e50	FUN_10b96e50	24
10b96e70	FUN_10b96e70	24
10b99460	FUN_10b99460	65
10b994c0	FUN_10b994c0	65
10b99520	FUN_10b99520	81
10b99590	FUN_10b99590	81
10b99600	FUN_10b99600	81
10b99670	FUN_10b99670	81
10b996e0	FUN_10b996e0	42
10b9bac0	FUN_10b9bac0	30
10b9bdf0	FUN_10b9bdf0	262
10b9bf50	FUN_10b9bf50	16
10b9e0e0	FUN_10b9e0e0	25
10b9e730	FUN_10b9e730	135
10b9fbf0	FUN_10b9fbf0	28
10b9fc20	FUN_10b9fc20	28
10b9fc50	FUN_10b9fc50	28
10b9fc80	FUN_10b9fc80	28
10b9fcb0	FUN_10b9fcb0	28
10b9fce0	FUN_10b9fce0	28
10b9fd10	FUN_10b9fd10	28
10b9fd40	FUN_10b9fd40	20
10ba1a60	FUN_10ba1a60	56
10ba2360	FUN_10ba2360	91
10ba23e0	FUN_10ba23e0	26
10ba2420	FUN_10ba2420	26
10ba2440	FUN_10ba2440	26
10ba2540	FUN_10ba2540	78
10ba25b0	FUN_10ba25b0	78
10ba2620	FUN_10ba2620	78
10ba4fe0	FUN_10ba4fe0	41
10ba5020	FUN_10ba5020	41
10ba5080	FUN_10ba5080	41
10ba5140	FUN_10ba5140	24
10ba66e0	FUN_10ba66e0	33
10ba7570	FUN_10ba7570	81
10ba75e0	FUN_10ba75e0	81
10ba7650	FUN_10ba7650	81
10ba76c0	FUN_10ba76c0	81
10baa9b0	FUN_10baa9b0	51
10bab2a0	FUN_10bab2a0	60
10bab370	FUN_10bab370	43
10bac480	FUN_10bac480	25
10bb3370	FUN_10bb3370	28
10bb33a0	FUN_10bb33a0	28
10bb33d0	FUN_10bb33d0	28
10bb3400	FUN_10bb3400	28
10bb6fe0	FUN_10bb6fe0	33
10bb7010	FUN_10bb7010	69
10bbb130	FUN_10bbb130	33
10bbb160	FUN_10bbb160	85
10bbb640	FUN_10bbb640	24
10bbd8e0	FUN_10bbd8e0	83
10bbddd0	FUN_10bbddd0	30
10bbdeb0	FUN_10bbdeb0	41
10bbe300	FUN_10bbe300	81
10bbe780	FUN_10bbe780	30
10bbe8a0	FUN_10bbe8a0	28
10bbeee0	FUN_10bbeee0	28
10bbef10	FUN_10bbef10	28
10bbef40	FUN_10bbef40	20
10bbef60	FUN_10bbef60	72
10bbf070	FUN_10bbf070	26
10bbf090	FUN_10bbf090	41
10bbf3f0	FUN_10bbf3f0	28
10bbf7d0	FUN_10bbf7d0	91
10bc1940	FUN_10bc1940	61
10bc36a0	FUN_10bc36a0	83
10bc3b90	FUN_10bc3b90	30
10bc3c90	FUN_10bc3c90	41
10bc41a0	FUN_10bc41a0	81
10bc46a0	FUN_10bc46a0	30
10bc47c0	FUN_10bc47c0	28
10bc4f00	FUN_10bc4f00	28
10bc4f30	FUN_10bc4f30	28
10bc4f60	FUN_10bc4f60	20
10bc4f80	FUN_10bc4f80	72
10bc5650	FUN_10bc5650	83
10bc5bf0	FUN_10bc5bf0	30
10bc60c0	FUN_10bc60c0	41
10bc6100	FUN_10bc6100	41
10bc6b70	FUN_10bc6b70	81
10bc6be0	FUN_10bc6be0	81
10bc6c50	FUN_10bc6c50	81
10bc76d0	FUN_10bc76d0	30
10bc7a20	FUN_10bc7a20	28
10bc7c10	FUN_10bc7c10	25
10bc93b0	FUN_10bc93b0	28
10bc93e0	FUN_10bc93e0	28
10bc9410	FUN_10bc9410	28
10bc9440	FUN_10bc9440	20
10bc9460	FUN_10bc9460	77
10bc94c0	FUN_10bc94c0	96
10bc97e0	FUN_10bc97e0	26
10bc9ac0	FUN_10bc9ac0	41
10bcc8a0	FUN_10bcc8a0	43
10bcc8e0	FUN_10bcc8e0	26
10bcdd70	FUN_10bcdd70	39
10bcde70	FUN_10bcde70	39
10bcdf90	FUN_10bcdf90	39
10bd0650	FUN_10bd0650	92
10bd1bb0	FUN_10bd1bb0	30
10bd2140	FUN_10bd2140	28
10bd2170	FUN_10bd2170	28
10bd21a0	FUN_10bd21a0	28
10bd27a0	FUN_10bd27a0	59
10bd31b0	FUN_10bd31b0	41
10bd31f0	FUN_10bd31f0	32
10bd3220	FUN_10bd3220	41
10bd3280	FUN_10bd3280	24
10bd73e0	FUN_10bd73e0	65
10bddec0	FUN_10bddec0	30
10be2040	FUN_10be2040	28
10be9e80	FUN_10be9e80	59
10bea0f0	FUN_10bea0f0	28
10bea120	FUN_10bea120	28
10bea150	FUN_10bea150	20
10bed390	FUN_10bed390	161
10bedc80	FUN_10bedc80	78
10bee910	FUN_10bee910	43
10bee950	FUN_10bee950	26
10bee970	FUN_10bee970	26
10bee990	FUN_10bee990	26
10bee9b0	FUN_10bee9b0	26
10bee9d0	FUN_10bee9d0	26
10bee9f0	FUN_10bee9f0	83
10beeaf0	FUN_10beeaf0	41
10beeb30	FUN_10beeb30	41
10beeb70	FUN_10beeb70	32
10beebc0	FUN_10beebc0	24
10bf0410	FUN_10bf0410	65
10bf0470	FUN_10bf0470	81
10bf04e0	FUN_10bf04e0	81
10bf09f0	FUN_10bf09f0	67
10bf0e70	FUN_10bf0e70	25
10bf0e90	FUN_10bf0e90	25
10bf0ed0	FUN_10bf0ed0	25
10bf1100	FUN_10bf1100	25
10bf1120	FUN_10bf1120	25
10bf11a0	FUN_10bf11a0	25
10bf11c0	FUN_10bf11c0	25
10bf1560	FUN_10bf1560	28
10bf1590	FUN_10bf1590	28
10bf20f0	FUN_10bf20f0	26
10bf21c0	FUN_10bf21c0	24
10bf21e0	FUN_10bf21e0	24
10bfb9e0	FUN_10bfb9e0	81
10bfdb80	FUN_10bfdb80	28
10bfe290	FUN_10bfe290	91
10bfe310	FUN_10bfe310	26
10bfe330	FUN_10bfe330	43
10bfe390	FUN_10bfe390	26
10bfe3b0	FUN_10bfe3b0	26
10bfe3d0	FUN_10bfe3d0	78
10bfe440	FUN_10bfe440	78
10bfe530	FUN_10bfe530	41
10bfe5b0	FUN_10bfe5b0	41
10bfe5f0	FUN_10bfe5f0	41
10bfed00	FUN_10bfed00	81
10bfed70	FUN_10bfed70	81
10bff180	FUN_10bff180	61
10c00fd0	FUN_10c00fd0	28
10c01000	FUN_10c01000	28
10c01030	FUN_10c01030	28
10c01060	FUN_10c01060	28
10c01160	FUN_10c01160	80
10c013d0	FUN_10c013d0	26
10c01d30	FUN_10c01d30	41
10c01d70	FUN_10c01d70	41
10c03220	FUN_10c03220	25
10c03cc0	FUN_10c03cc0	28
10c04370	FUN_10c04370	43
10c043b0	FUN_10c043b0	83
10c05320	FUN_10c05320	41
10c05360	FUN_10c05360	41
10c053a0	FUN_10c053a0	41
10c053e0	FUN_10c053e0	24
10c15a70	FUN_10c15a70	28
10c15aa0	FUN_10c15aa0	28
10c16e60	FUN_10c16e60	91
10c16ee0	FUN_10c16ee0	91
10c16f60	FUN_10c16f60	26
10c16f90	FUN_10c16f90	41
10c16fd0	FUN_10c16fd0	41
10c17010	FUN_10c17010	41
10c17050	FUN_10c17050	24
10c18560	FUN_10c18560	28
10c20d10	FUN_10c20d10	28
10c21120	FUN_10c21120	91
10c211a0	FUN_10c211a0	91
10c212a0	FUN_10c212a0	61
10c21b80	FUN_10c21b80	28
10c21eb0	FUN_10c21eb0	43
10c21ef0	FUN_10c21ef0	26
10c22010	FUN_10c22010	39
10c22060	FUN_10c22060	39
10c22090	FUN_10c22090	39
10c220c0	FUN_10c220c0	39
10c22d20	FUN_10c22d20	28
10c22d50	FUN_10c22d50	28
10c23420	FUN_10c23420	59
10c23470	FUN_10c23470	59
10c238a0	FUN_10c238a0	24
10c265e0	FUN_10c265e0	57
10c271e0	FUN_10c271e0	59
10c27230	FUN_10c27230	59
10c273a0	FUN_10c273a0	20
10c28ec0	FUN_10c28ec0	91
10c293c0	FUN_10c293c0	65
10c29420	FUN_10c29420	81
10c2a7c0	FUN_10c2a7c0	28
10c2a9a0	FUN_10c2a9a0	91
10c2b7e0	FUN_10c2b7e0	41
10c2b820	FUN_10c2b820	41
10c2d7f0	FUN_10c2d7f0	88
10c32620	FUN_10c32620	44
10c32880	FUN_10c32880	28
10c34910	FUN_10c34910	91
10c34990	FUN_10c34990	91
10c34a10	FUN_10c34a10	26
10c35420	FUN_10c35420	41
10c35460	FUN_10c35460	32
10c363d0	FUN_10c363d0	65
10c36430	FUN_10c36430	65
10c36490	FUN_10c36490	81
10c374b0	FUN_10c374b0	61
10c37500	FUN_10c37500	61
10c38110	FUN_10c38110	135
10c38a10	FUN_10c38a10	28
10c38a40	FUN_10c38a40	28
10c39920	FUN_10c39920	26
10c39940	FUN_10c39940	91
10c399c0	FUN_10c399c0	26
10c399e0	FUN_10c399e0	26
10c39a00	FUN_10c39a00	78
10c39a70	FUN_10c39a70	78
10c39b00	FUN_10c39b00	41
10c3a4f0	FUN_10c3a4f0	81
10c3a730	FUN_10c3a730	61
10c3b6b0	FUN_10c3b6b0	28
10c475e0	FUN_10c475e0	41
10c47bc0	FUN_10c47bc0	51
10c4a570	FUN_10c4a570	41
10c4a5b0	FUN_10c4a5b0	41
10c4b840	FUN_10c4b840	81
10c4c3a0	FUN_10c4c3a0	149
10c4ccf0	FUN_10c4ccf0	135
10c4d090	FUN_10c4d090	28
10c4d0c0	FUN_10c4d0c0	28
10c4e560	FUN_10c4e560	41
10c4e5a0	FUN_10c4e5a0	41
10c4e5e0	FUN_10c4e5e0	41
10c4e620	FUN_10c4e620	41
10c4e660	FUN_10c4e660	41
10c4e6a0	FUN_10c4e6a0	24
10c4e6c0	FUN_10c4e6c0	24
10c4e6e0	FUN_10c4e6e0	24
10c4e700	FUN_10c4e700	24
10c50a20	FUN_10c50a20	149
10c50b00	FUN_10c50b00	149
10c50be0	FUN_10c50be0	149
10c50cc0	FUN_10c50cc0	149
10c50da0	FUN_10c50da0	149
10c53c60	FUN_10c53c60	28
10c53c90	FUN_10c53c90	28
10c53cc0	FUN_10c53cc0	28
10c53cf0	FUN_10c53cf0	28
10c53d20	FUN_10c53d20	28
10c54bb0	FUN_10c54bb0	41
10c54bf0	FUN_10c54bf0	41
10c54c30	FUN_10c54c30	41
10c54c70	FUN_10c54c70	41
10c54cb0	FUN_10c54cb0	24
10c54cd0	FUN_10c54cd0	24
10c56650	FUN_10c56650	149
10c56730	FUN_10c56730	149
10c56810	FUN_10c56810	149
10c568f0	FUN_10c568f0	149
10c58d20	FUN_10c58d20	28
10c58d50	FUN_10c58d50	28
10c58d80	FUN_10c58d80	28
10c58db0	FUN_10c58db0	28
10c59370	FUN_10c59370	41
10c593b0	FUN_10c593b0	24
10c593d0	FUN_10c593d0	24
10c59ca0	FUN_10c59ca0	149
10c5aee0	FUN_10c5aee0	28
10c5b0a0	FUN_10c5b0a0	32
10c5b620	FUN_10c5b620	65
10c5b680	FUN_10c5b680	81
10c5b6f0	FUN_10c5b6f0	70
10c5d1f0	FUN_10c5d1f0	28
10c674d0	FUN_10c674d0	177
10c69f10	FUN_10c69f10	46
10c70700	FUN_10c70700	83
10c73390	FUN_10c73390	30
10c76670	FUN_10c76670	81
10c7dc60	FUN_10c7dc60	30
10c7e2e0	FUN_10c7e2e0	28
10c7fc70	FUN_10c7fc70	28
10c7fca0	FUN_10c7fca0	20
10c81a70	FUN_10c81a70	149
10c81b50	FUN_10c81b50	149
10c84d80	FUN_10c84d80	39
10c86c30	FUN_10c86c30	92
10c87990	FUN_10c87990	28
10c87b70	FUN_10c87b70	59
10c89c70	FUN_10c89c70	65
10c89cd0	FUN_10c89cd0	81
10c89dd0	FUN_10c89dd0	135
10c8d180	FUN_10c8d180	43
10c92d70	FUN_10c92d70	59
10c92e10	FUN_10c92e10	28
10c93600	FUN_10c93600	26
10c93620	FUN_10c93620	78
10c93d00	FUN_10c93d00	81
10c97610	FUN_10c97610	25
10c98cb0	FUN_10c98cb0	25
10c9c240	FUN_10c9c240	80
10c9cf50	FUN_10c9cf50	51
10c9d1d0	FUN_10c9d1d0	80
10c9da90	FUN_10c9da90	91
10c9db10	FUN_10c9db10	78
10ca3bc0	FUN_10ca3bc0	61
10ca4250	FUN_10ca4250	45
10ca42b0	FUN_10ca42b0	33
10cb1020	FUN_10cb1020	45
10cb1060	FUN_10cb1060	129
10cb3800	FUN_10cb3800	45
10cb3940	FUN_10cb3940	28
10cb79d0	FUN_10cb79d0	26
10cb79f0	FUN_10cb79f0	26
10cb7a10	FUN_10cb7a10	26
10cb7a30	FUN_10cb7a30	26
10cb7a50	FUN_10cb7a50	26
10cb7a70	FUN_10cb7a70	41
10cb7ab0	FUN_10cb7ab0	41
10cb7af0	FUN_10cb7af0	41
10cb7b30	FUN_10cb7b30	41
10cb7d50	FUN_10cb7d50	81
10cb88e0	FUN_10cb88e0	28
10cb8910	FUN_10cb8910	28
10cb8940	FUN_10cb8940	28
10cb8970	FUN_10cb8970	28
10cb8f00	FUN_10cb8f00	32
10cb94d0	FUN_10cb94d0	81
10cbd9d0	FUN_10cbd9d0	45
10cbe1d0	FUN_10cbe1d0	85
10cbe750	FUN_10cbe750	81
10cc0cd0	FUN_10cc0cd0	41
10cc1890	FUN_10cc1890	81
10cc1ea0	FUN_10cc1ea0	149
10cc35f0	FUN_10cc35f0	28
10cc3620	FUN_10cc3620	28
10cc38c0	FUN_10cc38c0	80
10cc3930	FUN_10cc3930	81
10cc54f0	FUN_10cc54f0	91
10cce740	FUN_10cce740	149
10cce820	FUN_10cce820	149
10cce900	FUN_10cce900	149
10cce9e0	FUN_10cce9e0	149
10cceac0	FUN_10cceac0	149
10cceba0	FUN_10cceba0	149
10ccec80	FUN_10ccec80	149
10cced60	FUN_10cced60	149
10ccee40	FUN_10ccee40	149
10cd3750	FUN_10cd3750	28
10cd3780	FUN_10cd3780	28
10cd37b0	FUN_10cd37b0	31
10cd3b70	FUN_10cd3b70	28
10cd3bb0	FUN_10cd3bb0	28
10cd3c40	FUN_10cd3c40	31
10cd3f70	FUN_10cd3f70	54
10cd3fc0	FUN_10cd3fc0	54
10cd4010	FUN_10cd4010	57
10cdb1d0	FUN_10cdb1d0	41
10cdb210	FUN_10cdb210	41
10cdb250	FUN_10cdb250	41
10cdd040	FUN_10cdd040	149
10cdd120	FUN_10cdd120	149
10cddca0	FUN_10cddca0	135
10cdeea0	FUN_10cdeea0	28
10cdeed0	FUN_10cdeed0	28
10cdef00	FUN_10cdef00	28
10cdfc40	FUN_10cdfc40	81
10ce0010	FUN_10ce0010	43
10ce0aa0	FUN_10ce0aa0	28
10ce0d90	FUN_10ce0d90	41
10ce0dd0	FUN_10ce0dd0	41
10ce17b0	FUN_10ce17b0	149
10ce1890	FUN_10ce1890	138
10ce2120	FUN_10ce2120	28
10ce2150	FUN_10ce2150	28
10ce22e0	FUN_10ce22e0	41
10ce2820	FUN_10ce2820	138
10ce2bc0	FUN_10ce2bc0	28
10ce2cd0	FUN_10ce2cd0	39
10ce2d00	FUN_10ce2d00	39
10ce2d30	FUN_10ce2d30	39
10ce3180	FUN_10ce3180	28
10ce31b0	FUN_10ce31b0	28
10ce31e0	FUN_10ce31e0	28
10ce3280	FUN_10ce3280	59
10ce4000	FUN_10ce4000	63
10ce4c60	FUN_10ce4c60	59
10ce5c30	FUN_10ce5c30	26
10ce66c0	FUN_10ce66c0	41
10ce6700	FUN_10ce6700	41
10ce6740	FUN_10ce6740	41
10ce6780	FUN_10ce6780	24
10ceac10	FUN_10ceac10	25
10ceacf0	FUN_10ceacf0	135
10ceada0	FUN_10ceada0	135
10cebd30	FUN_10cebd30	28
10cebd60	FUN_10cebd60	28
10ceddd0	FUN_10ceddd0	39
10cee190	FUN_10cee190	28
10cee1c0	FUN_10cee1c0	59
10cee2e0	FUN_10cee2e0	32
10cee310	FUN_10cee310	41
10ceeac0	FUN_10ceeac0	81
10cef480	FUN_10cef480	59
10cef5b0	FUN_10cef5b0	107
10cefaa0	FUN_10cefaa0	37
10cf03c0	FUN_10cf03c0	135
10cf0930	FUN_10cf0930	59
10cf0b80	FUN_10cf0b80	28
10cf2cc0	FUN_10cf2cc0	41
10cf2d00	FUN_10cf2d00	41
10cf31b0	FUN_10cf31b0	65
10cf3210	FUN_10cf3210	65
10cf34e0	FUN_10cf34e0	27
10cf35e0	FUN_10cf35e0	63
10cf3630	FUN_10cf3630	63
10cf3fe0	FUN_10cf3fe0	41
10cf4360	FUN_10cf4360	65
10cf5250	FUN_10cf5250	63
10cf5610	FUN_10cf5610	41
10cf5e50	FUN_10cf5e50	149
10cf64f0	FUN_10cf64f0	28
10cf65a0	FUN_10cf65a0	41
10cf72f0	FUN_10cf72f0	81
10cf7360	FUN_10cf7360	81
10cf7ae0	FUN_10cf7ae0	25
10cf8870	FUN_10cf8870	87
10cf8d60	FUN_10cf8d60	28
10cf9c90	FUN_10cf9c90	63
10cfc100	FUN_10cfc100	63
10cfe860	FUN_10cfe860	91
10cfe8e0	FUN_10cfe8e0	91
10cff1e0	FUN_10cff1e0	93
10d00060	FUN_10d00060	92
10d00ad0	FUN_10d00ad0	41
10d00b10	FUN_10d00b10	41
10d00b50	FUN_10d00b50	41
10d00b90	FUN_10d00b90	32
10d00bc0	FUN_10d00bc0	41
10d00c00	FUN_10d00c00	24
10d02310	FUN_10d02310	81
10d02380	FUN_10d02380	65
10d030e0	FUN_10d030e0	61
10d03130	FUN_10d03130	59
10d03b80	FUN_10d03b80	28
10d07850	FUN_10d07850	28
10d07880	FUN_10d07880	28
10d078b0	FUN_10d078b0	28
10d078e0	FUN_10d078e0	28
10d07910	FUN_10d07910	28
10d07940	FUN_10d07940	28
10d08000	FUN_10d08000	26
10d08020	FUN_10d08020	43
10d08060	FUN_10d08060	43
10d085c0	FUN_10d085c0	41
10d09820	FUN_10d09820	81
10d09890	FUN_10d09890	81
10d0b910	FUN_10d0b910	28
10d0f4c0	FUN_10d0f4c0	230
10d10890	FUN_10d10890	28
10d11510	FUN_10d11510	43
10d11770	FUN_10d11770	26
10d118c0	FUN_10d118c0	30
10d11970	FUN_10d11970	24
10d12820	FUN_10d12820	81
10d12d90	FUN_10d12d90	30
10d13740	FUN_10d13740	63
10d150c0	FUN_10d150c0	28
10d150f0	FUN_10d150f0	20
10d15430	FUN_10d15430	41
10d15470	FUN_10d15470	41
10d194f0	FUN_10d194f0	28
10d19520	FUN_10d19520	28
10d197f0	FUN_10d197f0	39
10d19b20	FUN_10d19b20	59
10d19b70	FUN_10d19b70	41
10d19bb0	FUN_10d19bb0	41
10d19bf0	FUN_10d19bf0	41
10d19c30	FUN_10d19c30	41
10d19c70	FUN_10d19c70	41
10d19cb0	FUN_10d19cb0	41
10d19cf0	FUN_10d19cf0	24
10d1c4c0	FUN_10d1c4c0	63
10d1d4a0	FUN_10d1d4a0	59
10d1d5f0	FUN_10d1d5f0	28
10d1d620	FUN_10d1d620	28
10d1d650	FUN_10d1d650	28
10d1d680	FUN_10d1d680	28
10d1d6b0	FUN_10d1d6b0	28
10d1d6e0	FUN_10d1d6e0	28
10d1da40	FUN_10d1da40	83
10d1dee0	FUN_10d1dee0	81
10d1e0d0	FUN_10d1e0d0	28
10d20520	FUN_10d20520	63
10d22210	FUN_10d22210	241
10d23e20	FUN_10d23e20	43
10d23e60	FUN_10d23e60	78
10d26290	FUN_10d26290	41
10d27c50	FUN_10d27c50	81
10d27cc0	FUN_10d27cc0	81
10d29f40	FUN_10d29f40	63
10d29f90	FUN_10d29f90	35
10d29fc0	FUN_10d29fc0	35
10d29ff0	FUN_10d29ff0	35
10d2b4c0	FUN_10d2b4c0	28
10d2b4f0	FUN_10d2b4f0	28
10d2d7a0	FUN_10d2d7a0	43
10d2d7e0	FUN_10d2d7e0	26
10d2d800	FUN_10d2d800	43
10d2d840	FUN_10d2d840	91
10d2d8c0	FUN_10d2d8c0	43
10d2d900	FUN_10d2d900	83
10d2db90	FUN_10d2db90	92
10d2dee0	FUN_10d2dee0	32
10d2df10	FUN_10d2df10	41
10d301b0	FUN_10d301b0	81
10d30220	FUN_10d30220	81
10d39fc0	FUN_10d39fc0	28
10d39ff0	FUN_10d39ff0	28
10d3ac70	FUN_10d3ac70	41
10d3cb70	FUN_10d3cb70	28
10d3cd60	FUN_10d3cd60	43
10d3cda0	FUN_10d3cda0	43
10d3e480	FUN_10d3e480	81
10d3e4f0	FUN_10d3e4f0	81
10d3e560	FUN_10d3e560	81
10d3f800	FUN_10d3f800	63
10d420e0	FUN_10d420e0	28
10d42110	FUN_10d42110	28
10d42140	FUN_10d42140	28
10d42330	FUN_10d42330	78
10d42420	FUN_10d42420	41
10d42460	FUN_10d42460	41
10d45eb0	FUN_10d45eb0	63
10d499e0	FUN_10d499e0	28
10d49f00	FUN_10d49f00	91
10d49f80	FUN_10d49f80	91
10d4a000	FUN_10d4a000	26
10d4a3d0	FUN_10d4a3d0	32
10d4a400	FUN_10d4a400	41
10d4a440	FUN_10d4a440	41
10d4a480	FUN_10d4a480	32
10d4a4b0	FUN_10d4a4b0	32
10d4a4e0	FUN_10d4a4e0	32
10d4a530	FUN_10d4a530	41
10d4a570	FUN_10d4a570	41
10d4a5b0	FUN_10d4a5b0	32
10d4c310	FUN_10d4c310	65
10d4c370	FUN_10d4c370	81
10d4c3e0	FUN_10d4c3e0	81
10d4d1a0	FUN_10d4d1a0	61
10d51320	FUN_10d51320	28
10d51350	FUN_10d51350	28
10d51380	FUN_10d51380	28
10d513b0	FUN_10d513b0	28
10d513e0	FUN_10d513e0	28
10d51410	FUN_10d51410	28
10d51440	FUN_10d51440	28
10d52860	FUN_10d52860	78
10d54470	FUN_10d54470	155
10d55bf0	FUN_10d55bf0	136
10d57a90	FUN_10d57a90	232
10d58ca0	FUN_10d58ca0	26
10d58f10	FUN_10d58f10	41
10d596b0	FUN_10d596b0	81
10d59720	FUN_10d59720	81
10d59da0	FUN_10d59da0	43
10d59de0	FUN_10d59de0	43
10d5a000	FUN_10d5a000	144
10d5acb0	FUN_10d5acb0	28
10d5ace0	FUN_10d5ace0	28
10d5cf80	FUN_10d5cf80	92
10d5dae0	FUN_10d5dae0	32
10d5db10	FUN_10d5db10	41
10d5e4e0	FUN_10d5e4e0	81
10d5edb0	FUN_10d5edb0	209
10d5f490	FUN_10d5f490	35
10d60390	FUN_10d60390	28
10d603c0	FUN_10d603c0	28
10d61e70	FUN_10d61e70	60
10d63d20	FUN_10d63d20	30
10d63ea0	FUN_10d63ea0	41
10d63ee0	FUN_10d63ee0	41
10d654c0	FUN_10d654c0	30
10d655b0	FUN_10d655b0	28
10d65ca0	FUN_10d65ca0	25
10d65ce0	FUN_10d65ce0	25
10d666f0	FUN_10d666f0	55
10d677c0	FUN_10d677c0	28
10d677f0	FUN_10d677f0	28
10d67820	FUN_10d67820	20
10d67b00	FUN_10d67b00	80
10d683e0	FUN_10d683e0	26
10d68400	FUN_10d68400	78
10d689d0	FUN_10d689d0	26
10d689f0	FUN_10d689f0	26
10d69e50	FUN_10d69e50	42
10d6bf60	FUN_10d6bf60	28
10d6d3d0	FUN_10d6d3d0	73
10d6d470	FUN_10d6d470	25
10d741c0	FUN_10d741c0	26
10d74540	FUN_10d74540	41
10d74580	FUN_10d74580	41
10d745c0	FUN_10d745c0	41
10d75d50	FUN_10d75d50	81
10d778d0	FUN_10d778d0	88
10d77940	FUN_10d77940	41
10d78200	FUN_10d78200	77
10d796d0	FUN_10d796d0	135
10d79780	FUN_10d79780	135
10d79830	FUN_10d79830	135
10d7a440	FUN_10d7a440	28
10d7a470	FUN_10d7a470	28
10d7c010	FUN_10d7c010	43
10d7c050	FUN_10d7c050	43
10d7c090	FUN_10d7c090	43
10d7c0d0	FUN_10d7c0d0	43
10d7c110	FUN_10d7c110	43
10d7c150	FUN_10d7c150	43
10d7c190	FUN_10d7c190	43
10d7c1d0	FUN_10d7c1d0	43
10d7c210	FUN_10d7c210	43
10d7c250	FUN_10d7c250	43
10d7ca90	FUN_10d7ca90	41
10d7cad0	FUN_10d7cad0	41
10d7cb10	FUN_10d7cb10	41
10d7cb50	FUN_10d7cb50	41
10d7cb90	FUN_10d7cb90	41
10d7cbd0	FUN_10d7cbd0	41
10d7cc10	FUN_10d7cc10	41
10d7cc50	FUN_10d7cc50	41
10d81d60	FUN_10d81d60	81
10d81dd0	FUN_10d81dd0	81
10d81e40	FUN_10d81e40	81
10d81eb0	FUN_10d81eb0	81
10d81f20	FUN_10d81f20	81
10d81f90	FUN_10d81f90	81
10d82000	FUN_10d82000	81
10d82070	FUN_10d82070	81
10d820e0	FUN_10d820e0	81
10d82150	FUN_10d82150	81
10d821c0	FUN_10d821c0	51
10d82200	FUN_10d82200	49
10d82f10	FUN_10d82f10	149
10d82ff0	FUN_10d82ff0	149
10d830d0	FUN_10d830d0	149
10d831b0	FUN_10d831b0	149
10d87050	FUN_10d87050	28
10d87080	FUN_10d87080	28
10d870b0	FUN_10d870b0	28
10d870e0	FUN_10d870e0	28
10d87110	FUN_10d87110	28
10d87140	FUN_10d87140	28
10d87170	FUN_10d87170	28
10d871a0	FUN_10d871a0	28
10d871d0	FUN_10d871d0	28
10d87200	FUN_10d87200	28
10d87f70	FUN_10d87f70	26
10d87f90	FUN_10d87f90	43
10d87fd0	FUN_10d87fd0	83
10d88060	FUN_10d88060	41
10d88b30	FUN_10d88b30	81
10d88ba0	FUN_10d88ba0	81
10d88c10	FUN_10d88c10	81
10d88f50	FUN_10d88f50	25
10d89380	FUN_10d89380	28
10d893b0	FUN_10d893b0	28
10d8be20	FUN_10d8be20	78
10d8be90	FUN_10d8be90	30
10d8bec0	FUN_10d8bec0	30
10d8d670	FUN_10d8d670	30
10d8d6a0	FUN_10d8d6a0	30
10d8f2b0	FUN_10d8f2b0	28
10d8f2e0	FUN_10d8f2e0	28
10d8fa00	FUN_10d8fa00	25
10d905f0	FUN_10d905f0	20
10d90610	FUN_10d90610	20
10d907e0	FUN_10d907e0	26
10d90800	FUN_10d90800	41
10d92830	FUN_10d92830	32
10d94070	FUN_10d94070	41
10d940b0	FUN_10d940b0	41
10d940f0	FUN_10d940f0	41
10d97290	FUN_10d97290	28
10d972c0	FUN_10d972c0	28
10d972f0	FUN_10d972f0	28
10d97320	FUN_10d97320	26
10d97340	FUN_10d97340	26
10d97380	FUN_10d97380	41
10d973c0	FUN_10d973c0	41
10d9a8c0	FUN_10d9a8c0	26
10d9a9d0	FUN_10d9a9d0	78
10d9aa40	FUN_10d9aa40	30
10d9acb0	FUN_10d9acb0	41
10d9ad30	FUN_10d9ad30	24
10d9bd40	FUN_10d9bd40	81
10d9c150	FUN_10d9c150	149
10d9c6c0	FUN_10d9c6c0	61
10d9c710	FUN_10d9c710	30
10d9c750	FUN_10d9c750	28
10d9e070	FUN_10d9e070	28
10d9e0a0	FUN_10d9e0a0	28
10d9e0d0	FUN_10d9e0d0	20
10d9e230	FUN_10d9e230	41
10d9e440	FUN_10d9e440	65
10d9e5f0	FUN_10d9e5f0	63
10da1f70	FUN_10da1f70	43
10da1fb0	FUN_10da1fb0	26
10da1ff0	FUN_10da1ff0	41
10da2030	FUN_10da2030	26
10da24b0	FUN_10da24b0	81
10da34b0	FUN_10da34b0	28
10da4130	FUN_10da4130	26
10da4750	FUN_10da4750	41
10da4790	FUN_10da4790	41
10da47d0	FUN_10da47d0	24
10da7800	FUN_10da7800	28
10da7830	FUN_10da7830	28
10da80a0	FUN_10da80a0	81
10da8ce0	FUN_10da8ce0	28
10daa070	FUN_10daa070	30
10daa110	FUN_10daa110	41
10daa990	FUN_10daa990	30
10dab3a0	FUN_10dab3a0	28
10dadc70	FUN_10dadc70	20
10db66e0	FUN_10db66e0	41
10db8dd0	FUN_10db8dd0	81
10dc5d40	FUN_10dc5d40	25
10dc5da0	FUN_10dc5da0	25
10dcfbc0	FUN_10dcfbc0	91
10dd0290	FUN_10dd0290	41
10dd02f0	FUN_10dd02f0	24
10dd1760	FUN_10dd1760	81
10dd17d0	FUN_10dd17d0	81
10dd2090	FUN_10dd2090	61
10dd2650	FUN_10dd2650	43
10dd5c20	FUN_10dd5c20	28
10dd5c50	FUN_10dd5c50	28
10ddd0b0	FUN_10ddd0b0	26
10ddd150	FUN_10ddd150	41
10dde8e0	FUN_10dde8e0	81
10ddef30	FUN_10ddef30	25
10de2a10	FUN_10de2a10	28
10de4880	FUN_10de4880	41
10de48c0	FUN_10de48c0	41
10de4900	FUN_10de4900	41
10de56c0	FUN_10de56c0	81
10de5d90	FUN_10de5d90	149
10de88a0	FUN_10de88a0	98
10de8b70	FUN_10de8b70	28
10de8ba0	FUN_10de8ba0	28
10de8bd0	FUN_10de8bd0	28
10de8c00	FUN_10de8c00	28
10df1530	FUN_10df1530	87
10df4a70	FUN_10df4a70	26
10df4a90	FUN_10df4a90	83
10df4e50	FUN_10df4e50	30
10dff5f0	FUN_10dff5f0	81
10dff660	FUN_10dff660	81
10e00ac0	FUN_10e00ac0	30
10e06b70	FUN_10e06b70	28
10e06ba0	FUN_10e06ba0	20
10e0ab90	FUN_10e0ab90	147
10e0c2d0	FUN_10e0c2d0	38
10e12220	FUN_10e12220	41
10e136b0	FUN_10e136b0	81
10e15650	FUN_10e15650	48
10e15780	FUN_10e15780	149
10e15840	FUN_10e15840	97
10e158c0	FUN_10e158c0	33
10e19d10	FUN_10e19d10	45
10e1f770	FUN_10e1f770	46
10e1f7b0	FUN_10e1f7b0	46
10e24e10	FUN_10e24e10	26
10e24e30	FUN_10e24e30	83
10e25320	FUN_10e25320	41
10e25360	FUN_10e25360	41
10e253a0	FUN_10e253a0	41
10e253e0	FUN_10e253e0	41
10e28ac0	FUN_10e28ac0	81
10e28b30	FUN_10e28b30	81
10e28ba0	FUN_10e28ba0	81
10e2d310	FUN_10e2d310	41
10e2d350	FUN_10e2d350	41
10e2d390	FUN_10e2d390	41
10e2d3d0	FUN_10e2d3d0	88
10e2d440	FUN_10e2d440	86
10e2d4b0	FUN_10e2d4b0	76
10e2d510	FUN_10e2d510	41
10e2d550	FUN_10e2d550	41
10e2d590	FUN_10e2d590	89
10e2d600	FUN_10e2d600	41
10e2d640	FUN_10e2d640	41
10e2d680	FUN_10e2d680	41
10e30b00	FUN_10e30b00	48
10e30b40	FUN_10e30b40	45
10e30b80	FUN_10e30b80	77
10e30be0	FUN_10e30be0	76
10e30c40	FUN_10e30c40	45
10e30c80	FUN_10e30c80	45
10e3c810	FUN_10e3c810	135
10e3c8c0	FUN_10e3c8c0	135
10e3c970	FUN_10e3c970	135
10e3ca20	FUN_10e3ca20	135
10e3f200	FUN_10e3f200	28
10e3f230	FUN_10e3f230	28
10e3f260	FUN_10e3f260	28
10e3f290	FUN_10e3f290	28
10e3f2c0	FUN_10e3f2c0	28
10e3f2f0	FUN_10e3f2f0	28
10e46270	FUN_10e46270	39
10e462a0	FUN_10e462a0	39
10e462d0	FUN_10e462d0	39
10e46530	FUN_10e46530	92
10e46970	FUN_10e46970	28
10e469a0	FUN_10e469a0	28
10e469d0	FUN_10e469d0	28
10e46b00	FUN_10e46b00	59
10e476a0	FUN_10e476a0	65
10e48c90	FUN_10e48c90	97
10e4e590	FUN_10e4e590	59
10e526c0	FUN_10e526c0	97
10e52740	FUN_10e52740	33
10e59100	FUN_10e59100	46
10e59140	FUN_10e59140	46
10e5a4a0	FUN_10e5a4a0	91
10e5a520	FUN_10e5a520	83
10e5bd60	FUN_10e5bd60	32
10e5bdb0	FUN_10e5bdb0	41
10e5bdf0	FUN_10e5bdf0	41
10e5be30	FUN_10e5be30	41
10e5be70	FUN_10e5be70	41
10e5f570	FUN_10e5f570	65
10e5f5d0	FUN_10e5f5d0	81
10e5f640	FUN_10e5f640	81
10e65c60	FUN_10e65c60	94
10e66420	FUN_10e66420	33
10e66450	FUN_10e66450	33
10e667a0	FUN_10e667a0	60
10e66930	FUN_10e66930	33
10e710e0	FUN_10e710e0	135
10e71190	FUN_10e71190	135
10e71240	FUN_10e71240	135
10e712f0	FUN_10e712f0	135
10e713a0	FUN_10e713a0	135
10e72070	FUN_10e72070	178
10e72e10	FUN_10e72e10	28
10e72e40	FUN_10e72e40	28
10e72e70	FUN_10e72e70	28
10e72ea0	FUN_10e72ea0	28
10e72ed0	FUN_10e72ed0	28
10e75670	FUN_10e75670	100
10e780f0	FUN_10e780f0	33
10e78120	FUN_10e78120	60
10e78170	FUN_10e78170	229
10e80b60	FUN_10e80b60	41
10e80ba0	FUN_10e80ba0	41
10e80f80	FUN_10e80f80	45
10e83090	FUN_10e83090	78
10e83250	FUN_10e83250	41
10e868c0	FUN_10e868c0	28
10e8a080	FUN_10e8a080	43
10e8a0c0	FUN_10e8a0c0	26
10e8a0e0	FUN_10e8a0e0	91
10e8a160	FUN_10e8a160	91
10e8a1e0	FUN_10e8a1e0	91
10e8a260	FUN_10e8a260	91
10e8a2e0	FUN_10e8a2e0	91
10e8a360	FUN_10e8a360	91
10e8a3e0	FUN_10e8a3e0	91
10e8a460	FUN_10e8a460	91
10e8a4e0	FUN_10e8a4e0	91
10e8a560	FUN_10e8a560	43
10e8a5a0	FUN_10e8a5a0	43
10e8b9c0	FUN_10e8b9c0	41
10e8ba00	FUN_10e8ba00	41
10e8ba40	FUN_10e8ba40	41
10e8ba80	FUN_10e8ba80	41
10e8bac0	FUN_10e8bac0	41
10e8bb00	FUN_10e8bb00	41
10e8bb60	FUN_10e8bb60	41
10e8bba0	FUN_10e8bba0	41
10e8bbe0	FUN_10e8bbe0	41
10e8bc20	FUN_10e8bc20	41
10e8bc60	FUN_10e8bc60	41
10e8bca0	FUN_10e8bca0	41
10e8bce0	FUN_10e8bce0	41
10e8bd20	FUN_10e8bd20	41
10e8bd60	FUN_10e8bd60	41
10e8bda0	FUN_10e8bda0	41
10e8bde0	FUN_10e8bde0	41
10e8be40	FUN_10e8be40	41
10e8be80	FUN_10e8be80	41
10e8bec0	FUN_10e8bec0	41
10e8bf00	FUN_10e8bf00	41
10e8bf40	FUN_10e8bf40	41
10e8bf80	FUN_10e8bf80	41
10e96640	FUN_10e96640	81
10e966b0	FUN_10e966b0	81
10e9c9a0	FUN_10e9c9a0	149
10e9cd00	FUN_10e9cd00	61
10e9cd50	FUN_10e9cd50	61
10e9cda0	FUN_10e9cda0	61
10e9cdf0	FUN_10e9cdf0	61
10e9ce40	FUN_10e9ce40	61
10e9ce90	FUN_10e9ce90	61
10e9cee0	FUN_10e9cee0	61
10e9cf30	FUN_10e9cf30	61
10e9cf80	FUN_10e9cf80	61
10e9deb0	FUN_10e9deb0	39
10e9dee0	FUN_10e9dee0	39
10e9fb30	FUN_10e9fb30	50
10ea1ad0	FUN_10ea1ad0	25
10ea2130	FUN_10ea2130	135
10ea21e0	FUN_10ea21e0	135
10ea2290	FUN_10ea2290	135
10ea2340	FUN_10ea2340	135
10ea23f0	FUN_10ea23f0	135
10ea24a0	FUN_10ea24a0	135
10ea5eb0	FUN_10ea5eb0	28
10ea5ee0	FUN_10ea5ee0	28
10ea5f10	FUN_10ea5f10	28
10ea5f40	FUN_10ea5f40	28
10ea5f70	FUN_10ea5f70	28
10ea5fa0	FUN_10ea5fa0	28
10ea5fd0	FUN_10ea5fd0	28
10ea6000	FUN_10ea6000	28
10ea6030	FUN_10ea6030	28
10ea6060	FUN_10ea6060	28
10ea6090	FUN_10ea6090	28
10ea60c0	FUN_10ea60c0	28
10ea60f0	FUN_10ea60f0	28
10ea6120	FUN_10ea6120	28
10ea6150	FUN_10ea6150	28
10ea6180	FUN_10ea6180	28
10ea61b0	FUN_10ea61b0	28
10ea61e0	FUN_10ea61e0	28
10ea6210	FUN_10ea6210	28
10ea6240	FUN_10ea6240	28
10ea6270	FUN_10ea6270	28
10ea62a0	FUN_10ea62a0	28
10ea62d0	FUN_10ea62d0	28
10ea6300	FUN_10ea6300	28
10ea6f20	FUN_10ea6f20	55
10eaa520	FUN_10eaa520	41
10eaa560	FUN_10eaa560	41
10eab5e0	FUN_10eab5e0	65
10eab640	FUN_10eab640	65
10eacb60	FUN_10eacb60	27
10eaccb0	FUN_10eaccb0	27
10ead100	FUN_10ead100	63
10ead150	FUN_10ead150	63
10ead870	FUN_10ead870	80
10eb0eb0	FUN_10eb0eb0	253
10eb1590	FUN_10eb1590	304
10eb1710	FUN_10eb1710	327
10eb28f0	FUN_10eb28f0	135
10eb88c0	FUN_10eb88c0	13
10ebc5a0	FUN_10ebc5a0	39
10ebc610	FUN_10ebc610	39
10ebc6c0	FUN_10ebc6c0	39
10ebe000	FUN_10ebe000	99
10ebe220	FUN_10ebe220	92
10ebeb90	FUN_10ebeb90	393
10ebed80	FUN_10ebed80	92
10ebef20	FUN_10ebef20	186
10ebf910	FUN_10ebf910	28
10ebf940	FUN_10ebf940	28
10ebfa70	FUN_10ebfa70	59
10ec2240	FUN_10ec2240	38
10ec2c70	FUN_10ec2c70	65
10ec3610	FUN_10ec3610	63
10ec6b90	FUN_10ec6b90	243
10ec99c0	FUN_10ec99c0	59
10edf460	FUN_10edf460	41
10ee0680	FUN_10ee0680	96
10ee07d0	FUN_10ee07d0	135
10ee0c90	FUN_10ee0c90	28
10ee14f0	FUN_10ee14f0	96
10ee1c80	FUN_10ee1c80	41
10ee25a0	FUN_10ee25a0	81
10ee8940	FUN_10ee8940	28
10eeb730	FUN_10eeb730	41
10eecfe0	FUN_10eecfe0	135
10eed090	FUN_10eed090	135
10eed6a0	FUN_10eed6a0	28
10ef1f90	FUN_10ef1f90	149
10ef2230	FUN_10ef2230	28
10ef2260	FUN_10ef2260	28
10ef2290	FUN_10ef2290	31
10efdbb0	FUN_10efdbb0	41
10f06520	FUN_10f06520	25
10f0db40	FUN_10f0db40	41
10f108f0	FUN_10f108f0	149
10f109d0	FUN_10f109d0	149
10f10ab0	FUN_10f10ab0	149
10f11c50	FUN_10f11c50	28
10f13ed0	FUN_10f13ed0	28
10f24200	FUN_10f24200	34
10f24f40	FUN_10f24f40	44
10f27920	FUN_10f27920	149
10f333c0	FUN_10f333c0	149
10f334a0	FUN_10f334a0	149
10f33580	FUN_10f33580	149
10f33660	FUN_10f33660	149
10f33f50	FUN_10f33f50	28
10f33f80	FUN_10f33f80	28
10f33fb0	FUN_10f33fb0	28
10f33fe0	FUN_10f33fe0	28
10f34010	FUN_10f34010	28
10f34040	FUN_10f34040	28
10f341d0	FUN_10f341d0	31
10f34200	FUN_10f34200	31
10f34230	FUN_10f34230	31
10f3d8d0	FUN_10f3d8d0	42
10f3d910	FUN_10f3d910	42
10f40a80	FUN_10f40a80	26
10f40aa0	FUN_10f40aa0	26
10f40ac0	FUN_10f40ac0	26
10f40ae0	FUN_10f40ae0	43
10f40b20	FUN_10f40b20	26
10f40c20	FUN_10f40c20	78
10f40c90	FUN_10f40c90	78
10f40d00	FUN_10f40d00	78
10f40d70	FUN_10f40d70	78
10f40f50	FUN_10f40f50	24
10f40f70	FUN_10f40f70	24
10f40f90	FUN_10f40f90	24
10f40fb0	FUN_10f40fb0	24
10f41be0	FUN_10f41be0	61
10f41c30	FUN_10f41c30	61
10f41c80	FUN_10f41c80	61
10f41cd0	FUN_10f41cd0	61
10f420e0	FUN_10f420e0	43
10f42120	FUN_10f42120	43
10f42160	FUN_10f42160	43
10f421a0	FUN_10f421a0	43
10f435d0	FUN_10f435d0	28
10f43600	FUN_10f43600	28
10f43630	FUN_10f43630	28
10f43660	FUN_10f43660	28
10f437d0	FUN_10f437d0	91
10f43930	FUN_10f43930	26
10f43a30	FUN_10f43a30	78
10f43b90	FUN_10f43b90	78
10f43c00	FUN_10f43c00	30
10f43d80	FUN_10f43d80	41
10f43de0	FUN_10f43de0	41
10f43e20	FUN_10f43e20	41
10f43e60	FUN_10f43e60	24
10f44df0	FUN_10f44df0	81
10f45130	FUN_10f45130	61
10f45180	FUN_10f45180	61
10f451d0	FUN_10f451d0	30
10f459d0	FUN_10f459d0	43
10f47e70	FUN_10f47e70	28
10f47ea0	FUN_10f47ea0	28
10f47ed0	FUN_10f47ed0	28
10f47f00	FUN_10f47f00	28
10f47f30	FUN_10f47f30	28
10f47f60	FUN_10f47f60	20
10f48b90	FUN_10f48b90	25
10f49360	FUN_10f49360	26
10f49420	FUN_10f49420	39
10f49450	FUN_10f49450	39
10f49480	FUN_10f49480	39
10f498d0	FUN_10f498d0	28
10f49900	FUN_10f49900	28
10f49930	FUN_10f49930	28
10f499d0	FUN_10f499d0	59
10f49b50	FUN_10f49b50	32
10f49b80	FUN_10f49b80	41
10f49bc0	FUN_10f49bc0	24
10f4aae0	FUN_10f4aae0	81
10f4beb0	FUN_10f4beb0	25
10f4c970	FUN_10f4c970	59
10f4cfb0	FUN_10f4cfb0	28
10f4d6e0	FUN_10f4d6e0	91
10f4d760	FUN_10f4d760	26
10f4d780	FUN_10f4d780	26
10f4d7a0	FUN_10f4d7a0	78
10f4df30	FUN_10f4df30	32
10f4df80	FUN_10f4df80	24
10f4eb10	FUN_10f4eb10	81
10f4eb80	FUN_10f4eb80	65
10f4ebe0	FUN_10f4ebe0	81
10f51640	FUN_10f51640	28
10f51f10	FUN_10f51f10	41
10f52500	FUN_10f52500	81
10f531c0	FUN_10f531c0	25
10f53270	FUN_10f53270	135
10f535d0	FUN_10f535d0	28
10f552a0	FUN_10f552a0	26
10f552c0	FUN_10f552c0	26
10f552e0	FUN_10f552e0	26
10f55300	FUN_10f55300	26
10f55320	FUN_10f55320	26
10f55340	FUN_10f55340	26
10f55360	FUN_10f55360	26
10f55380	FUN_10f55380	26
10f553a0	FUN_10f553a0	26
10f553c0	FUN_10f553c0	26
10f553e0	FUN_10f553e0	26
10f55530	FUN_10f55530	78
10f555a0	FUN_10f555a0	78
10f55610	FUN_10f55610	78
10f55680	FUN_10f55680	78
10f556f0	FUN_10f556f0	78
10f55760	FUN_10f55760	78
10f557d0	FUN_10f557d0	78
10f55840	FUN_10f55840	78
10f558b0	FUN_10f558b0	83
10f561e0	FUN_10f561e0	41
10f56220	FUN_10f56220	41
10f56260	FUN_10f56260	41
10f562a0	FUN_10f562a0	41
10f57b50	FUN_10f57b50	81
10f57bc0	FUN_10f57bc0	81
10f57c30	FUN_10f57c30	81
10f57ca0	FUN_10f57ca0	81
10f57d10	FUN_10f57d10	81
10f57d80	FUN_10f57d80	81
10f57df0	FUN_10f57df0	81
10f57e60	FUN_10f57e60	81
10f57ed0	FUN_10f57ed0	81
10f57f40	FUN_10f57f40	81
10f57fb0	FUN_10f57fb0	81
10f59280	FUN_10f59280	149
10f59360	FUN_10f59360	149
10f59440	FUN_10f59440	149
10f59520	FUN_10f59520	149
10f59680	FUN_10f59680	69
10f596e0	FUN_10f596e0	69
10f59740	FUN_10f59740	69
10f597a0	FUN_10f597a0	69
10f59800	FUN_10f59800	69
10f59880	FUN_10f59880	69
10f598e0	FUN_10f598e0	69
10f59940	FUN_10f59940	69
10f599a0	FUN_10f599a0	69
10f59a00	FUN_10f59a00	69
10f59a60	FUN_10f59a60	69
10f59ac0	FUN_10f59ac0	69
10f59b20	FUN_10f59b20	69
10f5e820	FUN_10f5e820	25
10f61670	FUN_10f61670	25
10f62da0	FUN_10f62da0	28
10f62dd0	FUN_10f62dd0	28
10f62e00	FUN_10f62e00	28
10f62e30	FUN_10f62e30	28
10f64be0	FUN_10f64be0	26
10f64c00	FUN_10f64c00	78
10f64fc0	FUN_10f64fc0	41
10f65000	FUN_10f65000	41
10f65040	FUN_10f65040	41
10f65080	FUN_10f65080	41
10f650c0	FUN_10f650c0	24
10f66150	FUN_10f66150	81
10f66c50	FUN_10f66c50	149
10f67620	FUN_10f67620	135
10f68420	FUN_10f68420	28
10f68450	FUN_10f68450	28
10f68480	FUN_10f68480	28
10f69260	FUN_10f69260	41
10f692a0	FUN_10f692a0	41
10f6a920	FUN_10f6a920	28
10f6b910	FUN_10f6b910	32
10f6bfd0	FUN_10f6bfd0	81
10f6c040	FUN_10f6c040	65
10f6fcf0	FUN_10f6fcf0	41
10f6fd30	FUN_10f6fd30	32
10f6fd60	FUN_10f6fd60	41
10f71fb0	FUN_10f71fb0	149
10f725e0	FUN_10f725e0	28
10f72610	FUN_10f72610	28
10f72f40	FUN_10f72f40	135
10f736d0	FUN_10f736d0	28
10f73700	FUN_10f73700	28
10f741b0	FUN_10f741b0	83
10f775c0	FUN_10f775c0	41
10f77600	FUN_10f77600	24
10f781a0	FUN_10f781a0	149
10f7a4b0	FUN_10f7a4b0	28
10f7c160	FUN_10f7c160	28
10f7f370	FUN_10f7f370	149
10f7f450	FUN_10f7f450	149
10f7f900	FUN_10f7f900	64
10f7f950	FUN_10f7f950	37
10f7f980	FUN_10f7f980	67
10f81ec0	FUN_10f81ec0	28
10f84040	FUN_10f84040	41
10f859f0	FUN_10f859f0	135
10f8c580	FUN_10f8c580	149
10f8c660	FUN_10f8c660	149
10f8c740	FUN_10f8c740	149
10f8cf40	FUN_10f8cf40	28
10f8cf70	FUN_10f8cf70	28
10f8d080	FUN_10f8d080	31
10f8fa20	FUN_10f8fa20	33
10f8fa50	FUN_10f8fa50	37
10f8fa80	FUN_10f8fa80	33
10f925a0	FUN_10f925a0	33
10f977c0	FUN_10f977c0	41
10f9b770	FUN_10f9b770	65
10f9b7d0	FUN_10f9b7d0	120
10fa5cc0	FUN_10fa5cc0	33
10fab1d0	FUN_10fab1d0	78
10fadd00	FUN_10fadd00	32
10fadd30	FUN_10fadd30	41
10fadd90	FUN_10fadd90	32
10faddc0	FUN_10faddc0	41
10fade20	FUN_10fade20	32
10fade50	FUN_10fade50	41
10fb0b40	FUN_10fb0b40	65
10fb0ba0	FUN_10fb0ba0	65
10fb0c00	FUN_10fb0c00	65
10fb0c60	FUN_10fb0c60	120
10fb0d00	FUN_10fb0d00	120
10fb0e60	FUN_10fb0e60	120
10fb6aa0	FUN_10fb6aa0	21
10fb6f20	FUN_10fb6f20	105
10fb9470	FUN_10fb9470	28
10fb94a0	FUN_10fb94a0	45
10fb94e0	FUN_10fb94e0	45
10fbcf20	FUN_10fbcf20	28
10fbcf50	FUN_10fbcf50	28
10fbcf80	FUN_10fbcf80	28
10fc2380	FUN_10fc2380	120
10fcbbb0	FUN_10fcbbb0	78
10fcbfc0	FUN_10fcbfc0	81
10fcc030	FUN_10fcc030	81
10fcc880	FUN_10fcc880	25
10fcc8a0	FUN_10fcc8a0	25
10fcceb0	FUN_10fcceb0	28
10fcd4b0	FUN_10fcd4b0	63
10fcd6e0	FUN_10fcd6e0	26
10fcd7a0	FUN_10fcd7a0	39
10fcd7d0	FUN_10fcd7d0	39
10fcd800	FUN_10fcd800	39
10fcdc50	FUN_10fcdc50	28
10fcdc80	FUN_10fcdc80	28
10fcdcb0	FUN_10fcdcb0	28
10fcdd50	FUN_10fcdd50	59
10fcdef0	FUN_10fcdef0	32
10fcdf20	FUN_10fcdf20	24
10fce5f0	FUN_10fce5f0	65
10fcef20	FUN_10fcef20	32
10fcf420	FUN_10fcf420	59
10fcf670	FUN_10fcf670	26
10fcf690	FUN_10fcf690	43
10fcf7c0	FUN_10fcf7c0	41
10fcf800	FUN_10fcf800	41
10fcf860	FUN_10fcf860	41
10fd0de0	FUN_10fd0de0	81
10fd24f0	FUN_10fd24f0	25
10fd2d90	FUN_10fd2d90	28
10fd2dc0	FUN_10fd2dc0	28
10fd2df0	FUN_10fd2df0	28
10fd2e20	FUN_10fd2e20	28
10fd2fb0	FUN_10fd2fb0	80
10fd3020	FUN_10fd3020	43
10fd3060	FUN_10fd3060	32
10fd3090	FUN_10fd3090	32
10fd9660	FUN_10fd9660	81
10fdd050	FUN_10fdd050	40
10fdd090	FUN_10fdd090	40
10fdd0d0	FUN_10fdd0d0	40
10fdd110	FUN_10fdd110	40
10fdd150	FUN_10fdd150	40
10fdd190	FUN_10fdd190	40
10fddfb0	FUN_10fddfb0	28
10fde8d0	FUN_10fde8d0	39
10fde9e0	FUN_10fde9e0	39
10fdea10	FUN_10fdea10	39
10fdea40	FUN_10fdea40	39
10fdf210	FUN_10fdf210	93
10fdf290	FUN_10fdf290	92
10fdfc90	FUN_10fdfc90	28
10fdfcc0	FUN_10fdfcc0	28
10fdfcf0	FUN_10fdfcf0	28
10fe0020	FUN_10fe0020	59
10fe0160	FUN_10fe0160	32
10fe0190	FUN_10fe0190	41
10fe0bb0	FUN_10fe0bb0	65
10fe1550	FUN_10fe1550	59
10fe28f0	FUN_10fe28f0	104
10fe3520	FUN_10fe3520	59
10fe36f0	FUN_10fe36f0	28
10fe64e0	FUN_10fe64e0	41
10fe6f60	FUN_10fe6f60	28
10fe8d20	FUN_10fe8d20	83
10fe92e0	FUN_10fe92e0	39
10fe9310	FUN_10fe9310	39
10fe9340	FUN_10fe9340	39
10fe9370	FUN_10fe9370	39
10fe93c0	FUN_10fe93c0	39
10fe93f0	FUN_10fe93f0	39
10fea280	FUN_10fea280	92
10feac90	FUN_10feac90	394
10feae80	FUN_10feae80	92
10feb010	FUN_10feb010	181
10feb910	FUN_10feb910	30
10feb9b0	FUN_10feb9b0	28
10feb9e0	FUN_10feb9e0	28
10feba10	FUN_10feba10	28
10feba40	FUN_10feba40	28
10feba70	FUN_10feba70	28
10febaa0	FUN_10febaa0	28
10febc00	FUN_10febc00	59
10febc50	FUN_10febc50	59
10fec160	FUN_10fec160	41
10fec1a0	FUN_10fec1a0	32
10fec1d0	FUN_10fec1d0	41
10fec250	FUN_10fec250	24
10fee260	FUN_10fee260	81
10fee2d0	FUN_10fee2d0	65
10fee330	FUN_10fee330	81
10fee3a0	FUN_10fee3a0	81
10fefef0	FUN_10fefef0	30
10ff1120	FUN_10ff1120	28
10ff1150	FUN_10ff1150	28
10ff15c0	FUN_10ff15c0	25
10ff1650	FUN_10ff1650	25
10ff1670	FUN_10ff1670	25
10ff1890	FUN_10ff1890	150
10ff8430	FUN_10ff8430	59
10ff8480	FUN_10ff8480	59
10ff8750	FUN_10ff8750	28
10ff8780	FUN_10ff8780	28
10ff87b0	FUN_10ff87b0	28
10ff87e0	FUN_10ff87e0	28
10ff8810	FUN_10ff8810	20
10ff91e0	FUN_10ff91e0	244
10ff9ce0	FUN_10ff9ce0	244
10ffa300	FUN_10ffa300	375
10ffa5e0	FUN_10ffa5e0	293
10ffafc0	FUN_10ffafc0	65
10ffb050	FUN_10ffb050	195
10ffb150	FUN_10ffb150	195
10ffc290	FUN_10ffc290	24
10ffca10	FUN_10ffca10	25
10ffcb10	FUN_10ffcb10	25
10ffd310	FUN_10ffd310	26
10ffd500	FUN_10ffd500	30
10ffd540	FUN_10ffd540	24
10ffd650	FUN_10ffd650	30
10ffddc0	FUN_10ffddc0	28
10ffe1f0	FUN_10ffe1f0	20
10fff2e0	FUN_10fff2e0	41
11002e50	FUN_11002e50	124
11003170	FUN_11003170	28
11006d10	FUN_11006d10	93
110079c0	FUN_110079c0	41
1100a080	FUN_1100a080	135
1100bac0	FUN_1100bac0	28
1100d970	FUN_1100d970	43
1100d9b0	FUN_1100d9b0	91
1100da30	FUN_1100da30	91
1100dab0	FUN_1100dab0	26
1100e260	FUN_1100e260	93
1100f180	FUN_1100f180	92
11010700	FUN_11010700	81
11010e70	FUN_11010e70	127
11010f90	FUN_11010f90	61
11011870	FUN_11011870	57
11017ac0	FUN_11017ac0	41
11018020	FUN_11018020	149
11018510	FUN_11018510	28
11018b40	FUN_11018b40	81
110195a0	FUN_110195a0	28
1101afb0	FUN_1101afb0	41
1101b630	FUN_1101b630	81
1101c240	FUN_1101c240	28
1101d030	FUN_1101d030	81
1101fe70	FUN_1101fe70	81
11021f90	FUN_11021f90	81
11022d80	FUN_11022d80	26
11022da0	FUN_11022da0	26
11022dc0	FUN_11022dc0	26
11023220	FUN_11023220	78
11023390	FUN_11023390	39
110233c0	FUN_110233c0	39
110233f0	FUN_110233f0	39
11024040	FUN_11024040	93
11024ec0	FUN_11024ec0	92
11025830	FUN_11025830	28
11025860	FUN_11025860	28
11025890	FUN_11025890	28
11025940	FUN_11025940	59
11026060	FUN_11026060	41
110260c0	FUN_110260c0	41
11026120	FUN_11026120	41
11026160	FUN_11026160	41
110261a0	FUN_110261a0	32
110261d0	FUN_110261d0	41
11026210	FUN_11026210	24
11026230	FUN_11026230	24
11026250	FUN_11026250	24
11027680	FUN_11027680	81
110276f0	FUN_110276f0	81
11027760	FUN_11027760	81
110277d0	FUN_110277d0	65
11028b40	FUN_11028b40	149
11028d80	FUN_11028d80	59
1102ae40	FUN_1102ae40	43
1102ae80	FUN_1102ae80	43
1102b4d0	FUN_1102b4d0	25
1102db30	FUN_1102db30	59
1102e250	FUN_1102e250	28
1102e280	FUN_1102e280	28
1102e2b0	FUN_1102e2b0	28
1102e2e0	FUN_1102e2e0	28
1102e310	FUN_1102e310	28
1102e340	FUN_1102e340	28
1102ea40	FUN_1102ea40	26
1102ea60	FUN_1102ea60	78
1102ec70	FUN_1102ec70	32
1102eca0	FUN_1102eca0	41
1102ece0	FUN_1102ece0	41
1102ed20	FUN_1102ed20	41
1102ed60	FUN_1102ed60	41
1102eda0	FUN_1102eda0	24
1102ffa0	FUN_1102ffa0	61
11030440	FUN_11030440	43
110336e0	FUN_110336e0	28
11033710	FUN_11033710	28
11033740	FUN_11033740	28
11033770	FUN_11033770	28
110337a0	FUN_110337a0	28
11033ef0	FUN_11033ef0	98
1103ca00	FUN_1103ca00	41
1103ca40	FUN_1103ca40	41
1103fcf0	FUN_1103fcf0	135
11041bf0	FUN_11041bf0	28
11041ca0	FUN_11041ca0	26
11041cc0	FUN_11041cc0	26
11041e40	FUN_11041e40	78
11042050	FUN_11042050	30
11042250	FUN_11042250	24
11042a10	FUN_11042a10	81
110432f0	FUN_110432f0	61
11043340	FUN_11043340	30
1104fb20	FUN_1104fb20	28
1104fb50	FUN_1104fb50	20
11051ae0	FUN_11051ae0	91
11051ec0	FUN_11051ec0	83
11052040	FUN_11052040	61
11055f50	FUN_11055f50	26
11056980	FUN_11056980	81
11057360	FUN_11057360	59
1105d960	FUN_1105d960	28
1105f3b0	FUN_1105f3b0	41
1105f3f0	FUN_1105f3f0	24
1105f9f0	FUN_1105f9f0	149
11060e50	FUN_11060e50	28
11061740	FUN_11061740	41
11061c60	FUN_11061c60	149
110620e0	FUN_110620e0	28
11062320	FUN_11062320	41
11062890	FUN_11062890	149
11063070	FUN_11063070	28
11065190	FUN_11065190	149
11067680	FUN_11067680	41
11067bf0	FUN_11067bf0	149
110681c0	FUN_110681c0	28
11090e20	FUN_11090e20	28
110916b0	FUN_110916b0	52
11093f00	FUN_11093f00	81
11096620	FUN_11096620	61
11097ab0	FUN_11097ab0	52
11097b00	FUN_11097b00	64
110b5240	FUN_110b5240	30
111e7f20	FUN_111e7f20	60
111f3f20	FUN_111f3f20	28
1126cb20	FUN_1126cb20	17
