entry	name	reference_body_bytes
10116540	FUN_10116540	19
10116560	FUN_10116560	25
10116580	FUN_10116580	25
101165a0	FUN_101165a0	18
101165c0	FUN_101165c0	25
101165e0	FUN_101165e0	25
10116690	FUN_10116690	13
101166a0	FUN_101166a0	5
101166b0	FUN_101166b0	5
101166c0	FUN_101166c0	13
101166d0	FUN_101166d0	22
101166f0	FUN_101166f0	19
101169b0	FUN_101169b0	26
101169d0	FUN_101169d0	26
10116ad0	FUN_10116ad0	26
10116af0	FUN_10116af0	5
10116b00	FUN_10116b00	5
10116d00	FUN_10116d00	3
10116d10	FUN_10116d10	3
10116d20	FUN_10116d20	3
10116d30	FUN_10116d30	3
10116d50	FUN_10116d50	11
10116d60	FUN_10116d60	3
10116d70	FUN_10116d70	3
10116d80	FUN_10116d80	3
10116d90	FUN_10116d90	3
10116da0	FUN_10116da0	3
10116db0	FUN_10116db0	3
10116dc0	FUN_10116dc0	3
10116dd0	FUN_10116dd0	3
10116de0	FUN_10116de0	3
10116df0	FUN_10116df0	3
10116e00	FUN_10116e00	3
10116e10	FUN_10116e10	3
10116e20	FUN_10116e20	3
10116e30	FUN_10116e30	3
10116e40	FUN_10116e40	3
10116e50	FUN_10116e50	3
10116e60	FUN_10116e60	3
10116f10	FUN_10116f10	13
10116f20	FUN_10116f20	13
10116f30	FUN_10116f30	13
10116f40	FUN_10116f40	13
10116f50	FUN_10116f50	5
10116fb0	FUN_10116fb0	3
10116fc0	FUN_10116fc0	3
10116fd0	FUN_10116fd0	3
10116fe0	FUN_10116fe0	18
10117150	FUN_10117150	15
101171f0	FUN_101171f0	5
10117240	FUN_10117240	5
10117250	FUN_10117250	7
10117260	FUN_10117260	3
10117270	FUN_10117270	3
101174c0	FUN_101174c0	19
101174e0	FUN_101174e0	19
10117500	FUN_10117500	5
10117510	FUN_10117510	5
10117520	FUN_10117520	5
10117530	FUN_10117530	5
10117540	FUN_10117540	5
10117550	FUN_10117550	5
10117560	FUN_10117560	5
10117570	FUN_10117570	5
10117580	FUN_10117580	5
10117590	FUN_10117590	5
101175a0	FUN_101175a0	5
101175b0	FUN_101175b0	5
10117930	FUN_10117930	15
101179d0	FUN_101179d0	5
101179e0	FUN_101179e0	5
101179f0	FUN_101179f0	5
10117a00	FUN_10117a00	5
10117a10	FUN_10117a10	5
10117a20	FUN_10117a20	5
10117a30	FUN_10117a30	5
10117a40	FUN_10117a40	5
10117a50	FUN_10117a50	5
10117a60	FUN_10117a60	5
10117a70	FUN_10117a70	5
10117a80	FUN_10117a80	5
10117a90	FUN_10117a90	6
10117aa0	FUN_10117aa0	6
10117ab0	FUN_10117ab0	6
10117d40	FUN_10117d40	16
10117d60	FUN_10117d60	16
10117d80	FUN_10117d80	5
10117d90	FUN_10117d90	5
10117da0	FUN_10117da0	5
10117db0	FUN_10117db0	5
10117dc0	FUN_10117dc0	5
10117dd0	FUN_10117dd0	5
10117de0	FUN_10117de0	5
10117df0	FUN_10117df0	5
10117e00	FUN_10117e00	19
10117e20	FUN_10117e20	19
10117e40	FUN_10117e40	19
10117ef0	FUN_10117ef0	9
10117f00	FUN_10117f00	25
10117f20	FUN_10117f20	9
10117f30	FUN_10117f30	9
10117f40	FUN_10117f40	9
10117f50	FUN_10117f50	9
10117f60	FUN_10117f60	9
10117f70	FUN_10117f70	9
10117f80	FUN_10117f80	9
10117f90	FUN_10117f90	9
10117fa0	FUN_10117fa0	9
10117fb0	FUN_10117fb0	9
10117fc0	FUN_10117fc0	9
10117fd0	FUN_10117fd0	9
10117fe0	FUN_10117fe0	9
10117ff0	FUN_10117ff0	9
10118000	FUN_10118000	9
10118010	FUN_10118010	9
10118020	FUN_10118020	9
10118030	FUN_10118030	9
10118040	FUN_10118040	9
10118050	FUN_10118050	9
10118060	FUN_10118060	25
10118080	FUN_10118080	9
10118090	FUN_10118090	9
101180a0	FUN_101180a0	9
101180b0	FUN_101180b0	9
101180c0	FUN_101180c0	25
101180e0	FUN_101180e0	9
101180f0	FUN_101180f0	9
10118100	FUN_10118100	9
10118110	FUN_10118110	9
10118120	FUN_10118120	9
10118130	FUN_10118130	9
10118140	FUN_10118140	9
10118150	FUN_10118150	25
10118170	FUN_10118170	9
10118180	FUN_10118180	9
10118190	FUN_10118190	9
101181a0	FUN_101181a0	9
101181b0	FUN_101181b0	9
101181c0	FUN_101181c0	9
101181d0	FUN_101181d0	9
101181e0	FUN_101181e0	9
101181f0	FUN_101181f0	9
10118200	FUN_10118200	25
10118220	FUN_10118220	9
10118230	FUN_10118230	9
10118240	FUN_10118240	9
10118250	FUN_10118250	9
10118260	FUN_10118260	9
10118270	FUN_10118270	9
10118280	FUN_10118280	9
10118290	FUN_10118290	9
101182a0	FUN_101182a0	9
101182b0	FUN_101182b0	9
101182c0	FUN_101182c0	9
101182d0	FUN_101182d0	9
101182e0	FUN_101182e0	9
101182f0	FUN_101182f0	9
10118300	FUN_10118300	25
10118320	FUN_10118320	9
10118330	FUN_10118330	25
10118350	FUN_10118350	9
10118360	FUN_10118360	25
10118380	FUN_10118380	9
10118390	FUN_10118390	9
101183a0	FUN_101183a0	9
101183b0	FUN_101183b0	9
101183c0	FUN_101183c0	25
101183e0	FUN_101183e0	9
101183f0	FUN_101183f0	9
10118400	FUN_10118400	9
10118410	FUN_10118410	9
10118420	FUN_10118420	9
10118430	FUN_10118430	9
10118440	FUN_10118440	9
10118450	FUN_10118450	25
10118490	FUN_10118490	9
101184a0	FUN_101184a0	9
101184b0	FUN_101184b0	9
101184c0	FUN_101184c0	9
101184d0	FUN_101184d0	9
101184e0	FUN_101184e0	9
101184f0	FUN_101184f0	9
10118500	FUN_10118500	9
10118510	FUN_10118510	9
10118520	FUN_10118520	9
10118530	FUN_10118530	9
10118540	FUN_10118540	9
10118550	FUN_10118550	9
10118560	FUN_10118560	9
10118570	FUN_10118570	9
10118580	FUN_10118580	9
10118590	FUN_10118590	9
101185a0	FUN_101185a0	9
101185b0	FUN_101185b0	9
101185c0	FUN_101185c0	9
101185d0	FUN_101185d0	9
101185e0	FUN_101185e0	9
101185f0	FUN_101185f0	9
10118600	FUN_10118600	9
10118610	FUN_10118610	9
10118620	FUN_10118620	9
10118630	FUN_10118630	9
10118640	FUN_10118640	9
10118650	FUN_10118650	9
10118660	FUN_10118660	9
10118670	FUN_10118670	9
10118680	FUN_10118680	9
10118690	FUN_10118690	25
101186b0	FUN_101186b0	9
101186c0	FUN_101186c0	9
101186d0	FUN_101186d0	9
101186e0	FUN_101186e0	9
101186f0	FUN_101186f0	9
10118700	FUN_10118700	9
10118710	FUN_10118710	9
10118720	FUN_10118720	9
10118730	FUN_10118730	9
10118740	FUN_10118740	9
10118750	FUN_10118750	9
10118760	FUN_10118760	9
10118770	FUN_10118770	9
10118780	FUN_10118780	9
10118790	FUN_10118790	9
101187a0	FUN_101187a0	9
101187b0	FUN_101187b0	9
101187c0	FUN_101187c0	9
101187d0	FUN_101187d0	9
101187e0	FUN_101187e0	9
101187f0	FUN_101187f0	9
10118800	FUN_10118800	9
10118810	FUN_10118810	9
10118820	FUN_10118820	25
10118840	FUN_10118840	9
10118850	FUN_10118850	25
10118870	FUN_10118870	9
10118880	FUN_10118880	9
10118890	FUN_10118890	9
101188a0	FUN_101188a0	9
101188b0	FUN_101188b0	9
101188c0	FUN_101188c0	25
101188e0	FUN_101188e0	9
101188f0	FUN_101188f0	9
10118900	FUN_10118900	9
10118910	FUN_10118910	25
10118930	FUN_10118930	9
10118940	FUN_10118940	25
10118960	FUN_10118960	9
10118970	FUN_10118970	9
10118980	FUN_10118980	9
10118990	FUN_10118990	9
101189a0	FUN_101189a0	9
101189b0	FUN_101189b0	9
101189c0	FUN_101189c0	9
101189d0	FUN_101189d0	9
101189e0	FUN_101189e0	14
10118a00	FUN_10118a00	18
10118af0	FUN_10118af0	11
10118b00	FUN_10118b00	11
10118b10	FUN_10118b10	11
10118b20	FUN_10118b20	11
10118b30	FUN_10118b30	16
10118b50	FUN_10118b50	17
10118b70	FUN_10118b70	9
10118b80	FUN_10118b80	14
10118ba0	FUN_10118ba0	13
10118bb0	FUN_10118bb0	23
10118bd0	FUN_10118bd0	3
10118be0	FUN_10118be0	3
10118bf0	FUN_10118bf0	56
10118f10	FUN_10118f10	9
10119ac0	FUN_10119ac0	22
10119b40	FUN_10119b40	14
1011bce0	FUN_1011bce0	11
1011bcf0	FUN_1011bcf0	3
1011bd00	FUN_1011bd00	11
1011bd10	FUN_1011bd10	5
1011f590	FUN_1011f590	18
1011f5d0	FUN_1011f5d0	3
1011f760	FUN_1011f760	3
1011f770	FUN_1011f770	3
10122460	FUN_10122460	18
10122480	FUN_10122480	3
10122550	FUN_10122550	5
101225c0	FUN_101225c0	65
10122620	FUN_10122620	65
10122680	FUN_10122680	36
101226b0	FUN_101226b0	36
10122700	FUN_10122700	36
10122730	FUN_10122730	36
10122760	FUN_10122760	36
10122790	FUN_10122790	36
101227c0	FUN_101227c0	36
101227f0	FUN_101227f0	36
10122820	FUN_10122820	36
10122850	FUN_10122850	36
10122880	FUN_10122880	36
101228b0	FUN_101228b0	36
101228e0	FUN_101228e0	36
10122910	FUN_10122910	36
10122940	FUN_10122940	36
10122970	FUN_10122970	36
101229a0	FUN_101229a0	36
101229d0	FUN_101229d0	36
10122a00	FUN_10122a00	36
10122a30	FUN_10122a30	36
10122a60	FUN_10122a60	36
10122a90	FUN_10122a90	36
10122ae0	FUN_10122ae0	36
10122b10	FUN_10122b10	36
10122b40	FUN_10122b40	36
10122b70	FUN_10122b70	36
10122bc0	FUN_10122bc0	36
10122bf0	FUN_10122bf0	36
10122c20	FUN_10122c20	36
10122c50	FUN_10122c50	36
10122c80	FUN_10122c80	36
10122cb0	FUN_10122cb0	36
10122ce0	FUN_10122ce0	36
10122d30	FUN_10122d30	36
10122d60	FUN_10122d60	36
10122d90	FUN_10122d90	36
10122dc0	FUN_10122dc0	36
10122df0	FUN_10122df0	36
10122e20	FUN_10122e20	36
10122e50	FUN_10122e50	36
10122e80	FUN_10122e80	36
10122eb0	FUN_10122eb0	36
10122f00	FUN_10122f00	36
10122f30	FUN_10122f30	36
10122f60	FUN_10122f60	36
10122f90	FUN_10122f90	36
10122fc0	FUN_10122fc0	36
10122ff0	FUN_10122ff0	36
10123020	FUN_10123020	36
10123050	FUN_10123050	36
10123080	FUN_10123080	36
101230b0	FUN_101230b0	36
101230e0	FUN_101230e0	36
10123110	FUN_10123110	36
10123140	FUN_10123140	36
10123170	FUN_10123170	36
101231c0	FUN_101231c0	36
10123210	FUN_10123210	36
10123260	FUN_10123260	36
10123290	FUN_10123290	36
101232c0	FUN_101232c0	36
101232f0	FUN_101232f0	36
10123340	FUN_10123340	36
10123370	FUN_10123370	36
101233a0	FUN_101233a0	36
101233d0	FUN_101233d0	36
10123400	FUN_10123400	36
10123430	FUN_10123430	36
10123460	FUN_10123460	36
101234b0	FUN_101234b0	36
101234e0	FUN_101234e0	36
10123510	FUN_10123510	36
10123540	FUN_10123540	36
10123570	FUN_10123570	36
101235a0	FUN_101235a0	36
101235d0	FUN_101235d0	36
10123600	FUN_10123600	36
10123630	FUN_10123630	36
10123660	FUN_10123660	36
10123690	FUN_10123690	36
101236c0	FUN_101236c0	36
101236f0	FUN_101236f0	36
10123720	FUN_10123720	36
10123750	FUN_10123750	36
10123780	FUN_10123780	36
101237b0	FUN_101237b0	36
101237e0	FUN_101237e0	36
10123810	FUN_10123810	36
10123840	FUN_10123840	36
10123870	FUN_10123870	36
101238a0	FUN_101238a0	36
101238d0	FUN_101238d0	36
10123900	FUN_10123900	36
10123930	FUN_10123930	36
10123960	FUN_10123960	36
10123990	FUN_10123990	36
101239c0	FUN_101239c0	36
101239f0	FUN_101239f0	36
10123a20	FUN_10123a20	36
10123a50	FUN_10123a50	36
10123a80	FUN_10123a80	36
10123ad0	FUN_10123ad0	36
10123b00	FUN_10123b00	36
10123b30	FUN_10123b30	36
10123b60	FUN_10123b60	36
10123b90	FUN_10123b90	36
10123bc0	FUN_10123bc0	36
10123bf0	FUN_10123bf0	36
10123c20	FUN_10123c20	36
10123c50	FUN_10123c50	36
10123c80	FUN_10123c80	36
10123cb0	FUN_10123cb0	36
10123ce0	FUN_10123ce0	36
10123d10	FUN_10123d10	36
10123d40	FUN_10123d40	36
10123d70	FUN_10123d70	36
10123da0	FUN_10123da0	36
10123dd0	FUN_10123dd0	36
10123e00	FUN_10123e00	36
10123e30	FUN_10123e30	36
10123e60	FUN_10123e60	36
10123e90	FUN_10123e90	36
10123ec0	FUN_10123ec0	36
10123ef0	FUN_10123ef0	36
10123f40	FUN_10123f40	36
10123f90	FUN_10123f90	36
10123fc0	FUN_10123fc0	36
10123ff0	FUN_10123ff0	36
10124020	FUN_10124020	36
10124050	FUN_10124050	36
101240a0	FUN_101240a0	36
101240d0	FUN_101240d0	36
10124100	FUN_10124100	36
10124150	FUN_10124150	36
101241a0	FUN_101241a0	36
101241d0	FUN_101241d0	36
10124200	FUN_10124200	36
10124230	FUN_10124230	36
10124260	FUN_10124260	36
10124290	FUN_10124290	36
101242c0	FUN_101242c0	36
10124dd0	FUN_10124dd0	14
10124df0	FUN_10124df0	14
10124ea0	FUN_10124ea0	3
10124eb0	FUN_10124eb0	3
10124ec0	FUN_10124ec0	3
10124ed0	FUN_10124ed0	3
10124f40	FUN_10124f40	6
10124f50	FUN_10124f50	9
10124f60	FUN_10124f60	10
101296f0	FUN_101296f0	3
10129700	FUN_10129700	3
10129880	FUN_10129880	52
101298d0	FUN_101298d0	51
10129ad0	FUN_10129ad0	5
10129d10	FUN_10129d10	3
10129d20	FUN_10129d20	3
10129d30	FUN_10129d30	3
10129d40	FUN_10129d40	3
10129d50	FUN_10129d50	3
10129d60	FUN_10129d60	3
10129d70	FUN_10129d70	3
10129d80	FUN_10129d80	3
10129d90	FUN_10129d90	3
10129da0	FUN_10129da0	3
10129db0	FUN_10129db0	4
10129dc0	FUN_10129dc0	3
10129dd0	FUN_10129dd0	3
10129de0	FUN_10129de0	3
10129df0	FUN_10129df0	3
10129e80	FUN_10129e80	5
10129e90	FUN_10129e90	8
10129ea0	FUN_10129ea0	13
10129eb0	FUN_10129eb0	3
10129ec0	FUN_10129ec0	3
10129ed0	FUN_10129ed0	23
1012a030	FUN_1012a030	12
1012a040	FUN_1012a040	12
1012a050	FUN_1012a050	3
1012a060	FUN_1012a060	3
1012a070	FUN_1012a070	3
1012a130	FUN_1012a130	11
1012a140	FUN_1012a140	6
1012a150	FUN_1012a150	3
1012a160	FUN_1012a160	3
1012a170	FUN_1012a170	97
1012a1f0	FUN_1012a1f0	45
1012a230	FUN_1012a230	33
1012a260	FUN_1012a260	40
1012a3c0	FUN_1012a3c0	18
1012a3e0	FUN_1012a3e0	14
1012a400	FUN_1012a400	14
1012a420	FUN_1012a420	13
1012a430	FUN_1012a430	13
1012a440	FUN_1012a440	12
1012a450	FUN_1012a450	12
1012a460	FUN_1012a460	11
1012a470	FUN_1012a470	11
1012a480	FUN_1012a480	43
1012d0f0	FUN_1012d0f0	13
1012d100	FUN_1012d100	39
1012d300	FUN_1012d300	4
1012da90	FUN_1012da90	68
10130960	FUN_10130960	9
10130970	FUN_10130970	9
10130980	FUN_10130980	9
10130990	FUN_10130990	9
101309a0	FUN_101309a0	9
101309b0	FUN_101309b0	9
101309c0	FUN_101309c0	9
101309d0	FUN_101309d0	9
101309e0	FUN_101309e0	9
101309f0	FUN_101309f0	9
10130a00	FUN_10130a00	9
10130a10	FUN_10130a10	9
10130a20	FUN_10130a20	9
10130a30	FUN_10130a30	9
10130a40	FUN_10130a40	9
10130a50	FUN_10130a50	9
10130a60	FUN_10130a60	9
10130a70	FUN_10130a70	9
10130a80	FUN_10130a80	9
10130a90	FUN_10130a90	9
10130aa0	FUN_10130aa0	9
10130ab0	FUN_10130ab0	9
10130ac0	FUN_10130ac0	9
10130ad0	FUN_10130ad0	9
10130ae0	FUN_10130ae0	9
10130af0	FUN_10130af0	9
10130b00	FUN_10130b00	9
10130b10	FUN_10130b10	9
10130b20	FUN_10130b20	9
10130b30	FUN_10130b30	9
10130b40	FUN_10130b40	9
10130b50	FUN_10130b50	9
10130b60	FUN_10130b60	9
10130b70	FUN_10130b70	9
10130b80	FUN_10130b80	9
10130b90	FUN_10130b90	9
10130ba0	FUN_10130ba0	9
10130bb0	FUN_10130bb0	9
10130bc0	FUN_10130bc0	9
10130bd0	FUN_10130bd0	9
10130be0	FUN_10130be0	9
10130bf0	FUN_10130bf0	9
10130c00	FUN_10130c00	9
10130c10	FUN_10130c10	9
10130c20	FUN_10130c20	9
10130c30	FUN_10130c30	9
10130c40	FUN_10130c40	9
10130c50	FUN_10130c50	9
10130c60	FUN_10130c60	9
10130c70	FUN_10130c70	9
10130c80	FUN_10130c80	9
10130c90	FUN_10130c90	9
10130ca0	FUN_10130ca0	9
10130cb0	FUN_10130cb0	9
10130cc0	FUN_10130cc0	9
10130cd0	FUN_10130cd0	9
10130ce0	FUN_10130ce0	9
10130cf0	FUN_10130cf0	9
10130d00	FUN_10130d00	9
10130d10	FUN_10130d10	9
10130d20	FUN_10130d20	9
10130d30	FUN_10130d30	9
10130d40	FUN_10130d40	9
10130d50	FUN_10130d50	9
10130d60	FUN_10130d60	9
10130d70	FUN_10130d70	9
10130d80	FUN_10130d80	9
10130d90	FUN_10130d90	9
10130da0	FUN_10130da0	9
10130db0	FUN_10130db0	9
10130dc0	FUN_10130dc0	9
10130dd0	FUN_10130dd0	9
10130de0	FUN_10130de0	9
10130df0	FUN_10130df0	9
10130e00	FUN_10130e00	9
10130e10	FUN_10130e10	9
10130e20	FUN_10130e20	9
10130e30	FUN_10130e30	9
10130e40	FUN_10130e40	9
10130e50	FUN_10130e50	9
10130e60	FUN_10130e60	9
10130e70	FUN_10130e70	9
10130e80	FUN_10130e80	9
10130e90	FUN_10130e90	9
10130ea0	FUN_10130ea0	9
10130eb0	FUN_10130eb0	9
10130ec0	FUN_10130ec0	9
10130ed0	FUN_10130ed0	9
10130ee0	FUN_10130ee0	9
10130ef0	FUN_10130ef0	9
10130f00	FUN_10130f00	9
10130f10	FUN_10130f10	9
10130f20	FUN_10130f20	9
10130f30	FUN_10130f30	9
10130f40	FUN_10130f40	9
10130f50	FUN_10130f50	9
10130f60	FUN_10130f60	9
10130f70	FUN_10130f70	9
10130f80	FUN_10130f80	9
10130f90	FUN_10130f90	9
10130fa0	FUN_10130fa0	9
10130fb0	FUN_10130fb0	9
10130fc0	FUN_10130fc0	9
10130fd0	FUN_10130fd0	9
10130fe0	FUN_10130fe0	9
10130ff0	FUN_10130ff0	9
10131000	FUN_10131000	9
10131010	FUN_10131010	9
10131020	FUN_10131020	9
10131030	FUN_10131030	9
10131040	FUN_10131040	9
10131050	FUN_10131050	9
10131060	FUN_10131060	9
10131070	FUN_10131070	9
10131080	FUN_10131080	9
10131090	FUN_10131090	9
101310a0	FUN_101310a0	9
101310b0	FUN_101310b0	9
101310c0	FUN_101310c0	9
101310d0	FUN_101310d0	9
101310e0	FUN_101310e0	9
101310f0	FUN_101310f0	9
10131100	FUN_10131100	9
10131110	FUN_10131110	9
10131120	FUN_10131120	9
10131130	FUN_10131130	9
10131140	FUN_10131140	9
10131150	FUN_10131150	9
10131160	FUN_10131160	9
10131170	FUN_10131170	9
10131180	FUN_10131180	9
10131190	FUN_10131190	9
101311a0	FUN_101311a0	9
101311b0	FUN_101311b0	9
101311c0	FUN_101311c0	9
101311d0	FUN_101311d0	9
101311e0	FUN_101311e0	9
101311f0	FUN_101311f0	9
10131200	FUN_10131200	9
10131210	FUN_10131210	9
10131220	FUN_10131220	9
10139370	FUN_10139370	6
10139380	FUN_10139380	6
10139390	FUN_10139390	6
1013a500	FUN_1013a500	17
1013a810	FUN_1013a810	6
1013a830	FUN_1013a830	4
1013a840	FUN_1013a840	6
1013a850	FUN_1013a850	6
1013a860	FUN_1013a860	6
1013a870	FUN_1013a870	6
1013a880	FUN_1013a880	6
1013b570	FUN_1013b570	3
1013b580	FUN_1013b580	3
1013b590	FUN_1013b590	3
1013f540	FUN_1013f540	28
1013f570	FUN_1013f570	28
1013f5a0	FUN_1013f5a0	28
1013f5d0	FUN_1013f5d0	20
1013f5f0	FUN_1013f5f0	20
1013f610	FUN_1013f610	20
101446d0	FUN_101446d0	5
101446e0	FUN_101446e0	5
10145ca0	FUN_10145ca0	9
10146880	FUN_10146880	94
10146900	FUN_10146900	10
10146910	FUN_10146910	199
10146a10	FUN_10146a10	10
10146a20	FUN_10146a20	10
10146a30	FUN_10146a30	17
10146a50	FUN_10146a50	66
10146ab0	FUN_10146ab0	31
10146ae0	FUN_10146ae0	45
10146b20	FUN_10146b20	94
10146ba0	FUN_10146ba0	59
10146bf0	FUN_10146bf0	408
10146df0	FUN_10146df0	38
10146e20	FUN_10146e20	17
10146e40	FUN_10146e40	31
10146e70	FUN_10146e70	101
10146ef0	FUN_10146ef0	17
10146f10	FUN_10146f10	122
10146fb0	FUN_10146fb0	10
10146fc0	FUN_10146fc0	17
10146fe0	FUN_10146fe0	17
10147000	FUN_10147000	59
10147050	FUN_10147050	38
10147080	FUN_10147080	10
10147090	FUN_10147090	52
101470e0	FUN_101470e0	115
10147170	FUN_10147170	31
101471a0	FUN_101471a0	31
101471d0	FUN_101471d0	31
10147200	FUN_10147200	45
10147240	FUN_10147240	38
10147270	FUN_10147270	31
101472a0	FUN_101472a0	17
101472c0	FUN_101472c0	10
101472d0	FUN_101472d0	45
10147310	FUN_10147310	10
10147320	FUN_10147320	31
10147350	FUN_10147350	94
101473d0	FUN_101473d0	31
10147400	FUN_10147400	80
10147470	FUN_10147470	17
10147490	FUN_10147490	10
101474a0	FUN_101474a0	73
10147500	FUN_10147500	45
10147540	FUN_10147540	24
10147560	FUN_10147560	45
101475a0	FUN_101475a0	38
101475d0	FUN_101475d0	10
101475e0	FUN_101475e0	31
10147610	FUN_10147610	73
10147670	FUN_10147670	38
101476a0	FUN_101476a0	24
101476c0	FUN_101476c0	38
101476f0	FUN_101476f0	45
10147730	FUN_10147730	115
101477c0	FUN_101477c0	10
101477d0	FUN_101477d0	10
101477e0	FUN_101477e0	17
10147800	FUN_10147800	17
10147820	FUN_10147820	10
10147830	FUN_10147830	10
10147840	FUN_10147840	10
10147850	FUN_10147850	10
10147860	FUN_10147860	150
10147920	FUN_10147920	17
10147980	FUN_10147980	92
10147a00	FUN_10147a00	8
10147a10	FUN_10147a10	197
10147b10	FUN_10147b10	8
10147b20	FUN_10147b20	8
10147b30	FUN_10147b30	15
10147b50	FUN_10147b50	64
10147ba0	FUN_10147ba0	29
10147bd0	FUN_10147bd0	43
10147c10	FUN_10147c10	92
10147c90	FUN_10147c90	57
10147ce0	FUN_10147ce0	364
10147eb0	FUN_10147eb0	36
10147ee0	FUN_10147ee0	15
10147f00	FUN_10147f00	29
10147f30	FUN_10147f30	99
10147fb0	FUN_10147fb0	15
10147fd0	FUN_10147fd0	120
10148070	FUN_10148070	8
10148080	FUN_10148080	15
101480a0	FUN_101480a0	15
101480c0	FUN_101480c0	57
10148110	FUN_10148110	36
10148140	FUN_10148140	8
10148150	FUN_10148150	50
10148190	FUN_10148190	113
10148220	FUN_10148220	29
10148250	FUN_10148250	29
10148280	FUN_10148280	29
101482b0	FUN_101482b0	43
101482f0	FUN_101482f0	36
10148320	FUN_10148320	29
10148350	FUN_10148350	15
10148370	FUN_10148370	8
10148380	FUN_10148380	43
101483c0	FUN_101483c0	8
101483d0	FUN_101483d0	29
10148400	FUN_10148400	92
10148480	FUN_10148480	29
101484b0	FUN_101484b0	78
10148520	FUN_10148520	15
10148540	FUN_10148540	8
10148550	FUN_10148550	71
101485b0	FUN_101485b0	43
101485f0	FUN_101485f0	22
10148610	FUN_10148610	43
10148650	FUN_10148650	36
10148680	FUN_10148680	8
10148690	FUN_10148690	29
101486c0	FUN_101486c0	71
10148720	FUN_10148720	36
10148750	FUN_10148750	22
10148770	FUN_10148770	36
101487a0	FUN_101487a0	43
101487e0	FUN_101487e0	113
10148870	FUN_10148870	8
10148880	FUN_10148880	8
10148890	FUN_10148890	15
101488b0	FUN_101488b0	15
101488d0	FUN_101488d0	8
101488e0	FUN_101488e0	8
101488f0	FUN_101488f0	8
10148900	FUN_10148900	8
10148910	FUN_10148910	148
101489d0	FUN_101489d0	15
101489f0	FUN_101489f0	9
101a1e90	FUN_101a1e90	6
101a1fd0	FUN_101a1fd0	38
101a2020	FUN_101a2020	7
101a21c0	FUN_101a21c0	25
101a21e0	FUN_101a21e0	33
101a22d0	FUN_101a22d0	46
101a2310	FUN_101a2310	46
101a2350	FUN_101a2350	46
101a2670	FUN_101a2670	7
101a2680	FUN_101a2680	5
101a2810	FUN_101a2810	35
101a2840	FUN_101a2840	35
101a2870	FUN_101a2870	35
101a29b0	FUN_101a29b0	15
101a29d0	FUN_101a29d0	5
101a29e0	FUN_101a29e0	5
101a29f0	FUN_101a29f0	5
101a2a00	FUN_101a2a00	5
101a2a10	FUN_101a2a10	16
101a2a30	FUN_101a2a30	5
101a2a40	FUN_101a2a40	5
101a2a50	FUN_101a2a50	21
101a2a70	FUN_101a2a70	25
101a2a90	FUN_101a2a90	23
101a2ab0	FUN_101a2ab0	49
101a2af0	FUN_101a2af0	23
101a3250	FUN_101a3250	31
101a32a0	FUN_101a32a0	49
101a3390	FUN_101a3390	3
101a33a0	FUN_101a33a0	3
101a33b0	FUN_101a33b0	3
101a33c0	FUN_101a33c0	3
101a33d0	FUN_101a33d0	3
101a33e0	FUN_101a33e0	6
101a36e0	FUN_101a36e0	3
101a36f0	FUN_101a36f0	4
101a3740	FUN_101a3740	24
101a3b20	FUN_101a3b20	12
101a3b30	FUN_101a3b30	9
101a3b50	FUN_101a3b50	4
101a3b60	FUN_101a3b60	30
101a3cb0	FUN_101a3cb0	4
101a4230	FUN_101a4230	8
101a4750	FUN_101a4750	18
101a4770	FUN_101a4770	3
101a4780	FUN_101a4780	8
101a4c80	FUN_101a4c80	4
101a4d00	FUN_101a4d00	10
101a4d10	FUN_101a4d10	32
101a4e60	FUN_101a4e60	6
101a4e70	FUN_101a4e70	6
101a5700	FUN_101a5700	4
101a6d90	FUN_101a6d90	25
101a6db0	FUN_101a6db0	25
101a6dd0	FUN_101a6dd0	22
101a6df0	FUN_101a6df0	26
101a6e10	FUN_101a6e10	25
101a6e30	FUN_101a6e30	18
101a6e50	FUN_101a6e50	18
101a6e70	FUN_101a6e70	3
101a6f10	FUN_101a6f10	3
101a6f20	FUN_101a6f20	3
101a6f30	FUN_101a6f30	18
101a6f50	FUN_101a6f50	18
101a72d0	FUN_101a72d0	7
101a72e0	FUN_101a72e0	7
101a72f0	FUN_101a72f0	7
101a7300	FUN_101a7300	7
101a77f0	FUN_101a77f0	229
101a7910	FUN_101a7910	149
101a79d0	FUN_101a79d0	90
101a7a40	FUN_101a7a40	51
101a7ae0	FUN_101a7ae0	8
101a7f10	FUN_101a7f10	5
101a7f20	FUN_101a7f20	5
101a80e0	FUN_101a80e0	42
101a8120	FUN_101a8120	42
101a8160	FUN_101a8160	61
101a81b0	FUN_101a81b0	61
101a8200	FUN_101a8200	8
101a8210	FUN_101a8210	87
101a8280	FUN_101a8280	68
101a82e0	FUN_101a82e0	5
101a82f0	FUN_101a82f0	13
101a8300	FUN_101a8300	13
101a8970	FUN_101a8970	5
101a8980	FUN_101a8980	5
101a89f0	FUN_101a89f0	5
101a8a00	FUN_101a8a00	13
101a8a10	FUN_101a8a10	13
101a8a20	FUN_101a8a20	3
101a8a30	FUN_101a8a30	36
101a8a60	FUN_101a8a60	36
101a8a90	FUN_101a8a90	5
101a8aa0	FUN_101a8aa0	5
101a8ab0	FUN_101a8ab0	5
101a8ac0	FUN_101a8ac0	5
101a8ad0	FUN_101a8ad0	5
101a8ae0	FUN_101a8ae0	6
101a8af0	FUN_101a8af0	6
101a8b00	FUN_101a8b00	19
101a8b20	FUN_101a8b20	5
101a8b30	FUN_101a8b30	35
101a8b60	FUN_101a8b60	31
101a8b90	FUN_101a8b90	31
101a8bc0	FUN_101a8bc0	19
101a8e10	FUN_101a8e10	11
101a8e20	FUN_101a8e20	11
101a8e30	FUN_101a8e30	23
101a8e50	FUN_101a8e50	23
101a8e70	FUN_101a8e70	3
101a8e80	FUN_101a8e80	3
101a8e90	FUN_101a8e90	23
101a8eb0	FUN_101a8eb0	23
101a9320	FUN_101a9320	12
101a9340	FUN_101a9340	3
101a9350	FUN_101a9350	7
101a9360	FUN_101a9360	3
101a9370	FUN_101a9370	3
101a9380	FUN_101a9380	18
101a93a0	FUN_101a93a0	14
101a93c0	FUN_101a93c0	14
101a9780	FUN_101a9780	49
101a97c0	FUN_101a97c0	49
101a98e0	FUN_101a98e0	3
101a98f0	FUN_101a98f0	3
101a9900	FUN_101a9900	3
101a9910	FUN_101a9910	3
101a9920	FUN_101a9920	3
101a9930	FUN_101a9930	3
101a9940	FUN_101a9940	3
101a9950	FUN_101a9950	3
101a9960	FUN_101a9960	3
101a9970	FUN_101a9970	3
101a9980	FUN_101a9980	3
101a9990	FUN_101a9990	3
101a99a0	FUN_101a99a0	9
101a9bb0	FUN_101a9bb0	3
101a9bc0	FUN_101a9bc0	3
101a9cf0	FUN_101a9cf0	39
101a9d50	FUN_101a9d50	11
101a9d60	FUN_101a9d60	9
101a9d70	FUN_101a9d70	9
101a9d80	FUN_101a9d80	7
101a9d90	FUN_101a9d90	6
101a9da0	FUN_101a9da0	6
101a9ff0	FUN_101a9ff0	9
101aa000	FUN_101aa000	12
101aa0c0	FUN_101aa0c0	6
101aa0d0	FUN_101aa0d0	6
101aa0e0	FUN_101aa0e0	6
101aa0f0	FUN_101aa0f0	6
101aa100	FUN_101aa100	6
101aa110	FUN_101aa110	6
101aa120	FUN_101aa120	3
101aa130	FUN_101aa130	36
101aa160	FUN_101aa160	36
101aa3d0	FUN_101aa3d0	28
101aa400	FUN_101aa400	28
101aa520	FUN_101aa520	9
101aa5a0	FUN_101aa5a0	25
101aa670	FUN_101aa670	25
101aa690	FUN_101aa690	25
101aa6b0	FUN_101aa6b0	18
101aa6d0	FUN_101aa6d0	5
101aa6e0	FUN_101aa6e0	5
101aa6f0	FUN_101aa6f0	5
101aa700	FUN_101aa700	22
101aa890	FUN_101aa890	26
101aa8b0	FUN_101aa8b0	25
101aa8d0	FUN_101aa8d0	91
101aa950	FUN_101aa950	26
101aaae0	FUN_101aaae0	83
101aad80	FUN_101aad80	24
101aada0	FUN_101aada0	3
101aadb0	FUN_101aadb0	3
101ab370	FUN_101ab370	64
101ab3c0	FUN_101ab3c0	13
101ab3d0	FUN_101ab3d0	13
101ab3e0	FUN_101ab3e0	13
101ab3f0	FUN_101ab3f0	13
101ab430	FUN_101ab430	3
101ab440	FUN_101ab440	3
101ab450	FUN_101ab450	3
101ab460	FUN_101ab460	18
101ab480	FUN_101ab480	18
101ab7e0	FUN_101ab7e0	15
101ab8c0	FUN_101ab8c0	5
101ab8d0	FUN_101ab8d0	7
101ab8e0	FUN_101ab8e0	7
101ab8f0	FUN_101ab8f0	5
101ab900	FUN_101ab900	3
101ab910	FUN_101ab910	3
101ab920	FUN_101ab920	5
101ab960	FUN_101ab960	5
101ab970	FUN_101ab970	5
101ab980	FUN_101ab980	5
101ab990	FUN_101ab990	5
101ab9a0	FUN_101ab9a0	5
101ab9b0	FUN_101ab9b0	5
101ab9c0	FUN_101ab9c0	5
101ab9d0	FUN_101ab9d0	5
101aba10	FUN_101aba10	13
101abaa0	FUN_101abaa0	3
101abd50	FUN_101abd50	36
101abd80	FUN_101abd80	15
101abda0	FUN_101abda0	15
101abdc0	FUN_101abdc0	15
101abe60	FUN_101abe60	5
101abe70	FUN_101abe70	5
101abe80	FUN_101abe80	5
101abe90	FUN_101abe90	5
101abea0	FUN_101abea0	5
101abeb0	FUN_101abeb0	5
101abec0	FUN_101abec0	5
101abed0	FUN_101abed0	5
101abee0	FUN_101abee0	5
101abef0	FUN_101abef0	6
101abf00	FUN_101abf00	6
101abf10	FUN_101abf10	6
101abf20	FUN_101abf20	6
101abf30	FUN_101abf30	6
101abf40	FUN_101abf40	6
101abf50	FUN_101abf50	6
101abf60	FUN_101abf60	6
101abf70	FUN_101abf70	6
101abf80	FUN_101abf80	6
101ac550	FUN_101ac550	16
101ac570	FUN_101ac570	16
101ac980	FUN_101ac980	9
101ac9b0	FUN_101ac9b0	18
101ac9d0	FUN_101ac9d0	11
101ac9e0	FUN_101ac9e0	11
101ac9f0	FUN_101ac9f0	18
101aca10	FUN_101aca10	11
101aca20	FUN_101aca20	11
101aca30	FUN_101aca30	16
101aca50	FUN_101aca50	11
101aca60	FUN_101aca60	14
101aca80	FUN_101aca80	23
101acaa0	FUN_101acaa0	23
101acac0	FUN_101acac0	3
101acc70	FUN_101acc70	23
101acca0	FUN_101acca0	25
101accc0	FUN_101accc0	25
101ad9e0	FUN_101ad9e0	11
101aebe0	FUN_101aebe0	3
101af1b0	FUN_101af1b0	15
101af1f0	FUN_101af1f0	65
101af2c0	FUN_101af2c0	65
101af320	FUN_101af320	65
101af380	FUN_101af380	65
101af3e0	FUN_101af3e0	65
101af440	FUN_101af440	65
101af580	FUN_101af580	65
101af650	FUN_101af650	65
101af6b0	FUN_101af6b0	65
101af710	FUN_101af710	65
101af770	FUN_101af770	65
101af7d0	FUN_101af7d0	65
101af830	FUN_101af830	65
101af890	FUN_101af890	65
101af8f0	FUN_101af8f0	65
101af950	FUN_101af950	65
101afa20	FUN_101afa20	65
101afa80	FUN_101afa80	65
101afae0	FUN_101afae0	65
101afb40	FUN_101afb40	65
101afc10	FUN_101afc10	65
101afc70	FUN_101afc70	65
101afcd0	FUN_101afcd0	65
101afd30	FUN_101afd30	65
101afd90	FUN_101afd90	65
101afdf0	FUN_101afdf0	65
101afe50	FUN_101afe50	65
101afff0	FUN_101afff0	5
101b0000	FUN_101b0000	70
101b0140	FUN_101b0140	5
101b0150	FUN_101b0150	5
101b0160	FUN_101b0160	5
101b0170	FUN_101b0170	5
101b0180	FUN_101b0180	5
101b1040	FUN_101b1040	70
101b10a0	FUN_101b10a0	14
101b10c0	FUN_101b10c0	14
101b10f0	FUN_101b10f0	12
101b1100	FUN_101b1100	3
101b1110	FUN_101b1110	3
101b1120	FUN_101b1120	3
101b1130	FUN_101b1130	7
101b1140	FUN_101b1140	3
101b1150	FUN_101b1150	7
101b1160	FUN_101b1160	3
101b1170	FUN_101b1170	3
101b1180	FUN_101b1180	3
101b1190	FUN_101b1190	3
101b11a0	FUN_101b11a0	3
101b11b0	FUN_101b11b0	6
101b11c0	FUN_101b11c0	6
101b11d0	FUN_101b11d0	6
101b11e0	FUN_101b11e0	9
101b11f0	FUN_101b11f0	9
101b1270	FUN_101b1270	10
101b1e00	FUN_101b1e00	49
101b2070	FUN_101b2070	3
101b2080	FUN_101b2080	5
101b22c0	FUN_101b22c0	3
101b22d0	FUN_101b22d0	3
101b22e0	FUN_101b22e0	3
101b22f0	FUN_101b22f0	3
101b2300	FUN_101b2300	3
101b2310	FUN_101b2310	3
101b2320	FUN_101b2320	3
101b2330	FUN_101b2330	3
101b2340	FUN_101b2340	4
101b2350	FUN_101b2350	3
101b2360	FUN_101b2360	4
101b2370	FUN_101b2370	3
101b2380	FUN_101b2380	3
101b2390	FUN_101b2390	3
101b23a0	FUN_101b23a0	3
101b2430	FUN_101b2430	13
101b2440	FUN_101b2440	4
101b24f0	FUN_101b24f0	3
101b2500	FUN_101b2500	3
101b2510	FUN_101b2510	3
101b2560	FUN_101b2560	11
101b2570	FUN_101b2570	6
101b2710	FUN_101b2710	14
101b2730	FUN_101b2730	14
101b2750	FUN_101b2750	13
101b2760	FUN_101b2760	13
101b2770	FUN_101b2770	13
101b2780	FUN_101b2780	12
101b2790	FUN_101b2790	12
101b27a0	FUN_101b27a0	10
101b27b0	FUN_101b27b0	11
101b27c0	FUN_101b27c0	11
101b28c0	FUN_101b28c0	43
101b2d20	FUN_101b2d20	19
101b2d40	FUN_101b2d40	4
101b2e10	FUN_101b2e10	9
101b2e20	FUN_101b2e20	68
101b49e0	FUN_101b49e0	9
101b4dc0	FUN_101b4dc0	4
101b5040	FUN_101b5040	15
101b52d0	FUN_101b52d0	4
101b5560	FUN_101b5560	3
101b5800	FUN_101b5800	6
101b5810	FUN_101b5810	6
101b5820	FUN_101b5820	6
101b5830	FUN_101b5830	6
101b5840	FUN_101b5840	6
101b5850	FUN_101b5850	6
101b5860	FUN_101b5860	6
101b5870	FUN_101b5870	6
101b5880	FUN_101b5880	6
101b5890	FUN_101b5890	6
101b5e80	FUN_101b5e80	7
101b5e90	FUN_101b5e90	36
101b5f40	FUN_101b5f40	6
101b5f50	FUN_101b5f50	6
101b5f60	FUN_101b5f60	6
101b5f70	FUN_101b5f70	6
101b5f80	FUN_101b5f80	6
101b5f90	FUN_101b5f90	6
101b6640	FUN_101b6640	5
101b6840	FUN_101b6840	3
101b6850	FUN_101b6850	3
101b6860	FUN_101b6860	3
101b6870	FUN_101b6870	3
101b6880	FUN_101b6880	3
101b6890	FUN_101b6890	3
101b68a0	FUN_101b68a0	3
101b68b0	FUN_101b68b0	3
101b68c0	FUN_101b68c0	36
101b6f00	FUN_101b6f00	28
101b6f30	FUN_101b6f30	28
101b6f60	FUN_101b6f60	28
101b6f90	FUN_101b6f90	28
101b6fc0	FUN_101b6fc0	28
101b6ff0	FUN_101b6ff0	28
101b7020	FUN_101b7020	28
101b7050	FUN_101b7050	28
101b7080	FUN_101b7080	28
101b70b0	FUN_101b70b0	28
101b70e0	FUN_101b70e0	28
101b7110	FUN_101b7110	28
101b7140	FUN_101b7140	28
101b7170	FUN_101b7170	28
101b71a0	FUN_101b71a0	28
101b71d0	FUN_101b71d0	28
101b7200	FUN_101b7200	28
101b7230	FUN_101b7230	28
101b7260	FUN_101b7260	28
101b7290	FUN_101b7290	28
101b72c0	FUN_101b72c0	28
101b72f0	FUN_101b72f0	28
101b7320	FUN_101b7320	28
101b7350	FUN_101b7350	28
101b7380	FUN_101b7380	28
101b73b0	FUN_101b73b0	28
101b73e0	FUN_101b73e0	28
101b7410	FUN_101b7410	28
101b7440	FUN_101b7440	28
101b7470	FUN_101b7470	28
101b74a0	FUN_101b74a0	28
101b74d0	FUN_101b74d0	28
101b7500	FUN_101b7500	20
101b7d40	FUN_101b7d40	5
101b7f60	FUN_101b7f60	9
101b7f70	FUN_101b7f70	4
101b7f80	FUN_101b7f80	9
101b80a0	FUN_101b80a0	6
101b8380	FUN_101b8380	48
101b83c0	FUN_101b83c0	3
101b83d0	FUN_101b83d0	3
101b83e0	FUN_101b83e0	3
101b8500	FUN_101b8500	6
101b8cf0	FUN_101b8cf0	6
101b8e50	FUN_101b8e50	3
101b8e60	FUN_101b8e60	3
101b9370	FUN_101b9370	6
101b9380	FUN_101b9380	6
101b9690	FUN_101b9690	16
101b96e0	FUN_101b96e0	16
101b9720	FUN_101b9720	30
101b9800	FUN_101b9800	9
101ba0b0	FUN_101ba0b0	3
101ba400	FUN_101ba400	65
101ba5c0	FUN_101ba5c0	4
101ba5d0	FUN_101ba5d0	3
101ba5e0	FUN_101ba5e0	7
101ba5f0	FUN_101ba5f0	7
101ba600	FUN_101ba600	7
101ba610	FUN_101ba610	7
101ba620	FUN_101ba620	3
101ba630	FUN_101ba630	4
101ba640	FUN_101ba640	3
101ba650	FUN_101ba650	7
101ba670	FUN_101ba670	3
101ba680	FUN_101ba680	3
101ba690	FUN_101ba690	3
101ba6a0	FUN_101ba6a0	3
101ba6b0	FUN_101ba6b0	3
101ba6c0	FUN_101ba6c0	3
101babf0	FUN_101babf0	13
101baff0	FUN_101baff0	9
101bb000	FUN_101bb000	9
101bb4c0	FUN_101bb4c0	7
101bb8b0	FUN_101bb8b0	5
101bbad0	FUN_101bbad0	6
101bbae0	FUN_101bbae0	6
101bbaf0	FUN_101bbaf0	7
101bbb00	FUN_101bbb00	7
101bbb20	FUN_101bbb20	8
101bbb30	FUN_101bbb30	8
101bbc10	FUN_101bbc10	8
101bbed0	FUN_101bbed0	3
101bbee0	FUN_101bbee0	3
101bc1b0	FUN_101bc1b0	28
101bc1e0	FUN_101bc1e0	28
101bc210	FUN_101bc210	28
101bc240	FUN_101bc240	28
101bc270	FUN_101bc270	28
101bc2a0	FUN_101bc2a0	28
101bc300	FUN_101bc300	33
101bc410	FUN_101bc410	7
101bc4a0	FUN_101bc4a0	22
101bc570	FUN_101bc570	25
101bc590	FUN_101bc590	26
101bc5b0	FUN_101bc5b0	3
101bc780	FUN_101bc780	7
101bc790	FUN_101bc790	154
101bce30	FUN_101bce30	8
101bd580	FUN_101bd580	5
101bd880	FUN_101bd880	8
101bdc30	FUN_101bdc30	5
101bddc0	FUN_101bddc0	5
101bddd0	FUN_101bddd0	6
101bde90	FUN_101bde90	31
101bdfc0	FUN_101bdfc0	11
101bdfd0	FUN_101bdfd0	11
101be1f0	FUN_101be1f0	12
101be200	FUN_101be200	12
101be230	FUN_101be230	3
101be240	FUN_101be240	3
101be250	FUN_101be250	18
101be270	FUN_101be270	14
101be290	FUN_101be290	14
101be380	FUN_101be380	13
101be390	FUN_101be390	3
101be3a0	FUN_101be3a0	3
101be450	FUN_101be450	11
101be880	FUN_101be880	9
101be8a0	FUN_101be8a0	12
101bee00	FUN_101bee00	6
101bef30	FUN_101bef30	3
101bf0a0	FUN_101bf0a0	28
101bf1a0	FUN_101bf1a0	9
101bf460	FUN_101bf460	7
101bf470	FUN_101bf470	3
101c33a0	FUN_101c33a0	5
101c3630	FUN_101c3630	9
101c3640	FUN_101c3640	11
101c3650	FUN_101c3650	4
101c3660	FUN_101c3660	28
101c36a0	FUN_101c36a0	68
101c3700	FUN_101c3700	25
101c3720	FUN_101c3720	22
101c3800	FUN_101c3800	18
101c3820	FUN_101c3820	25
101c3840	FUN_101c3840	25
101c3860	FUN_101c3860	13
101c3870	FUN_101c3870	22
101c3890	FUN_101c3890	5
101c38a0	FUN_101c38a0	5
101c38b0	FUN_101c38b0	5
101c38c0	FUN_101c38c0	11
101c38d0	FUN_101c38d0	13
101c38e0	FUN_101c38e0	70
101c3a40	FUN_101c3a40	26
101c3a60	FUN_101c3a60	26
101c3a80	FUN_101c3a80	25
101c3aa0	FUN_101c3aa0	26
101c3ac0	FUN_101c3ac0	43
101c3b80	FUN_101c3b80	26
101c3ba0	FUN_101c3ba0	26
101c3bc0	FUN_101c3bc0	91
101c3d80	FUN_101c3d80	11
101c3d90	FUN_101c3d90	11
101c4290	FUN_101c4290	3
101c42a0	FUN_101c42a0	13
101c42b0	FUN_101c42b0	13
101c42c0	FUN_101c42c0	13
101c42d0	FUN_101c42d0	3
101c42e0	FUN_101c42e0	3
101c43c0	FUN_101c43c0	18
101c4900	FUN_101c4900	15
101c4a20	FUN_101c4a20	7
101c4a30	FUN_101c4a30	7
101c4a80	FUN_101c4a80	5
101c4d10	FUN_101c4d10	7
101c4d20	FUN_101c4d20	5
101c4e70	FUN_101c4e70	5
101c4e80	FUN_101c4e80	5
101c4e90	FUN_101c4e90	5
101c4ea0	FUN_101c4ea0	5
101c4eb0	FUN_101c4eb0	5
101c4ec0	FUN_101c4ec0	5
101c4ed0	FUN_101c4ed0	5
101c4f50	FUN_101c4f50	62
101c5170	FUN_101c5170	15
101c5260	FUN_101c5260	5
101c5270	FUN_101c5270	5
101c5280	FUN_101c5280	5
101c5290	FUN_101c5290	5
101c52a0	FUN_101c52a0	5
101c52b0	FUN_101c52b0	5
101c52c0	FUN_101c52c0	5
101c52d0	FUN_101c52d0	5
101c52e0	FUN_101c52e0	5
101c52f0	FUN_101c52f0	5
101c5300	FUN_101c5300	5
101c5310	FUN_101c5310	5
101c5320	FUN_101c5320	11
101c5330	FUN_101c5330	6
101c5340	FUN_101c5340	6
101c5350	FUN_101c5350	6
101c5360	FUN_101c5360	6
101c5370	FUN_101c5370	5
101c5380	FUN_101c5380	5
101c5390	FUN_101c5390	5
101c5530	FUN_101c5530	16
101c5580	FUN_101c5580	16
101c55a0	FUN_101c55a0	16
101c5600	FUN_101c5600	16
101c5620	FUN_101c5620	16
101c56a0	FUN_101c56a0	18
101c5790	FUN_101c5790	11
101c57a0	FUN_101c57a0	11
101c57b0	FUN_101c57b0	11
101c57c0	FUN_101c57c0	11
101c57d0	FUN_101c57d0	16
101c57f0	FUN_101c57f0	9
101c5800	FUN_101c5800	13
101c5810	FUN_101c5810	14
101c5830	FUN_101c5830	21
101c5850	FUN_101c5850	23
101c5870	FUN_101c5870	23
101c5890	FUN_101c5890	3
101c58a0	FUN_101c58a0	3
101c58e0	FUN_101c58e0	13
101c58f0	FUN_101c58f0	5
101c59d0	FUN_101c59d0	23
101c6330	FUN_101c6330	11
101c69d0	FUN_101c69d0	3
101c73c0	FUN_101c73c0	14
101c73e0	FUN_101c73e0	14
101c7400	FUN_101c7400	14
101c7420	FUN_101c7420	14
101c7470	FUN_101c7470	12
101c7480	FUN_101c7480	3
101c7490	FUN_101c7490	3
101c74a0	FUN_101c74a0	3
101c74b0	FUN_101c74b0	3
101c74c0	FUN_101c74c0	7
101c74d0	FUN_101c74d0	3
101c74e0	FUN_101c74e0	7
101c74f0	FUN_101c74f0	3
101c7500	FUN_101c7500	7
101c7510	FUN_101c7510	7
101c7520	FUN_101c7520	3
101c7530	FUN_101c7530	3
101c7540	FUN_101c7540	3
101c7550	FUN_101c7550	3
101c7560	FUN_101c7560	3
101c7570	FUN_101c7570	6
101c7580	FUN_101c7580	6
101c7590	FUN_101c7590	6
101c75a0	FUN_101c75a0	6
101c75b0	FUN_101c75b0	6
101c75c0	FUN_101c75c0	9
101c75d0	FUN_101c75d0	9
101c75e0	FUN_101c75e0	10
101c8530	FUN_101c8530	49
101c8a30	FUN_101c8a30	3
101c8a40	FUN_101c8a40	3
101c8a50	FUN_101c8a50	3
101c8a60	FUN_101c8a60	3
101c8a70	FUN_101c8a70	3
101c8a80	FUN_101c8a80	3
101c8a90	FUN_101c8a90	3
101c8aa0	FUN_101c8aa0	3
101c8ab0	FUN_101c8ab0	3
101c8ac0	FUN_101c8ac0	3
101c8ad0	FUN_101c8ad0	3
101c8ae0	FUN_101c8ae0	3
101c8af0	FUN_101c8af0	3
101c8b00	FUN_101c8b00	3
101c8b90	FUN_101c8b90	13
101c8ba0	FUN_101c8ba0	3
101c8bb0	FUN_101c8bb0	3
101c8c30	FUN_101c8c30	3
101c8c40	FUN_101c8c40	3
101c8d00	FUN_101c8d00	11
101c8d10	FUN_101c8d10	6
101c8d20	FUN_101c8d20	6
101c9020	FUN_101c9020	14
101c9040	FUN_101c9040	13
101c9050	FUN_101c9050	12
101c9060	FUN_101c9060	11
101c9070	FUN_101c9070	43
101c9ac0	FUN_101c9ac0	19
101c9ae0	FUN_101c9ae0	4
101c9b20	FUN_101c9b20	9
101c9b30	FUN_101c9b30	68
101ca900	FUN_101ca900	16
101ca920	FUN_101ca920	16
101ca940	FUN_101ca940	9
101ca9a0	FUN_101ca9a0	12
101ca9b0	FUN_101ca9b0	11
101cb030	FUN_101cb030	6
101cb040	FUN_101cb040	6
101cb050	FUN_101cb050	6
101cb060	FUN_101cb060	6
101cb080	FUN_101cb080	6
101cb090	FUN_101cb090	6
101cb0a0	FUN_101cb0a0	6
101cb0b0	FUN_101cb0b0	6
101cb0c0	FUN_101cb0c0	6
101cb0d0	FUN_101cb0d0	6
101cb0e0	FUN_101cb0e0	5
101cb0f0	FUN_101cb0f0	3
101cb100	FUN_101cb100	3
101cb110	FUN_101cb110	3
101cb120	FUN_101cb120	3
101cb130	FUN_101cb130	3
101cb140	FUN_101cb140	3
101cb150	FUN_101cb150	3
101cb590	FUN_101cb590	28
101cb5c0	FUN_101cb5c0	28
101cb5f0	FUN_101cb5f0	28
101cb620	FUN_101cb620	28
101cb650	FUN_101cb650	28
101cb680	FUN_101cb680	28
101cb6b0	FUN_101cb6b0	28
101cb6e0	FUN_101cb6e0	28
101cb710	FUN_101cb710	20
101cb730	FUN_101cb730	9
101cb740	FUN_101cb740	9
101cc260	FUN_101cc260	18
101cc280	FUN_101cc280	18
101cc2a0	FUN_101cc2a0	18
101cc2f0	FUN_101cc2f0	22
101cc310	FUN_101cc310	22
101cc330	FUN_101cc330	27
101cc360	FUN_101cc360	11
101cc370	FUN_101cc370	11
101cc380	FUN_101cc380	18
101cc3a0	FUN_101cc3a0	18
101cc5f0	FUN_101cc5f0	22
101cc610	FUN_101cc610	11
101cc840	FUN_101cc840	29
101cc870	FUN_101cc870	91
101cc8f0	FUN_101cc8f0	26
101cc910	FUN_101cc910	43
101cca90	FUN_101cca90	26
101ccb30	FUN_101ccb30	26
101ccbd0	FUN_101ccbd0	26
101ccef0	FUN_101ccef0	26
101cd090	FUN_101cd090	43
101cd250	FUN_101cd250	26
101cd270	FUN_101cd270	25
101cd290	FUN_101cd290	26
101cd760	FUN_101cd760	83
101cd840	FUN_101cd840	12
101cd850	FUN_101cd850	3
101cd860	FUN_101cd860	3
101cd870	FUN_101cd870	3
101cdae0	FUN_101cdae0	13
101cdaf0	FUN_101cdaf0	13
101cdb00	FUN_101cdb00	13
101cdb10	FUN_101cdb10	13
101cdb20	FUN_101cdb20	13
101cdbc0	FUN_101cdbc0	3
101cdbd0	FUN_101cdbd0	3
101cdbe0	FUN_101cdbe0	3
101cdbf0	FUN_101cdbf0	11
101cdcd0	FUN_101cdcd0	118
101cdf30	FUN_101cdf30	73
101ce050	FUN_101ce050	15
101ce070	FUN_101ce070	15
101ce090	FUN_101ce090	15
101ce1d0	FUN_101ce1d0	15
101ce260	FUN_101ce260	13
101ce270	FUN_101ce270	5
101ce280	FUN_101ce280	13
101ce3b0	FUN_101ce3b0	5
101ce3f0	FUN_101ce3f0	30
101ce630	FUN_101ce630	13
101ce640	FUN_101ce640	16
101ce680	FUN_101ce680	12
101ce7f0	FUN_101ce7f0	7
101ce800	FUN_101ce800	5
101ce810	FUN_101ce810	5
101ce820	FUN_101ce820	5
101ce830	FUN_101ce830	5
101ce890	FUN_101ce890	5
101ce8a0	FUN_101ce8a0	5
101ce8b0	FUN_101ce8b0	5
101ce8c0	FUN_101ce8c0	5
101ce8d0	FUN_101ce8d0	5
101ce8e0	FUN_101ce8e0	5
101ce8f0	FUN_101ce8f0	5
101ce900	FUN_101ce900	5
101ce910	FUN_101ce910	5
101ce920	FUN_101ce920	5
101ce930	FUN_101ce930	5
101ce940	FUN_101ce940	5
101ce950	FUN_101ce950	5
101ce960	FUN_101ce960	5
101cea80	FUN_101cea80	25
101cead0	FUN_101cead0	3
101ceb70	FUN_101ceb70	3
101cebf0	FUN_101cebf0	86
101cec60	FUN_101cec60	15
101cec80	FUN_101cec80	15
101ceca0	FUN_101ceca0	15
101cecc0	FUN_101cecc0	15
101cece0	FUN_101cece0	15
101cee20	FUN_101cee20	5
101cee30	FUN_101cee30	5
101cee40	FUN_101cee40	5
101cee50	FUN_101cee50	5
101cee60	FUN_101cee60	5
101cee70	FUN_101cee70	5
101cee80	FUN_101cee80	5
101cee90	FUN_101cee90	5
101ceea0	FUN_101ceea0	5
101ceed0	FUN_101ceed0	5
101ceee0	FUN_101ceee0	5
101ceef0	FUN_101ceef0	5
101cef00	FUN_101cef00	5
101cef10	FUN_101cef10	5
101cef20	FUN_101cef20	5
101cef30	FUN_101cef30	5
101cef40	FUN_101cef40	5
101cef50	FUN_101cef50	5
101cef80	FUN_101cef80	5
101cef90	FUN_101cef90	5
101cefa0	FUN_101cefa0	5
101cefb0	FUN_101cefb0	11
101cefc0	FUN_101cefc0	6
101cefd0	FUN_101cefd0	6
101cefe0	FUN_101cefe0	6
101ceff0	FUN_101ceff0	6
101cf000	FUN_101cf000	6
101cf010	FUN_101cf010	6
101cf290	FUN_101cf290	5
101cf2c0	FUN_101cf2c0	5
101cf2d0	FUN_101cf2d0	5
101cf2e0	FUN_101cf2e0	5
101cf4a0	FUN_101cf4a0	19
101cfb20	FUN_101cfb20	16
101cfb40	FUN_101cfb40	16
101cfb60	FUN_101cfb60	16
101cfcb0	FUN_101cfcb0	16
101cfcd0	FUN_101cfcd0	16
101cfd70	FUN_101cfd70	16
101cfe70	FUN_101cfe70	16
101cfed0	FUN_101cfed0	18
101cfef0	FUN_101cfef0	18
101cff10	FUN_101cff10	3
101cff20	FUN_101cff20	3
101cff30	FUN_101cff30	3
101cff40	FUN_101cff40	10
101cff50	FUN_101cff50	10
101cff60	FUN_101cff60	10
101cff70	FUN_101cff70	10
101cff80	FUN_101cff80	10
101cff90	FUN_101cff90	10
101cffa0	FUN_101cffa0	10
101cffb0	FUN_101cffb0	11
101cffc0	FUN_101cffc0	11
101cffd0	FUN_101cffd0	11
101cffe0	FUN_101cffe0	16
101d0000	FUN_101d0000	16
101d00a0	FUN_101d00a0	11
101d00b0	FUN_101d00b0	11
101d0140	FUN_101d0140	11
101d0150	FUN_101d0150	11
101d0160	FUN_101d0160	11
101d0170	FUN_101d0170	16
101d0190	FUN_101d0190	16
101d01b0	FUN_101d01b0	3
101d01c0	FUN_101d01c0	3
101d01d0	FUN_101d01d0	3
101d01e0	FUN_101d01e0	12
101d02f0	FUN_101d02f0	12
101d03f0	FUN_101d03f0	12
101d0550	FUN_101d0550	45
101d05d0	FUN_101d05d0	16
101d05f0	FUN_101d05f0	13
101d0600	FUN_101d0600	31
101d1690	FUN_101d1690	17
101d2ac0	FUN_101d2ac0	34
101d2c20	FUN_101d2c20	19
101d3a50	FUN_101d3a50	18
101d3b20	FUN_101d3b20	3
101d3c20	FUN_101d3c20	65
101d3d60	FUN_101d3d60	65
101d40b0	FUN_101d40b0	5
101d40c0	FUN_101d40c0	5
101d4190	FUN_101d4190	14
101d41b0	FUN_101d41b0	14
101d41d0	FUN_101d41d0	14
101d41f0	FUN_101d41f0	14
101d4210	FUN_101d4210	14
101d4230	FUN_101d4230	14
101d4250	FUN_101d4250	14
101d4270	FUN_101d4270	14
101d43c0	FUN_101d43c0	3
101d43d0	FUN_101d43d0	3
101d43e0	FUN_101d43e0	7
101d43f0	FUN_101d43f0	7
101d4400	FUN_101d4400	3
101d4410	FUN_101d4410	3
101d4420	FUN_101d4420	3
101d4430	FUN_101d4430	3
101d4440	FUN_101d4440	3
101d4450	FUN_101d4450	7
101d4460	FUN_101d4460	3
101d4470	FUN_101d4470	7
101d4480	FUN_101d4480	3
101d4490	FUN_101d4490	7
101d44a0	FUN_101d44a0	3
101d44b0	FUN_101d44b0	7
101d44c0	FUN_101d44c0	7
101d44d0	FUN_101d44d0	7
101d44e0	FUN_101d44e0	3
101d44f0	FUN_101d44f0	3
101d4500	FUN_101d4500	3
101d4510	FUN_101d4510	7
101d4520	FUN_101d4520	3
101d4530	FUN_101d4530	7
101d4540	FUN_101d4540	7
101d4550	FUN_101d4550	7
101d4560	FUN_101d4560	8
101d4570	FUN_101d4570	8
101d4580	FUN_101d4580	8
101d4590	FUN_101d4590	8
101d45a0	FUN_101d45a0	8
101d45b0	FUN_101d45b0	7
101d45c0	FUN_101d45c0	4
101d45d0	FUN_101d45d0	4
101d45e0	FUN_101d45e0	3
101d45f0	FUN_101d45f0	3
101d4600	FUN_101d4600	3
101d4610	FUN_101d4610	3
101d4620	FUN_101d4620	3
101d4630	FUN_101d4630	3
101d4640	FUN_101d4640	3
101d4650	FUN_101d4650	3
101d4660	FUN_101d4660	3
101d4670	FUN_101d4670	3
101d4680	FUN_101d4680	3
101d4690	FUN_101d4690	3
101d46a0	FUN_101d46a0	3
101d46b0	FUN_101d46b0	3
101d46c0	FUN_101d46c0	3
101d46d0	FUN_101d46d0	3
101d46e0	FUN_101d46e0	3
101d46f0	FUN_101d46f0	3
101d4700	FUN_101d4700	3
101d4710	FUN_101d4710	3
101d4720	FUN_101d4720	6
101d4730	FUN_101d4730	6
101d4740	FUN_101d4740	6
101d4750	FUN_101d4750	6
101d4760	FUN_101d4760	6
101d4770	FUN_101d4770	6
101d4780	FUN_101d4780	9
101d4790	FUN_101d4790	9
101d4e00	FUN_101d4e00	18
101d4e20	FUN_101d4e20	18
101d6480	FUN_101d6480	8
101d6490	FUN_101d6490	8
101d64a0	FUN_101d64a0	8
101d64b0	FUN_101d64b0	8
101d64c0	FUN_101d64c0	8
101d64d0	FUN_101d64d0	8
101d64e0	FUN_101d64e0	8
101d6990	FUN_101d6990	3
101d69a0	FUN_101d69a0	3
101d69b0	FUN_101d69b0	3
101d69c0	FUN_101d69c0	3
101d69d0	FUN_101d69d0	3
101d69e0	FUN_101d69e0	3
101d69f0	FUN_101d69f0	3
101d6a00	FUN_101d6a00	3
101d6a10	FUN_101d6a10	3
101d6a20	FUN_101d6a20	3
101d6a30	FUN_101d6a30	3
101d6a40	FUN_101d6a40	3
101d6a50	FUN_101d6a50	3
101d6a60	FUN_101d6a60	3
101d6a70	FUN_101d6a70	3
101d6a80	FUN_101d6a80	3
101d6a90	FUN_101d6a90	3
101d6aa0	FUN_101d6aa0	4
101d6ab0	FUN_101d6ab0	4
101d6ac0	FUN_101d6ac0	4
101d6ad0	FUN_101d6ad0	4
101d6ae0	FUN_101d6ae0	4
101d6af0	FUN_101d6af0	4
101d6b00	FUN_101d6b00	4
101d6e10	FUN_101d6e10	7
101d6e20	FUN_101d6e20	7
101d6e30	FUN_101d6e30	7
101d6e40	FUN_101d6e40	7
101d6e50	FUN_101d6e50	7
101d6e60	FUN_101d6e60	7
101d6e70	FUN_101d6e70	7
101d6ef0	FUN_101d6ef0	30
101d6fd0	FUN_101d6fd0	3
101d6fe0	FUN_101d6fe0	3
101d6ff0	FUN_101d6ff0	3
101d7000	FUN_101d7000	3
101d7010	FUN_101d7010	11
101d7020	FUN_101d7020	26
101d7040	FUN_101d7040	26
101d7060	FUN_101d7060	26
101d7080	FUN_101d7080	26
101d70a0	FUN_101d70a0	76
101d7170	FUN_101d7170	9
101d7180	FUN_101d7180	10
101d7190	FUN_101d7190	10
101d71a0	FUN_101d71a0	10
101d71b0	FUN_101d71b0	10
101d71c0	FUN_101d71c0	10
101d71d0	FUN_101d71d0	10
101d71e0	FUN_101d71e0	10
101d73a0	FUN_101d73a0	42
101d73e0	FUN_101d73e0	38
101d7410	FUN_101d7410	13
101d7420	FUN_101d7420	13
101d7430	FUN_101d7430	11
101d7440	FUN_101d7440	11
101d83b0	FUN_101d83b0	13
101d83c0	FUN_101d83c0	13
101d83d0	FUN_101d83d0	5
101d84f0	FUN_101d84f0	5
101d8cf0	FUN_101d8cf0	16
101d8d10	FUN_101d8d10	9
101d8d20	FUN_101d8d20	9
101d8d30	FUN_101d8d30	9
101d8d40	FUN_101d8d40	9
101d8d50	FUN_101d8d50	9
101d8d60	FUN_101d8d60	9
101d8d70	FUN_101d8d70	9
101d8d80	FUN_101d8d80	32
101d8f60	FUN_101d8f60	8
101d8f70	FUN_101d8f70	11
101d8f80	FUN_101d8f80	11
101d9150	FUN_101d9150	8
101d9160	FUN_101d9160	3
101da360	FUN_101da360	4
101daff0	FUN_101daff0	6
101db000	FUN_101db000	6
101db010	FUN_101db010	6
101db020	FUN_101db020	6
101db030	FUN_101db030	6
101db040	FUN_101db040	6
101dcdd0	FUN_101dcdd0	7
101dcde0	FUN_101dcde0	7
101dcdf0	FUN_101dcdf0	7
101dce00	FUN_101dce00	7
101dce10	FUN_101dce10	7
101dce20	FUN_101dce20	7
101dcf10	FUN_101dcf10	8
101dd030	FUN_101dd030	6
101dd040	FUN_101dd040	6
101dd050	FUN_101dd050	6
101dd060	FUN_101dd060	6
101dd270	FUN_101dd270	5
101dd280	FUN_101dd280	3
101dd290	FUN_101dd290	3
101dd2a0	FUN_101dd2a0	3
101dd2b0	FUN_101dd2b0	3
101dd2c0	FUN_101dd2c0	3
101dd2d0	FUN_101dd2d0	3
101dd2e0	FUN_101dd2e0	3
101dd2f0	FUN_101dd2f0	3
101dd300	FUN_101dd300	3
101dd310	FUN_101dd310	3
101dd320	FUN_101dd320	3
101dd330	FUN_101dd330	3
101dd340	FUN_101dd340	3
101dd350	FUN_101dd350	3
101dd360	FUN_101dd360	3
101dd370	FUN_101dd370	3
101dd380	FUN_101dd380	3
101dd390	FUN_101dd390	3
101dd500	FUN_101dd500	14
101dd520	FUN_101dd520	16
101de100	FUN_101de100	28
101de130	FUN_101de130	28
101de160	FUN_101de160	28
101de190	FUN_101de190	28
101de1c0	FUN_101de1c0	28
101de1f0	FUN_101de1f0	28
101de220	FUN_101de220	28
101de250	FUN_101de250	28
101de280	FUN_101de280	28
101de2b0	FUN_101de2b0	28
101de2e0	FUN_101de2e0	28
101de310	FUN_101de310	28
101de340	FUN_101de340	28
101de370	FUN_101de370	28
101de3a0	FUN_101de3a0	28
101de3d0	FUN_101de3d0	28
101de400	FUN_101de400	28
101de430	FUN_101de430	28
101de460	FUN_101de460	28
101de490	FUN_101de490	28
101de4c0	FUN_101de4c0	28
101de4f0	FUN_101de4f0	28
101de520	FUN_101de520	28
101de550	FUN_101de550	28
101de580	FUN_101de580	20
101de5a0	FUN_101de5a0	20
101de5c0	FUN_101de5c0	20
101df100	FUN_101df100	15
101dfd30	FUN_101dfd30	21
101dfe30	FUN_101dfe30	21
101dfe50	FUN_101dfe50	22
101dfe70	FUN_101dfe70	22
101dff90	FUN_101dff90	11
101dffa0	FUN_101dffa0	11
101dffb0	FUN_101dffb0	22
101dffd0	FUN_101dffd0	11
101e0020	FUN_101e0020	26
101e02e0	FUN_101e02e0	26
101e0300	FUN_101e0300	26
101e0320	FUN_101e0320	26
101e0340	FUN_101e0340	26
101e0360	FUN_101e0360	91
101e03e0	FUN_101e03e0	26
101e0400	FUN_101e0400	26
101e0420	FUN_101e0420	91
101e04a0	FUN_101e04a0	26
101e04c0	FUN_101e04c0	25
101e05d0	FUN_101e05d0	83
101e0640	FUN_101e0640	78
101e0890	FUN_101e0890	83
101e0970	FUN_101e0970	83
101e0a50	FUN_101e0a50	3
101e0a60	FUN_101e0a60	13
101e0c00	FUN_101e0c00	5
101e0c10	FUN_101e0c10	5
101e0d90	FUN_101e0d90	7
101e0da0	FUN_101e0da0	5
101e0db0	FUN_101e0db0	5
101e0e50	FUN_101e0e50	86
101e0ec0	FUN_101e0ec0	15
101e0ee0	FUN_101e0ee0	5
101e0ef0	FUN_101e0ef0	5
101e0f00	FUN_101e0f00	5
101e0f10	FUN_101e0f10	11
101e0f20	FUN_101e0f20	6
101e0f30	FUN_101e0f30	5
101e0fb0	FUN_101e0fb0	16
101e10c0	FUN_101e10c0	18
101e10e0	FUN_101e10e0	11
101e1170	FUN_101e1170	11
101e1180	FUN_101e1180	11
101e1190	FUN_101e1190	13
101e14f0	FUN_101e14f0	14
101e1510	FUN_101e1510	14
101e16f0	FUN_101e16f0	14
101e1830	FUN_101e1830	3
101e1840	FUN_101e1840	3
101e1850	FUN_101e1850	3
101e1860	FUN_101e1860	7
101e1870	FUN_101e1870	3
101e1880	FUN_101e1880	3
101e1890	FUN_101e1890	3
101e18a0	FUN_101e18a0	7
101e18b0	FUN_101e18b0	3
101e18c0	FUN_101e18c0	3
101e18d0	FUN_101e18d0	6
101e18e0	FUN_101e18e0	6
101e18f0	FUN_101e18f0	6
101e1900	FUN_101e1900	6
101e1f70	FUN_101e1f70	3
101e1f80	FUN_101e1f80	3
101e1f90	FUN_101e1f90	3
101e1fa0	FUN_101e1fa0	3
101e1fb0	FUN_101e1fb0	3
101e22c0	FUN_101e22c0	30
101e2320	FUN_101e2320	11
101e23a0	FUN_101e23a0	13
101e23b0	FUN_101e23b0	13
101e23c0	FUN_101e23c0	10
101e2c70	FUN_101e2c70	9
101e2c80	FUN_101e2c80	9
101e2d70	FUN_101e2d70	11
101e4e00	FUN_101e4e00	6
101e4fb0	FUN_101e4fb0	6
101e4fc0	FUN_101e4fc0	6
101e4fd0	FUN_101e4fd0	5
101e4fe0	FUN_101e4fe0	3
101e4ff0	FUN_101e4ff0	3
101e5000	FUN_101e5000	3
101e5010	FUN_101e5010	3
101e5020	FUN_101e5020	3
101e5030	FUN_101e5030	3
101e5040	FUN_101e5040	3
101e5050	FUN_101e5050	3
101e5060	FUN_101e5060	3
101e5070	FUN_101e5070	3
101e5080	FUN_101e5080	3
101e5090	FUN_101e5090	20
101e50b0	FUN_101e50b0	20
101e6070	FUN_101e6070	4
101e65f0	FUN_101e65f0	16
101e7d30	FUN_101e7d30	25
101e7d50	FUN_101e7d50	25
101e7e00	FUN_101e7e00	25
101e7e20	FUN_101e7e20	33
101e7fb0	FUN_101e7fb0	26
101e8050	FUN_101e8050	25
101e8070	FUN_101e8070	26
101e8110	FUN_101e8110	26
101e8130	FUN_101e8130	26
101e8150	FUN_101e8150	78
101e82b0	FUN_101e82b0	78
101e8320	FUN_101e8320	83
101e8470	FUN_101e8470	3
101e8e40	FUN_101e8e40	7
101e8e50	FUN_101e8e50	7
101e8e60	FUN_101e8e60	7
101e8e70	FUN_101e8e70	93
101e8f70	FUN_101e8f70	92
101e8ff0	FUN_101e8ff0	92
101e9070	FUN_101e9070	3
101e9080	FUN_101e9080	24
101e90a0	FUN_101e90a0	24
101e90c0	FUN_101e90c0	5
101e90d0	FUN_101e90d0	5
101e9360	FUN_101e9360	5
101e9370	FUN_101e9370	5
101e9380	FUN_101e9380	5
101e9390	FUN_101e9390	5
101e93a0	FUN_101e93a0	5
101e93b0	FUN_101e93b0	5
101e93c0	FUN_101e93c0	18
101e93e0	FUN_101e93e0	20
101e9600	FUN_101e9600	12
101e9bf0	FUN_101e9bf0	15
101e9c10	FUN_101e9c10	5
101e9c20	FUN_101e9c20	5
101e9c30	FUN_101e9c30	5
101e9c40	FUN_101e9c40	5
101e9c50	FUN_101e9c50	5
101e9c60	FUN_101e9c60	5
101e9c70	FUN_101e9c70	5
101e9c80	FUN_101e9c80	5
101e9c90	FUN_101e9c90	6
101e9ca0	FUN_101e9ca0	6
101e9cb0	FUN_101e9cb0	5
101e9cc0	FUN_101e9cc0	5
101e9cd0	FUN_101e9cd0	5
101e9ce0	FUN_101e9ce0	12
101e9d50	FUN_101e9d50	16
101e9d70	FUN_101e9d70	16
101e9d90	FUN_101e9d90	16
101e9db0	FUN_101e9db0	16
101e9e40	FUN_101e9e40	16
101e9f50	FUN_101e9f50	21
101e9f70	FUN_101e9f70	21
101e9f90	FUN_101e9f90	11
101e9fa0	FUN_101e9fa0	11
101e9fb0	FUN_101e9fb0	11
101e9fc0	FUN_101e9fc0	11
101e9fd0	FUN_101e9fd0	25
101e9ff0	FUN_101e9ff0	23
101ea010	FUN_101ea010	23
101ea030	FUN_101ea030	3
101ea040	FUN_101ea040	3
101ea050	FUN_101ea050	49
101ea150	FUN_101ea150	23
101ea170	FUN_101ea170	23
101eb670	FUN_101eb670	65
101eb740	FUN_101eb740	65
101eb810	FUN_101eb810	31
101eb840	FUN_101eb840	14
101eb860	FUN_101eb860	14
101eb880	FUN_101eb880	14
101eb8a0	FUN_101eb8a0	14
101eb8c0	FUN_101eb8c0	12
101eb8d0	FUN_101eb8d0	12
101eb8e0	FUN_101eb8e0	12
101eb8f0	FUN_101eb8f0	3
101eb900	FUN_101eb900	7
101eb910	FUN_101eb910	7
101eb920	FUN_101eb920	3
101eb930	FUN_101eb930	3
101eb940	FUN_101eb940	7
101eb950	FUN_101eb950	7
101eb960	FUN_101eb960	3
101eb970	FUN_101eb970	7
101eb980	FUN_101eb980	3
101eb990	FUN_101eb990	7
101eb9a0	FUN_101eb9a0	7
101eb9b0	FUN_101eb9b0	7
101eb9c0	FUN_101eb9c0	7
101eb9d0	FUN_101eb9d0	3
101eb9e0	FUN_101eb9e0	3
101eb9f0	FUN_101eb9f0	3
101eba00	FUN_101eba00	3
101eba10	FUN_101eba10	3
101eba20	FUN_101eba20	3
101eba30	FUN_101eba30	3
101eba40	FUN_101eba40	3
101eba50	FUN_101eba50	3
101eba60	FUN_101eba60	3
101eba70	FUN_101eba70	3
101eba80	FUN_101eba80	16
101ebaa0	FUN_101ebaa0	6
101ebab0	FUN_101ebab0	16
101ebad0	FUN_101ebad0	6
101ebae0	FUN_101ebae0	16
101ebb00	FUN_101ebb00	20
101ebb20	FUN_101ebb20	18
101ebb40	FUN_101ebb40	18
101ebb80	FUN_101ebb80	14
101ebba0	FUN_101ebba0	14
101ebbc0	FUN_101ebbc0	14
101ebbe0	FUN_101ebbe0	14
101ebc00	FUN_101ebc00	16
101ebc20	FUN_101ebc20	16
101ebfe0	FUN_101ebfe0	30
101ec010	FUN_101ec010	30
101ec040	FUN_101ec040	49
101ec080	FUN_101ec080	49
101ec2d0	FUN_101ec2d0	3
101ec2e0	FUN_101ec2e0	3
101ec2f0	FUN_101ec2f0	21
101ec350	FUN_101ec350	8
101ec360	FUN_101ec360	3
101ec370	FUN_101ec370	3
101ec380	FUN_101ec380	3
101ec390	FUN_101ec390	3
101ec3a0	FUN_101ec3a0	3
101ec3b0	FUN_101ec3b0	3
101ec3c0	FUN_101ec3c0	3
101ec3d0	FUN_101ec3d0	3
101ec3e0	FUN_101ec3e0	4
101ec3f0	FUN_101ec3f0	7
101ec400	FUN_101ec400	13
101ec410	FUN_101ec410	13
101ec420	FUN_101ec420	3
101ec430	FUN_101ec430	3
101ec440	FUN_101ec440	6
101ec450	FUN_101ec450	6
101ec460	FUN_101ec460	10
101ec6e0	FUN_101ec6e0	24
101ec700	FUN_101ec700	24
101ec740	FUN_101ec740	24
101ec760	FUN_101ec760	3
101ec770	FUN_101ec770	3
101ed070	FUN_101ed070	29
101ed0a0	FUN_101ed0a0	11
101ed0b0	FUN_101ed0b0	11
101ed0c0	FUN_101ed0c0	11
101ed590	FUN_101ed590	9
101ed5a0	FUN_101ed5a0	9
101ede20	FUN_101ede20	9
101ede30	FUN_101ede30	9
101ee090	FUN_101ee090	12
101ee0a0	FUN_101ee0a0	12
101ee0b0	FUN_101ee0b0	12
101ee620	FUN_101ee620	4
101f1370	FUN_101f1370	23
101f1390	FUN_101f1390	23
101f1720	FUN_101f1720	24
101f1c40	FUN_101f1c40	6
101f1c50	FUN_101f1c50	6
101f1cb0	FUN_101f1cb0	8
101f1d00	FUN_101f1d00	7
101f1d10	FUN_101f1d10	6
101f1d20	FUN_101f1d20	6
101f1d30	FUN_101f1d30	6
101f1d40	FUN_101f1d40	6
101f2040	FUN_101f2040	3
101f2050	FUN_101f2050	3
101f2060	FUN_101f2060	3
101f2070	FUN_101f2070	3
101f2080	FUN_101f2080	3
101f2470	FUN_101f2470	28
101f24a0	FUN_101f24a0	28
101f24d0	FUN_101f24d0	28
101f2500	FUN_101f2500	28
101f2530	FUN_101f2530	28
101f2560	FUN_101f2560	28
101f2930	FUN_101f2930	25
101f2e90	FUN_101f2e90	5
101f3190	FUN_101f3190	33
101f3480	FUN_101f3480	9
101f3490	FUN_101f3490	9
101f3c30	FUN_101f3c30	26
101f3c50	FUN_101f3c50	91
101f4050	FUN_101f4050	3
101f4310	FUN_101f4310	5
101f4320	FUN_101f4320	5
101f4330	FUN_101f4330	5
101f4340	FUN_101f4340	5
101f4460	FUN_101f4460	15
101f4480	FUN_101f4480	6
101f44f0	FUN_101f44f0	16
101f4580	FUN_101f4580	16
101f45e0	FUN_101f45e0	11
101f45f0	FUN_101f45f0	9
101f4600	FUN_101f4600	11
101f4610	FUN_101f4610	9
101f4620	FUN_101f4620	11
101f4630	FUN_101f4630	9
101f4640	FUN_101f4640	11
101f4650	FUN_101f4650	9
101f4660	FUN_101f4660	11
101f4670	FUN_101f4670	9
101f4c10	FUN_101f4c10	65
101f4d50	FUN_101f4d50	14
101f4d70	FUN_101f4d70	14
101f4d90	FUN_101f4d90	14
101f4db0	FUN_101f4db0	14
101f4dd0	FUN_101f4dd0	7
101f4de0	FUN_101f4de0	3
101f4df0	FUN_101f4df0	7
101f4e00	FUN_101f4e00	3
101f4e10	FUN_101f4e10	3
101f4e20	FUN_101f4e20	3
101f4e30	FUN_101f4e30	3
101f4e40	FUN_101f4e40	3
101f4e50	FUN_101f4e50	6
101f4e60	FUN_101f4e60	6
101f4e70	FUN_101f4e70	6
101f4e80	FUN_101f4e80	3
101f4e90	FUN_101f4e90	3
101f4ff0	FUN_101f4ff0	6
101f5000	FUN_101f5000	16
101f52a0	FUN_101f52a0	3
101f5350	FUN_101f5350	3
101f5360	FUN_101f5360	3
101f5370	FUN_101f5370	3
101f5580	FUN_101f5580	13
101f5590	FUN_101f5590	11
101f6370	FUN_101f6370	11
101f6380	FUN_101f6380	12
101f8160	FUN_101f8160	6
101f8340	FUN_101f8340	7
101f8350	FUN_101f8350	7
101f8360	FUN_101f8360	7
101f8490	FUN_101f8490	5
101f84a0	FUN_101f84a0	3
101f84b0	FUN_101f84b0	3
101f85e0	FUN_101f85e0	28
101f8610	FUN_101f8610	20
101f9a30	FUN_101f9a30	12
101f9c40	FUN_101f9c40	12
101f9c50	FUN_101f9c50	5
101f9c60	FUN_101f9c60	5
101f9c70	FUN_101f9c70	5
101f9c80	FUN_101f9c80	5
101f9c90	FUN_101f9c90	5
101f9ca0	FUN_101f9ca0	6
101f9cf0	FUN_101f9cf0	5
101fa070	FUN_101fa070	3
101fa080	FUN_101fa080	10
101fa090	FUN_101fa090	10
101fa730	FUN_101fa730	34
101fa870	FUN_101fa870	18
101fa890	FUN_101fa890	3
101fa8a0	FUN_101fa8a0	7
101fa8b0	FUN_101fa8b0	8
101fa8c0	FUN_101fa8c0	8
101fa8d0	FUN_101fa8d0	3
101fa8e0	FUN_101fa8e0	3
101faf50	FUN_101faf50	8
101faf60	FUN_101faf60	8
101faf80	FUN_101faf80	4
101faf90	FUN_101faf90	4
101fafa0	FUN_101fafa0	7
101fafb0	FUN_101fafb0	7
101fafd0	FUN_101fafd0	26
101faff0	FUN_101faff0	26
101fb010	FUN_101fb010	76
101fb070	FUN_101fb070	10
101fb080	FUN_101fb080	10
101fb340	FUN_101fb340	32
101fb640	FUN_101fb640	6
101fb650	FUN_101fb650	4
101fb660	FUN_101fb660	7
101fb670	FUN_101fb670	3
101fb680	FUN_101fb680	3
101fb830	FUN_101fb830	28
101fb860	FUN_101fb860	28
101fc3c0	FUN_101fc3c0	54
101fc410	FUN_101fc410	18
101fc430	FUN_101fc430	25
101fc450	FUN_101fc450	22
101fc470	FUN_101fc470	18
101fc570	FUN_101fc570	22
101fc590	FUN_101fc590	18
101fc5b0	FUN_101fc5b0	18
101fc5d0	FUN_101fc5d0	25
101fc5f0	FUN_101fc5f0	56
101fc640	FUN_101fc640	43
101fc700	FUN_101fc700	26
101fc8a0	FUN_101fc8a0	91
101fc9a0	FUN_101fc9a0	26
101fc9c0	FUN_101fc9c0	26
101fc9e0	FUN_101fc9e0	26
101fccc0	FUN_101fccc0	91
101fd020	FUN_101fd020	25
101fd040	FUN_101fd040	26
101fd160	FUN_101fd160	91
101fd1e0	FUN_101fd1e0	78
101fd2c0	FUN_101fd2c0	78
101fd330	FUN_101fd330	78
101fd410	FUN_101fd410	78
101fd480	FUN_101fd480	78
101fd5e0	FUN_101fd5e0	78
101fd7a0	FUN_101fd7a0	3
101fd940	FUN_101fd940	13
101fd950	FUN_101fd950	13
101fda10	FUN_101fda10	3
101fdae0	FUN_101fdae0	46
101fdd00	FUN_101fdd00	15
101fddd0	FUN_101fddd0	7
101fdde0	FUN_101fdde0	7
101fddf0	FUN_101fddf0	5
101fde00	FUN_101fde00	37
101fde30	FUN_101fde30	3
101fde40	FUN_101fde40	19
101fdfb0	FUN_101fdfb0	24
101fdfd0	FUN_101fdfd0	5
101fe0a0	FUN_101fe0a0	5
101fe0b0	FUN_101fe0b0	5
101fe0c0	FUN_101fe0c0	5
101fe0d0	FUN_101fe0d0	5
101fe0e0	FUN_101fe0e0	5
101fe0f0	FUN_101fe0f0	5
101fe100	FUN_101fe100	5
101fe170	FUN_101fe170	40
101fe1b0	FUN_101fe1b0	40
101fe1f0	FUN_101fe1f0	40
101fe230	FUN_101fe230	40
101fe270	FUN_101fe270	40
101fe2b0	FUN_101fe2b0	40
101fe2f0	FUN_101fe2f0	18
101fe310	FUN_101fe310	20
101fe330	FUN_101fe330	48
101fe370	FUN_101fe370	35
101fe4e0	FUN_101fe4e0	12
101fe4f0	FUN_101fe4f0	15
101fe510	FUN_101fe510	15
101fe530	FUN_101fe530	5
101fe540	FUN_101fe540	5
101fe550	FUN_101fe550	5
101fe560	FUN_101fe560	5
101fe570	FUN_101fe570	5
101fe580	FUN_101fe580	5
101fe590	FUN_101fe590	5
101fe5a0	FUN_101fe5a0	5
101fe5b0	FUN_101fe5b0	5
101fe5c0	FUN_101fe5c0	6
101fe5d0	FUN_101fe5d0	6
101fe5e0	FUN_101fe5e0	6
101fe5f0	FUN_101fe5f0	6
101fe600	FUN_101fe600	6
101fe610	FUN_101fe610	6
101fe620	FUN_101fe620	6
101fe630	FUN_101fe630	6
101fe640	FUN_101fe640	6
101fe650	FUN_101fe650	6
101fe660	FUN_101fe660	6
101fe670	FUN_101fe670	6
101fe680	FUN_101fe680	5
101fe690	FUN_101fe690	5
101fe6a0	FUN_101fe6a0	5
101fe6b0	FUN_101fe6b0	12
101fe6c0	FUN_101fe6c0	19
101fe770	FUN_101fe770	14
101fe890	FUN_101fe890	16
101fe8b0	FUN_101fe8b0	16
101fe8d0	FUN_101fe8d0	16
101fea30	FUN_101fea30	16
101fea90	FUN_101fea90	16
101feab0	FUN_101feab0	16
101feb10	FUN_101feb10	16
101febf0	FUN_101febf0	16
101fed90	FUN_101fed90	16
101fedf0	FUN_101fedf0	16
101fee10	FUN_101fee10	16
101feeb0	FUN_101feeb0	18
101fef70	FUN_101fef70	11
101ff000	FUN_101ff000	11
101ff010	FUN_101ff010	16
101ff030	FUN_101ff030	21
101ff050	FUN_101ff050	23
101ff070	FUN_101ff070	3
101ff080	FUN_101ff080	3
101ff200	FUN_101ff200	23
101ff2a0	FUN_101ff2a0	55
102018e0	FUN_102018e0	9
102048c0	FUN_102048c0	65
10204ae0	FUN_10204ae0	65
10204c20	FUN_10204c20	31
10204e00	FUN_10204e00	14
10204e20	FUN_10204e20	14
10204f70	FUN_10204f70	12
10204f80	FUN_10204f80	3
10204f90	FUN_10204f90	7
10204fa0	FUN_10204fa0	7
10204fb0	FUN_10204fb0	3
10204fc0	FUN_10204fc0	7
10204fd0	FUN_10204fd0	7
10204fe0	FUN_10204fe0	3
10204ff0	FUN_10204ff0	7
10205000	FUN_10205000	3
10205010	FUN_10205010	3
10205020	FUN_10205020	7
10205030	FUN_10205030	7
10205040	FUN_10205040	3
10205050	FUN_10205050	7
10205060	FUN_10205060	7
10205070	FUN_10205070	3
10205080	FUN_10205080	7
10205090	FUN_10205090	3
102050a0	FUN_102050a0	7
102050b0	FUN_102050b0	7
102050c0	FUN_102050c0	7
102050d0	FUN_102050d0	3
102050e0	FUN_102050e0	7
102050f0	FUN_102050f0	3
10205100	FUN_10205100	7
10205110	FUN_10205110	7
10205120	FUN_10205120	7
10205130	FUN_10205130	7
10205140	FUN_10205140	3
10205150	FUN_10205150	7
10205160	FUN_10205160	3
10205170	FUN_10205170	7
10205180	FUN_10205180	7
10205190	FUN_10205190	13
102051a0	FUN_102051a0	4
102051b0	FUN_102051b0	3
102051c0	FUN_102051c0	3
102051d0	FUN_102051d0	3
102051e0	FUN_102051e0	3
102051f0	FUN_102051f0	3
10205200	FUN_10205200	3
10205210	FUN_10205210	3
10205220	FUN_10205220	3
10205230	FUN_10205230	3
10205240	FUN_10205240	3
10205250	FUN_10205250	3
10205260	FUN_10205260	3
10205270	FUN_10205270	3
10205280	FUN_10205280	3
10205290	FUN_10205290	3
102052a0	FUN_102052a0	3
102052b0	FUN_102052b0	3
102052c0	FUN_102052c0	3
102052d0	FUN_102052d0	3
102052e0	FUN_102052e0	3
102052f0	FUN_102052f0	3
10205300	FUN_10205300	3
10205310	FUN_10205310	3
10205320	FUN_10205320	6
10205330	FUN_10205330	6
10205340	FUN_10205340	16
10206a00	FUN_10206a00	4
10206a70	FUN_10206a70	18
10206a90	FUN_10206a90	18
10206ab0	FUN_10206ab0	18
10206ad0	FUN_10206ad0	18
10206af0	FUN_10206af0	18
10206b10	FUN_10206b10	18
10206b30	FUN_10206b30	18
10206b50	FUN_10206b50	18
10206b70	FUN_10206b70	7
10206b80	FUN_10206b80	4
10206be0	FUN_10206be0	30
10206c10	FUN_10206c10	49
10206d60	FUN_10206d60	21
10206da0	FUN_10206da0	3
10206db0	FUN_10206db0	3
10206dc0	FUN_10206dc0	3
10206dd0	FUN_10206dd0	3
10206de0	FUN_10206de0	3
10206df0	FUN_10206df0	3
10206e00	FUN_10206e00	3
10206e10	FUN_10206e10	3
10206e20	FUN_10206e20	3
10206e30	FUN_10206e30	3
10206e40	FUN_10206e40	3
10206e50	FUN_10206e50	3
102070f0	FUN_102070f0	79
10207160	FUN_10207160	11
10207170	FUN_10207170	6
10207180	FUN_10207180	83
102071f0	FUN_102071f0	33
102072f0	FUN_102072f0	11
10207300	FUN_10207300	11
10207a70	FUN_10207a70	4
10207a80	FUN_10207a80	4
10207c80	FUN_10207c80	4
10207cc0	FUN_10207cc0	4
10208910	FUN_10208910	8
10208cb0	FUN_10208cb0	11
10208cc0	FUN_10208cc0	9
10209fc0	FUN_10209fc0	4
1020a0c0	FUN_1020a0c0	37
1020a0f0	FUN_1020a0f0	4
1020a100	FUN_1020a100	16
1020a120	FUN_1020a120	16
1020a140	FUN_1020a140	16
1020a160	FUN_1020a160	16
1020a180	FUN_1020a180	16
1020a1a0	FUN_1020a1a0	16
1020a1c0	FUN_1020a1c0	9
1020a1d0	FUN_1020a1d0	9
1020a1e0	FUN_1020a1e0	9
1020a1f0	FUN_1020a1f0	9
1020a200	FUN_1020a200	9
1020a210	FUN_1020a210	9
1020a220	FUN_1020a220	9
1020a230	FUN_1020a230	9
1020a240	FUN_1020a240	9
1020a250	FUN_1020a250	9
1020a370	FUN_1020a370	4
1020a430	FUN_1020a430	11
1020a610	FUN_1020a610	4
1020d0f0	FUN_1020d0f0	4
1020d230	FUN_1020d230	4
1020d450	FUN_1020d450	4
1020db60	FUN_1020db60	10
1020dc20	FUN_1020dc20	4
1020dc30	FUN_1020dc30	7
1020f9a0	FUN_1020f9a0	10
1020f9b0	FUN_1020f9b0	4
1020fe20	FUN_1020fe20	4
1020fe30	FUN_1020fe30	4
10210400	FUN_10210400	7
10210b10	FUN_10210b10	7
10217620	FUN_10217620	7
10217630	FUN_10217630	4
10217640	FUN_10217640	39
10217e40	FUN_10217e40	16
102187f0	FUN_102187f0	25
10219070	FUN_10219070	4
10219390	FUN_10219390	6
102193a0	FUN_102193a0	6
102193b0	FUN_102193b0	6
102193c0	FUN_102193c0	6
102193d0	FUN_102193d0	6
102193e0	FUN_102193e0	6
102193f0	FUN_102193f0	6
10219400	FUN_10219400	6
10219410	FUN_10219410	6
10219420	FUN_10219420	6
10219430	FUN_10219430	6
10219440	FUN_10219440	6
10219a80	FUN_10219a80	18
10219aa0	FUN_10219aa0	18
10219bf0	FUN_10219bf0	4
10219c10	FUN_10219c10	18
1021a9a0	FUN_1021a9a0	18
1021a9c0	FUN_1021a9c0	18
1021b190	FUN_1021b190	4
1021b260	FUN_1021b260	12
1021b270	FUN_1021b270	7
1021b400	FUN_1021b400	6
1021b410	FUN_1021b410	6
1021b420	FUN_1021b420	6
1021b430	FUN_1021b430	6
1021b440	FUN_1021b440	4
1021b450	FUN_1021b450	3
1021b460	FUN_1021b460	4
1021b480	FUN_1021b480	10
1021b490	FUN_1021b490	4
1021e820	FUN_1021e820	4
1021e830	FUN_1021e830	4
1021e840	FUN_1021e840	4
1021e850	FUN_1021e850	5
1021ef10	FUN_1021ef10	4
1021ef20	FUN_1021ef20	3
1021ef30	FUN_1021ef30	3
1021ef40	FUN_1021ef40	3
1021ef50	FUN_1021ef50	3
1021ef60	FUN_1021ef60	3
1021ef70	FUN_1021ef70	3
1021ef80	FUN_1021ef80	3
1021ef90	FUN_1021ef90	3
1021efa0	FUN_1021efa0	3
1021efb0	FUN_1021efb0	3
1021efc0	FUN_1021efc0	3
1021efd0	FUN_1021efd0	3
1021efe0	FUN_1021efe0	3
1021eff0	FUN_1021eff0	3
1021f000	FUN_1021f000	3
1021f690	FUN_1021f690	7
1021fb20	FUN_1021fb20	28
1021fb50	FUN_1021fb50	28
1021fb80	FUN_1021fb80	28
1021fbb0	FUN_1021fbb0	28
1021fbe0	FUN_1021fbe0	28
1021fc10	FUN_1021fc10	28
1021fc40	FUN_1021fc40	28
1021fc70	FUN_1021fc70	28
1021fca0	FUN_1021fca0	28
1021fcd0	FUN_1021fcd0	28
1021fd00	FUN_1021fd00	28
1021fd30	FUN_1021fd30	28
1021fd60	FUN_1021fd60	28
1021fd90	FUN_1021fd90	28
1021fdc0	FUN_1021fdc0	28
1021fdf0	FUN_1021fdf0	28
1021fe20	FUN_1021fe20	28
1021fe50	FUN_1021fe50	28
1021fe80	FUN_1021fe80	28
1021feb0	FUN_1021feb0	28
1021fee0	FUN_1021fee0	28
1021ff10	FUN_1021ff10	28
1021ff40	FUN_1021ff40	28
1021ff70	FUN_1021ff70	28
1021ffa0	FUN_1021ffa0	28
1021ffd0	FUN_1021ffd0	28
10220000	FUN_10220000	28
10220030	FUN_10220030	28
10220060	FUN_10220060	20
10220080	FUN_10220080	20
102204d0	FUN_102204d0	4
10220610	FUN_10220610	4
10220620	FUN_10220620	4
10220660	FUN_10220660	5
10220680	FUN_10220680	28
102206b0	FUN_102206b0	148
10220790	FUN_10220790	24
10220990	FUN_10220990	8
10220d30	FUN_10220d30	26
10221390	FUN_10221390	9
102213a0	FUN_102213a0	9
102213b0	FUN_102213b0	4
10221670	FUN_10221670	25
102216b0	FUN_102216b0	21
102216d0	FUN_102216d0	4
102217d0	FUN_102217d0	4
102217e0	FUN_102217e0	3
102217f0	FUN_102217f0	4
10221a50	FUN_10221a50	21
10221a70	FUN_10221a70	21
10221b50	FUN_10221b50	4
10221b80	FUN_10221b80	6
10221f40	FUN_10221f40	24
10222430	FUN_10222430	6
10222750	FUN_10222750	6
10222760	FUN_10222760	16
10222780	FUN_10222780	16
102232a0	FUN_102232a0	3
10223990	FUN_10223990	28
10223c80	FUN_10223c80	25
10223ca0	FUN_10223ca0	22
10223cc0	FUN_10223cc0	22
10224130	FUN_10224130	18
10224150	FUN_10224150	25
10224170	FUN_10224170	25
10224190	FUN_10224190	18
102241b0	FUN_102241b0	25
102241d0	FUN_102241d0	25
102241f0	FUN_102241f0	18
10224210	FUN_10224210	25
10224230	FUN_10224230	25
102242e0	FUN_102242e0	40
10224320	FUN_10224320	20
10224340	FUN_10224340	11
10224350	FUN_10224350	11
10224360	FUN_10224360	13
10224370	FUN_10224370	22
10224390	FUN_10224390	22
102243b0	FUN_102243b0	5
102243c0	FUN_102243c0	5
102243d0	FUN_102243d0	5
102243e0	FUN_102243e0	5
102243f0	FUN_102243f0	5
10224400	FUN_10224400	5
10224730	FUN_10224730	11
10224740	FUN_10224740	13
10224ac0	FUN_10224ac0	26
10224ae0	FUN_10224ae0	26
10224b00	FUN_10224b00	26
10224b20	FUN_10224b20	26
10224b40	FUN_10224b40	22
10224b60	FUN_10224b60	18
10224bb0	FUN_10224bb0	25
10224bd0	FUN_10224bd0	25
10224d90	FUN_10224d90	42
10224dd0	FUN_10224dd0	22
10224df0	FUN_10224df0	91
10224e70	FUN_10224e70	26
10224e90	FUN_10224e90	26
10224eb0	FUN_10224eb0	91
102251f0	FUN_102251f0	43
10225590	FUN_10225590	78
10225600	FUN_10225600	78
10225890	FUN_10225890	78
102259f0	FUN_102259f0	12
10225a50	FUN_10225a50	18
10225a70	FUN_10225a70	3
10225a80	FUN_10225a80	3
10225a90	FUN_10225a90	3
10225aa0	FUN_10225aa0	3
10225c80	FUN_10225c80	13
10225c90	FUN_10225c90	13
10225ca0	FUN_10225ca0	13
10225cb0	FUN_10225cb0	13
10225cc0	FUN_10225cc0	13
10225cd0	FUN_10225cd0	13
10225ce0	FUN_10225ce0	13
10225cf0	FUN_10225cf0	13
10225d00	FUN_10225d00	13
10225d10	FUN_10225d10	3
10225d20	FUN_10225d20	3
10225d30	FUN_10225d30	3
10225d40	FUN_10225d40	3
10225d50	FUN_10225d50	3
10225d60	FUN_10225d60	3
10225e10	FUN_10225e10	18
10225e30	FUN_10225e30	18
10225e50	FUN_10225e50	18
102261e0	FUN_102261e0	41
10226220	FUN_10226220	15
10226240	FUN_10226240	15
10226260	FUN_10226260	15
10226350	FUN_10226350	15
10226370	FUN_10226370	7
10226380	FUN_10226380	7
10226390	FUN_10226390	7
102263a0	FUN_102263a0	7
102268a0	FUN_102268a0	5
102268b0	FUN_102268b0	5
102268c0	FUN_102268c0	5
102268d0	FUN_102268d0	3
10226c30	FUN_10226c30	3
10226c40	FUN_10226c40	3
10226ce0	FUN_10226ce0	12
10227200	FUN_10227200	7
10227210	FUN_10227210	5
10227220	FUN_10227220	5
10227230	FUN_10227230	5
10227240	FUN_10227240	5
10227250	FUN_10227250	5
10227260	FUN_10227260	5
10227270	FUN_10227270	5
10227280	FUN_10227280	5
10227290	FUN_10227290	5
102272a0	FUN_102272a0	5
10227340	FUN_10227340	5
10227350	FUN_10227350	5
10227360	FUN_10227360	5
10227370	FUN_10227370	5
10227380	FUN_10227380	5
10227390	FUN_10227390	5
102273a0	FUN_102273a0	5
102273b0	FUN_102273b0	5
102273c0	FUN_102273c0	5
102273d0	FUN_102273d0	5
102273e0	FUN_102273e0	5
102273f0	FUN_102273f0	5
10227400	FUN_10227400	5
10227410	FUN_10227410	5
10227420	FUN_10227420	5
10227460	FUN_10227460	30
102274b0	FUN_102274b0	22
10227580	FUN_10227580	3
10227890	FUN_10227890	15
102278b0	FUN_102278b0	15
102278d0	FUN_102278d0	15
102278f0	FUN_102278f0	15
10227910	FUN_10227910	15
10227bb0	FUN_10227bb0	5
10227bc0	FUN_10227bc0	5
10227bd0	FUN_10227bd0	5
10227be0	FUN_10227be0	5
10227bf0	FUN_10227bf0	5
10227c00	FUN_10227c00	5
10227c10	FUN_10227c10	5
10227c20	FUN_10227c20	5
10227c30	FUN_10227c30	5
10227c40	FUN_10227c40	5
10227c50	FUN_10227c50	5
10227c60	FUN_10227c60	5
10227c70	FUN_10227c70	5
10227c80	FUN_10227c80	5
10227c90	FUN_10227c90	5
10227d30	FUN_10227d30	5
10227d40	FUN_10227d40	5
10227d50	FUN_10227d50	5
10227d60	FUN_10227d60	5
10227d70	FUN_10227d70	5
10227d80	FUN_10227d80	5
10227d90	FUN_10227d90	5
10227da0	FUN_10227da0	5
10227db0	FUN_10227db0	5
10227dc0	FUN_10227dc0	5
10227dd0	FUN_10227dd0	5
10227de0	FUN_10227de0	5
10227df0	FUN_10227df0	5
10227e00	FUN_10227e00	5
10227e10	FUN_10227e10	5
10227e20	FUN_10227e20	5
10227e30	FUN_10227e30	5
10227e40	FUN_10227e40	5
10227e50	FUN_10227e50	5
10227ef0	FUN_10227ef0	5
10227f00	FUN_10227f00	5
10227f10	FUN_10227f10	5
10227f20	FUN_10227f20	5
10227f30	FUN_10227f30	5
10227f40	FUN_10227f40	5
10227f50	FUN_10227f50	5
10227f60	FUN_10227f60	11
10227f70	FUN_10227f70	6
10227f80	FUN_10227f80	6
10227f90	FUN_10227f90	6
10227fa0	FUN_10227fa0	6
10228430	FUN_10228430	5
10228440	FUN_10228440	5
10228450	FUN_10228450	5
10228460	FUN_10228460	5
10228500	FUN_10228500	5
10228510	FUN_10228510	5
10228520	FUN_10228520	5
10228530	FUN_10228530	5
10228540	FUN_10228540	5
10228550	FUN_10228550	19
10228570	FUN_10228570	19
102290e0	FUN_102290e0	16
10229100	FUN_10229100	16
102291a0	FUN_102291a0	16
102292c0	FUN_102292c0	16
10229320	FUN_10229320	16
102293b0	FUN_102293b0	16
10229450	FUN_10229450	16
10229490	FUN_10229490	18
102294b0	FUN_102294b0	18
102294d0	FUN_102294d0	18
102294f0	FUN_102294f0	3
10229500	FUN_10229500	3
10229510	FUN_10229510	3
10229520	FUN_10229520	3
10229530	FUN_10229530	3
10229540	FUN_10229540	3
10229550	FUN_10229550	3
10229560	FUN_10229560	3
10229570	FUN_10229570	10
10229580	FUN_10229580	10
10229590	FUN_10229590	10
102295a0	FUN_102295a0	10
102295b0	FUN_102295b0	10
102295c0	FUN_102295c0	10
102295d0	FUN_102295d0	10
102295e0	FUN_102295e0	10
102295f0	FUN_102295f0	10
102299a0	FUN_102299a0	11
102299b0	FUN_102299b0	11
102299c0	FUN_102299c0	11
102299d0	FUN_102299d0	11
102299e0	FUN_102299e0	11
102299f0	FUN_102299f0	11
10229a00	FUN_10229a00	11
10229a10	FUN_10229a10	11
10229a20	FUN_10229a20	11
10229a30	FUN_10229a30	11
10229a40	FUN_10229a40	11
10229a50	FUN_10229a50	16
10229a70	FUN_10229a70	16
10229a90	FUN_10229a90	16
10229ab0	FUN_10229ab0	9
10229ac0	FUN_10229ac0	9
10229ad0	FUN_10229ad0	9
10229ae0	FUN_10229ae0	13
10229af0	FUN_10229af0	13
10229b00	FUN_10229b00	13
10229b10	FUN_10229b10	14
10229b30	FUN_10229b30	14
10229b50	FUN_10229b50	14
10229b70	FUN_10229b70	23
10229b90	FUN_10229b90	23
10229bb0	FUN_10229bb0	23
10229bd0	FUN_10229bd0	23
10229bf0	FUN_10229bf0	3
10229c00	FUN_10229c00	3
10229c10	FUN_10229c10	3
10229c20	FUN_10229c20	3
1022a180	FUN_1022a180	10
1022a190	FUN_1022a190	18
1022a270	FUN_1022a270	13
1022a640	FUN_1022a640	23
1022ad40	FUN_1022ad40	21
1022c090	FUN_1022c090	35
1022c680	FUN_1022c680	11
1022c690	FUN_1022c690	11
1022c6a0	FUN_1022c6a0	11
1022c6b0	FUN_1022c6b0	24
1022c6d0	FUN_1022c6d0	24
1022c6f0	FUN_1022c6f0	24
1022d600	FUN_1022d600	34
1022d630	FUN_1022d630	34
1022d690	FUN_1022d690	34
1022dad0	FUN_1022dad0	3
1022dae0	FUN_1022dae0	3
1022daf0	FUN_1022daf0	3
1022f170	FUN_1022f170	18
1022f1b0	FUN_1022f1b0	18
1022f230	FUN_1022f230	18
1022f250	FUN_1022f250	18
1022f270	FUN_1022f270	18
1022f290	FUN_1022f290	18
1022f4e0	FUN_1022f4e0	60
1022f530	FUN_1022f530	14
1022f550	FUN_1022f550	14
1022f570	FUN_1022f570	14
1022f590	FUN_1022f590	14
1022f5b0	FUN_1022f5b0	14
1022f5d0	FUN_1022f5d0	14
1022f5f0	FUN_1022f5f0	14
1022f610	FUN_1022f610	14
1022f630	FUN_1022f630	14
1022f650	FUN_1022f650	14
1022f670	FUN_1022f670	14
1022f690	FUN_1022f690	14
1022f710	FUN_1022f710	3
1022f720	FUN_1022f720	3
1022f730	FUN_1022f730	3
1022f740	FUN_1022f740	3
1022f750	FUN_1022f750	3
1022f760	FUN_1022f760	3
1022f770	FUN_1022f770	3
1022f780	FUN_1022f780	3
1022f790	FUN_1022f790	3
1022f7a0	FUN_1022f7a0	3
1022f7b0	FUN_1022f7b0	3
1022f7c0	FUN_1022f7c0	3
1022f7d0	FUN_1022f7d0	3
1022f7e0	FUN_1022f7e0	7
1022f7f0	FUN_1022f7f0	3
1022f800	FUN_1022f800	7
1022f810	FUN_1022f810	7
1022f820	FUN_1022f820	7
1022f830	FUN_1022f830	7
1022f840	FUN_1022f840	7
1022f850	FUN_1022f850	7
1022f860	FUN_1022f860	7
1022f870	FUN_1022f870	3
1022f880	FUN_1022f880	3
1022f890	FUN_1022f890	7
1022f8a0	FUN_1022f8a0	3
1022f8b0	FUN_1022f8b0	7
1022f8c0	FUN_1022f8c0	7
1022f8d0	FUN_1022f8d0	8
1022f8e0	FUN_1022f8e0	8
1022f8f0	FUN_1022f8f0	3
1022f900	FUN_1022f900	3
1022f910	FUN_1022f910	3
1022f920	FUN_1022f920	3
1022f930	FUN_1022f930	3
1022f940	FUN_1022f940	3
1022f950	FUN_1022f950	3
1022f960	FUN_1022f960	3
1022f970	FUN_1022f970	3
1022f980	FUN_1022f980	3
1022f990	FUN_1022f990	3
1022f9a0	FUN_1022f9a0	3
1022f9b0	FUN_1022f9b0	3
1022f9c0	FUN_1022f9c0	3
1022f9d0	FUN_1022f9d0	3
1022f9e0	FUN_1022f9e0	3
1022f9f0	FUN_1022f9f0	3
1022fa00	FUN_1022fa00	6
1022fa10	FUN_1022fa10	6
1022fa20	FUN_1022fa20	6
1022fa30	FUN_1022fa30	6
1022fa40	FUN_1022fa40	6
1022fa50	FUN_1022fa50	6
1022fa60	FUN_1022fa60	6
1022fa70	FUN_1022fa70	6
1022fa80	FUN_1022fa80	6
1022fa90	FUN_1022fa90	6
1022faa0	FUN_1022faa0	6
1022fab0	FUN_1022fab0	9
1022fac0	FUN_1022fac0	9
1022fad0	FUN_1022fad0	9
1022fae0	FUN_1022fae0	9
1022faf0	FUN_1022faf0	9
1022fb00	FUN_1022fb00	9
1022fb10	FUN_1022fb10	10
1022fb20	FUN_1022fb20	10
1022fb30	FUN_1022fb30	10
1022fe00	FUN_1022fe00	18
10232990	FUN_10232990	8
102329a0	FUN_102329a0	8
102329b0	FUN_102329b0	8
102329c0	FUN_102329c0	8
102329d0	FUN_102329d0	8
102329e0	FUN_102329e0	8
102329f0	FUN_102329f0	8
10232a00	FUN_10232a00	8
10232a10	FUN_10232a10	8
10232a20	FUN_10232a20	5
10233030	FUN_10233030	3
10233040	FUN_10233040	3
10233050	FUN_10233050	3
10233060	FUN_10233060	3
10233070	FUN_10233070	3
10233080	FUN_10233080	3
10233090	FUN_10233090	3
102330a0	FUN_102330a0	3
102330b0	FUN_102330b0	3
102330c0	FUN_102330c0	3
102330d0	FUN_102330d0	3
102330e0	FUN_102330e0	3
102330f0	FUN_102330f0	3
10233100	FUN_10233100	3
10233110	FUN_10233110	3
10233120	FUN_10233120	3
10233130	FUN_10233130	3
10233140	FUN_10233140	3
10233150	FUN_10233150	3
10233160	FUN_10233160	3
10233170	FUN_10233170	3
10233180	FUN_10233180	3
10233190	FUN_10233190	3
102331a0	FUN_102331a0	3
102331b0	FUN_102331b0	4
102331c0	FUN_102331c0	4
102331d0	FUN_102331d0	4
102331e0	FUN_102331e0	4
102331f0	FUN_102331f0	4
10233200	FUN_10233200	4
10233210	FUN_10233210	4
10233220	FUN_10233220	4
10233230	FUN_10233230	4
102333c0	FUN_102333c0	7
102333d0	FUN_102333d0	7
102333e0	FUN_102333e0	7
102333f0	FUN_102333f0	7
10233400	FUN_10233400	7
10233410	FUN_10233410	7
10233420	FUN_10233420	7
10233430	FUN_10233430	7
10233440	FUN_10233440	7
10233450	FUN_10233450	13
10233460	FUN_10233460	13
10233470	FUN_10233470	13
10233480	FUN_10233480	3
10233490	FUN_10233490	3
102334a0	FUN_102334a0	3
102334b0	FUN_102334b0	3
102334c0	FUN_102334c0	3
102334d0	FUN_102334d0	3
10233790	FUN_10233790	3
102337a0	FUN_102337a0	3
102337b0	FUN_102337b0	3
102339d0	FUN_102339d0	11
102339e0	FUN_102339e0	11
102339f0	FUN_102339f0	11
10233a00	FUN_10233a00	6
10233a10	FUN_10233a10	6
10233a20	FUN_10233a20	6
10233a30	FUN_10233a30	26
10233a50	FUN_10233a50	26
10233a70	FUN_10233a70	26
10233a90	FUN_10233a90	26
10233ab0	FUN_10233ab0	26
10233ad0	FUN_10233ad0	26
10233af0	FUN_10233af0	26
10233b10	FUN_10233b10	26
10233b30	FUN_10233b30	76
10233b90	FUN_10233b90	76
10233bf0	FUN_10233bf0	76
10233c50	FUN_10233c50	10
10233c60	FUN_10233c60	10
10233c70	FUN_10233c70	10
10233c80	FUN_10233c80	10
10233c90	FUN_10233c90	10
10233ca0	FUN_10233ca0	10
10233cb0	FUN_10233cb0	10
10233cc0	FUN_10233cc0	10
10233cd0	FUN_10233cd0	10
10233ce0	FUN_10233ce0	33
10233d10	FUN_10233d10	43
10234150	FUN_10234150	55
102342a0	FUN_102342a0	14
102342c0	FUN_102342c0	14
102342e0	FUN_102342e0	14
10234300	FUN_10234300	13
10234310	FUN_10234310	13
10234320	FUN_10234320	13
10234330	FUN_10234330	12
10234340	FUN_10234340	12
10234350	FUN_10234350	12
10234360	FUN_10234360	11
10234370	FUN_10234370	11
10234380	FUN_10234380	11
10234a90	FUN_10234a90	43
10234ad0	FUN_10234ad0	43
10234b10	FUN_10234b10	43
10235110	FUN_10235110	3
10235240	FUN_10235240	4
10235250	FUN_10235250	4
10235260	FUN_10235260	4
10235270	FUN_10235270	14
10235490	FUN_10235490	59
10235a00	FUN_10235a00	22
102360c0	FUN_102360c0	9
102360d0	FUN_102360d0	9
10236140	FUN_10236140	32
10236590	FUN_10236590	12
102365a0	FUN_102365a0	12
102365b0	FUN_102365b0	4
102365c0	FUN_102365c0	11
102365d0	FUN_102365d0	11
1023ac10	thunk_FUN_105ad900	5
1023ac20	thunk_FUN_105ad900	5
1023ac30	thunk_FUN_105ad900	5
1023ac40	thunk_FUN_105ad900	5
1023b270	FUN_1023b270	16
1023b290	FUN_1023b290	20
1023c160	FUN_1023c160	39
102409f0	FUN_102409f0	6
10240a00	FUN_10240a00	6
10240a10	FUN_10240a10	6
10240a20	FUN_10240a20	6
10242860	FUN_10242860	7
10242aa0	FUN_10242aa0	7
10242ab0	FUN_10242ab0	7
10242ac0	FUN_10242ac0	7
10242b70	FUN_10242b70	7
10242fe0	FUN_10242fe0	6
10242ff0	FUN_10242ff0	6
10243000	FUN_10243000	6
10243010	FUN_10243010	6
10243020	FUN_10243020	6
10243030	FUN_10243030	6
10243040	FUN_10243040	6
10243050	FUN_10243050	6
10243060	FUN_10243060	6
10243070	FUN_10243070	6
10243080	FUN_10243080	6
10243090	FUN_10243090	6
10243630	FUN_10243630	5
10243640	FUN_10243640	5
10243690	FUN_10243690	3
102436a0	FUN_102436a0	3
102436b0	FUN_102436b0	3
102436c0	FUN_102436c0	3
102436d0	FUN_102436d0	3
102436e0	FUN_102436e0	3
102436f0	FUN_102436f0	3
10243700	FUN_10243700	3
10243710	FUN_10243710	3
10243720	FUN_10243720	3
10243730	FUN_10243730	3
10243740	FUN_10243740	3
10243750	FUN_10243750	3
10243760	FUN_10243760	3
10243770	FUN_10243770	3
10243780	FUN_10243780	3
10243790	FUN_10243790	3
10243d80	FUN_10243d80	28
10243db0	FUN_10243db0	28
10243de0	FUN_10243de0	28
10243e10	FUN_10243e10	28
10243e40	FUN_10243e40	28
10243e70	FUN_10243e70	28
10243ea0	FUN_10243ea0	28
10243ed0	FUN_10243ed0	28
10243f00	FUN_10243f00	28
10243f30	FUN_10243f30	28
10243f60	FUN_10243f60	28
10243f90	FUN_10243f90	28
10243fc0	FUN_10243fc0	28
10243ff0	FUN_10243ff0	28
10244020	FUN_10244020	28
10244050	FUN_10244050	28
10244080	FUN_10244080	20
10244e80	FUN_10244e80	9
10244e90	FUN_10244e90	9
10244ea0	FUN_10244ea0	9
10244eb0	FUN_10244eb0	9
10245910	FUN_10245910	33
10245a50	FUN_10245a50	18
10245a70	FUN_10245a70	18
10245a90	FUN_10245a90	18
10245ab0	FUN_10245ab0	18
10245ad0	FUN_10245ad0	91
10245b50	FUN_10245b50	26
10245bf0	FUN_10245bf0	78
10245c60	FUN_10245c60	78
10245f30	FUN_10245f30	13
10245f40	FUN_10245f40	13
10245f50	FUN_10245f50	3
10245f60	FUN_10245f60	3
10245f70	FUN_10245f70	3
10246370	FUN_10246370	15
10246390	FUN_10246390	15
102463b0	FUN_102463b0	15
102465d0	FUN_102465d0	5
102465e0	FUN_102465e0	5
102465f0	FUN_102465f0	5
10246600	FUN_10246600	5
10246610	FUN_10246610	5
10246620	FUN_10246620	5
10246630	FUN_10246630	5
10246640	FUN_10246640	5
10246650	FUN_10246650	5
10246660	FUN_10246660	5
10246670	FUN_10246670	5
102468d0	FUN_102468d0	15
102468f0	FUN_102468f0	15
10246910	FUN_10246910	15
10246930	FUN_10246930	5
10246940	FUN_10246940	5
10246950	FUN_10246950	6
10246960	FUN_10246960	6
102469a0	FUN_102469a0	16
102469c0	FUN_102469c0	16
102469e0	FUN_102469e0	9
10246a90	FUN_10246a90	16
10246ab0	FUN_10246ab0	16
10246ad0	FUN_10246ad0	3
10246ae0	FUN_10246ae0	3
102478f0	FUN_102478f0	3
10247900	FUN_10247900	7
10247910	FUN_10247910	7
10247920	FUN_10247920	7
10247930	FUN_10247930	7
10247940	FUN_10247940	3
10247cd0	FUN_10247cd0	6
10247d60	FUN_10247d60	3
10247d70	FUN_10247d70	3
10247d80	FUN_10247d80	3
10247d90	FUN_10247d90	3
10247da0	FUN_10247da0	3
10247db0	FUN_10247db0	3
10247dc0	FUN_10247dc0	3
10247e00	FUN_10247e00	3
102493e0	FUN_102493e0	6
102493f0	FUN_102493f0	6
10249960	FUN_10249960	3
10249a90	FUN_10249a90	28
10249ac0	FUN_10249ac0	20
10249c20	FUN_10249c20	22
10249cf0	FUN_10249cf0	91
10249d70	FUN_10249d70	26
10249d90	FUN_10249d90	26
10249db0	FUN_10249db0	6
1024a670	FUN_1024a670	3
1024a680	FUN_1024a680	3
1024a690	FUN_1024a690	3
1024a940	FUN_1024a940	9
1024ac00	FUN_1024ac00	6
1024afb0	FUN_1024afb0	3
1024afc0	FUN_1024afc0	3
1024b0f0	FUN_1024b0f0	28
1024b120	FUN_1024b120	28
1024b150	FUN_1024b150	28
1024c1a0	FUN_1024c1a0	26
1024c1c0	FUN_1024c1c0	25
1024c1e0	FUN_1024c1e0	6
1024c4d0	FUN_1024c4d0	3
1024c670	FUN_1024c670	9
1024df00	FUN_1024df00	6
1024e040	FUN_1024e040	3
1024e170	FUN_1024e170	28
1024e750	FUN_1024e750	26
1024e770	FUN_1024e770	25
1024e790	FUN_1024e790	12
1024e9a0	FUN_1024e9a0	12
1024e9b0	FUN_1024e9b0	5
1024e9c0	FUN_1024e9c0	5
1024e9d0	FUN_1024e9d0	5
1024e9e0	FUN_1024e9e0	5
1024e9f0	FUN_1024e9f0	6
1024ea40	FUN_1024ea40	5
1024ed60	FUN_1024ed60	16
1024edc0	FUN_1024edc0	16
1024ee30	FUN_1024ee30	3
1024ee40	FUN_1024ee40	10
1024f5b0	FUN_1024f5b0	34
1024f7e0	FUN_1024f7e0	18
1024f8e0	FUN_1024f8e0	3
1024f8f0	FUN_1024f8f0	3
1024f900	FUN_1024f900	7
1024f910	FUN_1024f910	3
1024f920	FUN_1024f920	7
1024f930	FUN_1024f930	7
1024f940	FUN_1024f940	8
1024f950	FUN_1024f950	8
1024f960	FUN_1024f960	3
1024f970	FUN_1024f970	3
1024fdd0	FUN_1024fdd0	8
1024fdf0	FUN_1024fdf0	4
1024fe00	FUN_1024fe00	7
1024fe20	FUN_1024fe20	26
1024fe40	FUN_1024fe40	26
1024fe60	FUN_1024fe60	76
1024fec0	FUN_1024fec0	10
10250120	FUN_10250120	32
10251f20	FUN_10251f20	6
10252bd0	FUN_10252bd0	3
10252be0	FUN_10252be0	3
10252bf0	FUN_10252bf0	3
10252f10	FUN_10252f10	28
10252f40	FUN_10252f40	28
10252f70	FUN_10252f70	28
10253920	FUN_10253920	18
10253940	FUN_10253940	25
10253960	FUN_10253960	22
10253980	FUN_10253980	18
10253df0	FUN_10253df0	22
102546e0	FUN_102546e0	26
10254700	FUN_10254700	25
10254720	FUN_10254720	26
10254740	FUN_10254740	26
10254760	FUN_10254760	91
102547e0	FUN_102547e0	12
102547f0	FUN_102547f0	12
10254ac0	FUN_10254ac0	13
10254ad0	FUN_10254ad0	13
10254ae0	FUN_10254ae0	3
102550d0	FUN_102550d0	15
102551d0	FUN_102551d0	7
10255850	FUN_10255850	5
10255dd0	FUN_10255dd0	5
10255f20	FUN_10255f20	5
10255f80	FUN_10255f80	5
10255f90	FUN_10255f90	5
10255fa0	FUN_10255fa0	5
10255fb0	FUN_10255fb0	5
10256210	FUN_10256210	15
10256230	FUN_10256230	15
10256250	FUN_10256250	5
10256260	FUN_10256260	5
10256270	FUN_10256270	5
10256280	FUN_10256280	5
102562e0	FUN_102562e0	5
102562f0	FUN_102562f0	5
10256300	FUN_10256300	5
10256360	FUN_10256360	5
10256370	FUN_10256370	5
10256380	FUN_10256380	5
10256390	FUN_10256390	5
102563a0	FUN_102563a0	6
102563b0	FUN_102563b0	6
102563c0	FUN_102563c0	6
102563d0	FUN_102563d0	6
102566d0	FUN_102566d0	5
102566e0	FUN_102566e0	5
102566f0	FUN_102566f0	5
10256700	FUN_10256700	5
10256710	FUN_10256710	5
10257180	FUN_10257180	16
10257240	FUN_10257240	18
10257260	FUN_10257260	3
10257270	FUN_10257270	3
10257280	FUN_10257280	3
10257290	FUN_10257290	3
102572a0	FUN_102572a0	10
102572b0	FUN_102572b0	10
102572c0	FUN_102572c0	10
102572d0	FUN_102572d0	10
102572e0	FUN_102572e0	10
102572f0	FUN_102572f0	10
10257340	FUN_10257340	11
10257350	FUN_10257350	11
102573e0	FUN_102573e0	11
102573f0	FUN_102573f0	16
10257410	FUN_10257410	21
10257430	FUN_10257430	23
10257450	FUN_10257450	3
10257460	FUN_10257460	3
10257900	FUN_10257900	23
10257da0	FUN_10257da0	28
10258f70	FUN_10258f70	14
10258f90	FUN_10258f90	14
102590f0	FUN_102590f0	12
10259100	FUN_10259100	3
10259110	FUN_10259110	3
10259120	FUN_10259120	7
10259130	FUN_10259130	3
10259140	FUN_10259140	3
10259150	FUN_10259150	8
10259160	FUN_10259160	8
10259170	FUN_10259170	3
10259180	FUN_10259180	3
10259190	FUN_10259190	3
102591a0	FUN_102591a0	3
102591b0	FUN_102591b0	3
102591c0	FUN_102591c0	6
102591d0	FUN_102591d0	6
102591e0	FUN_102591e0	6
1025a0a0	FUN_1025a0a0	49
1025a930	FUN_1025a930	8
1025a940	FUN_1025a940	8
1025a950	FUN_1025a950	8
1025a960	FUN_1025a960	8
1025a970	FUN_1025a970	8
1025a980	FUN_1025a980	8
1025a9e0	FUN_1025a9e0	3
1025a9f0	FUN_1025a9f0	3
1025aa00	FUN_1025aa00	3
1025aa10	FUN_1025aa10	3
1025aa20	FUN_1025aa20	3
1025aa30	FUN_1025aa30	3
1025aa40	FUN_1025aa40	3
1025aa50	FUN_1025aa50	3
1025aa60	FUN_1025aa60	3
1025aa70	FUN_1025aa70	3
1025aa80	FUN_1025aa80	3
1025aa90	FUN_1025aa90	3
1025aaa0	FUN_1025aaa0	4
1025aab0	FUN_1025aab0	4
1025aac0	FUN_1025aac0	4
1025aad0	FUN_1025aad0	4
1025aae0	FUN_1025aae0	4
1025aaf0	FUN_1025aaf0	4
1025ad90	FUN_1025ad90	7
1025ada0	FUN_1025ada0	7
1025adb0	FUN_1025adb0	7
1025adc0	FUN_1025adc0	7
1025add0	FUN_1025add0	7
1025ade0	FUN_1025ade0	7
1025adf0	FUN_1025adf0	79
1025aeb0	FUN_1025aeb0	3
1025aec0	FUN_1025aec0	11
1025aed0	FUN_1025aed0	6
1025aee0	FUN_1025aee0	26
1025af00	FUN_1025af00	26
1025af20	FUN_1025af20	26
1025af40	FUN_1025af40	26
1025af60	FUN_1025af60	26
1025af80	FUN_1025af80	76
1025afe0	FUN_1025afe0	76
1025b040	FUN_1025b040	76
1025b0a0	FUN_1025b0a0	76
1025b100	FUN_1025b100	83
1025b170	FUN_1025b170	10
1025b180	FUN_1025b180	10
1025b190	FUN_1025b190	10
1025b1a0	FUN_1025b1a0	10
1025b1b0	FUN_1025b1b0	10
1025b1c0	FUN_1025b1c0	10
1025b860	FUN_1025b860	9
1025b870	FUN_1025b870	25
1025baa0	FUN_1025baa0	9
1025bab0	FUN_1025bab0	9
1025bad0	FUN_1025bad0	11
1025c510	FUN_1025c510	13
1025c840	FUN_1025c840	6
1025c850	FUN_1025c850	6
1025c860	FUN_1025c860	6
1025c870	FUN_1025c870	6
1025c890	FUN_1025c890	7
1025c8a0	FUN_1025c8a0	6
1025c8b0	FUN_1025c8b0	6
1025c8c0	FUN_1025c8c0	6
1025c8d0	FUN_1025c8d0	6
1025c910	FUN_1025c910	5
1025c920	FUN_1025c920	3
1025c930	FUN_1025c930	3
1025c940	FUN_1025c940	3
1025c950	FUN_1025c950	3
1025d210	FUN_1025d210	28
1025d240	FUN_1025d240	28
1025d270	FUN_1025d270	28
1025d2a0	FUN_1025d2a0	28
1025d2d0	FUN_1025d2d0	28
1025d300	FUN_1025d300	28
1025d330	FUN_1025d330	28
1025d5b0	FUN_1025d5b0	25
1025d5d0	FUN_1025d5d0	26
1025d5f0	FUN_1025d5f0	6
1025d9b0	FUN_1025d9b0	7
1025d9c0	FUN_1025d9c0	3
1025d9d0	FUN_1025d9d0	3
1025db30	FUN_1025db30	9
1025df50	FUN_1025df50	6
1025df60	FUN_1025df60	3
1025e100	FUN_1025e100	28
1025e130	FUN_1025e130	28
1025e190	FUN_1025e190	6
1025e340	FUN_1025e340	3
1025e5e0	FUN_1025e5e0	6
1025eab0	FUN_1025eab0	22
1025eb90	FUN_1025eb90	22
1025ebb0	FUN_1025ebb0	22
1025ebd0	FUN_1025ebd0	13
1025ebe0	FUN_1025ebe0	3
1025ee10	FUN_1025ee10	5
1025ee20	FUN_1025ee20	5
1025ee30	FUN_1025ee30	5
1025ee40	FUN_1025ee40	5
1025eee0	FUN_1025eee0	15
1025ef00	FUN_1025ef00	5
1025ef10	FUN_1025ef10	5
1025ef20	FUN_1025ef20	5
1025ef30	FUN_1025ef30	5
1025ef40	FUN_1025ef40	6
1025ef50	FUN_1025ef50	6
1025ef60	FUN_1025ef60	6
1025ef70	FUN_1025ef70	6
1025f160	FUN_1025f160	18
1025f180	FUN_1025f180	11
1025f210	FUN_1025f210	11
1025fe20	FUN_1025fe20	14
1025fe40	FUN_1025fe40	14
1025fe60	FUN_1025fe60	3
102604a0	FUN_102604a0	3
102604b0	FUN_102604b0	3
102604c0	FUN_102604c0	3
102604d0	FUN_102604d0	3
102604e0	FUN_102604e0	3
10260500	FUN_10260500	3
10260510	FUN_10260510	3
102607b0	FUN_102607b0	5
10260830	FUN_10260830	11
10260f30	FUN_10260f30	11
10261020	FUN_10261020	6
102610f0	FUN_102610f0	6
10261550	FUN_10261550	4
10261560	FUN_10261560	6
10261570	FUN_10261570	6
10261580	FUN_10261580	6
10261590	FUN_10261590	6
102622f0	FUN_102622f0	6
10262300	FUN_10262300	6
102626b0	FUN_102626b0	28
10262f10	FUN_10262f10	18
10262f30	FUN_10262f30	25
10262f50	FUN_10262f50	25
10263300	FUN_10263300	18
102636b0	FUN_102636b0	26
102636d0	FUN_102636d0	26
102637f0	FUN_102637f0	78
10263860	FUN_10263860	78
102638d0	FUN_102638d0	3
10263a20	FUN_10263a20	13
10263a30	FUN_10263a30	13
10263a40	FUN_10263a40	3
102647f0	FUN_102647f0	15
10264890	FUN_10264890	7
102648a0	FUN_102648a0	7
102648b0	FUN_102648b0	7
10264a00	FUN_10264a00	5
10264b50	FUN_10264b50	5
10264b60	FUN_10264b60	5
10264df0	FUN_10264df0	5
10264e00	FUN_10264e00	5
10264e40	FUN_10264e40	5
10264e50	FUN_10264e50	5
10264e60	FUN_10264e60	5
10264e70	FUN_10264e70	5
10265160	FUN_10265160	15
10265180	FUN_10265180	15
102651a0	FUN_102651a0	5
102651b0	FUN_102651b0	5
102651c0	FUN_102651c0	5
102651d0	FUN_102651d0	5
102651e0	FUN_102651e0	5
102651f0	FUN_102651f0	5
10265200	FUN_10265200	5
10265210	FUN_10265210	5
10265220	FUN_10265220	5
10265230	FUN_10265230	5
10265240	FUN_10265240	5
10265250	FUN_10265250	5
10265260	FUN_10265260	5
10265270	FUN_10265270	5
10265280	FUN_10265280	5
10265290	FUN_10265290	5
102652a0	FUN_102652a0	5
102652b0	FUN_102652b0	5
102652c0	FUN_102652c0	5
102652d0	FUN_102652d0	5
102652e0	FUN_102652e0	5
102652f0	FUN_102652f0	5
10265300	FUN_10265300	5
10265370	FUN_10265370	5
10265380	FUN_10265380	5
10265390	FUN_10265390	6
102653a0	FUN_102653a0	6
102653b0	FUN_102653b0	6
10265660	FUN_10265660	5
10265670	FUN_10265670	5
102657f0	FUN_102657f0	16
102659e0	FUN_102659e0	16
10265a20	FUN_10265a20	18
10265a40	FUN_10265a40	3
10265a50	FUN_10265a50	3
10265aa0	FUN_10265aa0	11
10265b30	FUN_10265b30	11
10265b40	FUN_10265b40	16
10265b60	FUN_10265b60	21
10265b80	FUN_10265b80	21
10265ba0	FUN_10265ba0	23
10265bc0	FUN_10265bc0	23
10265be0	FUN_10265be0	3
10265bf0	FUN_10265bf0	3
10265c00	FUN_10265c00	3
10265c10	FUN_10265c10	18
10265de0	FUN_10265de0	23
10265e00	FUN_10265e00	23
10267650	FUN_10267650	14
10267670	FUN_10267670	12
10267680	FUN_10267680	12
10267690	FUN_10267690	7
102676a0	FUN_102676a0	7
102676b0	FUN_102676b0	3
102676c0	FUN_102676c0	3
102676d0	FUN_102676d0	7
102676e0	FUN_102676e0	7
102676f0	FUN_102676f0	3
10267700	FUN_10267700	3
10267710	FUN_10267710	3
10267720	FUN_10267720	3
10267730	FUN_10267730	3
10267740	FUN_10267740	3
10267750	FUN_10267750	3
10267760	FUN_10267760	3
10267770	FUN_10267770	3
10267780	FUN_10267780	3
10267790	FUN_10267790	6
102677a0	FUN_102677a0	6
10268380	FUN_10268380	49
102683c0	FUN_102683c0	49
10268850	FUN_10268850	5
10268890	FUN_10268890	3
102688a0	FUN_102688a0	3
102688b0	FUN_102688b0	3
102688c0	FUN_102688c0	3
102688d0	FUN_102688d0	3
102688e0	FUN_102688e0	3
102688f0	FUN_102688f0	3
10268900	FUN_10268900	3
10268910	FUN_10268910	3
10268920	FUN_10268920	3
10268930	FUN_10268930	3
10268940	FUN_10268940	3
10268950	FUN_10268950	3
10268960	FUN_10268960	3
10268970	FUN_10268970	3
10268980	FUN_10268980	3
10268c20	FUN_10268c20	79
10268c90	FUN_10268c90	30
10268cc0	FUN_10268cc0	31
10268d40	FUN_10268d40	3
10268d50	FUN_10268d50	3
10268d60	FUN_10268d60	11
10268d70	FUN_10268d70	6
10268d80	FUN_10268d80	6
10268d90	FUN_10268d90	83
10269c70	FUN_10269c70	3
1026ad30	FUN_1026ad30	9
1026ad40	FUN_1026ad40	9
1026ae90	FUN_1026ae90	9
1026aea0	FUN_1026aea0	9
1026af60	FUN_1026af60	11
1026af70	FUN_1026af70	4
1026c000	FUN_1026c000	6
1026c010	FUN_1026c010	6
1026c020	FUN_1026c020	6
1026c140	FUN_1026c140	7
1026c160	FUN_1026c160	7
1026c170	FUN_1026c170	7
1026c380	FUN_1026c380	6
1026c390	FUN_1026c390	6
1026c3a0	FUN_1026c3a0	6
1026c3b0	FUN_1026c3b0	6
1026c3c0	FUN_1026c3c0	6
1026c3d0	FUN_1026c3d0	6
1026ca60	FUN_1026ca60	5
1026cc20	FUN_1026cc20	3
1026cc30	FUN_1026cc30	3
1026cc40	FUN_1026cc40	3
1026cc50	FUN_1026cc50	3
1026d0e0	FUN_1026d0e0	28
1026d110	FUN_1026d110	28
1026d140	FUN_1026d140	28
1026d170	FUN_1026d170	28
1026d1a0	FUN_1026d1a0	28
1026d630	FUN_1026d630	10
1026d760	FUN_1026d760	9
1026d770	FUN_1026d770	9
1026d7e0	FUN_1026d7e0	25
1026d800	FUN_1026d800	26
1026d820	FUN_1026d820	6
1026d860	FUN_1026d860	16
1026db80	FUN_1026db80	7
1026db90	FUN_1026db90	3
1026dba0	FUN_1026dba0	3
1026dce0	FUN_1026dce0	9
1026e040	FUN_1026e040	6
1026e050	FUN_1026e050	3
1026e1f0	FUN_1026e1f0	28
1026e220	FUN_1026e220	28
1026e380	FUN_1026e380	26
1026e4a0	FUN_1026e4a0	78
1026e510	FUN_1026e510	12
1026e8e0	FUN_1026e8e0	93
1026e9c0	FUN_1026e9c0	5
1026e9f0	FUN_1026e9f0	5
1026ea00	FUN_1026ea00	5
1026ed00	FUN_1026ed00	5
1026ed30	FUN_1026ed30	5
1026ed40	FUN_1026ed40	5
1026ed50	FUN_1026ed50	5
1026f100	FUN_1026f100	16
1026f120	FUN_1026f120	16
1026f1b0	FUN_1026f1b0	3
1026f1c0	FUN_1026f1c0	3
1026f1d0	FUN_1026f1d0	10
1026f1e0	FUN_1026f1e0	10
1026f1f0	FUN_1026f1f0	10
1026f200	FUN_1026f200	11
1026f210	FUN_1026f210	11
102701c0	FUN_102701c0	65
10270300	FUN_10270300	12
10270310	FUN_10270310	3
10270320	FUN_10270320	3
10270330	FUN_10270330	3
10270340	FUN_10270340	8
10270350	FUN_10270350	3
10270360	FUN_10270360	3
10270370	FUN_10270370	3
10270380	FUN_10270380	3
10270390	FUN_10270390	3
102703a0	FUN_102703a0	3
10270a80	FUN_10270a80	8
10270a90	FUN_10270a90	8
10270aa0	FUN_10270aa0	8
10270ad0	FUN_10270ad0	3
10270ae0	FUN_10270ae0	3
10270af0	FUN_10270af0	4
10270b00	FUN_10270b00	4
10270b10	FUN_10270b10	4
10270b20	FUN_10270b20	7
10270b30	FUN_10270b30	7
10270b40	FUN_10270b40	7
10270b50	FUN_10270b50	13
10270ba0	FUN_10270ba0	26
10270bc0	FUN_10270bc0	10
10270bd0	FUN_10270bd0	10
10270be0	FUN_10270be0	10
10270da0	FUN_10270da0	3
10270db0	FUN_10270db0	3
10270dc0	FUN_10270dc0	4
10270dd0	FUN_10270dd0	4
10270ee0	FUN_10270ee0	11
10271260	FUN_10271260	9
10271270	FUN_10271270	9
10271280	FUN_10271280	9
10271290	FUN_10271290	32
102713f0	FUN_102713f0	24
10271420	FUN_10271420	7
10271430	FUN_10271430	7
10271440	FUN_10271440	7
10271450	FUN_10271450	7
10271780	FUN_10271780	3
10271790	FUN_10271790	3
102717a0	FUN_102717a0	3
102719a0	FUN_102719a0	28
102719d0	FUN_102719d0	28
10271a00	FUN_10271a00	28
10271a30	FUN_10271a30	28
10271a60	FUN_10271a60	28
10271a90	FUN_10271a90	28
10271ad0	FUN_10271ad0	9
10271c90	FUN_10271c90	25
10271cb0	FUN_10271cb0	25
102720c0	FUN_102720c0	26
102720e0	FUN_102720e0	25
10272100	FUN_10272100	26
10272120	FUN_10272120	78
10272190	FUN_10272190	12
102721a0	FUN_102721a0	3
102721b0	FUN_102721b0	3
10272910	FUN_10272910	64
10272d10	FUN_10272d10	13
102733b0	FUN_102733b0	7
102733c0	FUN_102733c0	7
102733d0	FUN_102733d0	7
102733e0	FUN_102733e0	7
102733f0	FUN_102733f0	7
10273640	FUN_10273640	16
10273660	FUN_10273660	3
10273670	FUN_10273670	3
10273680	FUN_10273680	3
10273690	FUN_10273690	3
10273820	FUN_10273820	3
10273830	FUN_10273830	3
10273870	FUN_10273870	24
10273950	FUN_10273950	5
10273960	FUN_10273960	5
10273970	FUN_10273970	5
10273b80	FUN_10273b80	5
10273b90	FUN_10273b90	5
10273bd0	FUN_10273bd0	5
10273be0	FUN_10273be0	5
10273bf0	FUN_10273bf0	5
10273c00	FUN_10273c00	5
10273c10	FUN_10273c10	5
10273c20	FUN_10273c20	5
10273c30	FUN_10273c30	18
10273c50	FUN_10273c50	17
10273c70	FUN_10273c70	20
10273ef0	FUN_10273ef0	12
10273f00	FUN_10273f00	26
10274170	FUN_10274170	15
10274190	FUN_10274190	15
102741b0	FUN_102741b0	5
102741c0	FUN_102741c0	5
102741d0	FUN_102741d0	5
10274210	FUN_10274210	5
10274220	FUN_10274220	5
10274230	FUN_10274230	5
10274240	FUN_10274240	5
10274250	FUN_10274250	5
10274290	FUN_10274290	5
102742a0	FUN_102742a0	5
102742b0	FUN_102742b0	6
10274670	FUN_10274670	5
10274680	FUN_10274680	5
102746c0	FUN_102746c0	5
102746d0	FUN_102746d0	5
102746e0	FUN_102746e0	12
102746f0	FUN_102746f0	15
10274a90	FUN_10274a90	16
10274b90	FUN_10274b90	3
10274ba0	FUN_10274ba0	3
10274bb0	FUN_10274bb0	10
10274bc0	FUN_10274bc0	10
10274bd0	FUN_10274bd0	10
10274be0	FUN_10274be0	18
10274c00	FUN_10274c00	21
10274c20	FUN_10274c20	21
10274c40	FUN_10274c40	11
10274c50	FUN_10274c50	11
10274c60	FUN_10274c60	11
10274c70	FUN_10274c70	11
10274c80	FUN_10274c80	23
10274ca0	FUN_10274ca0	23
10274cc0	FUN_10274cc0	3
10274cd0	FUN_10274cd0	3
10274d60	FUN_10274d60	18
10274d80	FUN_10274d80	18
10274da0	FUN_10274da0	23
10274dc0	FUN_10274dc0	23
10275d70	FUN_10275d70	65
10276090	FUN_10276090	60
102760e0	FUN_102760e0	31
10276110	FUN_10276110	60
102762a0	FUN_102762a0	14
102762c0	FUN_102762c0	14
102762e0	FUN_102762e0	15
10276300	FUN_10276300	12
10276310	FUN_10276310	3
10276320	FUN_10276320	3
10276330	FUN_10276330	3
10276340	FUN_10276340	3
10276350	FUN_10276350	8
10276360	FUN_10276360	3
10276370	FUN_10276370	3
10276380	FUN_10276380	3
10276390	FUN_10276390	6
102763a0	FUN_102763a0	6
10276e90	FUN_10276e90	30
10276ec0	FUN_10276ec0	63
10276f10	FUN_10276f10	49
10277260	FUN_10277260	3
10277480	FUN_10277480	21
10277610	FUN_10277610	20
10277aa0	FUN_10277aa0	8
10277ab0	FUN_10277ab0	8
10277ac0	FUN_10277ac0	8
10277b20	FUN_10277b20	3
10277b30	FUN_10277b30	3
10277b40	FUN_10277b40	3
10277b50	FUN_10277b50	3
10277b60	FUN_10277b60	3
10277b70	FUN_10277b70	3
10277b80	FUN_10277b80	3
10277b90	FUN_10277b90	3
10277ba0	FUN_10277ba0	3
10277bb0	FUN_10277bb0	3
10277bc0	FUN_10277bc0	4
10277bd0	FUN_10277bd0	4
10277be0	FUN_10277be0	4
10277bf0	FUN_10277bf0	7
10277c00	FUN_10277c00	7
10277c10	FUN_10277c10	7
10277cd0	FUN_10277cd0	3
10277ce0	FUN_10277ce0	3
10277d10	FUN_10277d10	6
10277d20	FUN_10277d20	6
10277d30	FUN_10277d30	26
10277d50	FUN_10277d50	10
10277d60	FUN_10277d60	10
10277d70	FUN_10277d70	10
10277d80	FUN_10277d80	43
10278160	FUN_10278160	24
10278180	FUN_10278180	24
102781a0	FUN_102781a0	3
102781b0	FUN_102781b0	4
102782b0	FUN_102782b0	3
102782c0	FUN_102782c0	3
102782d0	FUN_102782d0	3
10278400	FUN_10278400	3
10278410	FUN_10278410	11
10278420	FUN_10278420	11
10278430	FUN_10278430	11
10278440	FUN_10278440	23
10278460	FUN_10278460	9
10278c50	FUN_10278c50	9
10278c60	FUN_10278c60	32
10278cc0	FUN_10278cc0	4
10278cd0	FUN_10278cd0	12
10278ce0	FUN_10278ce0	12
10278ef0	FUN_10278ef0	32
10278fb0	FUN_10278fb0	6
10278fc0	FUN_10278fc0	7
10278fd0	FUN_10278fd0	7
10278fe0	FUN_10278fe0	6
10278ff0	FUN_10278ff0	6
10279000	FUN_10279000	6
10279010	FUN_10279010	6
10279650	FUN_10279650	3
10279660	FUN_10279660	3
10279670	FUN_10279670	3
10279680	FUN_10279680	3
10279880	FUN_10279880	28
102798b0	FUN_102798b0	28
102798e0	FUN_102798e0	28
10279b10	FUN_10279b10	4
10279b20	FUN_10279b20	23
10279b40	FUN_10279b40	9
1027d560	FUN_1027d560	18
1027d580	FUN_1027d580	18
1027d640	FUN_1027d640	25
1027d820	FUN_1027d820	91
1027d980	FUN_1027d980	78
1027d9f0	FUN_1027d9f0	78
1027da60	FUN_1027da60	78
1027dda0	FUN_1027dda0	3
1027e110	FUN_1027e110	13
1027e120	FUN_1027e120	13
1027e430	FUN_1027e430	3
1027e5f0	FUN_1027e5f0	15
1027e690	FUN_1027e690	7
1027e6a0	FUN_1027e6a0	3
1027e6b0	FUN_1027e6b0	3
1027e750	FUN_1027e750	5
1027e760	FUN_1027e760	5
1027e770	FUN_1027e770	5
1027e780	FUN_1027e780	5
1027e790	FUN_1027e790	5
1027e7a0	FUN_1027e7a0	5
1027e7b0	FUN_1027e7b0	5
1027e850	FUN_1027e850	18
1027e870	FUN_1027e870	20
1027e970	FUN_1027e970	12
1027e980	FUN_1027e980	15
1027e9a0	FUN_1027e9a0	15
1027e9c0	FUN_1027e9c0	5
1027e9d0	FUN_1027e9d0	5
1027e9e0	FUN_1027e9e0	5
1027e9f0	FUN_1027e9f0	5
1027ea00	FUN_1027ea00	5
1027ea10	FUN_1027ea10	6
1027ea20	FUN_1027ea20	6
1027ea30	FUN_1027ea30	6
1027ea40	FUN_1027ea40	6
1027ea50	FUN_1027ea50	6
1027ea60	FUN_1027ea60	6
1027ea70	FUN_1027ea70	6
1027ea80	FUN_1027ea80	12
1027eb80	FUN_1027eb80	16
1027ebe0	FUN_1027ebe0	16
1027ec40	FUN_1027ec40	16
1027ec60	FUN_1027ec60	16
1027ec80	FUN_1027ec80	18
1027ece0	FUN_1027ece0	16
1027fba0	FUN_1027fba0	58
1027fbf0	FUN_1027fbf0	58
1027fc40	FUN_1027fc40	31
1027fc70	FUN_1027fc70	5
1027fd00	FUN_1027fd00	3
1027fd10	FUN_1027fd10	7
1027fd20	FUN_1027fd20	3
1027fd30	FUN_1027fd30	7
1027fd40	FUN_1027fd40	7
1027fd50	FUN_1027fd50	7
1027fd60	FUN_1027fd60	3
1027fd70	FUN_1027fd70	7
1027fd80	FUN_1027fd80	3
1027fd90	FUN_1027fd90	7
1027fda0	FUN_1027fda0	7
1027fdb0	FUN_1027fdb0	7
1027fdc0	FUN_1027fdc0	3
1027fdd0	FUN_1027fdd0	3
1027fde0	FUN_1027fde0	3
1027fdf0	FUN_1027fdf0	3
1027fe00	FUN_1027fe00	3
1027fe10	FUN_1027fe10	3
1027fe20	FUN_1027fe20	3
102804c0	FUN_102804c0	55
10280e50	FUN_10280e50	21
10280e70	FUN_10280e70	3
10280e80	FUN_10280e80	3
10280e90	FUN_10280e90	3
10280ea0	FUN_10280ea0	3
10280eb0	FUN_10280eb0	3
10280ec0	FUN_10280ec0	3
10280ee0	FUN_10280ee0	3
10280ef0	FUN_10280ef0	3
10280f00	FUN_10280f00	3
10280f10	FUN_10280f10	30
10280f40	FUN_10280f40	31
10280f70	FUN_10280f70	3
10280f80	FUN_10280f80	11
10280f90	FUN_10280f90	8
10280fa0	FUN_10280fa0	3
10280fb0	FUN_10280fb0	4
10281500	FUN_10281500	19
10282bd0	FUN_10282bd0	6
10282be0	FUN_10282be0	6
10282bf0	FUN_10282bf0	6
10282c00	FUN_10282c00	6
10282c10	FUN_10282c10	6
10282c20	FUN_10282c20	7
10282c30	FUN_10282c30	7
10282d30	FUN_10282d30	3
10282d40	FUN_10282d40	3
10282d50	FUN_10282d50	3
10282d60	FUN_10282d60	3
10282d70	FUN_10282d70	3
10282d80	FUN_10282d80	3
10282fe0	FUN_10282fe0	69
10283260	FUN_10283260	28
10283290	FUN_10283290	28
102832c0	FUN_102832c0	28
102832f0	FUN_102832f0	28
10283320	FUN_10283320	20
10283340	FUN_10283340	20
10283360	FUN_10283360	20
102833d0	FUN_102833d0	5
102833e0	FUN_102833e0	5
10283780	FUN_10283780	78
102837f0	FUN_102837f0	70
10283960	FUN_10283960	18
10283980	FUN_10283980	25
102839a0	FUN_102839a0	22
102839c0	FUN_102839c0	22
10283a90	FUN_10283a90	18
10283ab0	FUN_10283ab0	22
10283ad0	FUN_10283ad0	18
10283af0	FUN_10283af0	22
10283b10	FUN_10283b10	18
10283c50	FUN_10283c50	33
10283c80	FUN_10283c80	25
10283ca0	FUN_10283ca0	33
10283cd0	FUN_10283cd0	26
10283cf0	FUN_10283cf0	26
10283d10	FUN_10283d10	3
10283d20	FUN_10283d20	3
10283e70	FUN_10283e70	13
10283e80	FUN_10283e80	13
10283e90	FUN_10283e90	113
102840d0	FUN_102840d0	3
102846c0	FUN_102846c0	118
10284860	FUN_10284860	73
102848c0	FUN_102848c0	30
102848f0	FUN_102848f0	30
10284920	FUN_10284920	15
10284940	FUN_10284940	15
10284960	FUN_10284960	5
10284970	FUN_10284970	7
10284980	FUN_10284980	7
10284990	FUN_10284990	7
102849d0	FUN_102849d0	92
10284a50	FUN_10284a50	5
10284a60	FUN_10284a60	13
10284a70	FUN_10284a70	24
10284a90	FUN_10284a90	5
10284be0	FUN_10284be0	5
10284bf0	FUN_10284bf0	5
10284c00	FUN_10284c00	5
10284c10	FUN_10284c10	5
10284c20	FUN_10284c20	5
10284c30	FUN_10284c30	5
10284c40	FUN_10284c40	5
10284c50	FUN_10284c50	13
10284c60	FUN_10284c60	13
10284d00	FUN_10284d00	3
10284d80	FUN_10284d80	86
10284e90	FUN_10284e90	15
10284eb0	FUN_10284eb0	15
10284ed0	FUN_10284ed0	15
10284ef0	FUN_10284ef0	15
10284f40	FUN_10284f40	5
10284f50	FUN_10284f50	5
10284f60	FUN_10284f60	5
10284f70	FUN_10284f70	5
10284f80	FUN_10284f80	5
10284f90	FUN_10284f90	5
10284fa0	FUN_10284fa0	5
10284fb0	FUN_10284fb0	5
10284fc0	FUN_10284fc0	5
10284fd0	FUN_10284fd0	5
10284fe0	FUN_10284fe0	5
10284ff0	FUN_10284ff0	5
10285000	FUN_10285000	5
10285010	FUN_10285010	5
10285020	FUN_10285020	5
10285030	FUN_10285030	5
10285040	FUN_10285040	6
10285170	FUN_10285170	5
10285180	FUN_10285180	5
10285190	FUN_10285190	5
10285270	FUN_10285270	16
10285310	FUN_10285310	18
10285370	FUN_10285370	11
10285440	FUN_10285440	11
10285450	FUN_10285450	11
10285460	FUN_10285460	16
10285480	FUN_10285480	21
102854a0	FUN_102854a0	11
102854b0	FUN_102854b0	11
102854c0	FUN_102854c0	25
102854e0	FUN_102854e0	25
10285500	FUN_10285500	23
10285520	FUN_10285520	3
10285530	FUN_10285530	3
102856e0	FUN_102856e0	49
10285720	FUN_10285720	49
10285820	FUN_10285820	23
10285b50	FUN_10285b50	7
10285b80	FUN_10285b80	19
10285ba0	FUN_10285ba0	19
10285df0	FUN_10285df0	65
10285f30	FUN_10285f30	14
10285f50	FUN_10285f50	14
10285f70	FUN_10285f70	14
10285fb0	FUN_10285fb0	14
10285fd0	FUN_10285fd0	3
10285fe0	FUN_10285fe0	3
10285ff0	FUN_10285ff0	7
10286000	FUN_10286000	3
10286010	FUN_10286010	3
10286020	FUN_10286020	3
10286030	FUN_10286030	6
10286040	FUN_10286040	6
10286050	FUN_10286050	3
10286060	FUN_10286060	3
10286170	FUN_10286170	6
10286180	FUN_10286180	16
102861a0	FUN_102861a0	18
10286440	FUN_10286440	30
10286470	FUN_10286470	49
10286560	FUN_10286560	3
10286690	FUN_10286690	5
102869f0	FUN_102869f0	3
10286a00	FUN_10286a00	3
10286a10	FUN_10286a10	3
10286a20	FUN_10286a20	3
10286a30	FUN_10286a30	3
10286a40	FUN_10286a40	3
10286a50	FUN_10286a50	3
10286a60	FUN_10286a60	3
10286a80	FUN_10286a80	3
10286a90	FUN_10286a90	3
10286aa0	FUN_10286aa0	3
10286ab0	FUN_10286ab0	3
10286d50	FUN_10286d50	5
10286e30	FUN_10286e30	31
10286e60	FUN_10286e60	3
10286e70	FUN_10286e70	3
10286e80	FUN_10286e80	11
10286e90	FUN_10286e90	8
10286ea0	FUN_10286ea0	6
10286f20	FUN_10286f20	9
10287050	FUN_10287050	24
10287070	FUN_10287070	24
10287090	FUN_10287090	13
102870a0	FUN_102870a0	13
102870b0	FUN_102870b0	3
102870c0	FUN_102870c0	3
102870d0	FUN_102870d0	10
102870e0	FUN_102870e0	10
102870f0	FUN_102870f0	4
10287100	FUN_10287100	4
10287110	FUN_10287110	3
10287230	FUN_10287230	11
10287240	FUN_10287240	9
102873a0	FUN_102873a0	12
10289c20	FUN_10289c20	6
1028a560	FUN_1028a560	7
1028a570	FUN_1028a570	6
1028a580	FUN_1028a580	6
1028a590	FUN_1028a590	6
1028a5a0	FUN_1028a5a0	6
1028a5b0	FUN_1028a5b0	3
1028a5c0	FUN_1028a5c0	3
1028a5d0	FUN_1028a5d0	3
1028a8a0	FUN_1028a8a0	28
1028a8d0	FUN_1028a8d0	28
1028a900	FUN_1028a900	28
1028a930	FUN_1028a930	5
1028a940	FUN_1028a940	5
1028b240	FUN_1028b240	9
1028b270	FUN_1028b270	18
1028b290	FUN_1028b290	18
1028b2b0	FUN_1028b2b0	22
1028b2d0	FUN_1028b2d0	22
1028b2f0	FUN_1028b2f0	18
1028b310	FUN_1028b310	18
1028b500	FUN_1028b500	22
1028b520	FUN_1028b520	22
1028b540	FUN_1028b540	18
1028b560	FUN_1028b560	22
1028b580	FUN_1028b580	18
1028b770	FUN_1028b770	91
1028b7f0	FUN_1028b7f0	25
1028b810	FUN_1028b810	26
1028b830	FUN_1028b830	25
1028b850	FUN_1028b850	26
1028bb00	FUN_1028bb00	13
1028bb10	FUN_1028bb10	13
1028bb20	FUN_1028bb20	13
1028bb30	FUN_1028bb30	13
1028bb40	FUN_1028bb40	113
1028bdc0	FUN_1028bdc0	3
1028bdd0	FUN_1028bdd0	3
1028c2d0	FUN_1028c2d0	161
1028c410	FUN_1028c410	15
1028c430	FUN_1028c430	15
1028c550	FUN_1028c550	5
1028c560	FUN_1028c560	37
1028c5c0	FUN_1028c5c0	19
1028c760	FUN_1028c760	5
1028c770	FUN_1028c770	5
1028c780	FUN_1028c780	5
1028c790	FUN_1028c790	5
1028c7a0	FUN_1028c7a0	5
1028c7b0	FUN_1028c7b0	5
1028c7c0	FUN_1028c7c0	5
1028c7d0	FUN_1028c7d0	5
1028c7e0	FUN_1028c7e0	5
1028c7f0	FUN_1028c7f0	5
1028c970	FUN_1028c970	15
1028c990	FUN_1028c990	15
1028c9b0	FUN_1028c9b0	15
1028c9d0	FUN_1028c9d0	15
1028ca40	FUN_1028ca40	5
1028ca50	FUN_1028ca50	5
1028ca60	FUN_1028ca60	5
1028ca70	FUN_1028ca70	5
1028ca80	FUN_1028ca80	5
1028ca90	FUN_1028ca90	5
1028caa0	FUN_1028caa0	5
1028cab0	FUN_1028cab0	5
1028cac0	FUN_1028cac0	5
1028cad0	FUN_1028cad0	5
1028cae0	FUN_1028cae0	5
1028caf0	FUN_1028caf0	5
1028cb00	FUN_1028cb00	6
1028cb10	FUN_1028cb10	6
1028cb50	FUN_1028cb50	5
1028cb60	FUN_1028cb60	5
1028cb70	FUN_1028cb70	5
1028cb80	FUN_1028cb80	19
1028cc70	FUN_1028cc70	16
1028cd10	FUN_1028cd10	18
1028cd30	FUN_1028cd30	18
1028ce30	FUN_1028ce30	11
1028cf80	FUN_1028cf80	11
1028cf90	FUN_1028cf90	11
1028cfa0	FUN_1028cfa0	11
1028cfb0	FUN_1028cfb0	16
1028cfd0	FUN_1028cfd0	16
1028cff0	FUN_1028cff0	3
1028d000	FUN_1028d000	3
1028de90	FUN_1028de90	65
1028def0	FUN_1028def0	14
1028df10	FUN_1028df10	14
1028df30	FUN_1028df30	14
1028df50	FUN_1028df50	14
1028e0d0	FUN_1028e0d0	3
1028e0e0	FUN_1028e0e0	7
1028e0f0	FUN_1028e0f0	7
1028e100	FUN_1028e100	3
1028e110	FUN_1028e110	7
1028e120	FUN_1028e120	3
1028e130	FUN_1028e130	3
1028e140	FUN_1028e140	3
1028e150	FUN_1028e150	3
1028e160	FUN_1028e160	3
1028e170	FUN_1028e170	3
1028e180	FUN_1028e180	6
1028e190	FUN_1028e190	6
1028e1a0	FUN_1028e1a0	6
1028e7b0	FUN_1028e7b0	5
1028eb10	FUN_1028eb10	3
1028eb20	FUN_1028eb20	3
1028eb30	FUN_1028eb30	3
1028eb40	FUN_1028eb40	3
1028eb50	FUN_1028eb50	3
1028eb60	FUN_1028eb60	3
1028eb70	FUN_1028eb70	3
1028eb80	FUN_1028eb80	3
1028eb90	FUN_1028eb90	3
1028eba0	FUN_1028eba0	3
1028ebb0	FUN_1028ebb0	3
1028ebc0	FUN_1028ebc0	3
1028ebe0	FUN_1028ebe0	3
1028ebf0	FUN_1028ebf0	3
1028ec00	FUN_1028ec00	3
1028f130	FUN_1028f130	5
1028f220	FUN_1028f220	13
1028f2c0	FUN_1028f2c0	3
1028f2d0	FUN_1028f2d0	3
1028f2e0	FUN_1028f2e0	11
1028f2f0	FUN_1028f2f0	11
1028f300	FUN_1028f300	8
1028f3f0	FUN_1028f3f0	33
1028f420	FUN_1028f420	13
1028f430	FUN_1028f430	10
1028f440	FUN_1028f440	11
10290190	FUN_10290190	13
102901a0	FUN_102901a0	13
10290350	FUN_10290350	9
10290360	FUN_10290360	9
10290370	FUN_10290370	12
10290380	FUN_10290380	11
10290390	FUN_10290390	11
102903a0	FUN_102903a0	11
102926b0	FUN_102926b0	27
10293390	FUN_10293390	6
102933a0	FUN_102933a0	6
102933e0	FUN_102933e0	7
102933f0	FUN_102933f0	7
10293400	FUN_10293400	7
10293430	FUN_10293430	7
10293470	FUN_10293470	7
10293490	FUN_10293490	6
102934a0	FUN_102934a0	6
102934b0	FUN_102934b0	6
102934c0	FUN_102934c0	6
102935c0	FUN_102935c0	5
102935d0	FUN_102935d0	3
10293820	FUN_10293820	28
10293850	FUN_10293850	28
10293880	FUN_10293880	28
102938b0	FUN_102938b0	28
10293ee0	FUN_10293ee0	5
10293f00	FUN_10293f00	4
10293f10	FUN_10293f10	4
10293f60	FUN_10293f60	18
10293ff0	FUN_10293ff0	18
10294010	FUN_10294010	18
10294030	FUN_10294030	22
10294050	FUN_10294050	22
10294070	FUN_10294070	18
10294260	FUN_10294260	22
10294280	FUN_10294280	11
10294310	FUN_10294310	11
102943b0	FUN_102943b0	11
102943c0	FUN_102943c0	3
102943f0	FUN_102943f0	13
10294400	FUN_10294400	13
10294410	FUN_10294410	3
102947f0	FUN_102947f0	15
102948b0	FUN_102948b0	5
102948c0	FUN_102948c0	5
10294b80	FUN_10294b80	7
10294b90	FUN_10294b90	5
10294ba0	FUN_10294ba0	5
10294bb0	FUN_10294bb0	5
10294bc0	FUN_10294bc0	5
10294bd0	FUN_10294bd0	5
10294be0	FUN_10294be0	5
10294d00	FUN_10294d00	86
10294d70	FUN_10294d70	15
10294d90	FUN_10294d90	15
10294db0	FUN_10294db0	5
10294dc0	FUN_10294dc0	5
10294dd0	FUN_10294dd0	5
10294de0	FUN_10294de0	5
10294df0	FUN_10294df0	11
10294e00	FUN_10294e00	6
10294e10	FUN_10294e10	6
10294e20	FUN_10294e20	6
10294e30	FUN_10294e30	5
102951a0	FUN_102951a0	16
102951e0	FUN_102951e0	18
102952c0	FUN_102952c0	11
102952d0	FUN_102952d0	11
102952e0	FUN_102952e0	16
10295300	FUN_10295300	3
10295310	FUN_10295310	3
102953a0	FUN_102953a0	13
10296710	FUN_10296710	3
10296720	FUN_10296720	3
10296900	FUN_10296900	3
10296ea0	FUN_10296ea0	65
10296f00	FUN_10296f00	14
10296f20	FUN_10296f20	14
10297160	FUN_10297160	3
10297170	FUN_10297170	7
10297180	FUN_10297180	4
10297190	FUN_10297190	4
102971a0	FUN_102971a0	3
102971b0	FUN_102971b0	6
102971c0	FUN_102971c0	6
102971d0	FUN_102971d0	9
102971e0	FUN_102971e0	9
102983e0	FUN_102983e0	3
102983f0	FUN_102983f0	3
10298400	FUN_10298400	3
10298410	FUN_10298410	3
10298420	FUN_10298420	3
10298430	FUN_10298430	3
10298440	FUN_10298440	3
10298450	FUN_10298450	3
10298760	FUN_10298760	30
102987c0	FUN_102987c0	3
102987d0	FUN_102987d0	11
10298850	FUN_10298850	38
10298880	FUN_10298880	13
10299580	FUN_10299580	13
102995a0	FUN_102995a0	8
10299bc0	FUN_10299bc0	11
1029ade0	FUN_1029ade0	4
1029ae00	FUN_1029ae00	46
1029aee0	FUN_1029aee0	4
1029af00	FUN_1029af00	7
1029b0e0	FUN_1029b0e0	7
1029b0f0	FUN_1029b0f0	4
1029b100	FUN_1029b100	7
1029b120	FUN_1029b120	7
1029b130	FUN_1029b130	7
1029b140	FUN_1029b140	7
1029b150	FUN_1029b150	4
1029b270	FUN_1029b270	7
1029b3a0	FUN_1029b3a0	4
1029b3c0	FUN_1029b3c0	8
1029b3d0	FUN_1029b3d0	7
1029b400	FUN_1029b400	5
1029b420	FUN_1029b420	7
1029b5f0	FUN_1029b5f0	6
1029b600	FUN_1029b600	6
1029b610	FUN_1029b610	6
1029b630	FUN_1029b630	7
1029b640	FUN_1029b640	7
1029b6c0	FUN_1029b6c0	7
1029b770	FUN_1029b770	6
1029b780	FUN_1029b780	6
1029c0e0	FUN_1029c0e0	3
1029c7d0	FUN_1029c7d0	28
1029c940	FUN_1029c940	24
1029cbc0	FUN_1029cbc0	26
1029cbe0	FUN_1029cbe0	6
1029cc20	FUN_1029cc20	16
1029d0e0	FUN_1029d0e0	3
1029d0f0	FUN_1029d0f0	3
1029d1a0	FUN_1029d1a0	3
1029d9f0	FUN_1029d9f0	6
1029da50	FUN_1029da50	71
1029db10	FUN_1029db10	3
1029dc40	FUN_1029dc40	28
1029dc70	FUN_1029dc70	5
1029de20	FUN_1029de20	26
1029de40	FUN_1029de40	6
1029de80	FUN_1029de80	16
1029dec0	FUN_1029dec0	8
1029e160	FUN_1029e160	3
1029e710	FUN_1029e710	8
1029e720	FUN_1029e720	6
1029e7f0	FUN_1029e7f0	3
1029e920	FUN_1029e920	28
1029ea50	FUN_1029ea50	22
1029ec40	FUN_1029ec40	22
1029ecc0	FUN_1029ecc0	13
1029ed40	FUN_1029ed40	5
1029f000	FUN_1029f000	5
1029f070	FUN_1029f070	15
1029f090	FUN_1029f090	5
1029f0a0	FUN_1029f0a0	5
1029f0b0	FUN_1029f0b0	6
1029f150	FUN_1029f150	18
1029f8b0	FUN_1029f8b0	3
1029fa50	FUN_1029fa50	25
1029fa70	FUN_1029fa70	44
1029fab0	FUN_1029fab0	17
1029fad0	FUN_1029fad0	21
1029fb30	FUN_1029fb30	3
1029fb40	FUN_1029fb40	3
1029fb50	FUN_1029fb50	3
1029fb60	FUN_1029fb60	3
1029fb70	FUN_1029fb70	3
1029fe80	FUN_1029fe80	3
1029fe90	FUN_1029fe90	11
102a0910	FUN_102a0910	7
102a1500	FUN_102a1500	6
102a1510	FUN_102a1510	6
102a1520	FUN_102a1520	6
102a1630	FUN_102a1630	3
102a1760	FUN_102a1760	28
102a1810	FUN_102a1810	20
102a1830	FUN_102a1830	18
102a1850	FUN_102a1850	18
102a1870	FUN_102a1870	18
102a1890	FUN_102a1890	25
102a18b0	FUN_102a18b0	25
102a18d0	FUN_102a18d0	25
102a18f0	FUN_102a18f0	25
102a1910	FUN_102a1910	20
102a1930	FUN_102a1930	11
102a1940	FUN_102a1940	11
102a1950	FUN_102a1950	22
102a1970	FUN_102a1970	22
102a1990	FUN_102a1990	18
102a19b0	FUN_102a19b0	18
102a19d0	FUN_102a19d0	18
102a19f0	FUN_102a19f0	18
102a1cb0	FUN_102a1cb0	11
102a1cc0	FUN_102a1cc0	11
102a1cd0	FUN_102a1cd0	22
102a1cf0	FUN_102a1cf0	22
102a1d10	FUN_102a1d10	18
102a1d30	FUN_102a1d30	11
102a1d40	FUN_102a1d40	11
102a1d50	FUN_102a1d50	18
102a1d70	FUN_102a1d70	18
102a1d90	FUN_102a1d90	18
102a1db0	FUN_102a1db0	25
102a1dd0	FUN_102a1dd0	25
102a1df0	FUN_102a1df0	22
102a1e10	FUN_102a1e10	22
102a1e70	FUN_102a1e70	91
102a1ef0	FUN_102a1ef0	26
102a2070	FUN_102a2070	43
102a20b0	FUN_102a20b0	91
102a2210	FUN_102a2210	26
102a2230	FUN_102a2230	43
102a2270	FUN_102a2270	91
102a22f0	FUN_102a22f0	26
102a2310	FUN_102a2310	91
102a2390	FUN_102a2390	26
102a2430	FUN_102a2430	43
102a2470	FUN_102a2470	91
102a2620	FUN_102a2620	78
102a2690	FUN_102a2690	78
102a2700	FUN_102a2700	78
102a2950	FUN_102a2950	78
102a29c0	FUN_102a29c0	78
102a2cd0	FUN_102a2cd0	3
102a2eb0	FUN_102a2eb0	13
102a2ec0	FUN_102a2ec0	13
102a2ed0	FUN_102a2ed0	13
102a2ee0	FUN_102a2ee0	13
102a2ef0	FUN_102a2ef0	13
102a2f80	FUN_102a2f80	3
102a2f90	FUN_102a2f90	3
102a3340	FUN_102a3340	23
102a3500	FUN_102a3500	23
102a4570	FUN_102a4570	15
102a4590	FUN_102a4590	15
102a45b0	FUN_102a45b0	15
102a45d0	FUN_102a45d0	15
102a46f0	FUN_102a46f0	7
102a4700	FUN_102a4700	7
102a4710	FUN_102a4710	7
102a4720	FUN_102a4720	7
102a4730	FUN_102a4730	5
102a4740	FUN_102a4740	5
102a4750	FUN_102a4750	5
102a48f0	FUN_102a48f0	3
102a4900	FUN_102a4900	19
102a4920	FUN_102a4920	19
102a5000	FUN_102a5000	7
102a5010	FUN_102a5010	7
102a50b0	FUN_102a50b0	24
102a50d0	FUN_102a50d0	5
102a50e0	FUN_102a50e0	5
102a50f0	FUN_102a50f0	5
102a5100	FUN_102a5100	5
102a5530	FUN_102a5530	5
102a5540	FUN_102a5540	5
102a5550	FUN_102a5550	5
102a5560	FUN_102a5560	5
102a5570	FUN_102a5570	5
102a5580	FUN_102a5580	5
102a5590	FUN_102a5590	5
102a55a0	FUN_102a55a0	5
102a55b0	FUN_102a55b0	5
102a55c0	FUN_102a55c0	5
102a55d0	FUN_102a55d0	5
102a55e0	FUN_102a55e0	5
102a5650	FUN_102a5650	40
102a5690	FUN_102a5690	40
102a56d0	FUN_102a56d0	40
102a5710	FUN_102a5710	18
102a5730	FUN_102a5730	20
102a5750	FUN_102a5750	22
102a5770	FUN_102a5770	22
102a57d0	FUN_102a57d0	14
102a57f0	FUN_102a57f0	14
102a5a20	FUN_102a5a20	3
102a5c40	FUN_102a5c40	12
102a5c50	FUN_102a5c50	40
102a5d30	FUN_102a5d30	15
102a5d50	FUN_102a5d50	15
102a5d70	FUN_102a5d70	15
102a5d90	FUN_102a5d90	15
102a5db0	FUN_102a5db0	15
102a5dd0	FUN_102a5dd0	5
102a5de0	FUN_102a5de0	5
102a5df0	FUN_102a5df0	5
102a5e00	FUN_102a5e00	5
102a5e10	FUN_102a5e10	5
102a5e20	FUN_102a5e20	5
102a5e30	FUN_102a5e30	5
102a5e40	FUN_102a5e40	5
102a5e50	FUN_102a5e50	5
102a5e60	FUN_102a5e60	5
102a5e70	FUN_102a5e70	5
102a5e80	FUN_102a5e80	5
102a5e90	FUN_102a5e90	5
102a5ea0	FUN_102a5ea0	5
102a5eb0	FUN_102a5eb0	5
102a5ec0	FUN_102a5ec0	5
102a5ed0	FUN_102a5ed0	5
102a5ee0	FUN_102a5ee0	5
102a5ef0	FUN_102a5ef0	5
102a5f00	FUN_102a5f00	5
102a5f10	FUN_102a5f10	5
102a5f20	FUN_102a5f20	5
102a5f30	FUN_102a5f30	5
102a5f40	FUN_102a5f40	5
102a5f50	FUN_102a5f50	5
102a5f60	FUN_102a5f60	5
102a5f70	FUN_102a5f70	5
102a5f80	FUN_102a5f80	5
102a5f90	FUN_102a5f90	11
102a5fa0	FUN_102a5fa0	11
102a5fb0	FUN_102a5fb0	6
102a5fc0	FUN_102a5fc0	6
102a5fd0	FUN_102a5fd0	6
102a5fe0	FUN_102a5fe0	6
102a5ff0	FUN_102a5ff0	6
102a6000	FUN_102a6000	6
102a6160	FUN_102a6160	5
102a6170	FUN_102a6170	5
102a6180	FUN_102a6180	5
102a6190	FUN_102a6190	5
102a61a0	FUN_102a61a0	5
102a61b0	FUN_102a61b0	5
102a61c0	FUN_102a61c0	5
102a61d0	FUN_102a61d0	5
102a61e0	FUN_102a61e0	5
102a61f0	FUN_102a61f0	5
102a6200	FUN_102a6200	5
102a6210	FUN_102a6210	12
102a6220	FUN_102a6220	19
102a6240	FUN_102a6240	19
102a63a0	FUN_102a63a0	16
102a6430	FUN_102a6430	16
102a6450	FUN_102a6450	16
102a64b0	FUN_102a64b0	16
102a64d0	FUN_102a64d0	16
102a6520	FUN_102a6520	16
102a65b0	FUN_102a65b0	16
102a6640	FUN_102a6640	16
102a66d0	FUN_102a66d0	16
102a6710	FUN_102a6710	18
102a6730	FUN_102a6730	18
102a6910	FUN_102a6910	11
102a6920	FUN_102a6920	11
102a6930	FUN_102a6930	11
102a6940	FUN_102a6940	11
102a6a50	FUN_102a6a50	11
102a6a60	FUN_102a6a60	11
102a6a70	FUN_102a6a70	16
102a6a90	FUN_102a6a90	16
102a6ab0	FUN_102a6ab0	16
102a6ad0	FUN_102a6ad0	21
102a6af0	FUN_102a6af0	21
102a6b10	FUN_102a6b10	21
102a6b30	FUN_102a6b30	11
102a6b40	FUN_102a6b40	11
102a6b50	FUN_102a6b50	23
102a6b70	FUN_102a6b70	23
102a6b90	FUN_102a6b90	23
102a6bb0	FUN_102a6bb0	23
102a6bd0	FUN_102a6bd0	3
102a6be0	FUN_102a6be0	3
102a6bf0	FUN_102a6bf0	3
102a6c00	FUN_102a6c00	3
102a6c10	FUN_102a6c10	3
102a6c20	FUN_102a6c20	3
102a6c30	FUN_102a6c30	3
102a6e40	FUN_102a6e40	13
102a6e50	FUN_102a6e50	13
102a6f80	FUN_102a6f80	23
102a6fa0	FUN_102a6fa0	23
102a6fc0	FUN_102a6fc0	23
102a70a0	FUN_102a70a0	23
102a9720	FUN_102a9720	19
102a97e0	FUN_102a97e0	19
102aa6c0	FUN_102aa6c0	65
102aa720	FUN_102aa720	65
102aa780	FUN_102aa780	65
102aa850	FUN_102aa850	31
102aa880	FUN_102aa880	5
102aa890	FUN_102aa890	5
102aaa30	FUN_102aaa30	41
102aaa70	FUN_102aaa70	5
102aaa80	FUN_102aaa80	14
102aaaa0	FUN_102aaaa0	14
102aaac0	FUN_102aaac0	14
102aaae0	FUN_102aaae0	14
102aab00	FUN_102aab00	14
102aab20	FUN_102aab20	14
102aab40	FUN_102aab40	14
102aab60	FUN_102aab60	14
102ab190	FUN_102ab190	15
102ab1b0	FUN_102ab1b0	15
102ab1d0	FUN_102ab1d0	15
102ab1f0	FUN_102ab1f0	3
102ab200	FUN_102ab200	3
102ab210	FUN_102ab210	7
102ab220	FUN_102ab220	3
102ab230	FUN_102ab230	7
102ab240	FUN_102ab240	7
102ab250	FUN_102ab250	7
102ab260	FUN_102ab260	3
102ab270	FUN_102ab270	3
102ab280	FUN_102ab280	7
102ab290	FUN_102ab290	3
102ab2a0	FUN_102ab2a0	7
102ab2b0	FUN_102ab2b0	3
102ab2c0	FUN_102ab2c0	3
102ab2d0	FUN_102ab2d0	3
102ab2e0	FUN_102ab2e0	7
102ab2f0	FUN_102ab2f0	7
102ab300	FUN_102ab300	7
102ab310	FUN_102ab310	3
102ab320	FUN_102ab320	3
102ab330	FUN_102ab330	3
102ab340	FUN_102ab340	3
102ab350	FUN_102ab350	3
102ab360	FUN_102ab360	3
102ab370	FUN_102ab370	3
102ab380	FUN_102ab380	3
102ab390	FUN_102ab390	3
102ab3a0	FUN_102ab3a0	3
102ab3b0	FUN_102ab3b0	3
102ab3c0	FUN_102ab3c0	3
102ab3d0	FUN_102ab3d0	6
102ab3e0	FUN_102ab3e0	6
102ab3f0	FUN_102ab3f0	6
102ab400	FUN_102ab400	3
102ab410	FUN_102ab410	3
102ab420	FUN_102ab420	3
102ab430	FUN_102ab430	3
102ab590	FUN_102ab590	6
102ab5a0	FUN_102ab5a0	6
102ab5b0	FUN_102ab5b0	6
102ab5c0	FUN_102ab5c0	6
102ab710	FUN_102ab710	18
102ac3b0	FUN_102ac3b0	7
102ac4c0	FUN_102ac4c0	33
102ac4f0	FUN_102ac4f0	30
102ac520	FUN_102ac520	62
102ac570	FUN_102ac570	49
102ac5b0	FUN_102ac5b0	49
102ac910	FUN_102ac910	3
102ac920	FUN_102ac920	3
102ac930	FUN_102ac930	21
102aca90	FUN_102aca90	3
102acaa0	FUN_102acaa0	3
102acab0	FUN_102acab0	3
102acac0	FUN_102acac0	3
102acad0	FUN_102acad0	3
102acae0	FUN_102acae0	3
102acaf0	FUN_102acaf0	3
102acb00	FUN_102acb00	3
102acb10	FUN_102acb10	3
102acb20	FUN_102acb20	3
102acb30	FUN_102acb30	3
102acb40	FUN_102acb40	3
102acb50	FUN_102acb50	3
102acb60	FUN_102acb60	3
102acb70	FUN_102acb70	3
102acb80	FUN_102acb80	3
102acb90	FUN_102acb90	3
102acba0	FUN_102acba0	3
102acbb0	FUN_102acbb0	3
102acbc0	FUN_102acbc0	3
102acbd0	FUN_102acbd0	3
102acbe0	FUN_102acbe0	3
102acbf0	FUN_102acbf0	3
102acc00	FUN_102acc00	3
102acc10	FUN_102acc10	3
102acc20	FUN_102acc20	3
102acc30	FUN_102acc30	3
102acc40	FUN_102acc40	3
102acc50	FUN_102acc50	3
102acc70	FUN_102acc70	3
102acc80	FUN_102acc80	3
102acc90	FUN_102acc90	3
102acca0	FUN_102acca0	3
102accb0	FUN_102accb0	3
102accc0	FUN_102accc0	3
102ad1f0	FUN_102ad1f0	79
102ad260	FUN_102ad260	79
102ad2d0	FUN_102ad2d0	31
102ad300	FUN_102ad300	3
102ad310	FUN_102ad310	3
102ad320	FUN_102ad320	3
102ad330	FUN_102ad330	3
102ad340	FUN_102ad340	11
102ad350	FUN_102ad350	11
102ad360	FUN_102ad360	6
102ad370	FUN_102ad370	6
102ad380	FUN_102ad380	6
102ad390	FUN_102ad390	83
102ad400	FUN_102ad400	83
102ad470	FUN_102ad470	33
102ad4a0	FUN_102ad4a0	33
102adb40	FUN_102adb40	24
102adc90	FUN_102adc90	24
102adce0	FUN_102adce0	23
102add70	FUN_102add70	41
102ae330	FUN_102ae330	13
102ae340	FUN_102ae340	11
102ae350	FUN_102ae350	22
102ae370	FUN_102ae370	9
102ae380	FUN_102ae380	9
102ae390	FUN_102ae390	25
102aeaf0	FUN_102aeaf0	16
102aeb10	FUN_102aeb10	16
102aeb30	FUN_102aeb30	9
102aec30	FUN_102aec30	11
102aec40	FUN_102aec40	11
102aec50	FUN_102aec50	11
102aec60	FUN_102aec60	12
102aee80	FUN_102aee80	4
102b11e0	FUN_102b11e0	4
102b53c0	FUN_102b53c0	6
102b53d0	FUN_102b53d0	6
102b53e0	FUN_102b53e0	6
102b53f0	FUN_102b53f0	6
102b5f70	FUN_102b5f70	8
102b80d0	FUN_102b80d0	7
102b8250	FUN_102b8250	7
102b8260	FUN_102b8260	7
102b8270	FUN_102b8270	7
102b8280	FUN_102b8280	7
102b8290	FUN_102b8290	49
102b82d0	FUN_102b82d0	46
102b8360	FUN_102b8360	7
102b8370	FUN_102b8370	7
102b83c0	FUN_102b83c0	6
102b83d0	FUN_102b83d0	6
102b83e0	FUN_102b83e0	6
102b83f0	FUN_102b83f0	6
102b8400	FUN_102b8400	6
102b8410	FUN_102b8410	6
102b8420	FUN_102b8420	6
102b8430	FUN_102b8430	6
102b8440	FUN_102b8440	6
102b8450	FUN_102b8450	6
102b8460	FUN_102b8460	6
102b87d0	FUN_102b87d0	5
102b87e0	FUN_102b87e0	3
102b87f0	FUN_102b87f0	3
102b8800	FUN_102b8800	3
102b8810	FUN_102b8810	3
102b8820	FUN_102b8820	3
102b8830	FUN_102b8830	3
102b8840	FUN_102b8840	3
102b8850	FUN_102b8850	3
102b8860	FUN_102b8860	3
102b8870	FUN_102b8870	3
102b8880	FUN_102b8880	40
102b8d30	FUN_102b8d30	7
102b8f20	FUN_102b8f20	28
102b8f50	FUN_102b8f50	28
102b8f80	FUN_102b8f80	28
102b8fb0	FUN_102b8fb0	28
102b8fe0	FUN_102b8fe0	28
102b9010	FUN_102b9010	28
102b9040	FUN_102b9040	28
102b9070	FUN_102b9070	28
102b90a0	FUN_102b90a0	28
102b90d0	FUN_102b90d0	28
102b9100	FUN_102b9100	28
102b9130	FUN_102b9130	28
102b9160	FUN_102b9160	20
102b9180	FUN_102b9180	20
102bac10	FUN_102bac10	5
102bac20	FUN_102bac20	5
102bba80	FUN_102bba80	22
102bbaa0	FUN_102bbaa0	23
102bbac0	FUN_102bbac0	9
102bc200	FUN_102bc200	18
102bc220	FUN_102bc220	22
102bc240	FUN_102bc240	18
102bc260	FUN_102bc260	22
102bc280	FUN_102bc280	18
102bc2a0	FUN_102bc2a0	22
102bc2c0	FUN_102bc2c0	18
102bc680	FUN_102bc680	13
102bc690	FUN_102bc690	13
102bc6a0	FUN_102bc6a0	113
102bc900	FUN_102bc900	3
102bcd30	FUN_102bcd30	15
102bcdd0	FUN_102bcdd0	68
102bcee0	FUN_102bcee0	5
102bcef0	FUN_102bcef0	5
102bcf00	FUN_102bcf00	5
102bcf10	FUN_102bcf10	5
102bcf20	FUN_102bcf20	5
102bcf30	FUN_102bcf30	5
102bcf40	FUN_102bcf40	14
102bcf60	FUN_102bcf60	56
102bd020	FUN_102bd020	15
102bd040	FUN_102bd040	15
102bd060	FUN_102bd060	5
102bd070	FUN_102bd070	5
102bd080	FUN_102bd080	5
102bd090	FUN_102bd090	5
102bd0a0	FUN_102bd0a0	5
102bd0b0	FUN_102bd0b0	5
102bd0c0	FUN_102bd0c0	5
102bd0d0	FUN_102bd0d0	5
102bd0e0	FUN_102bd0e0	5
102bd0f0	FUN_102bd0f0	6
102bd180	FUN_102bd180	18
102bd1e0	FUN_102bd1e0	11
102bd1f0	FUN_102bd1f0	9
102bd2c0	FUN_102bd2c0	11
102bd2d0	FUN_102bd2d0	9
102bd2e0	FUN_102bd2e0	16
102bd300	FUN_102bd300	11
102bd310	FUN_102bd310	9
102bd320	FUN_102bd320	11
102bd330	FUN_102bd330	9
102bd340	FUN_102bd340	3
102bdc30	FUN_102bdc30	14
102bdc50	FUN_102bdc50	14
102bdc70	FUN_102bdc70	14
102bdc90	FUN_102bdc90	14
102bdcb0	FUN_102bdcb0	6
102bdcc0	FUN_102bdcc0	3
102bdcd0	FUN_102bdcd0	3
102bddc0	FUN_102bddc0	6
102bddd0	FUN_102bddd0	16
102bddf0	FUN_102bddf0	52
102be0e0	FUN_102be0e0	3
102be0f0	FUN_102be0f0	5
102be100	FUN_102be100	3
102be110	FUN_102be110	3
102be120	FUN_102be120	3
102be130	FUN_102be130	3
102be140	FUN_102be140	3
102be160	FUN_102be160	3
102be170	FUN_102be170	3
102be410	FUN_102be410	5
102be490	FUN_102be490	30
102be4f0	FUN_102be4f0	3
102be500	FUN_102be500	11
102be510	FUN_102be510	8
102bea30	FUN_102bea30	13
102bea40	FUN_102bea40	11
102bead0	FUN_102bead0	45
102bf070	FUN_102bf070	11
102bf080	FUN_102bf080	12
102bffe0	FUN_102bffe0	6
102bfff0	FUN_102bfff0	7
102c0000	FUN_102c0000	6
102c0010	FUN_102c0010	6
102c0140	FUN_102c0140	5
102c0150	FUN_102c0150	3
102c0160	FUN_102c0160	7
102c0230	FUN_102c0230	4
102c0240	FUN_102c0240	26
102c0260	FUN_102c0260	6
102c02a0	FUN_102c02a0	16
102c04d0	FUN_102c04d0	3
102c0990	FUN_102c0990	6
102c09b0	FUN_102c09b0	7
102c09d0	FUN_102c09d0	3
102c0b00	FUN_102c0b00	28
102c0ce0	FUN_102c0ce0	26
102c0d00	FUN_102c0d00	91
102c0d80	FUN_102c0d80	26
102c11c0	FUN_102c11c0	6
102c11d0	FUN_102c11d0	6
102c12d0	FUN_102c12d0	3
102c12e0	FUN_102c12e0	10
102c18b0	FUN_102c18b0	3
102c18c0	FUN_102c18c0	3
102c1bc0	FUN_102c1bc0	26
102c2080	FUN_102c2080	6
102c2090	FUN_102c2090	6
102c2120	FUN_102c2120	3
102c2130	FUN_102c2130	3
102c2380	FUN_102c2380	28
102c23b0	FUN_102c23b0	20
102c2ac0	FUN_102c2ac0	26
102c2d00	FUN_102c2d00	25
102c2e80	FUN_102c2e80	26
102c2f20	FUN_102c2f20	91
102c2fa0	FUN_102c2fa0	26
102c34c0	FUN_102c34c0	78
102c3840	FUN_102c3840	40
102c3880	FUN_102c3880	5
102c3890	FUN_102c3890	5
102c38a0	FUN_102c38a0	6
102c38b0	FUN_102c38b0	6
102c38c0	FUN_102c38c0	6
102c38d0	FUN_102c38d0	6
102c38e0	FUN_102c38e0	6
102c3a70	FUN_102c3a70	16
102c3b10	FUN_102c3b10	16
102c3bf0	FUN_102c3bf0	16
102c3c90	FUN_102c3c90	11
102c3cd0	FUN_102c3cd0	10
102c3ce0	FUN_102c3ce0	10
102c3cf0	FUN_102c3cf0	12
102c3d80	FUN_102c3d80	12
102c4410	FUN_102c4410	11
102c4420	FUN_102c4420	18
102c51f0	FUN_102c51f0	3
102c5350	FUN_102c5350	3
102c5360	FUN_102c5360	7
102c5370	FUN_102c5370	3
102c5380	FUN_102c5380	3
102c5390	FUN_102c5390	3
102c53a0	FUN_102c53a0	3
102c53b0	FUN_102c53b0	7
102c53c0	FUN_102c53c0	7
102c53d0	FUN_102c53d0	8
102c53e0	FUN_102c53e0	8
102c53f0	FUN_102c53f0	4
102c5400	FUN_102c5400	4
102c5410	FUN_102c5410	3
102c5420	FUN_102c5420	3
102c5430	FUN_102c5430	3
102c5440	FUN_102c5440	3
102c5450	FUN_102c5450	3
102c5460	FUN_102c5460	3
102c5470	FUN_102c5470	3
102c5c70	FUN_102c5c70	8
102c5c80	FUN_102c5c80	8
102c5c90	FUN_102c5c90	4
102c5ca0	FUN_102c5ca0	4
102c5cb0	FUN_102c5cb0	7
102c5cc0	FUN_102c5cc0	7
102c5cd0	FUN_102c5cd0	26
102c5cf0	FUN_102c5cf0	26
102c5d10	FUN_102c5d10	10
102c5d20	FUN_102c5d20	10
102c6d70	FUN_102c6d70	16
102c6d90	FUN_102c6d90	16
102c6db0	FUN_102c6db0	9
102c6dc0	FUN_102c6dc0	9
102c6dd0	FUN_102c6dd0	9
102c7c20	FUN_102c7c20	4
102c7c30	FUN_102c7c30	4
102c7cf0	FUN_102c7cf0	3
102c7d00	FUN_102c7d00	3
102c8080	FUN_102c8080	4
102c8090	FUN_102c8090	4
102c89d0	FUN_102c89d0	6
102c89e0	FUN_102c89e0	6
102c89f0	FUN_102c89f0	6
102c8a00	FUN_102c8a00	6
102c8a10	FUN_102c8a10	6
102c8b80	FUN_102c8b80	7
102c9910	FUN_102c9910	3
102c9920	FUN_102c9920	3
102c9930	FUN_102c9930	3
102c9940	FUN_102c9940	3
102ca070	FUN_102ca070	28
102ca0a0	FUN_102ca0a0	28
102ca0d0	FUN_102ca0d0	28
102ca100	FUN_102ca100	28
102ca130	FUN_102ca130	28
102ca160	FUN_102ca160	28
102ca190	FUN_102ca190	28
102ca1c0	FUN_102ca1c0	28
102ca1f0	FUN_102ca1f0	20
102ca210	FUN_102ca210	20
102ca700	FUN_102ca700	10
102ca870	FUN_102ca870	32
102ca8a0	FUN_102ca8a0	18
102ca8c0	FUN_102ca8c0	25
102ca8e0	FUN_102ca8e0	22
102ca900	FUN_102ca900	18
102ca9e0	FUN_102ca9e0	22
102caa00	FUN_102caa00	34
102cac10	FUN_102cac10	91
102cac90	FUN_102cac90	25
102cacb0	FUN_102cacb0	26
102cacd0	FUN_102cacd0	91
102cad50	FUN_102cad50	26
102cad70	FUN_102cad70	26
102cae80	FUN_102cae80	78
102cb060	FUN_102cb060	13
102cb070	FUN_102cb070	13
102cb080	FUN_102cb080	3
102cb130	FUN_102cb130	21
102cb320	FUN_102cb320	15
102cb3c0	FUN_102cb3c0	7
102cb3d0	FUN_102cb3d0	5
102cb850	FUN_102cb850	5
102cb930	FUN_102cb930	5
102cb940	FUN_102cb940	5
102cb950	FUN_102cb950	5
102cb960	FUN_102cb960	5
102cb970	FUN_102cb970	5
102cb980	FUN_102cb980	5
102cbaf0	FUN_102cbaf0	29
102cbb20	FUN_102cbb20	18
102cbc50	FUN_102cbc50	15
102cbc70	FUN_102cbc70	15
102cbc90	FUN_102cbc90	5
102cbca0	FUN_102cbca0	5
102cbcb0	FUN_102cbcb0	5
102cbcc0	FUN_102cbcc0	5
102cbcd0	FUN_102cbcd0	5
102cbce0	FUN_102cbce0	5
102cbcf0	FUN_102cbcf0	6
102cbd00	FUN_102cbd00	6
102cbd10	FUN_102cbd10	6
102cbf30	FUN_102cbf30	16
102cbf50	FUN_102cbf50	16
102cbfa0	FUN_102cbfa0	16
102cc040	FUN_102cc040	18
102cc060	FUN_102cc060	10
102cc070	FUN_102cc070	10
102cc0c0	FUN_102cc0c0	11
102cc0d0	FUN_102cc0d0	9
102cc0e0	FUN_102cc0e0	11
102cc170	FUN_102cc170	11
102cc180	FUN_102cc180	9
102cc190	FUN_102cc190	16
102cc1b0	FUN_102cc1b0	21
102cc1d0	FUN_102cc1d0	11
102cc1e0	FUN_102cc1e0	11
102cc1f0	FUN_102cc1f0	23
102cc210	FUN_102cc210	3
102cc220	FUN_102cc220	3
102cc230	FUN_102cc230	12
102cc2c0	FUN_102cc2c0	12
102cc3a0	FUN_102cc3a0	23
102ccd70	FUN_102ccd70	19
102cd240	FUN_102cd240	65
102cd370	FUN_102cd370	14
102cd390	FUN_102cd390	14
102cd3b0	FUN_102cd3b0	14
102cd3d0	FUN_102cd3d0	14
102cd4e0	FUN_102cd4e0	12
102cd4f0	FUN_102cd4f0	7
102cd500	FUN_102cd500	3
102cd510	FUN_102cd510	3
102cd520	FUN_102cd520	3
102cd530	FUN_102cd530	8
102cd540	FUN_102cd540	8
102cd550	FUN_102cd550	4
102cd560	FUN_102cd560	3
102cd570	FUN_102cd570	6
102cd580	FUN_102cd580	6
102cd590	FUN_102cd590	6
102cd5a0	FUN_102cd5a0	3
102cd5b0	FUN_102cd5b0	3
102cd6a0	FUN_102cd6a0	6
102cd6b0	FUN_102cd6b0	6
102cdba0	FUN_102cdba0	49
102cdc90	FUN_102cdc90	3
102cdcc0	FUN_102cdcc0	8
102cdcd0	FUN_102cdcd0	8
102cdce0	FUN_102cdce0	3
102cdcf0	FUN_102cdcf0	3
102cdd00	FUN_102cdd00	3
102cdd10	FUN_102cdd10	3
102cdd20	FUN_102cdd20	3
102cdd30	FUN_102cdd30	3
102cdd40	FUN_102cdd40	3
102cdd50	FUN_102cdd50	3
102cdd60	FUN_102cdd60	3
102cdd80	FUN_102cdd80	3
102cdd90	FUN_102cdd90	3
102cdda0	FUN_102cdda0	4
102cddb0	FUN_102cddb0	4
102ce050	FUN_102ce050	7
102ce060	FUN_102ce060	7
102ce070	FUN_102ce070	79
102ce110	FUN_102ce110	3
102ce120	FUN_102ce120	11
102ce130	FUN_102ce130	6
102ce140	FUN_102ce140	26
102ce160	FUN_102ce160	26
102ce180	FUN_102ce180	83
102ce1f0	FUN_102ce1f0	10
102ce200	FUN_102ce200	10
102cf2f0	FUN_102cf2f0	13
102cf300	FUN_102cf300	11
102cf360	FUN_102cf360	9
102cf4e0	FUN_102cf4e0	16
102cf500	FUN_102cf500	9
102cf5e0	FUN_102cf5e0	11
102cf5f0	FUN_102cf5f0	12
102cf7f0	FUN_102cf7f0	4
102cf800	FUN_102cf800	4
102cfa80	FUN_102cfa80	4
102cfa90	FUN_102cfa90	4
102d0bc0	FUN_102d0bc0	6
102d0bd0	FUN_102d0bd0	6
102d0be0	FUN_102d0be0	6
102d0bf0	FUN_102d0bf0	7
102d0c00	FUN_102d0c00	7
102d0c10	FUN_102d0c10	7
102d1150	FUN_102d1150	6
102d1160	FUN_102d1160	6
102d1170	FUN_102d1170	6
102d1180	FUN_102d1180	6
102d1800	FUN_102d1800	3
102d1810	FUN_102d1810	3
102d1820	FUN_102d1820	3
102d1b90	FUN_102d1b90	28
102d1bc0	FUN_102d1bc0	28
102d1bf0	FUN_102d1bf0	28
102d1e10	FUN_102d1e10	9
102d1e40	FUN_102d1e40	61
102d1e90	FUN_102d1e90	22
102d1f90	FUN_102d1f90	18
102d1fb0	FUN_102d1fb0	25
102d1fd0	FUN_102d1fd0	25
102d1ff0	FUN_102d1ff0	22
102d2010	FUN_102d2010	5
102d2020	FUN_102d2020	5
102d2070	FUN_102d2070	63
102d2140	FUN_102d2140	25
102d2160	FUN_102d2160	26
102d2180	FUN_102d2180	78
102d21f0	FUN_102d21f0	78
102d2260	FUN_102d2260	78
102d22d0	FUN_102d22d0	78
102d2340	FUN_102d2340	12
102d2350	FUN_102d2350	3
102d2410	FUN_102d2410	13
102d2420	FUN_102d2420	13
102d2430	FUN_102d2430	13
102d2440	FUN_102d2440	3
102d2450	FUN_102d2450	3
102d2460	FUN_102d2460	18
102d2550	FUN_102d2550	51
102d2590	FUN_102d2590	15
102d25b0	FUN_102d25b0	26
102d25d0	FUN_102d25d0	7
102d25e0	FUN_102d25e0	5
102d28b0	FUN_102d28b0	5
102d28c0	FUN_102d28c0	5
102d28e0	FUN_102d28e0	5
102d28f0	FUN_102d28f0	5
102d2900	FUN_102d2900	5
102d2910	FUN_102d2910	5
102d2920	FUN_102d2920	55
102d2980	FUN_102d2980	15
102d2a20	FUN_102d2a20	5
102d2a30	FUN_102d2a30	5
102d2a50	FUN_102d2a50	5
102d2a60	FUN_102d2a60	5
102d2a70	FUN_102d2a70	5
102d2a80	FUN_102d2a80	5
102d2aa0	FUN_102d2aa0	6
102d2f90	FUN_102d2f90	16
102d2fb0	FUN_102d2fb0	16
102d3000	FUN_102d3000	16
102d3020	FUN_102d3020	16
102d3040	FUN_102d3040	18
102d3060	FUN_102d3060	3
102d3070	FUN_102d3070	10
102d3150	FUN_102d3150	11
102d3160	FUN_102d3160	11
102d3170	FUN_102d3170	11
102d3180	FUN_102d3180	11
102d3190	FUN_102d3190	16
102d31b0	FUN_102d31b0	13
102d31c0	FUN_102d31c0	14
102d31e0	FUN_102d31e0	23
102d3200	FUN_102d3200	3
102d3890	FUN_102d3890	11
102d3d10	FUN_102d3d10	3
102d40d0	FUN_102d40d0	65
102d41a0	FUN_102d41a0	14
102d41c0	FUN_102d41c0	14
102d41e0	FUN_102d41e0	14
102d4200	FUN_102d4200	14
102d4250	FUN_102d4250	3
102d4260	FUN_102d4260	7
102d4270	FUN_102d4270	7
102d4280	FUN_102d4280	3
102d4290	FUN_102d4290	7
102d42a0	FUN_102d42a0	7
102d42b0	FUN_102d42b0	8
102d42c0	FUN_102d42c0	3
102d42d0	FUN_102d42d0	3
102d42e0	FUN_102d42e0	6
102d42f0	FUN_102d42f0	6
102d4300	FUN_102d4300	6
102d4310	FUN_102d4310	6
102d4320	FUN_102d4320	6
102d4330	FUN_102d4330	9
102d4340	FUN_102d4340	9
102d4350	FUN_102d4350	9
102d4360	FUN_102d4360	9
102d4370	FUN_102d4370	10
102d4a30	FUN_102d4a30	8
102d4d10	FUN_102d4d10	3
102d4d20	FUN_102d4d20	3
102d4d30	FUN_102d4d30	3
102d4d40	FUN_102d4d40	3
102d4d50	FUN_102d4d50	3
102d4d60	FUN_102d4d60	3
102d4d70	FUN_102d4d70	4
102d4e00	FUN_102d4e00	7
102d4e10	FUN_102d4e10	3
102d4e20	FUN_102d4e20	3
102d4ec0	FUN_102d4ec0	3
102d4f80	FUN_102d4f80	11
102d4f90	FUN_102d4f90	6
102d4fa0	FUN_102d4fa0	26
102d4fc0	FUN_102d4fc0	10
102d50e0	FUN_102d50e0	14
102d5100	FUN_102d5100	13
102d5110	FUN_102d5110	12
102d5120	FUN_102d5120	11
102d5130	FUN_102d5130	43
102d53b0	FUN_102d53b0	14
102d53d0	FUN_102d53d0	13
102d5410	FUN_102d5410	4
102d5600	FUN_102d5600	9
102d5610	FUN_102d5610	32
102d5670	FUN_102d5670	12
102d5680	FUN_102d5680	11
102d6560	FUN_102d6560	6
102d65a0	FUN_102d65a0	7
102d65e0	FUN_102d65e0	6
102d65f0	FUN_102d65f0	6
102d6600	FUN_102d6600	6
102d6610	FUN_102d6610	6
102d7200	FUN_102d7200	5
102d7210	FUN_102d7210	3
102d7220	FUN_102d7220	3
102d7330	FUN_102d7330	13
102d76a0	FUN_102d76a0	28
102d76d0	FUN_102d76d0	28
102d7700	FUN_102d7700	28
102d85c0	FUN_102d85c0	9
102d8940	FUN_102d8940	25
102d8960	FUN_102d8960	25
102d8980	FUN_102d8980	25
102d89a0	FUN_102d89a0	26
102d89c0	FUN_102d89c0	3
102d8b00	FUN_102d8b00	3
102d8b10	FUN_102d8b10	18
102d8c80	FUN_102d8c80	7
102d8c90	FUN_102d8c90	7
102d8ca0	FUN_102d8ca0	3
102d8cb0	FUN_102d8cb0	5
102d8cf0	FUN_102d8cf0	5
102d8d60	FUN_102d8d60	5
102d8e70	FUN_102d8e70	13
102d8e80	FUN_102d8e80	12
102d8e90	FUN_102d8e90	36
102d8ec0	FUN_102d8ec0	5
102d8ed0	FUN_102d8ed0	5
102d8ee0	FUN_102d8ee0	6
102d8fa0	FUN_102d8fa0	23
102d8fc0	FUN_102d8fc0	3
102d9050	FUN_102d9050	23
102d9d50	FUN_102d9d50	5
102d9ea0	FUN_102d9ea0	12
102d9eb0	FUN_102d9eb0	12
102d9ec0	FUN_102d9ec0	3
102d9ed0	FUN_102d9ed0	3
102da640	FUN_102da640	30
102da670	FUN_102da670	49
102da900	FUN_102da900	3
102da910	FUN_102da910	3
102da920	FUN_102da920	3
102da930	FUN_102da930	3
102da940	FUN_102da940	3
102da950	FUN_102da950	3
102dac60	FUN_102dac60	9
102dac70	FUN_102dac70	6
102daec0	FUN_102daec0	9
102db600	FUN_102db600	6
102db820	FUN_102db820	6
102db830	FUN_102db830	6
102db840	FUN_102db840	3
102db850	FUN_102db850	36
102db9a0	FUN_102db9a0	28
102dbfe0	FUN_102dbfe0	5
102dbff0	FUN_102dbff0	9
102dc0e0	FUN_102dc0e0	26
102dc100	FUN_102dc100	25
102dc260	FUN_102dc260	26
102dc4a0	FUN_102dc4a0	3
102dc500	FUN_102dc500	30
102dc5c0	FUN_102dc5c0	6
102dc5f0	FUN_102dc5f0	5
102dc610	FUN_102dc610	5
102dc620	FUN_102dc620	19
102dc700	FUN_102dc700	16
102dc7c0	FUN_102dc7c0	16
102dc7e0	FUN_102dc7e0	45
102dc860	FUN_102dc860	16
102dd1c0	FUN_102dd1c0	3
102dd1d0	FUN_102dd1d0	3
102dd1e0	FUN_102dd1e0	7
102dd1f0	FUN_102dd1f0	7
102dd200	FUN_102dd200	3
102dd210	FUN_102dd210	3
102dd6a0	FUN_102dd6a0	33
102dd6e0	FUN_102dd6e0	19
102dd700	FUN_102dd700	19
102dd720	FUN_102dd720	26
102dda40	FUN_102dda40	9
102dda50	FUN_102dda50	9
102dddc0	FUN_102dddc0	3
102de420	FUN_102de420	4
102de5f0	FUN_102de5f0	8
102de600	FUN_102de600	6
102de610	FUN_102de610	19
102de630	FUN_102de630	7
102de7a0	FUN_102de7a0	3
102de7b0	FUN_102de7b0	3
102dec00	FUN_102dec00	28
102dec30	FUN_102dec30	28
102dec60	FUN_102dec60	28
102dec90	FUN_102dec90	20
102ded30	FUN_102ded30	17
102ded50	FUN_102ded50	17
102ded70	FUN_102ded70	24
102df190	FUN_102df190	10
102df4a0	FUN_102df4a0	33
102df510	FUN_102df510	6
102e4cb0	FUN_102e4cb0	6
102e4cc0	FUN_102e4cc0	7
102e4e80	FUN_102e4e80	34
102e5000	FUN_102e5000	18
102e5020	FUN_102e5020	18
102e5040	FUN_102e5040	22
102e5060	FUN_102e5060	22
102e5080	FUN_102e5080	22
102e50a0	FUN_102e50a0	18
102e50c0	FUN_102e50c0	18
102e5320	FUN_102e5320	25
102e5340	FUN_102e5340	25
102e5360	FUN_102e5360	18
102e5380	FUN_102e5380	25
102e53a0	FUN_102e53a0	25
102e5420	FUN_102e5420	17
102e5440	FUN_102e5440	22
102e5460	FUN_102e5460	22
102e5480	FUN_102e5480	5
102e5490	FUN_102e5490	5
102e54a0	FUN_102e54a0	5
102e54b0	FUN_102e54b0	21
102e5570	FUN_102e5570	26
102e5590	FUN_102e5590	26
102e55b0	FUN_102e55b0	91
102e5630	FUN_102e5630	91
102e56b0	FUN_102e56b0	91
102e5730	FUN_102e5730	26
102e5750	FUN_102e5750	25
102e5770	FUN_102e5770	26
102e5790	FUN_102e5790	26
102e57b0	FUN_102e57b0	26
102e57d0	FUN_102e57d0	25
102e57f0	FUN_102e57f0	26
102e5810	FUN_102e5810	26
102e5830	FUN_102e5830	26
102e5850	FUN_102e5850	26
102e5870	FUN_102e5870	26
102e5890	FUN_102e5890	26
102e58b0	FUN_102e58b0	26
102e58d0	FUN_102e58d0	26
102e5d30	FUN_102e5d30	26
102e5d50	FUN_102e5d50	26
102e5d70	FUN_102e5d70	26
102e5e10	FUN_102e5e10	26
102e5f10	FUN_102e5f10	26
102e5f30	FUN_102e5f30	26
102e5f50	FUN_102e5f50	26
102e5f70	FUN_102e5f70	25
102e5f90	FUN_102e5f90	26
102e5fb0	FUN_102e5fb0	26
102e5fd0	FUN_102e5fd0	25
102e5ff0	FUN_102e5ff0	26
102e6080	FUN_102e6080	78
102e60f0	FUN_102e60f0	78
102e6690	FUN_102e6690	78
102e6770	FUN_102e6770	78
102e67e0	FUN_102e67e0	78
102e6850	FUN_102e6850	78
102e68c0	FUN_102e68c0	78
102e6930	FUN_102e6930	3
102e6940	FUN_102e6940	3
102e6950	FUN_102e6950	3
102e69a0	FUN_102e69a0	13
102e69b0	FUN_102e69b0	13
102e69c0	FUN_102e69c0	13
102e69d0	FUN_102e69d0	13
102e69e0	FUN_102e69e0	13
102e6a20	FUN_102e6a20	3
102e6a30	FUN_102e6a30	3
102e6a40	FUN_102e6a40	3
102e6a50	FUN_102e6a50	3
102e6a60	FUN_102e6a60	18
102e6e70	FUN_102e6e70	15
102e6e90	FUN_102e6e90	15
102e6eb0	FUN_102e6eb0	15
102e70b0	FUN_102e70b0	7
102e70c0	FUN_102e70c0	7
102e70d0	FUN_102e70d0	7
102e70e0	FUN_102e70e0	7
102e70f0	FUN_102e70f0	152
102e71b0	FUN_102e71b0	16
102e74b0	FUN_102e74b0	5
102e7940	FUN_102e7940	8
102e8570	FUN_102e8570	5
102e8740	FUN_102e8740	92
102e88d0	FUN_102e88d0	8
102e8a50	FUN_102e8a50	13
102e9210	FUN_102e9210	5
102e9220	FUN_102e9220	5
102e9230	FUN_102e9230	5
102e9240	FUN_102e9240	5
102e9250	FUN_102e9250	5
102e9260	FUN_102e9260	5
102e9270	FUN_102e9270	5
102e9280	FUN_102e9280	5
102e9290	FUN_102e9290	5
102e92a0	FUN_102e92a0	5
102e92b0	FUN_102e92b0	5
102e92c0	FUN_102e92c0	5
102e92d0	FUN_102e92d0	5
102e92e0	FUN_102e92e0	5
102e92f0	FUN_102e92f0	5
102e9300	FUN_102e9300	5
102e93d0	FUN_102e93d0	40
102e9410	FUN_102e9410	40
102e96c0	FUN_102e96c0	15
102e96e0	FUN_102e96e0	15
102e9700	FUN_102e9700	15
102e97f0	FUN_102e97f0	5
102e9800	FUN_102e9800	5
102e9810	FUN_102e9810	5
102e9820	FUN_102e9820	5
102e9830	FUN_102e9830	5
102e9840	FUN_102e9840	5
102e9850	FUN_102e9850	5
102e9860	FUN_102e9860	5
102e9870	FUN_102e9870	5
102e9880	FUN_102e9880	6
102e9890	FUN_102e9890	6
102e98a0	FUN_102e98a0	6
102e98b0	FUN_102e98b0	6
102e98c0	FUN_102e98c0	6
102e98d0	FUN_102e98d0	6
102e98e0	FUN_102e98e0	6
102e98f0	FUN_102e98f0	6
102e9a10	FUN_102e9a10	31
102e9eb0	FUN_102e9eb0	16
102e9f50	FUN_102e9f50	16
102e9fb0	FUN_102e9fb0	16
102ea010	FUN_102ea010	16
102ea030	FUN_102ea030	16
102ea050	FUN_102ea050	16
102ea070	FUN_102ea070	16
102ea090	FUN_102ea090	16
102ea0b0	FUN_102ea0b0	16
102ea0d0	FUN_102ea0d0	16
102ea0f0	FUN_102ea0f0	16
102ea110	FUN_102ea110	16
102ea170	FUN_102ea170	16
102ea1d0	FUN_102ea1d0	16
102ea1f0	FUN_102ea1f0	16
102ea210	FUN_102ea210	16
102ea270	FUN_102ea270	16
102ea290	FUN_102ea290	16
102ea2b0	FUN_102ea2b0	16
102ea310	FUN_102ea310	16
102ea330	FUN_102ea330	16
102ea390	FUN_102ea390	16
102ea3b0	FUN_102ea3b0	16
102ea3d0	FUN_102ea3d0	16
102ea3f0	FUN_102ea3f0	16
102ea410	FUN_102ea410	16
102ea4b0	FUN_102ea4b0	18
102ea4d0	FUN_102ea4d0	10
102ea730	FUN_102ea730	11
102ea740	FUN_102ea740	11
102ea750	FUN_102ea750	16
102ea7f0	FUN_102ea7f0	11
102ea800	FUN_102ea800	11
102ea890	FUN_102ea890	11
102ea8a0	FUN_102ea8a0	16
102ea8c0	FUN_102ea8c0	16
102ea8e0	FUN_102ea8e0	17
102ea900	FUN_102ea900	23
102ea920	FUN_102ea920	13
102ea930	FUN_102ea930	14
102ea950	FUN_102ea950	11
102ea960	FUN_102ea960	11
102ea970	FUN_102ea970	23
102ea990	FUN_102ea990	3
102ea9a0	FUN_102ea9a0	3
102ea9b0	FUN_102ea9b0	3
102ea9c0	FUN_102ea9c0	3
102ea9d0	FUN_102ea9d0	12
102ec5c0	FUN_102ec5c0	3
102ed700	FUN_102ed700	3
102ede90	FUN_102ede90	14
102edeb0	FUN_102edeb0	14
102eded0	FUN_102eded0	14
102ee2a0	FUN_102ee2a0	7
102ee2b0	FUN_102ee2b0	3
102ee2c0	FUN_102ee2c0	7
102ee2d0	FUN_102ee2d0	3
102ee2e0	FUN_102ee2e0	3
102ee2f0	FUN_102ee2f0	3
102ee300	FUN_102ee300	7
102ee310	FUN_102ee310	3
102ee320	FUN_102ee320	3
102ee330	FUN_102ee330	7
102ee340	FUN_102ee340	3
102ee350	FUN_102ee350	7
102ee360	FUN_102ee360	3
102ee370	FUN_102ee370	7
102ee380	FUN_102ee380	3
102ee390	FUN_102ee390	3
102ee3a0	FUN_102ee3a0	3
102ee3b0	FUN_102ee3b0	3
102ee3c0	FUN_102ee3c0	7
102ee3d0	FUN_102ee3d0	3
102ee3e0	FUN_102ee3e0	3
102ee3f0	FUN_102ee3f0	3
102ee400	FUN_102ee400	7
102ee410	FUN_102ee410	3
102ee420	FUN_102ee420	7
102ee430	FUN_102ee430	3
102ee440	FUN_102ee440	3
102ee450	FUN_102ee450	3
102ee460	FUN_102ee460	3
102ee470	FUN_102ee470	7
102ee480	FUN_102ee480	3
102ee490	FUN_102ee490	3
102ee4a0	FUN_102ee4a0	3
102ee4b0	FUN_102ee4b0	7
102ee4c0	FUN_102ee4c0	7
102ee4d0	FUN_102ee4d0	3
102ee4e0	FUN_102ee4e0	3
102ee4f0	FUN_102ee4f0	3
102ee500	FUN_102ee500	3
102ee510	FUN_102ee510	3
102ee520	FUN_102ee520	3
102ee530	FUN_102ee530	3
102ee540	FUN_102ee540	3
102ee550	FUN_102ee550	3
102ee560	FUN_102ee560	3
102ee570	FUN_102ee570	3
102ee580	FUN_102ee580	3
102ee590	FUN_102ee590	3
102ee5a0	FUN_102ee5a0	3
102ee5b0	FUN_102ee5b0	6
102ee5c0	FUN_102ee5c0	6
102ee5d0	FUN_102ee5d0	6
102ee5e0	FUN_102ee5e0	18
102ee600	FUN_102ee600	14
102ee620	FUN_102ee620	14
102f0090	FUN_102f0090	8
102f00a0	FUN_102f00a0	3
102f00b0	FUN_102f00b0	3
102f00c0	FUN_102f00c0	3
102f00d0	FUN_102f00d0	3
102f00e0	FUN_102f00e0	3
102f00f0	FUN_102f00f0	3
102f0100	FUN_102f0100	4
102f0110	FUN_102f0110	3
102f0120	FUN_102f0120	3
102f0130	FUN_102f0130	3
102f0140	FUN_102f0140	3
102f0150	FUN_102f0150	3
102f0160	FUN_102f0160	3
102f0170	FUN_102f0170	3
102f0180	FUN_102f0180	3
102f0190	FUN_102f0190	4
102f0430	FUN_102f0430	7
102f0440	FUN_102f0440	79
102f04b0	FUN_102f04b0	4
102f04c0	FUN_102f04c0	3
102f04d0	FUN_102f04d0	3
102f04e0	FUN_102f04e0	11
102f04f0	FUN_102f04f0	6
102f0500	FUN_102f0500	83
102f0570	FUN_102f0570	10
102f0750	FUN_102f0750	11
102f0760	FUN_102f0760	3
102f0770	FUN_102f0770	3
102f0de0	FUN_102f0de0	11
102f11c0	FUN_102f11c0	13
102f44b0	FUN_102f44b0	16
102f44d0	FUN_102f44d0	16
102f44f0	FUN_102f44f0	9
102f4500	FUN_102f4500	9
102f4510	FUN_102f4510	9
102f4520	FUN_102f4520	9
102f4530	FUN_102f4530	9
102f4540	FUN_102f4540	9
102f4550	FUN_102f4550	9
102f4560	FUN_102f4560	9
102f4740	FUN_102f4740	12
102f4750	FUN_102f4750	11
102f4760	FUN_102f4760	11
102f4770	FUN_102f4770	12
102f51b0	FUN_102f51b0	4
102f55e0	FUN_102f55e0	4
102f57f0	FUN_102f57f0	4
102f73d0	FUN_102f73d0	20
102f7870	FUN_102f7870	4
102f78f0	FUN_102f78f0	4
102f9b60	FUN_102f9b60	4
102fc8f0	FUN_102fc8f0	6
102fc900	FUN_102fc900	6
102fc910	FUN_102fc910	6
102fc920	FUN_102fc920	6
102fc930	FUN_102fc930	6
102fc940	FUN_102fc940	6
102fc950	FUN_102fc950	6
102fdfb0	FUN_102fdfb0	7
102fdfc0	FUN_102fdfc0	7
102fdff0	FUN_102fdff0	7
102fe000	FUN_102fe000	7
102fe010	FUN_102fe010	7
102fe020	FUN_102fe020	7
102fe030	FUN_102fe030	7
102fe040	FUN_102fe040	7
102fe050	FUN_102fe050	7
102fe060	FUN_102fe060	7
102fe0d0	FUN_102fe0d0	4
102fe190	FUN_102fe190	6
102fe1a0	FUN_102fe1a0	6
102fe1b0	FUN_102fe1b0	4
102fe1d0	FUN_102fe1d0	8
102fe430	FUN_102fe430	5
102fe470	FUN_102fe470	3
102fe480	FUN_102fe480	3
102fe490	FUN_102fe490	3
102fe4a0	FUN_102fe4a0	3
102fe4b0	FUN_102fe4b0	3
102fe4c0	FUN_102fe4c0	3
102fe4d0	FUN_102fe4d0	3
102fe4e0	FUN_102fe4e0	3
102fe4f0	FUN_102fe4f0	3
102fe500	FUN_102fe500	3
102fe510	FUN_102fe510	3
102fe520	FUN_102fe520	3
102fe530	FUN_102fe530	3
102fe540	FUN_102fe540	3
102fe550	FUN_102fe550	3
102fe560	FUN_102fe560	3
102fe570	FUN_102fe570	3
102fe580	FUN_102fe580	3
102fe590	FUN_102fe590	3
102fe5a0	FUN_102fe5a0	3
102fe5b0	FUN_102fe5b0	3
102fe5c0	FUN_102fe5c0	3
102fe5d0	FUN_102fe5d0	3
102fe5e0	FUN_102fe5e0	3
102fe5f0	FUN_102fe5f0	3
102feb50	FUN_102feb50	28
102feb80	FUN_102feb80	28
102febb0	FUN_102febb0	28
102febe0	FUN_102febe0	28
102fec10	FUN_102fec10	28
102fec40	FUN_102fec40	28
102fec70	FUN_102fec70	28
102feca0	FUN_102feca0	20
102fecc0	FUN_102fecc0	20
102fece0	FUN_102fece0	20
102fed00	FUN_102fed00	20
10300610	FUN_10300610	10
10300670	FUN_10300670	13
10300880	FUN_10300880	13
103008b0	FUN_103008b0	10
10301140	FUN_10301140	16
10301160	FUN_10301160	10
10301cf0	FUN_10301cf0	9
10301d00	FUN_10301d00	38
10301da0	FUN_10301da0	21
10301ec0	FUN_10301ec0	21
10302480	FUN_10302480	6
103028e0	FUN_103028e0	6
10302900	FUN_10302900	22
10302ef0	FUN_10302ef0	6
10302f00	FUN_10302f00	4
10303030	FUN_10303030	18
10303050	FUN_10303050	22
10303070	FUN_10303070	22
10303090	FUN_10303090	18
10303170	FUN_10303170	18
10303190	FUN_10303190	25
103031b0	FUN_103031b0	25
10303390	FUN_10303390	22
103033b0	FUN_103033b0	22
103033d0	FUN_103033d0	18
103033f0	FUN_103033f0	5
10303400	FUN_10303400	5
10303450	FUN_10303450	22
10303470	FUN_10303470	18
103035c0	FUN_103035c0	3
103038c0	FUN_103038c0	13
103038d0	FUN_103038d0	13
103038e0	FUN_103038e0	13
103038f0	FUN_103038f0	13
10303900	FUN_10303900	13
10303910	FUN_10303910	113
10303c80	FUN_10303c80	3
10303c90	FUN_10303c90	3
10303eb0	FUN_10303eb0	18
103041f0	FUN_103041f0	15
103042d0	FUN_103042d0	7
103042e0	FUN_103042e0	5
103042f0	FUN_103042f0	5
103045b0	FUN_103045b0	5
103045c0	FUN_103045c0	5
103045d0	FUN_103045d0	5
103045f0	FUN_103045f0	5
10304600	FUN_10304600	5
10304610	FUN_10304610	5
10304620	FUN_10304620	5
10304a30	FUN_10304a30	15
10304a50	FUN_10304a50	15
10304af0	FUN_10304af0	5
10304b00	FUN_10304b00	5
10304b10	FUN_10304b10	5
10304b20	FUN_10304b20	5
10304b30	FUN_10304b30	5
10304b40	FUN_10304b40	5
10304b50	FUN_10304b50	5
10304b70	FUN_10304b70	5
10304b80	FUN_10304b80	5
10304b90	FUN_10304b90	5
10304ba0	FUN_10304ba0	5
10304bb0	FUN_10304bb0	5
10304bc0	FUN_10304bc0	5
10304be0	FUN_10304be0	5
10304bf0	FUN_10304bf0	5
10304e10	FUN_10304e10	18
10304e30	FUN_10304e30	18
10304e50	FUN_10304e50	3
10304e60	FUN_10304e60	10
10304f50	FUN_10304f50	11
10304f60	FUN_10304f60	11
10304f70	FUN_10304f70	16
103050f0	FUN_103050f0	11
10305100	FUN_10305100	16
10305120	FUN_10305120	23
10305140	FUN_10305140	14
10305160	FUN_10305160	23
10305180	FUN_10305180	3
10305190	FUN_10305190	3
10305ea0	FUN_10305ea0	11
10306250	FUN_10306250	3
10306810	FUN_10306810	14
10306830	FUN_10306830	14
10306880	FUN_10306880	7
10306890	FUN_10306890	6
103068a0	FUN_103068a0	6
103068b0	FUN_103068b0	9
103068c0	FUN_103068c0	9
103068d0	FUN_103068d0	10
10307280	FUN_10307280	8
10307860	FUN_10307860	3
10307870	FUN_10307870	3
10307880	FUN_10307880	3
10307890	FUN_10307890	3
103078a0	FUN_103078a0	3
103078b0	FUN_103078b0	3
103078c0	FUN_103078c0	3
103078d0	FUN_103078d0	3
103078e0	FUN_103078e0	3
103078f0	FUN_103078f0	3
10307900	FUN_10307900	3
10307910	FUN_10307910	4
10307c30	FUN_10307c30	7
10307ce0	FUN_10307ce0	4
10307cf0	FUN_10307cf0	4
10307d90	FUN_10307d90	3
10307da0	FUN_10307da0	3
10307e60	FUN_10307e60	11
10307e70	FUN_10307e70	11
10307e80	FUN_10307e80	8
10307e90	FUN_10307e90	6
10307f10	FUN_10307f10	10
10307ff0	FUN_10307ff0	14
10308010	FUN_10308010	13
10308020	FUN_10308020	12
10308030	FUN_10308030	11
10308040	FUN_10308040	43
10308080	FUN_10308080	11
10308b50	FUN_10308b50	19
10308b70	FUN_10308b70	4
10308d00	FUN_10308d00	68
10309790	FUN_10309790	11
10309800	FUN_10309800	7
103099c0	FUN_103099c0	6
103099d0	FUN_103099d0	6
103099e0	FUN_103099e0	6
103099f0	FUN_103099f0	6
10309a00	FUN_10309a00	6
10309a10	FUN_10309a10	6
1030b2c0	FUN_1030b2c0	5
1030b2f0	FUN_1030b2f0	24
1030b310	FUN_1030b310	24
1030b7c0	FUN_1030b7c0	9
1030bb00	FUN_1030bb00	21
1030c1f0	FUN_1030c1f0	39
1030c920	FUN_1030c920	22
1030cb30	FUN_1030cb30	11
1030cb40	FUN_1030cb40	11
1030cd60	FUN_1030cd60	18
1030cd80	FUN_1030cd80	25
1030cda0	FUN_1030cda0	25
1030cdc0	FUN_1030cdc0	18
1030cde0	FUN_1030cde0	25
1030ce00	FUN_1030ce00	25
1030ce20	FUN_1030ce20	18
1030ce40	FUN_1030ce40	25
1030ce60	FUN_1030ce60	25
1030ce80	FUN_1030ce80	13
1030ce90	FUN_1030ce90	13
1030cea0	FUN_1030cea0	13
1030ceb0	FUN_1030ceb0	22
1030ced0	FUN_1030ced0	5
1030cee0	FUN_1030cee0	5
1030cef0	FUN_1030cef0	5
1030cf00	FUN_1030cf00	5
1030cf10	FUN_1030cf10	5
1030cf20	FUN_1030cf20	5
1030cf30	FUN_1030cf30	11
1030cf40	FUN_1030cf40	13
1030cf50	FUN_1030cf50	13
1030cf60	FUN_1030cf60	13
1030cf70	FUN_1030cf70	22
1030cf90	FUN_1030cf90	22
1030d170	FUN_1030d170	18
1030d1e0	FUN_1030d1e0	18
1030d250	FUN_1030d250	18
1030d270	FUN_1030d270	3
1030d280	FUN_1030d280	3
1030d290	FUN_1030d290	3
1030d2a0	FUN_1030d2a0	13
1030d2b0	FUN_1030d2b0	13
1030d2c0	FUN_1030d2c0	13
1030d2d0	FUN_1030d2d0	13
1030d2e0	FUN_1030d2e0	13
1030d2f0	FUN_1030d2f0	13
1030d300	FUN_1030d300	13
1030d310	FUN_1030d310	13
1030d320	FUN_1030d320	13
1030d330	FUN_1030d330	3
1030d340	FUN_1030d340	3
1030d350	FUN_1030d350	3
1030d360	FUN_1030d360	3
1030d370	FUN_1030d370	3
1030d380	FUN_1030d380	3
1030d390	FUN_1030d390	18
1030d3b0	FUN_1030d3b0	18
1030d3d0	FUN_1030d3d0	18
1030d6e0	FUN_1030d6e0	41
1030d720	FUN_1030d720	41
1030d7d0	FUN_1030d7d0	15
1030d7f0	FUN_1030d7f0	15
1030d810	FUN_1030d810	15
1030d830	FUN_1030d830	15
1030d850	FUN_1030d850	15
1030d870	FUN_1030d870	59
1030d8e0	FUN_1030d8e0	7
1030d8f0	FUN_1030d8f0	7
1030d900	FUN_1030d900	7
1030da00	FUN_1030da00	5
1030dd90	FUN_1030dd90	7
1030dda0	FUN_1030dda0	5
1030ddb0	FUN_1030ddb0	5
1030ddc0	FUN_1030ddc0	5
1030ddd0	FUN_1030ddd0	5
1030dde0	FUN_1030dde0	5
1030ddf0	FUN_1030ddf0	5
1030de00	FUN_1030de00	5
1030de10	FUN_1030de10	5
1030de20	FUN_1030de20	5
1030de30	FUN_1030de30	5
1030de40	FUN_1030de40	5
1030de50	FUN_1030de50	5
1030de60	FUN_1030de60	5
1030de70	FUN_1030de70	5
1030de80	FUN_1030de80	5
1030de90	FUN_1030de90	5
1030dea0	FUN_1030dea0	5
1030deb0	FUN_1030deb0	5
1030dec0	FUN_1030dec0	5
1030ded0	FUN_1030ded0	5
1030dee0	FUN_1030dee0	5
1030def0	FUN_1030def0	13
1030df00	FUN_1030df00	13
1030e070	FUN_1030e070	3
1030e080	FUN_1030e080	3
1030e680	FUN_1030e680	15
1030e6a0	FUN_1030e6a0	15
1030e6c0	FUN_1030e6c0	15
1030e960	FUN_1030e960	5
1030e970	FUN_1030e970	5
1030e980	FUN_1030e980	5
1030e990	FUN_1030e990	5
1030e9a0	FUN_1030e9a0	5
1030e9b0	FUN_1030e9b0	5
1030e9c0	FUN_1030e9c0	5
1030e9d0	FUN_1030e9d0	5
1030e9e0	FUN_1030e9e0	5
1030e9f0	FUN_1030e9f0	5
1030ea00	FUN_1030ea00	5
1030ea10	FUN_1030ea10	5
1030ea20	FUN_1030ea20	5
1030ea30	FUN_1030ea30	5
1030ea40	FUN_1030ea40	5
1030ea50	FUN_1030ea50	5
1030ea60	FUN_1030ea60	5
1030ea70	FUN_1030ea70	5
1030ea80	FUN_1030ea80	5
1030ea90	FUN_1030ea90	11
1030eaa0	FUN_1030eaa0	5
1030eb40	FUN_1030eb40	18
1030eb60	FUN_1030eb60	18
1030eb80	FUN_1030eb80	18
1030ee10	FUN_1030ee10	11
1030ee20	FUN_1030ee20	11
1030ee30	FUN_1030ee30	11
1030ee40	FUN_1030ee40	11
1030ee50	FUN_1030ee50	11
1030ee60	FUN_1030ee60	11
1030ee70	FUN_1030ee70	11
1030ee80	FUN_1030ee80	11
1030ee90	FUN_1030ee90	11
1030eea0	FUN_1030eea0	11
1030eeb0	FUN_1030eeb0	11
1030eec0	FUN_1030eec0	11
1030eed0	FUN_1030eed0	16
1030eef0	FUN_1030eef0	16
1030ef10	FUN_1030ef10	16
1030ef30	FUN_1030ef30	9
1030ef40	FUN_1030ef40	9
1030ef50	FUN_1030ef50	9
1030ef60	FUN_1030ef60	13
1030ef70	FUN_1030ef70	14
1030ef90	FUN_1030ef90	14
1030efb0	FUN_1030efb0	14
1030efd0	FUN_1030efd0	13
1030efe0	FUN_1030efe0	13
1030eff0	FUN_1030eff0	23
1030f010	FUN_1030f010	23
1030f030	FUN_1030f030	23
1030f050	FUN_1030f050	3
1030f060	FUN_1030f060	3
1030f070	FUN_1030f070	3
1030f110	FUN_1030f110	13
1030f5f0	FUN_1030f5f0	11
1030f600	FUN_1030f600	11
1030f610	FUN_1030f610	11
1030f620	FUN_1030f620	24
1030f640	FUN_1030f640	24
1030f660	FUN_1030f660	24
1030fab0	FUN_1030fab0	3
1030fac0	FUN_1030fac0	3
1030fad0	FUN_1030fad0	3
1030fe70	FUN_1030fe70	18
1030fe90	FUN_1030fe90	18
1030feb0	FUN_1030feb0	18
1030fed0	FUN_1030fed0	14
1030fef0	FUN_1030fef0	14
1030ff10	FUN_1030ff10	14
1030ff30	FUN_1030ff30	14
1030ff50	FUN_1030ff50	14
1030ff70	FUN_1030ff70	14
1030ff90	FUN_1030ff90	14
1030ffb0	FUN_1030ffb0	14
1030ffd0	FUN_1030ffd0	14
1030fff0	FUN_1030fff0	14
10310010	FUN_10310010	14
10310030	FUN_10310030	14
10310080	FUN_10310080	6
10310090	FUN_10310090	6
103100a0	FUN_103100a0	6
103100b0	FUN_103100b0	6
103100c0	FUN_103100c0	6
103100d0	FUN_103100d0	6
103100e0	FUN_103100e0	6
103100f0	FUN_103100f0	6
10310100	FUN_10310100	9
10310110	FUN_10310110	9
10310120	FUN_10310120	9
10310130	FUN_10310130	9
10310140	FUN_10310140	9
10310150	FUN_10310150	10
10310160	FUN_10310160	10
10310170	FUN_10310170	10
10310270	FUN_10310270	18
10310290	FUN_10310290	18
103102b0	FUN_103102b0	18
10310ce0	FUN_10310ce0	54
10310d30	FUN_10310d30	54
10310d80	FUN_10310d80	54
10310dd0	FUN_10310dd0	5
10310de0	FUN_10310de0	5
10311330	FUN_10311330	3
10311340	FUN_10311340	3
10311350	FUN_10311350	3
10311360	FUN_10311360	3
10311370	FUN_10311370	3
10311380	FUN_10311380	3
10311390	FUN_10311390	3
103113a0	FUN_103113a0	3
103113b0	FUN_103113b0	3
103113c0	FUN_103113c0	3
103113d0	FUN_103113d0	3
103113e0	FUN_103113e0	3
103113f0	FUN_103113f0	3
10311400	FUN_10311400	3
10311410	FUN_10311410	3
10311420	FUN_10311420	3
10311430	FUN_10311430	3
10311440	FUN_10311440	3
10311450	FUN_10311450	3
10311460	FUN_10311460	3
10311470	FUN_10311470	3
10311480	FUN_10311480	3
10311490	FUN_10311490	3
103114a0	FUN_103114a0	3
103114b0	FUN_103114b0	3
103114c0	FUN_103114c0	3
103114d0	FUN_103114d0	3
103114e0	FUN_103114e0	3
103114f0	FUN_103114f0	3
10311500	FUN_10311500	3
10311690	FUN_10311690	5
103116a0	FUN_103116a0	5
103116b0	FUN_103116b0	13
103116c0	FUN_103116c0	13
103116d0	FUN_103116d0	13
103116e0	FUN_103116e0	3
103116f0	FUN_103116f0	3
10311700	FUN_10311700	3
10311710	FUN_10311710	3
10311720	FUN_10311720	3
10311730	FUN_10311730	3
10311890	FUN_10311890	3
103118a0	FUN_103118a0	3
103118b0	FUN_103118b0	3
103118c0	FUN_103118c0	3
103118d0	FUN_103118d0	3
103118e0	FUN_103118e0	3
10311b00	FUN_10311b00	11
10311b10	FUN_10311b10	11
10311b20	FUN_10311b20	11
10311b30	FUN_10311b30	6
10311b40	FUN_10311b40	6
10311b50	FUN_10311b50	6
10311cb0	FUN_10311cb0	55
10311d00	FUN_10311d00	55
10311d70	FUN_10311d70	14
10311d90	FUN_10311d90	14
10311db0	FUN_10311db0	14
10311dd0	FUN_10311dd0	13
10311de0	FUN_10311de0	13
10311df0	FUN_10311df0	13
10311e00	FUN_10311e00	12
10311e10	FUN_10311e10	12
10311e20	FUN_10311e20	12
10311e30	FUN_10311e30	11
10311e40	FUN_10311e40	11
10311e50	FUN_10311e50	11
103125e0	FUN_103125e0	38
10312610	FUN_10312610	38
103126b0	FUN_103126b0	43
103126f0	FUN_103126f0	43
10312730	FUN_10312730	43
10312a30	FUN_10312a30	14
10312a50	FUN_10312a50	13
10312b80	FUN_10312b80	4
10312b90	FUN_10312b90	4
10312ba0	FUN_10312ba0	4
10312dc0	FUN_10312dc0	59
10312e10	FUN_10312e10	59
10313160	FUN_10313160	8
10313170	FUN_10313170	8
10313180	FUN_10313180	8
10313190	FUN_10313190	8
103131a0	FUN_103131a0	12
103131b0	FUN_103131b0	12
103131c0	FUN_103131c0	12
103131d0	FUN_103131d0	11
103131e0	FUN_103131e0	11
103131f0	FUN_103131f0	11
103136e0	FUN_103136e0	20
10313700	FUN_10313700	20
10313800	FUN_10313800	6
10313810	FUN_10313810	6
10313820	FUN_10313820	6
10313830	FUN_10313830	6
10313840	FUN_10313840	6
10313850	FUN_10313850	6
10313860	FUN_10313860	6
10313870	FUN_10313870	6
10313880	FUN_10313880	6
10313890	FUN_10313890	6
103138a0	FUN_103138a0	6
103138b0	FUN_103138b0	6
103139c0	FUN_103139c0	5
10313ab0	FUN_10313ab0	4
10313ac0	FUN_10313ac0	9
10313ad0	FUN_10313ad0	9
10313ae0	FUN_10313ae0	9
10313af0	FUN_10313af0	4
10313c80	FUN_10313c80	8
10313e30	FUN_10313e30	26
10314000	FUN_10314000	40
10314120	FUN_10314120	15
10314140	FUN_10314140	12
10314170	FUN_10314170	25
10314190	FUN_10314190	33
103141c0	FUN_103141c0	43
10314200	FUN_10314200	26
10314220	FUN_10314220	25
10314240	FUN_10314240	34
10314270	FUN_10314270	26
10314290	FUN_10314290	26
103142b0	FUN_103142b0	26
103142d0	FUN_103142d0	26
103142f0	FUN_103142f0	26
10314310	FUN_10314310	26
10314630	FUN_10314630	78
103146a0	FUN_103146a0	78
10314710	FUN_10314710	78
10314780	FUN_10314780	78
10314f80	FUN_10314f80	7
103150d0	FUN_103150d0	5
103150e0	FUN_103150e0	5
103150f0	FUN_103150f0	40
10315210	FUN_10315210	15
10315230	FUN_10315230	5
10315240	FUN_10315240	5
10315250	FUN_10315250	5
10315260	FUN_10315260	5
10315270	FUN_10315270	5
10315280	FUN_10315280	6
10315290	FUN_10315290	6
103152a0	FUN_103152a0	6
103152b0	FUN_103152b0	6
103152c0	FUN_103152c0	6
103152d0	FUN_103152d0	6
103152e0	FUN_103152e0	6
103152f0	FUN_103152f0	6
10315300	FUN_10315300	6
10315310	FUN_10315310	6
10315320	FUN_10315320	6
10315330	FUN_10315330	6
10315340	FUN_10315340	5
10315350	FUN_10315350	5
10315fe0	FUN_10315fe0	16
10316000	FUN_10316000	16
10316020	FUN_10316020	16
10316040	FUN_10316040	16
10316280	FUN_10316280	21
103162a0	FUN_103162a0	25
103162c0	FUN_103162c0	23
103162e0	FUN_103162e0	3
103162f0	FUN_103162f0	49
10316330	FUN_10316330	23
10316350	FUN_10316350	44
10316390	FUN_10316390	49
103163d0	FUN_103163d0	23
103163f0	FUN_103163f0	28
10318fd0	FUN_10318fd0	22
10318ff0	FUN_10318ff0	3
10319000	FUN_10319000	7
10319010	FUN_10319010	3
10319020	FUN_10319020	3
10319030	FUN_10319030	3
10319040	FUN_10319040	3
10319050	FUN_10319050	3
10319060	FUN_10319060	7
10319070	FUN_10319070	3
10319080	FUN_10319080	4
10319090	FUN_10319090	4
103190a0	FUN_103190a0	4
103190b0	FUN_103190b0	3
103190c0	FUN_103190c0	16
103190e0	FUN_103190e0	6
10319ce0	FUN_10319ce0	7
10319cf0	FUN_10319cf0	49
10319dc0	FUN_10319dc0	3
10319dd0	FUN_10319dd0	3
10319de0	FUN_10319de0	3
10319df0	FUN_10319df0	3
10319e00	FUN_10319e00	6
1031b130	FUN_1031b130	11
1031b2b0	FUN_1031b2b0	9
1031dbe0	FUN_1031dbe0	16
1031dc00	FUN_1031dc00	9
1031dc10	FUN_1031dc10	9
1031dc20	FUN_1031dc20	9
1031dc30	FUN_1031dc30	9
1031dc40	FUN_1031dc40	9
1031dde0	FUN_1031dde0	12
1031ddf0	FUN_1031ddf0	8
1031e010	FUN_1031e010	4
1031e300	FUN_1031e300	7
1031f360	FUN_1031f360	4
1031f980	FUN_1031f980	21
1031fbe0	FUN_1031fbe0	7
10320050	FUN_10320050	7
103201d0	FUN_103201d0	7
10320370	FUN_10320370	4
103206a0	FUN_103206a0	28
10320860	FUN_10320860	7
10320880	FUN_10320880	5
10320a90	FUN_10320a90	7
103218a0	FUN_103218a0	4
10321a30	FUN_10321a30	4
10322020	FUN_10322020	7
10322d70	FUN_10322d70	5
10322e50	FUN_10322e50	4
10322f00	FUN_10322f00	4
10323ae0	FUN_10323ae0	7
10323cc0	FUN_10323cc0	7
10323de0	FUN_10323de0	7
10323e40	FUN_10323e40	7
10323e50	FUN_10323e50	7
10324080	FUN_10324080	4
103240d0	FUN_103240d0	7
10325540	FUN_10325540	4
103257a0	FUN_103257a0	7
103258c0	FUN_103258c0	4
103258d0	FUN_103258d0	4
103258e0	FUN_103258e0	7
10325910	FUN_10325910	7
10325950	FUN_10325950	21
10325df0	FUN_10325df0	15
10326880	FUN_10326880	6
10326890	FUN_10326890	6
103268a0	FUN_103268a0	6
103268b0	FUN_103268b0	6
103268c0	FUN_103268c0	6
103268d0	FUN_103268d0	6
103268e0	FUN_103268e0	6
103268f0	FUN_103268f0	6
10326900	FUN_10326900	6
10326910	FUN_10326910	6
10326920	FUN_10326920	6
10326930	FUN_10326930	6
10326e20	FUN_10326e20	7
10327530	FUN_10327530	7
103277c0	FUN_103277c0	7
10327880	FUN_10327880	7
10327890	FUN_10327890	7
103278a0	FUN_103278a0	7
103278b0	FUN_103278b0	7
10327980	FUN_10327980	7
10327a80	FUN_10327a80	7
10327f60	FUN_10327f60	21
10327f80	FUN_10327f80	7
10327f90	FUN_10327f90	7
10327fa0	FUN_10327fa0	7
10327fb0	FUN_10327fb0	7
10327fc0	FUN_10327fc0	7
103286c0	FUN_103286c0	21
103287a0	thunk_FUN_1127caf0	5
10328ec0	FUN_10328ec0	4
10328ed0	FUN_10328ed0	6
10328ee0	FUN_10328ee0	6
10328ef0	FUN_10328ef0	7
10328f20	FUN_10328f20	3
10328fa0	FUN_10328fa0	7
10328fb0	FUN_10328fb0	4
10328fc0	FUN_10328fc0	4
103295f0	FUN_103295f0	3
10329600	FUN_10329600	3
10329610	FUN_10329610	3
10329620	FUN_10329620	3
10329630	FUN_10329630	3
10329640	FUN_10329640	3
10329650	FUN_10329650	3
1032a550	FUN_1032a550	28
1032a580	FUN_1032a580	28
1032a5b0	FUN_1032a5b0	28
1032a5e0	FUN_1032a5e0	28
1032a610	FUN_1032a610	28
1032a640	FUN_1032a640	28
1032a670	FUN_1032a670	28
1032a6a0	FUN_1032a6a0	28
1032a6d0	FUN_1032a6d0	28
1032a700	FUN_1032a700	28
1032a730	FUN_1032a730	28
1032a760	FUN_1032a760	28
1032af10	FUN_1032af10	10
1032af30	FUN_1032af30	10
1032af50	FUN_1032af50	13
1032aff0	FUN_1032aff0	10
1032b000	FUN_1032b000	10
1032b010	FUN_1032b010	10
1032b020	FUN_1032b020	10
1032b030	FUN_1032b030	10
1032b270	FUN_1032b270	4
1032b280	FUN_1032b280	8
1032b630	FUN_1032b630	18
1032b6f0	FUN_1032b6f0	14
1032bf90	FUN_1032bf90	32
1032bfc0	FUN_1032bfc0	18
1032bfe0	FUN_1032bfe0	18
1032c000	FUN_1032c000	18
1032c020	FUN_1032c020	25
1032c040	FUN_1032c040	22
1032c2b0	FUN_1032c2b0	22
1032c2d0	FUN_1032c2d0	22
1032c2f0	FUN_1032c2f0	18
1032c310	FUN_1032c310	18
1032c330	FUN_1032c330	18
1032cc50	FUN_1032cc50	25
1032cc70	FUN_1032cc70	22
1032cc90	FUN_1032cc90	22
1032d480	FUN_1032d480	11
1032dc60	FUN_1032dc60	25
1032dcc0	FUN_1032dcc0	34
1032dcf0	FUN_1032dcf0	26
1032dd10	FUN_1032dd10	26
1032dd30	FUN_1032dd30	11
1032dd40	FUN_1032dd40	11
1032e370	FUN_1032e370	3
1032e380	FUN_1032e380	3
1032e390	FUN_1032e390	3
1032e3a0	FUN_1032e3a0	3
1032e3b0	FUN_1032e3b0	3
1032e800	FUN_1032e800	5
1032e810	FUN_1032e810	13
1032e820	FUN_1032e820	13
1032e830	FUN_1032e830	13
1032e840	FUN_1032e840	13
1032e850	FUN_1032e850	13
1032e860	FUN_1032e860	13
1032e870	FUN_1032e870	3
1032e880	FUN_1032e880	3
1032e890	FUN_1032e890	3
1032e8a0	FUN_1032e8a0	3
1032f120	FUN_1032f120	118
1032fb10	FUN_1032fb10	15
1032fb30	FUN_1032fb30	15
1032fb50	FUN_1032fb50	15
1032fb70	FUN_1032fb70	15
1032fd30	FUN_1032fd30	15
1032fd50	FUN_1032fd50	7
1032fd60	FUN_1032fd60	7
1032fd70	FUN_1032fd70	7
1032fd80	FUN_1032fd80	5
1032fd90	FUN_1032fd90	7
1032fda0	FUN_1032fda0	7
1032fdb0	FUN_1032fdb0	7
1032fdc0	FUN_1032fdc0	7
1032fdd0	FUN_1032fdd0	7
10330720	FUN_10330720	5
10330730	FUN_10330730	5
10330740	FUN_10330740	5
10330750	FUN_10330750	5
103309c0	FUN_103309c0	5
103310b0	FUN_103310b0	13
103310c0	FUN_103310c0	13
103310d0	FUN_103310d0	3
103310e0	FUN_103310e0	3
103310f0	FUN_103310f0	3
10331100	FUN_10331100	3
10331110	FUN_10331110	3
103314e0	FUN_103314e0	7
10331690	FUN_10331690	5
103318c0	FUN_103318c0	5
103318d0	FUN_103318d0	5
103318e0	FUN_103318e0	5
103318f0	FUN_103318f0	5
10331900	FUN_10331900	5
10331910	FUN_10331910	5
10331920	FUN_10331920	5
10331930	FUN_10331930	5
10331940	FUN_10331940	5
10331a60	FUN_10331a60	5
10331a70	FUN_10331a70	5
10331a80	FUN_10331a80	5
10331a90	FUN_10331a90	5
10331aa0	FUN_10331aa0	5
10331ab0	FUN_10331ab0	5
10331ac0	FUN_10331ac0	5
10331ad0	FUN_10331ad0	5
10331ae0	FUN_10331ae0	5
10331af0	FUN_10331af0	5
10331b00	FUN_10331b00	5
10331b10	FUN_10331b10	5
10331b20	FUN_10331b20	5
10331b30	FUN_10331b30	5
10331b40	FUN_10331b40	5
10331b50	FUN_10331b50	5
10331b60	FUN_10331b60	5
10331c00	FUN_10331c00	29
10331f80	FUN_10331f80	3
10331f90	FUN_10331f90	38
10331fc0	FUN_10331fc0	12
10331fd0	FUN_10331fd0	86
10332190	FUN_10332190	15
103321b0	FUN_103321b0	15
103321d0	FUN_103321d0	15
103321f0	FUN_103321f0	15
10332210	FUN_10332210	15
10332230	FUN_10332230	15
10332250	FUN_10332250	15
10332340	FUN_10332340	5
10332350	FUN_10332350	5
10332360	FUN_10332360	5
10332370	FUN_10332370	5
10332380	FUN_10332380	5
10332390	FUN_10332390	5
103323a0	FUN_103323a0	5
103323b0	FUN_103323b0	5
103323c0	FUN_103323c0	5
103323d0	FUN_103323d0	5
103323e0	FUN_103323e0	5
103323f0	FUN_103323f0	5
10332400	FUN_10332400	5
10332410	FUN_10332410	5
10332420	FUN_10332420	5
10332430	FUN_10332430	5
10332440	FUN_10332440	5
10332450	FUN_10332450	5
10332460	FUN_10332460	5
10332470	FUN_10332470	5
10332480	FUN_10332480	5
10332490	FUN_10332490	5
103324a0	FUN_103324a0	5
103324b0	FUN_103324b0	5
103324c0	FUN_103324c0	5
103325e0	FUN_103325e0	5
103325f0	FUN_103325f0	5
10332600	FUN_10332600	5
10332610	FUN_10332610	5
10332620	FUN_10332620	5
10332630	FUN_10332630	5
10332640	FUN_10332640	5
10332650	FUN_10332650	5
10332660	FUN_10332660	5
10332670	FUN_10332670	5
10332680	FUN_10332680	5
10332690	FUN_10332690	5
103327b0	FUN_103327b0	5
103327c0	FUN_103327c0	5
103327d0	FUN_103327d0	5
103327e0	FUN_103327e0	5
103327f0	FUN_103327f0	11
10332ea0	FUN_10332ea0	5
10332eb0	FUN_10332eb0	5
10332ec0	FUN_10332ec0	5
10332ed0	FUN_10332ed0	5
10332ee0	FUN_10332ee0	5
10332ef0	FUN_10332ef0	5
10333010	FUN_10333010	5
10333020	FUN_10333020	5
10333030	FUN_10333030	5
10333040	FUN_10333040	5
10333840	FUN_10333840	16
103338a0	FUN_103338a0	16
10333920	FUN_10333920	25
10333960	FUN_10333960	18
10333980	FUN_10333980	18
103339a0	FUN_103339a0	18
103339c0	FUN_103339c0	3
103339d0	FUN_103339d0	3
103339e0	FUN_103339e0	10
103339f0	FUN_103339f0	10
10333ac0	FUN_10333ac0	11
10333ad0	FUN_10333ad0	11
10333ae0	FUN_10333ae0	11
10333af0	FUN_10333af0	11
10333b00	FUN_10333b00	11
10333b10	FUN_10333b10	11
10333ca0	FUN_10333ca0	11
10333cb0	FUN_10333cb0	11
10333cc0	FUN_10333cc0	11
10333cd0	FUN_10333cd0	11
10333ce0	FUN_10333ce0	16
10333d00	FUN_10333d00	16
10333d20	FUN_10333d20	16
10333d40	FUN_10333d40	21
10333d60	FUN_10333d60	21
10333d80	FUN_10333d80	11
10333d90	FUN_10333d90	11
10333da0	FUN_10333da0	23
10333dc0	FUN_10333dc0	23
10333de0	FUN_10333de0	3
10333df0	FUN_10333df0	3
10333e00	FUN_10333e00	3
10333e10	FUN_10333e10	3
10333e20	FUN_10333e20	3
10333f20	FUN_10333f20	18
10333f40	FUN_10333f40	18
10333f60	FUN_10333f60	18
10334280	FUN_10334280	13
10334290	FUN_10334290	23
10335fb0	FUN_10335fb0	34
10335fe0	FUN_10335fe0	34
10336010	FUN_10336010	34
10336040	FUN_10336040	34
10336070	FUN_10336070	34
10336500	FUN_10336500	17
10336b60	FUN_10336b60	18
10336ba0	FUN_10336ba0	18
10336be0	FUN_10336be0	18
10336c20	FUN_10336c20	18
10336c60	FUN_10336c60	18
10336e20	FUN_10336e20	112
103371e0	FUN_103371e0	28
10337210	FUN_10337210	14
10337230	FUN_10337230	14
10337250	FUN_10337250	14
10337270	FUN_10337270	14
103372c0	FUN_103372c0	28
103372f0	FUN_103372f0	14
10337310	FUN_10337310	14
10337330	FUN_10337330	14
10337350	FUN_10337350	14
103375c0	FUN_103375c0	3
103375d0	FUN_103375d0	3
103375e0	FUN_103375e0	7
103375f0	FUN_103375f0	4
10337600	FUN_10337600	3
10337610	FUN_10337610	3
10337620	FUN_10337620	3
10337630	FUN_10337630	3
10337640	FUN_10337640	6
10337650	FUN_10337650	6
10337660	FUN_10337660	6
10337670	FUN_10337670	6
10337680	FUN_10337680	3
10337690	FUN_10337690	3
103376a0	FUN_103376a0	28
103376d0	FUN_103376d0	6
103376e0	FUN_103376e0	6
103376f0	FUN_103376f0	6
10337700	FUN_10337700	6
10337710	FUN_10337710	6
10337720	FUN_10337720	6
10337730	FUN_10337730	6
10337740	FUN_10337740	28
10337920	FUN_10337920	6
10337930	FUN_10337930	16
10337d80	FUN_10337d80	18
10338840	FUN_10338840	63
103389a0	FUN_103389a0	3
10339980	FUN_10339980	8
10339990	FUN_10339990	8
10339aa0	FUN_10339aa0	5
10339ab0	FUN_10339ab0	5
10339f80	FUN_10339f80	3
10339f90	FUN_10339f90	3
10339fa0	FUN_10339fa0	3
10339fb0	FUN_10339fb0	3
10339fc0	FUN_10339fc0	3
10339fd0	FUN_10339fd0	3
10339fe0	FUN_10339fe0	3
10339ff0	FUN_10339ff0	3
1033a000	FUN_1033a000	3
1033a010	FUN_1033a010	3
1033a020	FUN_1033a020	3
1033a030	FUN_1033a030	3
1033a040	FUN_1033a040	3
1033a050	FUN_1033a050	3
1033a060	FUN_1033a060	3
1033a070	FUN_1033a070	3
1033a080	FUN_1033a080	3
1033a090	FUN_1033a090	3
1033a0a0	FUN_1033a0a0	3
1033a0b0	FUN_1033a0b0	3
1033a0c0	FUN_1033a0c0	3
1033a0d0	FUN_1033a0d0	3
1033a0e0	FUN_1033a0e0	3
1033a0f0	FUN_1033a0f0	3
1033a100	FUN_1033a100	3
1033a110	FUN_1033a110	3
1033a120	FUN_1033a120	3
1033a130	FUN_1033a130	3
1033a150	FUN_1033a150	3
1033a160	FUN_1033a160	3
1033a170	FUN_1033a170	3
1033a180	FUN_1033a180	3
1033a190	FUN_1033a190	3
1033a1a0	FUN_1033a1a0	3
1033a1b0	FUN_1033a1b0	3
1033a1c0	FUN_1033a1c0	4
1033a1d0	FUN_1033a1d0	4
1033a990	FUN_1033a990	7
1033a9a0	FUN_1033a9a0	7
1033a9b0	FUN_1033a9b0	79
1033aa20	FUN_1033aa20	79
1033aa90	FUN_1033aa90	79
1033ab70	FUN_1033ab70	30
1033aba0	FUN_1033aba0	30
1033abd0	FUN_1033abd0	30
1033ac00	FUN_1033ac00	31
1033ac30	FUN_1033ac30	31
1033aeb0	FUN_1033aeb0	3
1033aec0	FUN_1033aec0	3
1033aed0	FUN_1033aed0	3
1033aee0	FUN_1033aee0	3
1033aef0	FUN_1033aef0	3
1033af00	FUN_1033af00	11
1033af10	FUN_1033af10	11
1033af20	FUN_1033af20	11
1033af30	FUN_1033af30	6
1033af40	FUN_1033af40	6
1033af50	FUN_1033af50	26
1033af70	FUN_1033af70	76
1033afd0	FUN_1033afd0	83
1033b040	FUN_1033b040	83
1033b0b0	FUN_1033b0b0	83
1033b190	FUN_1033b190	9
1033b1a0	FUN_1033b1a0	10
1033b1b0	FUN_1033b1b0	10
1033b590	FUN_1033b590	24
1033b5b0	FUN_1033b5b0	24
1033b5d0	FUN_1033b5d0	24
1033b5f0	FUN_1033b5f0	13
1033b600	FUN_1033b600	3
1033b610	FUN_1033b610	4
1033b620	FUN_1033b620	3
1033bfe0	FUN_1033bfe0	13
1033bff0	FUN_1033bff0	13
1033c000	FUN_1033c000	13
1033c010	FUN_1033c010	3
1033c020	FUN_1033c020	3
1033c030	FUN_1033c030	3
1033c040	FUN_1033c040	11
1033c050	FUN_1033c050	23
1033c1f0	FUN_1033c1f0	43
1033c810	FUN_1033c810	11
1033c820	FUN_1033c820	11
1033c830	FUN_1033c830	4
1033c840	FUN_1033c840	4
1033c850	FUN_1033c850	4
1033c860	FUN_1033c860	12
1033ca30	FUN_1033ca30	57
1033cce0	FUN_1033cce0	25
1033f670	FUN_1033f670	33
1033f6a0	FUN_1033f6a0	3
1033f6b0	FUN_1033f6b0	3
1033f8a0	FUN_1033f8a0	6
1033f8b0	FUN_1033f8b0	6
1033f8c0	FUN_1033f8c0	6
1033f8d0	FUN_1033f8d0	6
1033f8e0	FUN_1033f8e0	6
1033f8f0	FUN_1033f8f0	6
1033f900	FUN_1033f900	6
1033f910	FUN_1033f910	6
1033f920	FUN_1033f920	6
1033f930	FUN_1033f930	6
10340e30	FUN_10340e30	14
103429c0	FUN_103429c0	5
103429d0	FUN_103429d0	5
103429e0	FUN_103429e0	5
103429f0	FUN_103429f0	5
10342aa0	FUN_10342aa0	3
10342ab0	FUN_10342ab0	3
10342ac0	FUN_10342ac0	3
10342ad0	FUN_10342ad0	3
10342eb0	FUN_10342eb0	28
10342ee0	FUN_10342ee0	28
10342f10	FUN_10342f10	28
103430b0	FUN_103430b0	5
10343890	FUN_10343890	18
103438b0	FUN_103438b0	25
103438d0	FUN_103438d0	22
103438f0	FUN_103438f0	18
10343a60	FUN_10343a60	18
10343a80	FUN_10343a80	25
10343aa0	FUN_10343aa0	25
10343ac0	FUN_10343ac0	27
10343af0	FUN_10343af0	11
10343b00	FUN_10343b00	11
10343ed0	FUN_10343ed0	13
10343ee0	FUN_10343ee0	22
10343f00	FUN_10343f00	18
10343f20	FUN_10343f20	5
10343f30	FUN_10343f30	5
10343f40	FUN_10343f40	11
10343f50	FUN_10343f50	13
10343f60	FUN_10343f60	22
10343f80	FUN_10343f80	18
103440c0	FUN_103440c0	29
10344140	FUN_10344140	18
10344160	FUN_10344160	3
10344170	FUN_10344170	3
103442c0	FUN_103442c0	13
103442d0	FUN_103442d0	13
103442e0	FUN_103442e0	13
103442f0	FUN_103442f0	13
10344300	FUN_10344300	13
10344310	FUN_10344310	113
10344590	FUN_10344590	3
103445a0	FUN_103445a0	3
103445b0	FUN_103445b0	3
103445c0	FUN_103445c0	18
103445e0	FUN_103445e0	18
10344ac0	FUN_10344ac0	15
10344b60	FUN_10344b60	7
10344b70	FUN_10344b70	7
10344b80	FUN_10344b80	7
10344be0	FUN_10344be0	5
10344d40	FUN_10344d40	7
10344d50	FUN_10344d50	5
10344d90	FUN_10344d90	5
10344da0	FUN_10344da0	5
10344db0	FUN_10344db0	5
10344dc0	FUN_10344dc0	5
10344dd0	FUN_10344dd0	5
10344de0	FUN_10344de0	5
10344df0	FUN_10344df0	5
10344e00	FUN_10344e00	5
10344e10	FUN_10344e10	5
10344e20	FUN_10344e20	5
10344e30	FUN_10344e30	5
10344e60	FUN_10344e60	15
10344e80	FUN_10344e80	29
10344eb0	FUN_10344eb0	13
10344f30	FUN_10344f30	3
103451d0	FUN_103451d0	36
10345200	FUN_10345200	15
10345220	FUN_10345220	15
10345340	FUN_10345340	5
10345350	FUN_10345350	5
10345360	FUN_10345360	5
10345370	FUN_10345370	5
10345380	FUN_10345380	5
10345390	FUN_10345390	5
103453a0	FUN_103453a0	5
103453b0	FUN_103453b0	5
103453c0	FUN_103453c0	5
103453d0	FUN_103453d0	5
103453e0	FUN_103453e0	5
103453f0	FUN_103453f0	5
10345400	FUN_10345400	5
10345410	FUN_10345410	5
10345420	FUN_10345420	5
10345430	FUN_10345430	5
10345440	FUN_10345440	5
10345450	FUN_10345450	5
10345460	FUN_10345460	5
10345470	FUN_10345470	5
10345480	FUN_10345480	5
10345490	FUN_10345490	5
103454a0	FUN_103454a0	5
103454b0	FUN_103454b0	5
103454c0	FUN_103454c0	5
103454d0	FUN_103454d0	5
103454e0	FUN_103454e0	5
103454f0	FUN_103454f0	5
10345500	FUN_10345500	5
10345510	FUN_10345510	11
10345970	FUN_10345970	5
103459b0	FUN_103459b0	6
103459c0	FUN_103459c0	6
103459d0	FUN_103459d0	6
10345a10	FUN_10345a10	18
10345a30	FUN_10345a30	6
10345a40	FUN_10345a40	6
10345a50	FUN_10345a50	6
10345a60	FUN_10345a60	18
10345a80	FUN_10345a80	18
10345b70	FUN_10345b70	11
10345b80	FUN_10345b80	11
10345b90	FUN_10345b90	11
10345ba0	FUN_10345ba0	11
10345bb0	FUN_10345bb0	16
10345cd0	FUN_10345cd0	16
10345cf0	FUN_10345cf0	9
10345d00	FUN_10345d00	13
10345d10	FUN_10345d10	14
10345d30	FUN_10345d30	11
10345d40	FUN_10345d40	11
10345d50	FUN_10345d50	23
10345d70	FUN_10345d70	23
10345d90	FUN_10345d90	3
10345da0	FUN_10345da0	3
10345db0	FUN_10345db0	3
10345dc0	FUN_10345dc0	18
10345fb0	FUN_10345fb0	13
103460b0	FUN_103460b0	23
10346970	FUN_10346970	11
10346980	FUN_10346980	24
10346bd0	FUN_10346bd0	7
10346c00	FUN_10346c00	19
10346c20	FUN_10346c20	19
10346c40	FUN_10346c40	3
10346f50	FUN_10346f50	18
10346f70	FUN_10346f70	15
10347000	FUN_10347000	15
10347020	FUN_10347020	15
10347130	FUN_10347130	14
10347150	FUN_10347150	14
10347170	FUN_10347170	14
10347190	FUN_10347190	14
103471b0	FUN_103471b0	14
103471d0	FUN_103471d0	14
103471f0	FUN_103471f0	14
10347220	FUN_10347220	14
10347330	FUN_10347330	7
10347340	FUN_10347340	5
10347350	FUN_10347350	4
10347360	FUN_10347360	4
10347390	FUN_10347390	4
103473a0	FUN_103473a0	4
103473b0	FUN_103473b0	6
103473c0	FUN_103473c0	6
103473d0	FUN_103473d0	6
103473e0	FUN_103473e0	6
103473f0	FUN_103473f0	6
10347400	FUN_10347400	6
10347410	FUN_10347410	6
10347420	FUN_10347420	3
10347430	FUN_10347430	3
10347440	FUN_10347440	9
10347450	FUN_10347450	9
10347470	FUN_10347470	6
10347480	FUN_10347480	16
103474a0	FUN_103474a0	10
10347500	FUN_10347500	18
10347810	FUN_10347810	49
10347960	FUN_10347960	3
10347a20	FUN_10347a20	3
10347a80	FUN_10347a80	5
10347c50	FUN_10347c50	3
10347c60	FUN_10347c60	3
10347c70	FUN_10347c70	3
10347c80	FUN_10347c80	3
10347c90	FUN_10347c90	3
10347ca0	FUN_10347ca0	3
10347cb0	FUN_10347cb0	3
10347cc0	FUN_10347cc0	3
10347cd0	FUN_10347cd0	3
10347ce0	FUN_10347ce0	3
10347cf0	FUN_10347cf0	3
10347d00	FUN_10347d00	3
10347d10	FUN_10347d10	3
10347d20	FUN_10347d20	3
10347d30	FUN_10347d30	3
10347d40	FUN_10347d40	3
10348060	FUN_10348060	13
10348070	FUN_10348070	3
10348080	FUN_10348080	3
10348100	FUN_10348100	3
10348110	FUN_10348110	3
103481d0	FUN_103481d0	11
103481e0	FUN_103481e0	11
103481f0	FUN_103481f0	8
10348200	FUN_10348200	6
103483a0	FUN_103483a0	14
103483c0	FUN_103483c0	13
103483d0	FUN_103483d0	13
103483e0	FUN_103483e0	12
103483f0	FUN_103483f0	10
10348400	FUN_10348400	11
10348670	FUN_10348670	43
10348ff0	FUN_10348ff0	7
10349000	FUN_10349000	3
10349010	FUN_10349010	11
10349080	FUN_10349080	4
10349100	FUN_10349100	9
1034cec0	FUN_1034cec0	12
1034ced0	FUN_1034ced0	11
1034cee0	FUN_1034cee0	11
1034cef0	FUN_1034cef0	4
1034cf00	FUN_1034cf00	11
1034cf10	FUN_1034cf10	12
1034dcd0	FUN_1034dcd0	19
1034e360	FUN_1034e360	79
1034e420	FUN_1034e420	16
1034e480	FUN_1034e480	18
1034e530	FUN_1034e530	18
1034e550	FUN_1034e550	79
1034e620	FUN_1034e620	18
1034e660	FUN_1034e660	79
1034e6d0	FUN_1034e6d0	3
1034e6e0	FUN_1034e6e0	3
1034e6f0	FUN_1034e6f0	3
1034e700	FUN_1034e700	3
1034e710	FUN_1034e710	3
1034e740	FUN_1034e740	7
1034ea50	FUN_1034ea50	9
1034ea70	FUN_1034ea70	6
1034ea80	FUN_1034ea80	6
1034ea90	FUN_1034ea90	6
1034eaa0	FUN_1034eaa0	6
1034eab0	FUN_1034eab0	6
1034eac0	FUN_1034eac0	6
1034ead0	FUN_1034ead0	6
1034eae0	FUN_1034eae0	6
1034eb80	FUN_1034eb80	5
1034eb90	FUN_1034eb90	5
1034eba0	FUN_1034eba0	5
1034ebb0	FUN_1034ebb0	36
1034f330	FUN_1034f330	5
1034f340	FUN_1034f340	9
1034f350	FUN_1034f350	9
1034f3b0	FUN_1034f3b0	32
1034f460	FUN_1034f460	18
1034f480	FUN_1034f480	18
1034f4a0	FUN_1034f4a0	18
1034f4c0	FUN_1034f4c0	25
1034f4e0	FUN_1034f4e0	25
1034f500	FUN_1034f500	25
1034f520	FUN_1034f520	22
1034f540	FUN_1034f540	22
1034f560	FUN_1034f560	22
1034f580	FUN_1034f580	22
1034f5a0	FUN_1034f5a0	22
1034f5c0	FUN_1034f5c0	22
1034f5e0	FUN_1034f5e0	18
1034f600	FUN_1034f600	18
1034f620	FUN_1034f620	18
1034fb70	FUN_1034fb70	18
1034fb90	FUN_1034fb90	25
1034fbb0	FUN_1034fbb0	25
1034fc90	FUN_1034fc90	13
1034fca0	FUN_1034fca0	22
1034fcc0	FUN_1034fcc0	22
1034fce0	FUN_1034fce0	22
1034fd00	FUN_1034fd00	5
1034fd10	FUN_1034fd10	5
1034fd20	FUN_1034fd20	13
103503e0	FUN_103503e0	26
10350400	FUN_10350400	26
10350420	FUN_10350420	26
10350440	FUN_10350440	26
10350460	FUN_10350460	26
10350480	FUN_10350480	26
103504a0	FUN_103504a0	25
103504c0	FUN_103504c0	33
103504f0	FUN_103504f0	33
103506c0	FUN_103506c0	34
103507b0	FUN_103507b0	26
103507d0	FUN_103507d0	25
103507f0	FUN_103507f0	26
10350810	FUN_10350810	25
10350830	FUN_10350830	26
10350850	FUN_10350850	25
103508f0	FUN_103508f0	25
10350ad0	FUN_10350ad0	91
10350b50	FUN_10350b50	26
103510b0	FUN_103510b0	26
103510d0	FUN_103510d0	26
103510f0	FUN_103510f0	26
10351110	FUN_10351110	26
10351130	FUN_10351130	26
10351150	FUN_10351150	26
10351170	FUN_10351170	26
10351190	FUN_10351190	26
103511b0	FUN_103511b0	26
103511d0	FUN_103511d0	91
10351250	FUN_10351250	26
10351270	FUN_10351270	26
10351290	FUN_10351290	91
10351310	FUN_10351310	25
10351330	FUN_10351330	25
10351350	FUN_10351350	26
103513f0	FUN_103513f0	26
10351410	FUN_10351410	25
10351430	FUN_10351430	26
10351450	FUN_10351450	91
103514d0	FUN_103514d0	43
10351510	FUN_10351510	25
10351530	FUN_10351530	26
10352210	FUN_10352210	83
10352280	FUN_10352280	78
10352360	FUN_10352360	78
103523d0	FUN_103523d0	78
10352440	FUN_10352440	12
103524a0	FUN_103524a0	18
103525c0	FUN_103525c0	3
103525d0	FUN_103525d0	3
103525e0	FUN_103525e0	3
103525f0	FUN_103525f0	3
10352600	FUN_10352600	3
103528b0	FUN_103528b0	5
103528c0	FUN_103528c0	13
103528d0	FUN_103528d0	13
103528e0	FUN_103528e0	13
103528f0	FUN_103528f0	13
10352900	FUN_10352900	13
10352910	FUN_10352910	13
10352920	FUN_10352920	13
10352930	FUN_10352930	13
10352940	FUN_10352940	3
10352950	FUN_10352950	3
10352960	FUN_10352960	3
10352970	FUN_10352970	3
10352980	FUN_10352980	3
10352bd0	FUN_10352bd0	3
10352cf0	FUN_10352cf0	18
10352f00	FUN_10352f00	18
10353ee0	FUN_10353ee0	15
10353f00	FUN_10353f00	15
10353f20	FUN_10353f20	15
10353f40	FUN_10353f40	15
10353fe0	FUN_10353fe0	26
10354140	FUN_10354140	5
10354150	FUN_10354150	5
10354160	FUN_10354160	7
10354170	FUN_10354170	7
10354180	FUN_10354180	7
10354190	FUN_10354190	7
103541a0	FUN_103541a0	7
103541b0	FUN_103541b0	7
103541c0	FUN_103541c0	7
10354770	FUN_10354770	152
10355410	FUN_10355410	5
10355420	FUN_10355420	5
10355430	FUN_10355430	5
103558f0	FUN_103558f0	93
10355a70	FUN_10355a70	8
103566a0	FUN_103566a0	5
103566b0	FUN_103566b0	3
103566c0	FUN_103566c0	3
10356890	FUN_10356890	92
10356a20	FUN_10356a20	8
103573e0	FUN_103573e0	12
10357aa0	FUN_10357aa0	24
10357ac0	FUN_10357ac0	24
10357ae0	FUN_10357ae0	5
10357af0	FUN_10357af0	5
10357b00	FUN_10357b00	5
10357b10	FUN_10357b10	5
10357f80	FUN_10357f80	5
10357f90	FUN_10357f90	5
10357fa0	FUN_10357fa0	5
10357fb0	FUN_10357fb0	5
10357fc0	FUN_10357fc0	5
103580a0	FUN_103580a0	5
103580b0	FUN_103580b0	5
103580c0	FUN_103580c0	5
103580d0	FUN_103580d0	5
103580e0	FUN_103580e0	5
103580f0	FUN_103580f0	5
10358100	FUN_10358100	5
10358110	FUN_10358110	5
10358120	FUN_10358120	5
10358130	FUN_10358130	5
10358140	FUN_10358140	5
10358150	FUN_10358150	5
10358160	FUN_10358160	5
10358170	FUN_10358170	5
10358180	FUN_10358180	5
10358190	FUN_10358190	5
103581a0	FUN_103581a0	5
103581b0	FUN_103581b0	5
103581c0	FUN_103581c0	5
103581d0	FUN_103581d0	5
103581e0	FUN_103581e0	5
10358390	FUN_10358390	40
103583d0	FUN_103583d0	13
103583e0	FUN_103583e0	29
10358af0	FUN_10358af0	12
10358b00	FUN_10358b00	12
10358b10	FUN_10358b10	86
10358b80	FUN_10358b80	86
10358d20	FUN_10358d20	36
10358f40	FUN_10358f40	15
10358f60	FUN_10358f60	15
10358f80	FUN_10358f80	15
10358fa0	FUN_10358fa0	15
10358fc0	FUN_10358fc0	15
10358fe0	FUN_10358fe0	15
10359000	FUN_10359000	15
10359020	FUN_10359020	15
10359140	FUN_10359140	5
10359150	FUN_10359150	5
10359160	FUN_10359160	5
10359170	FUN_10359170	5
10359180	FUN_10359180	5
10359190	FUN_10359190	5
103591a0	FUN_103591a0	5
103591b0	FUN_103591b0	5
103591c0	FUN_103591c0	5
103591d0	FUN_103591d0	5
103591e0	FUN_103591e0	5
103591f0	FUN_103591f0	5
103592d0	FUN_103592d0	5
103592e0	FUN_103592e0	5
103592f0	FUN_103592f0	5
10359300	FUN_10359300	5
10359310	FUN_10359310	5
10359320	FUN_10359320	5
10359330	FUN_10359330	5
10359340	FUN_10359340	5
10359350	FUN_10359350	5
10359360	FUN_10359360	5
10359370	FUN_10359370	5
10359380	FUN_10359380	5
10359390	FUN_10359390	5
103593a0	FUN_103593a0	5
103593b0	FUN_103593b0	5
103593c0	FUN_103593c0	5
103593d0	FUN_103593d0	5
103594b0	FUN_103594b0	5
103594c0	FUN_103594c0	5
103594d0	FUN_103594d0	5
103594e0	FUN_103594e0	5
103594f0	FUN_103594f0	5
10359500	FUN_10359500	5
10359510	FUN_10359510	6
10359520	FUN_10359520	6
10359530	FUN_10359530	6
10359540	FUN_10359540	6
10359550	FUN_10359550	49
10359590	FUN_10359590	49
10359920	FUN_10359920	5
10359a00	FUN_10359a00	5
10359a10	FUN_10359a10	5
10359a20	FUN_10359a20	5
10359a30	FUN_10359a30	5
10359a40	FUN_10359a40	5
10359a50	FUN_10359a50	5
10359a60	FUN_10359a60	31
1035af70	FUN_1035af70	16
1035afd0	FUN_1035afd0	16
1035b030	FUN_1035b030	16
1035b050	FUN_1035b050	16
1035b070	FUN_1035b070	16
1035b090	FUN_1035b090	16
1035b0b0	FUN_1035b0b0	16
1035b0d0	FUN_1035b0d0	16
1035b0f0	FUN_1035b0f0	16
1035b110	FUN_1035b110	16
1035b1d0	FUN_1035b1d0	16
1035b3b0	FUN_1035b3b0	16
1035b410	FUN_1035b410	16
1035b430	FUN_1035b430	16
1035b450	FUN_1035b450	16
1035b4b0	FUN_1035b4b0	16
1035b4d0	FUN_1035b4d0	16
1035b560	FUN_1035b560	16
1035b5c0	FUN_1035b5c0	16
1035b5e0	FUN_1035b5e0	16
1035b640	FUN_1035b640	16
1035b660	FUN_1035b660	16
1035b6c0	FUN_1035b6c0	16
1035b800	FUN_1035b800	16
1035b820	FUN_1035b820	9
1035b830	FUN_1035b830	9
1035b880	FUN_1035b880	25
1035b980	FUN_1035b980	25
1035bb50	FUN_1035bb50	18
1035bb70	FUN_1035bb70	18
1035bb90	FUN_1035bb90	18
1035bbb0	FUN_1035bbb0	3
1035bbc0	FUN_1035bbc0	3
1035bbd0	FUN_1035bbd0	3
1035bbe0	FUN_1035bbe0	3
1035bbf0	FUN_1035bbf0	3
1035bc00	FUN_1035bc00	3
1035bc10	FUN_1035bc10	3
1035bc20	FUN_1035bc20	3
1035bc30	FUN_1035bc30	10
1035bc40	FUN_1035bc40	10
1035bc50	FUN_1035bc50	10
1035bc60	FUN_1035bc60	10
1035bc70	FUN_1035bc70	10
1035bc80	FUN_1035bc80	10
1035bc90	FUN_1035bc90	10
1035bca0	FUN_1035bca0	10
1035bd80	FUN_1035bd80	11
1035bd90	FUN_1035bd90	11
1035bda0	FUN_1035bda0	11
1035bdb0	FUN_1035bdb0	11
1035bdc0	FUN_1035bdc0	16
1035bea0	FUN_1035bea0	11
1035beb0	FUN_1035beb0	11
1035bec0	FUN_1035bec0	9
1035bed0	FUN_1035bed0	11
1035bee0	FUN_1035bee0	11
1035bef0	FUN_1035bef0	9
1035c000	FUN_1035c000	11
1035c010	FUN_1035c010	9
1035c020	FUN_1035c020	11
1035c030	FUN_1035c030	11
1035c040	FUN_1035c040	11
1035c050	FUN_1035c050	11
1035c060	FUN_1035c060	16
1035c080	FUN_1035c080	16
1035c0a0	FUN_1035c0a0	16
1035c0c0	FUN_1035c0c0	9
1035c0d0	FUN_1035c0d0	13
1035c0e0	FUN_1035c0e0	14
1035c100	FUN_1035c100	21
1035c120	FUN_1035c120	21
1035c140	FUN_1035c140	21
1035c160	FUN_1035c160	11
1035c170	FUN_1035c170	11
1035c180	FUN_1035c180	9
1035c190	FUN_1035c190	11
1035c1a0	FUN_1035c1a0	11
1035c1b0	FUN_1035c1b0	9
1035c1c0	FUN_1035c1c0	23
1035c1e0	FUN_1035c1e0	25
1035c200	FUN_1035c200	23
1035c220	FUN_1035c220	25
1035c240	FUN_1035c240	23
1035c260	FUN_1035c260	23
1035c280	FUN_1035c280	3
1035c290	FUN_1035c290	3
1035c2a0	FUN_1035c2a0	3
1035c2b0	FUN_1035c2b0	3
1035c2c0	FUN_1035c2c0	3
1035c2d0	FUN_1035c2d0	3
1035c2e0	FUN_1035c2e0	3
1035c7e0	FUN_1035c7e0	12
1035caa0	FUN_1035caa0	23
1035cbc0	FUN_1035cbc0	23
1035cbe0	FUN_1035cbe0	49
1035cc20	FUN_1035cc20	23
1035fe90	FUN_1035fe90	13
1035feb0	FUN_1035feb0	35
1035fee0	FUN_1035fee0	70
1035ff50	FUN_1035ff50	11
1035ff60	FUN_1035ff60	24
103600e0	FUN_103600e0	42
103629e0	FUN_103629e0	34
10362d60	FUN_10362d60	3
10365830	FUN_10365830	11
10365960	FUN_10365960	18
10365980	FUN_10365980	18
10365ec0	FUN_10365ec0	65
10366230	FUN_10366230	65
10366300	FUN_10366300	65
10366360	FUN_10366360	65
103664a0	FUN_103664a0	65
103665c0	FUN_103665c0	60
10366660	FUN_10366660	60
103666b0	FUN_103666b0	120
10366750	FUN_10366750	14
10366770	FUN_10366770	14
10366790	FUN_10366790	14
103667b0	FUN_103667b0	14
103667d0	FUN_103667d0	14
103667f0	FUN_103667f0	14
10366810	FUN_10366810	14
10366830	FUN_10366830	14
10366850	FUN_10366850	14
10366870	FUN_10366870	14
10366890	FUN_10366890	14
103668b0	FUN_103668b0	14
103668d0	FUN_103668d0	14
103668f0	FUN_103668f0	14
10366910	FUN_10366910	14
10366930	FUN_10366930	14
10366950	FUN_10366950	17
10366d30	FUN_10366d30	12
10366d40	FUN_10366d40	12
10366d50	FUN_10366d50	7
10366d60	FUN_10366d60	3
10366d70	FUN_10366d70	3
10366d80	FUN_10366d80	3
10366d90	FUN_10366d90	3
10366da0	FUN_10366da0	3
10366db0	FUN_10366db0	3
10366dc0	FUN_10366dc0	3
10366dd0	FUN_10366dd0	3
10366de0	FUN_10366de0	3
10366df0	FUN_10366df0	3
10366e00	FUN_10366e00	7
10366e10	FUN_10366e10	3
10366e20	FUN_10366e20	7
10366e30	FUN_10366e30	3
10366e40	FUN_10366e40	7
10366e50	FUN_10366e50	7
10366e60	FUN_10366e60	3
10366e70	FUN_10366e70	7
10366e80	FUN_10366e80	3
10366e90	FUN_10366e90	7
10366ea0	FUN_10366ea0	7
10366eb0	FUN_10366eb0	3
10366ec0	FUN_10366ec0	3
10366ed0	FUN_10366ed0	7
10366ee0	FUN_10366ee0	3
10366ef0	FUN_10366ef0	3
10366f00	FUN_10366f00	3
10366f10	FUN_10366f10	3
10366f20	FUN_10366f20	3
10366f30	FUN_10366f30	3
10366f40	FUN_10366f40	3
10366f50	FUN_10366f50	3
10366f60	FUN_10366f60	3
10366f70	FUN_10366f70	7
10366f80	FUN_10366f80	3
10366f90	FUN_10366f90	3
10366fa0	FUN_10366fa0	3
10366fb0	FUN_10366fb0	3
10366fc0	FUN_10366fc0	7
10366fd0	FUN_10366fd0	3
10366fe0	FUN_10366fe0	3
10366ff0	FUN_10366ff0	3
10367000	FUN_10367000	3
10367010	FUN_10367010	7
10367020	FUN_10367020	3
10367030	FUN_10367030	3
10367040	FUN_10367040	7
10367050	FUN_10367050	3
10367060	FUN_10367060	7
10367070	FUN_10367070	3
10367080	FUN_10367080	7
10367090	FUN_10367090	7
103670a0	FUN_103670a0	3
103670b0	FUN_103670b0	7
103670c0	FUN_103670c0	3
103670d0	FUN_103670d0	3
103670e0	FUN_103670e0	7
103670f0	FUN_103670f0	7
10367100	FUN_10367100	7
10367110	FUN_10367110	8
10367120	FUN_10367120	8
10367130	FUN_10367130	8
10367140	FUN_10367140	4
10367150	FUN_10367150	4
10367160	FUN_10367160	4
10367170	FUN_10367170	3
10367180	FUN_10367180	4
10367190	FUN_10367190	3
103671a0	FUN_103671a0	3
103671b0	FUN_103671b0	3
103671c0	FUN_103671c0	3
103671d0	FUN_103671d0	3
103671e0	FUN_103671e0	3
103671f0	FUN_103671f0	3
10367200	FUN_10367200	3
10367210	FUN_10367210	3
10367220	FUN_10367220	3
10367230	FUN_10367230	3
10367240	FUN_10367240	3
10367250	FUN_10367250	3
10367260	FUN_10367260	3
10367270	FUN_10367270	3
10367280	FUN_10367280	3
10367290	FUN_10367290	3
103672a0	FUN_103672a0	3
103672b0	FUN_103672b0	3
103672c0	FUN_103672c0	3
103672d0	FUN_103672d0	3
103672e0	FUN_103672e0	3
103672f0	FUN_103672f0	3
10367300	FUN_10367300	3
10367310	FUN_10367310	3
10367320	FUN_10367320	3
10367330	FUN_10367330	3
10367340	FUN_10367340	3
10367350	FUN_10367350	3
10367360	FUN_10367360	3
10367370	FUN_10367370	3
10367380	FUN_10367380	3
10367390	FUN_10367390	3
103673a0	FUN_103673a0	3
103673b0	FUN_103673b0	6
103673c0	FUN_103673c0	6
103673d0	FUN_103673d0	3
103673e0	FUN_103673e0	3
103673f0	FUN_103673f0	6
10367400	FUN_10367400	6
10367410	FUN_10367410	6
10367420	FUN_10367420	6
10367430	FUN_10367430	6
10367440	FUN_10367440	6
10367450	FUN_10367450	3
10367460	FUN_10367460	3
10367470	FUN_10367470	9
10367480	FUN_10367480	9
10367720	FUN_10367720	6
10367730	FUN_10367730	6
10367740	FUN_10367740	16
10367760	FUN_10367760	16
10367780	FUN_10367780	10
10367aa0	FUN_10367aa0	18
1036a610	FUN_1036a610	4
1036a8f0	FUN_1036a8f0	30
1036a920	FUN_1036a920	63
1036a970	FUN_1036a970	49
1036a9b0	FUN_1036a9b0	49
1036ac90	FUN_1036ac90	3
1036aca0	FUN_1036aca0	3
1036b640	FUN_1036b640	3
1036b8e0	FUN_1036b8e0	8
1036b8f0	FUN_1036b8f0	8
1036b900	FUN_1036b900	8
1036b910	FUN_1036b910	8
1036b920	FUN_1036b920	8
1036b930	FUN_1036b930	8
1036b940	FUN_1036b940	8
1036b950	FUN_1036b950	8
1036b960	FUN_1036b960	54
1036ca90	FUN_1036ca90	3
1036caa0	FUN_1036caa0	3
1036cab0	FUN_1036cab0	3
1036cac0	FUN_1036cac0	3
1036cad0	FUN_1036cad0	3
1036cae0	FUN_1036cae0	3
1036caf0	FUN_1036caf0	3
1036cb00	FUN_1036cb00	3
1036cb10	FUN_1036cb10	3
1036cb20	FUN_1036cb20	3
1036cb30	FUN_1036cb30	3
1036cb40	FUN_1036cb40	3
1036cb50	FUN_1036cb50	3
1036cb60	FUN_1036cb60	3
1036cb70	FUN_1036cb70	3
1036cb80	FUN_1036cb80	3
1036cb90	FUN_1036cb90	3
1036cba0	FUN_1036cba0	3
1036cbb0	FUN_1036cbb0	3
1036cbc0	FUN_1036cbc0	3
1036cbd0	FUN_1036cbd0	3
1036cbe0	FUN_1036cbe0	3
1036cbf0	FUN_1036cbf0	3
1036cc00	FUN_1036cc00	3
1036cc10	FUN_1036cc10	3
1036cc20	FUN_1036cc20	3
1036cc30	FUN_1036cc30	3
1036cc40	FUN_1036cc40	3
1036cc50	FUN_1036cc50	3
1036cc60	FUN_1036cc60	3
1036cc70	FUN_1036cc70	3
1036cc80	FUN_1036cc80	3
1036cc90	FUN_1036cc90	3
1036cca0	FUN_1036cca0	3
1036ccb0	FUN_1036ccb0	3
1036ccc0	FUN_1036ccc0	3
1036ccd0	FUN_1036ccd0	3
1036cce0	FUN_1036cce0	3
1036ccf0	FUN_1036ccf0	3
1036cd00	FUN_1036cd00	3
1036cd20	FUN_1036cd20	3
1036cd30	FUN_1036cd30	3
1036cd40	FUN_1036cd40	3
1036cd50	FUN_1036cd50	3
1036cd60	FUN_1036cd60	4
1036cd70	FUN_1036cd70	4
1036cd80	FUN_1036cd80	4
1036cd90	FUN_1036cd90	4
1036cda0	FUN_1036cda0	4
1036cdb0	FUN_1036cdb0	4
1036cdc0	FUN_1036cdc0	4
1036cdd0	FUN_1036cdd0	4
1036d380	FUN_1036d380	7
1036d390	FUN_1036d390	7
1036d3a0	FUN_1036d3a0	7
1036d3b0	FUN_1036d3b0	7
1036d3c0	FUN_1036d3c0	7
1036d3d0	FUN_1036d3d0	7
1036d3e0	FUN_1036d3e0	7
1036d3f0	FUN_1036d3f0	7
1036d4e0	FUN_1036d4e0	13
1036d4f0	FUN_1036d4f0	18
1036d510	FUN_1036d510	18
1036d530	FUN_1036d530	30
1036d590	FUN_1036d590	30
1036d5c0	FUN_1036d5c0	3
1036d5d0	FUN_1036d5d0	3
1036d8a0	FUN_1036d8a0	3
1036d8b0	FUN_1036d8b0	3
1036d8c0	FUN_1036d8c0	3
1036d8d0	FUN_1036d8d0	3
1036d8e0	FUN_1036d8e0	3
1036d8f0	FUN_1036d8f0	3
1036d900	FUN_1036d900	3
1036d9c0	FUN_1036d9c0	11
1036d9d0	FUN_1036d9d0	11
1036d9e0	FUN_1036d9e0	11
1036d9f0	FUN_1036d9f0	6
1036da00	FUN_1036da00	6
1036da10	FUN_1036da10	6
1036da20	FUN_1036da20	6
1036da30	FUN_1036da30	26
1036da50	FUN_1036da50	26
1036da70	FUN_1036da70	26
1036da90	FUN_1036da90	26
1036dab0	FUN_1036dab0	26
1036dad0	FUN_1036dad0	26
1036daf0	FUN_1036daf0	26
1036db10	FUN_1036db10	26
1036db30	FUN_1036db30	26
1036db50	FUN_1036db50	26
1036db70	FUN_1036db70	76
1036dbd0	FUN_1036dbd0	76
1036dd10	FUN_1036dd10	10
1036dd20	FUN_1036dd20	10
1036dd30	FUN_1036dd30	10
1036dd40	FUN_1036dd40	10
1036dd50	FUN_1036dd50	10
1036dd60	FUN_1036dd60	10
1036dd70	FUN_1036dd70	10
1036dd80	FUN_1036dd80	10
1036df00	FUN_1036df00	43
1036df40	FUN_1036df40	43
1036e910	FUN_1036e910	24
1036e930	FUN_1036e930	24
1036ea40	FUN_1036ea40	24
1036ea60	FUN_1036ea60	24
1036ea80	FUN_1036ea80	14
1036eaa0	FUN_1036eaa0	13
1036eab0	FUN_1036eab0	13
1036eac0	FUN_1036eac0	13
1036ead0	FUN_1036ead0	3
1036eae0	FUN_1036eae0	12
1036eaf0	FUN_1036eaf0	11
1036eb00	FUN_1036eb00	4
1036ef60	FUN_1036ef60	43
1036efa0	FUN_1036efa0	11
1036efb0	FUN_1036efb0	3
1036efc0	FUN_1036efc0	3
103717a0	FUN_103717a0	7
103717b0	FUN_103717b0	13
103717c0	FUN_103717c0	13
103717d0	FUN_103717d0	11
103717e0	FUN_103717e0	11
10371850	FUN_10371850	4
103723d0	FUN_103723d0	23
103723f0	FUN_103723f0	9
10372400	FUN_10372400	9
10376ad0	FUN_10376ad0	16
10376af0	FUN_10376af0	9
10376b00	FUN_10376b00	9
10376b10	FUN_10376b10	9
10376b20	FUN_10376b20	9
10376b30	FUN_10376b30	9
10376b40	FUN_10376b40	9
10376e40	FUN_10376e40	32
10377b70	FUN_10377b70	12
10377b80	FUN_10377b80	11
10377b90	FUN_10377b90	11
10377ba0	FUN_10377ba0	11
10377bb0	FUN_10377bb0	12
10377bc0	FUN_10377bc0	12
103780b0	FUN_103780b0	7
103786c0	FUN_103786c0	4
10379710	FUN_10379710	43
1037a2a0	FUN_1037a2a0	7
1037c4b0	FUN_1037c4b0	4
1037c4c0	FUN_1037c4c0	4
1037c4d0	FUN_1037c4d0	4
1037c4e0	FUN_1037c4e0	4
1037c4f0	FUN_1037c4f0	4
1037cb50	FUN_1037cb50	4
1037cb90	FUN_1037cb90	4
1037ee80	FUN_1037ee80	4
10380df0	FUN_10380df0	4
10381010	FUN_10381010	3
10382830	FUN_10382830	7
10382840	FUN_10382840	7
10382850	FUN_10382850	5
10383180	thunk_FUN_105ad900	5
10383190	thunk_FUN_105ad900	5
103831a0	thunk_FUN_105ad900	5
103831b0	thunk_FUN_105ad900	5
103831c0	thunk_FUN_105ad900	5
103831d0	thunk_FUN_105ad900	5
103831e0	FUN_103831e0	4
103831f0	FUN_103831f0	16
10383530	FUN_10383530	7
10388c80	FUN_10388c80	6
10388c90	FUN_10388c90	6
10388ca0	FUN_10388ca0	6
10388cb0	FUN_10388cb0	6
1038a580	FUN_1038a580	14
1038be30	FUN_1038be30	36
1038be60	FUN_1038be60	36
1038d590	FUN_1038d590	7
1038d5a0	FUN_1038d5a0	7
1038d5f0	FUN_1038d5f0	7
1038d600	FUN_1038d600	7
1038d610	FUN_1038d610	7
1038d620	FUN_1038d620	7
1038d630	FUN_1038d630	7
1038d640	FUN_1038d640	7
1038d6d0	FUN_1038d6d0	11
1038d980	FUN_1038d980	7
1038d990	FUN_1038d990	7
1038d9a0	FUN_1038d9a0	7
1038d9b0	FUN_1038d9b0	7
1038d9c0	FUN_1038d9c0	7
1038d9d0	FUN_1038d9d0	7
1038d9e0	FUN_1038d9e0	7
1038d9f0	FUN_1038d9f0	7
1038da00	FUN_1038da00	7
1038da10	FUN_1038da10	7
1038da20	FUN_1038da20	7
1038da30	FUN_1038da30	7
1038da50	FUN_1038da50	31
1038e1b0	FUN_1038e1b0	7
10390900	FUN_10390900	6
10390910	FUN_10390910	6
10390920	FUN_10390920	6
10390930	FUN_10390930	6
10390940	FUN_10390940	6
10390950	FUN_10390950	6
10390960	FUN_10390960	6
10390970	FUN_10390970	6
10390980	FUN_10390980	6
10390990	FUN_10390990	6
103909a0	FUN_103909a0	6
103909b0	FUN_103909b0	6
103909c0	FUN_103909c0	6
103909d0	FUN_103909d0	6
10393720	FUN_10393720	3
103937c0	FUN_103937c0	5
103937d0	FUN_103937d0	5
103937e0	FUN_103937e0	3
103937f0	FUN_103937f0	3
10393800	FUN_10393800	3
10393810	FUN_10393810	3
10393820	FUN_10393820	3
10393830	FUN_10393830	3
10393840	FUN_10393840	3
10393850	FUN_10393850	3
10393860	FUN_10393860	3
10393870	FUN_10393870	3
10393880	FUN_10393880	3
10393890	FUN_10393890	3
103938a0	FUN_103938a0	3
103938b0	FUN_103938b0	3
103938c0	FUN_103938c0	3
103938d0	FUN_103938d0	3
103938e0	FUN_103938e0	3
103938f0	FUN_103938f0	3
10393900	FUN_10393900	3
10393910	FUN_10393910	3
10393920	FUN_10393920	3
10393930	FUN_10393930	3
10393940	FUN_10393940	3
10393950	FUN_10393950	3
10393960	FUN_10393960	3
10393970	FUN_10393970	3
10393980	FUN_10393980	3
10393990	FUN_10393990	3
103939a0	FUN_103939a0	3
103939b0	FUN_103939b0	3
103939c0	FUN_103939c0	3
103939d0	FUN_103939d0	3
103939e0	FUN_103939e0	3
103939f0	FUN_103939f0	3
10393a00	FUN_10393a00	3
10393a10	FUN_10393a10	3
10393a20	FUN_10393a20	3
10393a30	FUN_10393a30	3
10393a40	FUN_10393a40	3
10393a50	FUN_10393a50	3
10393a60	FUN_10393a60	3
10393a70	FUN_10393a70	36
10394530	FUN_10394530	28
10394560	FUN_10394560	28
10394590	FUN_10394590	28
103945c0	FUN_103945c0	28
103945f0	FUN_103945f0	28
10394620	FUN_10394620	28
10394650	FUN_10394650	28
10394680	FUN_10394680	28
103946b0	FUN_103946b0	28
103946e0	FUN_103946e0	28
10394710	FUN_10394710	28
10394740	FUN_10394740	28
10394770	FUN_10394770	28
103947a0	FUN_103947a0	28
103947d0	FUN_103947d0	28
10394800	FUN_10394800	28
10394830	FUN_10394830	28
10394860	FUN_10394860	28
10394890	FUN_10394890	28
103948c0	FUN_103948c0	28
103948f0	FUN_103948f0	28
10394920	FUN_10394920	28
10394950	FUN_10394950	28
10394980	FUN_10394980	28
103949b0	FUN_103949b0	28
103949e0	FUN_103949e0	28
10394a10	FUN_10394a10	28
10394a40	FUN_10394a40	28
10394a70	FUN_10394a70	28
10394aa0	FUN_10394aa0	28
10394ad0	FUN_10394ad0	28
10394b00	FUN_10394b00	28
10394b30	FUN_10394b30	28
10394b60	FUN_10394b60	28
10394b90	FUN_10394b90	28
10394bc0	FUN_10394bc0	28
10394bf0	FUN_10394bf0	28
10394c20	FUN_10394c20	28
10394c50	FUN_10394c50	28
10394c80	FUN_10394c80	28
10394cb0	FUN_10394cb0	28
10394ce0	FUN_10394ce0	28
10394d10	FUN_10394d10	28
10394d40	FUN_10394d40	20
10394d60	FUN_10394d60	20
10394d80	FUN_10394d80	20
10394da0	FUN_10394da0	20
103952d0	FUN_103952d0	11
10395b70	FUN_10395b70	5
10395c90	FUN_10395c90	24
10395cb0	FUN_10395cb0	24
10395d40	FUN_10395d40	240
103967a0	FUN_103967a0	10
103967b0	FUN_103967b0	10
103967c0	FUN_103967c0	10
103967d0	FUN_103967d0	10
103967e0	FUN_103967e0	10
10396810	FUN_10396810	13
10397310	FUN_10397310	12
10397320	FUN_10397320	10
10398740	FUN_10398740	4
10398750	FUN_10398750	9
10398760	FUN_10398760	4
10398770	FUN_10398770	4
10398780	FUN_10398780	4
10398790	FUN_10398790	9
103987a0	FUN_103987a0	9
10399400	FUN_10399400	8
10399ea0	FUN_10399ea0	21
1039a4c0	FUN_1039a4c0	8
1039a5a0	FUN_1039a5a0	21
1039a5c0	FUN_1039a5c0	24
1039a990	FUN_1039a990	21
1039ea00	FUN_1039ea00	7
1039ea10	FUN_1039ea10	11
1039ea60	FUN_1039ea60	7
1039ebc0	FUN_1039ebc0	7
1039ec00	FUN_1039ec00	26
1039ec20	FUN_1039ec20	26
1039ec40	FUN_1039ec40	78
1039ecb0	FUN_1039ecb0	6
1039ecc0	FUN_1039ecc0	6
1039f180	FUN_1039f180	16
1039f1a0	FUN_1039f1a0	16
1039f1c0	FUN_1039f1c0	16
1039ffc0	FUN_1039ffc0	7
1039ffd0	FUN_1039ffd0	3
1039ffe0	FUN_1039ffe0	3
1039fff0	FUN_1039fff0	4
103a0000	FUN_103a0000	4
103a0010	FUN_103a0010	3
103a0820	FUN_103a0820	11
103a0830	FUN_103a0830	11
103a0980	FUN_103a0980	8
103a13c0	FUN_103a13c0	9
103a1530	FUN_103a1530	7
103a15a0	FUN_103a15a0	7
103a15b0	FUN_103a15b0	7
103a18d0	FUN_103a18d0	18
103a2cc0	FUN_103a2cc0	57
103a2d10	FUN_103a2d10	6
103a2d20	FUN_103a2d20	6
103a2ea0	FUN_103a2ea0	7
103a2eb0	FUN_103a2eb0	7
103a2f80	FUN_103a2f80	11
103a2fd0	FUN_103a2fd0	7
103a2fe0	FUN_103a2fe0	9
103a3110	FUN_103a3110	11
103a3120	FUN_103a3120	9
103a3510	FUN_103a3510	3
103a3520	FUN_103a3520	3
103a3c40	FUN_103a3c40	28
103a3c70	FUN_103a3c70	28
103a3ca0	FUN_103a3ca0	28
103a4160	FUN_103a4160	7
103a41c0	FUN_103a41c0	18
103a41e0	FUN_103a41e0	39
103a4210	FUN_103a4210	39
103a4240	FUN_103a4240	22
103a4260	FUN_103a4260	22
103a4280	FUN_103a4280	18
103a43a0	FUN_103a43a0	22
103a43c0	FUN_103a43c0	5
103a43d0	FUN_103a43d0	5
103a4420	FUN_103a4420	91
103a4580	FUN_103a4580	91
103a4680	FUN_103a4680	5
103a4690	FUN_103a4690	5
103a46a0	FUN_103a46a0	91
103a4720	FUN_103a4720	26
103a4740	FUN_103a4740	78
103a47b0	FUN_103a47b0	3
103a47c0	FUN_103a47c0	3
103a47d0	FUN_103a47d0	3
103a47e0	FUN_103a47e0	3
103a4840	FUN_103a4840	13
103a4850	FUN_103a4850	13
103a4860	FUN_103a4860	20
103a4a30	FUN_103a4a30	15
103a4a50	FUN_103a4a50	15
103a4a70	FUN_103a4a70	3
103a4a80	FUN_103a4a80	3
103a4a90	FUN_103a4a90	3
103a4aa0	FUN_103a4aa0	3
103a4ab0	FUN_103a4ab0	3
103a4ac0	FUN_103a4ac0	18
103a5000	FUN_103a5000	15
103a50c0	FUN_103a50c0	5
103a50d0	FUN_103a50d0	5
103a50e0	FUN_103a50e0	7
103a50f0	FUN_103a50f0	7
103a5100	FUN_103a5100	7
103a5110	FUN_103a5110	7
103a5120	FUN_103a5120	5
103a5130	FUN_103a5130	16
103a5150	FUN_103a5150	16
103a5170	FUN_103a5170	25
103a51b0	FUN_103a51b0	5
103a5220	FUN_103a5220	39
103a5250	FUN_103a5250	19
103a5270	FUN_103a5270	19
103a5470	FUN_103a5470	13
103a5480	FUN_103a5480	13
103a5490	FUN_103a5490	19
103a55f0	FUN_103a55f0	5
103a5600	FUN_103a5600	5
103a5610	FUN_103a5610	5
103a56f0	FUN_103a56f0	5
103a5700	FUN_103a5700	5
103a5770	FUN_103a5770	5
103a5780	FUN_103a5780	5
103a5790	FUN_103a5790	5
103a57a0	FUN_103a57a0	5
103a57b0	FUN_103a57b0	5
103a57c0	FUN_103a57c0	5
103a57d0	FUN_103a57d0	5
103a57e0	FUN_103a57e0	5
103a5ab0	FUN_103a5ab0	86
103a5b20	FUN_103a5b20	15
103a5b40	FUN_103a5b40	15
103a5b60	FUN_103a5b60	15
103a5c90	FUN_103a5c90	5
103a5ca0	FUN_103a5ca0	5
103a5cb0	FUN_103a5cb0	5
103a5cc0	FUN_103a5cc0	5
103a5cd0	FUN_103a5cd0	5
103a5ce0	FUN_103a5ce0	5
103a5cf0	FUN_103a5cf0	5
103a5d00	FUN_103a5d00	5
103a5d10	FUN_103a5d10	6
103a5d20	FUN_103a5d20	6
103a5dc0	FUN_103a5dc0	16
103a5e20	FUN_103a5e20	16
103a5ec0	FUN_103a5ec0	16
103a6080	FUN_103a6080	18
103a60a0	FUN_103a60a0	18
103a60c0	FUN_103a60c0	18
103a60e0	FUN_103a60e0	18
103a6100	FUN_103a6100	18
103a6120	FUN_103a6120	37
103a6150	FUN_103a6150	37
103a61c0	FUN_103a61c0	11
103a61d0	FUN_103a61d0	11
103a6260	FUN_103a6260	11
103a6270	FUN_103a6270	11
103a6280	FUN_103a6280	16
103a62a0	FUN_103a62a0	21
103a62c0	FUN_103a62c0	18
103a62e0	FUN_103a62e0	18
103a6300	FUN_103a6300	18
103a6320	FUN_103a6320	19
103a6340	FUN_103a6340	30
103a6370	FUN_103a6370	11
103a6380	FUN_103a6380	11
103a6390	FUN_103a6390	3
103a63a0	FUN_103a63a0	3
103a65c0	FUN_103a65c0	30
103a7660	FUN_103a7660	9
103a7670	FUN_103a7670	18
103a7bb0	FUN_103a7bb0	3
103a8ac0	FUN_103a8ac0	65
103a8b70	FUN_103a8b70	37
103a8ba0	FUN_103a8ba0	14
103a8bc0	FUN_103a8bc0	14
103a8c10	FUN_103a8c10	14
103a8c30	FUN_103a8c30	14
103a8d90	FUN_103a8d90	31
103a8dc0	FUN_103a8dc0	3
103a8dd0	FUN_103a8dd0	7
103a8de0	FUN_103a8de0	3
103a8df0	FUN_103a8df0	7
103a8e00	FUN_103a8e00	3
103a8e10	FUN_103a8e10	7
103a8e20	FUN_103a8e20	7
103a8e50	FUN_103a8e50	3
103a8e60	FUN_103a8e60	3
103a8e70	FUN_103a8e70	3
103a8e80	FUN_103a8e80	3
103a8e90	FUN_103a8e90	30
103a8ec0	FUN_103a8ec0	31
103a8ef0	FUN_103a8ef0	30
103a8f20	FUN_103a8f20	31
103a8f50	FUN_103a8f50	17
103a9000	FUN_103a9000	28
103a9030	FUN_103a9030	28
103a9060	FUN_103a9060	6
103a9070	FUN_103a9070	6
103a9080	FUN_103a9080	6
103a9090	FUN_103a9090	6
103a90a0	FUN_103a90a0	27
103a90d0	FUN_103a90d0	27
103a9100	FUN_103a9100	23
103a9220	FUN_103a9220	18
103a92d0	FUN_103a92d0	14
103a92f0	FUN_103a92f0	14
103a9310	FUN_103a9310	15
103a9330	FUN_103a9330	21
103aa020	FUN_103aa020	26
103aa0b0	FUN_103aa0b0	3
103aa0c0	FUN_103aa0c0	23
103aa640	FUN_103aa640	3
103aa650	FUN_103aa650	3
103aa660	FUN_103aa660	3
103aa670	FUN_103aa670	3
103aa680	FUN_103aa680	3
103aa690	FUN_103aa690	3
103aa6a0	FUN_103aa6a0	3
103aa6b0	FUN_103aa6b0	3
103aa6c0	FUN_103aa6c0	3
103aa6d0	FUN_103aa6d0	3
103aa6e0	FUN_103aa6e0	3
103aa6f0	FUN_103aa6f0	3
103aa700	FUN_103aa700	3
103aa710	FUN_103aa710	3
103aa720	FUN_103aa720	3
103aa730	FUN_103aa730	3
103aa740	FUN_103aa740	3
103aa750	FUN_103aa750	3
103aa760	FUN_103aa760	3
103aa770	FUN_103aa770	15
103aa790	FUN_103aa790	16
103aa7b0	FUN_103aa7b0	15
103aa7d0	FUN_103aa7d0	16
103aa7f0	FUN_103aa7f0	3
103aa800	FUN_103aa800	3
103aac10	FUN_103aac10	24
103ab3f0	FUN_103ab3f0	52
103ab440	FUN_103ab440	4
103ab450	FUN_103ab450	4
103ab460	FUN_103ab460	4
103ab470	FUN_103ab470	4
103ab490	FUN_103ab490	30
103ab4f0	FUN_103ab4f0	4
103ab500	FUN_103ab500	4
103ab510	FUN_103ab510	4
103ab520	FUN_103ab520	4
103ab530	FUN_103ab530	4
103ab540	FUN_103ab540	4
103ab550	FUN_103ab550	11
103ab560	FUN_103ab560	3
103ab570	FUN_103ab570	3
103ab580	FUN_103ab580	3
103ab590	FUN_103ab590	3
103ab5a0	FUN_103ab5a0	11
103ab5b0	FUN_103ab5b0	6
103ab9c0	FUN_103ab9c0	13
103ab9d0	FUN_103ab9d0	18
103ab9f0	FUN_103ab9f0	18
103aba10	FUN_103aba10	3
103ac050	FUN_103ac050	7
103ac0f0	FUN_103ac0f0	11
103ac100	FUN_103ac100	18
103b6820	FUN_103b6820	3
103b6a20	FUN_103b6a20	9
103b6a30	FUN_103b6a30	9
103b6ab0	FUN_103b6ab0	8
103b6ac0	FUN_103b6ac0	8
103b6ad0	FUN_103b6ad0	8
103b6ae0	FUN_103b6ae0	8
103b6af0	FUN_103b6af0	11
103b6b00	FUN_103b6b00	12
103b78b0	FUN_103b78b0	7
103b8650	FUN_103b8650	4
103b8670	FUN_103b8670	30
103b8b60	FUN_103b8b60	6
103b8b70	FUN_103b8b70	6
103b8d80	FUN_103b8d80	8
103b93d0	FUN_103b93d0	8
103b9420	FUN_103b9420	6
103b9430	FUN_103b9430	6
103b9440	FUN_103b9440	6
103b9450	FUN_103b9450	6
103b9460	FUN_103b9460	6
103b9470	FUN_103b9470	6
103bc700	FUN_103bc700	3
103bc710	FUN_103bc710	3
103bc720	FUN_103bc720	3
103bc730	FUN_103bc730	3
103bcf10	FUN_103bcf10	73
103bd3a0	FUN_103bd3a0	28
103bd3d0	FUN_103bd3d0	28
103bd400	FUN_103bd400	28
103bd430	FUN_103bd430	28
103bd460	FUN_103bd460	28
103bd490	FUN_103bd490	28
103bd4c0	FUN_103bd4c0	20
103bdd40	FUN_103bdd40	4
103bdd50	FUN_103bdd50	4
103bdd60	FUN_103bdd60	4
103bdd70	FUN_103bdd70	4
103bdd80	FUN_103bdd80	4
103bdd90	FUN_103bdd90	4
103bdda0	FUN_103bdda0	4
103bdfb0	FUN_103bdfb0	21
103be2f0	FUN_103be2f0	21
103be340	FUN_103be340	5
103be4f0	FUN_103be4f0	6
103be880	FUN_103be880	12
103be890	FUN_103be890	7
103be8a0	FUN_103be8a0	3
103be9d0	FUN_103be9d0	13
103bec20	FUN_103bec20	13
103bf210	FUN_103bf210	6
103bf380	FUN_103bf380	10
103bf390	FUN_103bf390	9
103bf3d0	FUN_103bf3d0	41
103bf410	FUN_103bf410	18
103bf430	FUN_103bf430	22
103bf450	FUN_103bf450	22
103bf470	FUN_103bf470	18
103bf610	FUN_103bf610	22
103bf6d0	FUN_103bf6d0	78
103bf740	FUN_103bf740	3
103bf790	FUN_103bf790	13
103bf7a0	FUN_103bf7a0	13
103bf7b0	FUN_103bf7b0	3
103bfa40	FUN_103bfa40	15
103bfb10	FUN_103bfb10	5
103bfb20	FUN_103bfb20	5
103bfd00	FUN_103bfd00	5
103bfd20	FUN_103bfd20	5
103bfd30	FUN_103bfd30	5
103bfd40	FUN_103bfd40	93
103bfff0	FUN_103bfff0	86
103c0110	FUN_103c0110	15
103c0130	FUN_103c0130	15
103c0150	FUN_103c0150	5
103c0160	FUN_103c0160	5
103c0180	FUN_103c0180	5
103c0190	FUN_103c0190	5
103c01b0	FUN_103c01b0	5
103c01c0	FUN_103c01c0	5
103c01d0	FUN_103c01d0	6
103c07a0	FUN_103c07a0	16
103c07c0	FUN_103c07c0	16
103c0850	FUN_103c0850	16
103c08f0	FUN_103c08f0	16
103c0910	FUN_103c0910	18
103c0930	FUN_103c0930	3
103c0940	FUN_103c0940	10
103c0950	FUN_103c0950	10
103c0960	FUN_103c0960	10
103c0a30	FUN_103c0a30	11
103c0a40	FUN_103c0a40	16
103c0a60	FUN_103c0a60	3
103c0a70	FUN_103c0a70	12
103c0b00	FUN_103c0b00	12
103c1d90	FUN_103c1d90	36
103c3400	FUN_103c3400	65
103c34c0	FUN_103c34c0	14
103c34e0	FUN_103c34e0	14
103c3650	FUN_103c3650	4
103c3660	FUN_103c3660	3
103c3670	FUN_103c3670	8
103c3680	FUN_103c3680	8
103c3690	FUN_103c3690	4
103c36a0	FUN_103c36a0	4
103c36b0	FUN_103c36b0	4
103c36c0	FUN_103c36c0	4
103c36d0	FUN_103c36d0	3
103c36e0	FUN_103c36e0	3
103c42c0	FUN_103c42c0	8
103c42d0	FUN_103c42d0	8
103c42e0	FUN_103c42e0	8
103c4820	FUN_103c4820	3
103c4830	FUN_103c4830	3
103c4840	FUN_103c4840	3
103c4850	FUN_103c4850	3
103c4860	FUN_103c4860	3
103c4870	FUN_103c4870	3
103c4880	FUN_103c4880	3
103c4890	FUN_103c4890	4
103c48a0	FUN_103c48a0	4
103c48b0	FUN_103c48b0	4
103c4b50	FUN_103c4b50	7
103c4b60	FUN_103c4b60	7
103c4b70	FUN_103c4b70	7
103c4bf0	FUN_103c4bf0	30
103c4c40	FUN_103c4c40	3
103c4c50	FUN_103c4c50	11
103c4c60	FUN_103c4c60	26
103c4c80	FUN_103c4c80	26
103c4d10	FUN_103c4d10	10
103c4d20	FUN_103c4d20	10
103c4d30	FUN_103c4d30	10
103c4de0	FUN_103c4de0	13
103c4df0	FUN_103c4df0	11
103c73a0	FUN_103c73a0	7
103c8170	FUN_103c8170	7
103c8180	FUN_103c8180	7
103c81d0	FUN_103c81d0	7
103c81e0	FUN_103c81e0	7
103c81f0	FUN_103c81f0	7
103c8200	FUN_103c8200	7
103c8210	FUN_103c8210	7
103c8220	FUN_103c8220	10
103c8230	FUN_103c8230	10
103c8260	FUN_103c8260	4
103c8270	FUN_103c8270	4
103c8280	FUN_103c8280	7
103c8300	FUN_103c8300	7
103c8310	FUN_103c8310	7
103c8720	FUN_103c8720	4
103c8730	FUN_103c8730	7
103c8740	FUN_103c8740	7
103c8b40	thunk_FUN_105ad900	5
103c9390	FUN_103c9390	6
103c93a0	FUN_103c93a0	7
103ca170	FUN_103ca170	6
103ca180	FUN_103ca180	6
103ca9c0	FUN_103ca9c0	3
103cb270	FUN_103cb270	28
103cb2a0	FUN_103cb2a0	28
103cb2d0	FUN_103cb2d0	28
103cb300	FUN_103cb300	28
103cb330	FUN_103cb330	28
103cc1e0	FUN_103cc1e0	9
103cc5b0	FUN_103cc5b0	28
103cc600	FUN_103cc600	28
103cca40	FUN_103cca40	18
103cca60	FUN_103cca60	25
103cca80	FUN_103cca80	22
103ccaa0	FUN_103ccaa0	22
103ccac0	FUN_103ccac0	22
103ccae0	FUN_103ccae0	18
103cce40	FUN_103cce40	22
103cce60	FUN_103cce60	22
103cce80	FUN_103cce80	18
103ccea0	FUN_103ccea0	18
103ccec0	FUN_103ccec0	18
103ccee0	FUN_103ccee0	18
103ccfa0	FUN_103ccfa0	18
103cd2c0	FUN_103cd2c0	78
103cd330	FUN_103cd330	3
103cd820	FUN_103cd820	13
103cd830	FUN_103cd830	13
103cd840	FUN_103cd840	13
103cd8e0	FUN_103cd8e0	113
103cd970	FUN_103cd970	113
103ce540	FUN_103ce540	5
103ce550	FUN_103ce550	5
103ce560	FUN_103ce560	5
103ce5d0	FUN_103ce5d0	3
103ce5e0	FUN_103ce5e0	3
103ce5f0	FUN_103ce5f0	19
103cea60	FUN_103cea60	5
103cea70	FUN_103cea70	5
103cea80	FUN_103cea80	5
103cea90	FUN_103cea90	5
103ceaa0	FUN_103ceaa0	5
103ceab0	FUN_103ceab0	5
103ceac0	FUN_103ceac0	5
103cece0	FUN_103cece0	86
103ced50	FUN_103ced50	15
103ced70	FUN_103ced70	15
103ced90	FUN_103ced90	5
103ceda0	FUN_103ceda0	5
103cedb0	FUN_103cedb0	5
103cedc0	FUN_103cedc0	5
103cedd0	FUN_103cedd0	5
103cede0	FUN_103cede0	5
103cedf0	FUN_103cedf0	5
103cee00	FUN_103cee00	5
103cee10	FUN_103cee10	5
103cee20	FUN_103cee20	5
103cee30	FUN_103cee30	5
103cee40	FUN_103cee40	5
103cee50	FUN_103cee50	5
103cee60	FUN_103cee60	5
103cee70	FUN_103cee70	5
103cee80	FUN_103cee80	5
103cee90	FUN_103cee90	19
103ceeb0	FUN_103ceeb0	18
103ceed0	FUN_103ceed0	18
103ceff0	FUN_103ceff0	11
103cf0c0	FUN_103cf0c0	11
103cf1d0	FUN_103cf1d0	11
103cf1e0	FUN_103cf1e0	11
103cf1f0	FUN_103cf1f0	16
103cf210	FUN_103cf210	3
103cf770	FUN_103cf770	23
103d04b0	FUN_103d04b0	42
103d0a20	FUN_103d0a20	58
103d0a70	FUN_103d0a70	58
103d0ac0	FUN_103d0ac0	60
103d0bb0	FUN_103d0bb0	14
103d0bd0	FUN_103d0bd0	14
103d0bf0	FUN_103d0bf0	14
103d0c10	FUN_103d0c10	14
103d0ff0	FUN_103d0ff0	6
103d1000	FUN_103d1000	6
103d1010	FUN_103d1010	6
103d1020	FUN_103d1020	6
103d1030	FUN_103d1030	6
103d1040	FUN_103d1040	6
103d1050	FUN_103d1050	6
103d1bf0	FUN_103d1bf0	3
103d1c00	FUN_103d1c00	3
103d1c10	FUN_103d1c10	3
103d1c20	FUN_103d1c20	3
103d1c30	FUN_103d1c30	3
103d1c40	FUN_103d1c40	3
103d1c50	FUN_103d1c50	3
103d1c60	FUN_103d1c60	3
103d1c70	FUN_103d1c70	3
103d1c80	FUN_103d1c80	3
103d1c90	FUN_103d1c90	3
103d1ca0	FUN_103d1ca0	3
103d2240	FUN_103d2240	79
103d22e0	FUN_103d22e0	30
103d2340	FUN_103d2340	31
103d23c0	FUN_103d23c0	3
103d23d0	FUN_103d23d0	3
103d23e0	FUN_103d23e0	11
103d23f0	FUN_103d23f0	11
103d2400	FUN_103d2400	8
103d2410	FUN_103d2410	8
103d2420	FUN_103d2420	8
103d24a0	FUN_103d24a0	83
103d2510	FUN_103d2510	33
103d2540	FUN_103d2540	33
103d2570	FUN_103d2570	43
103d25b0	FUN_103d25b0	13
103d2f80	FUN_103d2f80	13
103d2f90	FUN_103d2f90	13
103d2fa0	FUN_103d2fa0	13
103d3320	FUN_103d3320	11
103d3330	FUN_103d3330	11
103d4500	FUN_103d4500	20
103d4530	FUN_103d4530	19
103d4690	FUN_103d4690	4
103d46c0	FUN_103d46c0	4
103d4850	FUN_103d4850	7
103d4860	FUN_103d4860	7
103d4870	FUN_103d4870	7
103d48e0	FUN_103d48e0	6
103d48f0	FUN_103d48f0	6
103d4900	FUN_103d4900	6
103d4910	FUN_103d4910	6
103d4dd0	FUN_103d4dd0	5
103d4de0	FUN_103d4de0	5
103d4df0	FUN_103d4df0	5
103d5100	FUN_103d5100	5
103d5110	FUN_103d5110	5
103d5120	FUN_103d5120	5
103d5390	FUN_103d5390	10
103d53b0	FUN_103d53b0	4
103d5480	FUN_103d5480	37
103d54b0	FUN_103d54b0	37
103d6130	FUN_103d6130	3
103d6910	FUN_103d6910	25
103d6d60	FUN_103d6d60	25
103d7010	FUN_103d7010	6
103e0dc0	FUN_103e0dc0	3
103e35d0	FUN_103e35d0	3
103e35e0	FUN_103e35e0	4
103e35f0	FUN_103e35f0	4
103e3600	FUN_103e3600	4
103e3610	FUN_103e3610	4
103e3620	FUN_103e3620	4
103e3630	FUN_103e3630	4
103e3640	FUN_103e3640	4
103e3650	FUN_103e3650	4
103e3660	FUN_103e3660	4
103e3670	FUN_103e3670	4
103e3680	FUN_103e3680	4
103e3690	FUN_103e3690	4
103e36a0	FUN_103e36a0	4
103e36b0	FUN_103e36b0	4
103e36c0	FUN_103e36c0	4
103e36d0	FUN_103e36d0	4
103e36e0	FUN_103e36e0	4
103e6f70	FUN_103e6f70	3
103eaab0	FUN_103eaab0	7
103eaac0	FUN_103eaac0	7
103eaaf0	FUN_103eaaf0	7
103eab00	FUN_103eab00	7
103eab90	FUN_103eab90	7
103eae20	FUN_103eae20	7
103eae30	FUN_103eae30	7
103eaf30	FUN_103eaf30	4
103eaf40	FUN_103eaf40	7
103eaf70	FUN_103eaf70	7
103eaf80	FUN_103eaf80	7
103eaf90	FUN_103eaf90	7
103eafa0	FUN_103eafa0	7
103eafb0	FUN_103eafb0	7
103eb040	FUN_103eb040	13
103eb050	FUN_103eb050	13
103eb340	FUN_103eb340	7
103eb350	FUN_103eb350	7
103eb360	FUN_103eb360	7
103eb3d0	FUN_103eb3d0	28
103eb400	FUN_103eb400	28
103eb430	FUN_103eb430	31
103eb460	FUN_103eb460	7
103eb470	FUN_103eb470	7
103eb480	FUN_103eb480	7
103eb490	FUN_103eb490	7
103eb4a0	FUN_103eb4a0	7
103eb4d0	FUN_103eb4d0	7
103eb4e0	FUN_103eb4e0	7
103eb4f0	FUN_103eb4f0	7
103eb500	FUN_103eb500	7
103eb510	FUN_103eb510	7
103eb520	FUN_103eb520	7
103eb530	FUN_103eb530	7
103eb540	FUN_103eb540	7
103eb550	FUN_103eb550	7
103eb570	FUN_103eb570	10
103eb5e0	FUN_103eb5e0	10
103eb890	FUN_103eb890	7
103eb8a0	FUN_103eb8a0	7
103eb8b0	FUN_103eb8b0	7
103eb8f0	FUN_103eb8f0	7
103eb920	FUN_103eb920	7
103eb930	FUN_103eb930	7
103eb940	FUN_103eb940	7
103efd90	FUN_103efd90	6
103efeb0	FUN_103efeb0	7
103efed0	FUN_103efed0	7
103f0070	FUN_103f0070	7
103f0080	FUN_103f0080	7
103f1f70	FUN_103f1f70	3
103f2920	FUN_103f2920	28
103f2fb0	FUN_103f2fb0	8
103f5b90	FUN_103f5b90	18
103f5bb0	FUN_103f5bb0	18
103f5bd0	FUN_103f5bd0	22
103f5bf0	FUN_103f5bf0	18
103f5c10	FUN_103f5c10	18
103f5e80	FUN_103f5e80	22
103f5ea0	FUN_103f5ea0	18
103f5ec0	FUN_103f5ec0	18
103f61d0	FUN_103f61d0	26
103f6220	FUN_103f6220	12
103f6230	FUN_103f6230	3
103f6240	FUN_103f6240	3
103f6430	FUN_103f6430	13
103f6440	FUN_103f6440	13
103f6450	FUN_103f6450	13
103f6460	FUN_103f6460	13
103f6470	FUN_103f6470	113
103f66f0	FUN_103f66f0	3
103f6700	FUN_103f6700	3
103f6e70	FUN_103f6e70	15
103f6e90	FUN_103f6e90	15
103f6fb0	FUN_103f6fb0	7
103f6fc0	FUN_103f6fc0	13
103f6fd0	FUN_103f6fd0	13
103f7100	FUN_103f7100	5
103f7110	FUN_103f7110	5
103f7180	FUN_103f7180	3
103f7230	FUN_103f7230	13
103f7240	FUN_103f7240	19
103f7260	FUN_103f7260	12
103f73b0	FUN_103f73b0	5
103f73c0	FUN_103f73c0	5
103f73d0	FUN_103f73d0	5
103f73e0	FUN_103f73e0	5
103f73f0	FUN_103f73f0	5
103f7400	FUN_103f7400	5
103f7410	FUN_103f7410	5
103f7420	FUN_103f7420	5
103f7430	FUN_103f7430	5
103f7440	FUN_103f7440	5
103f7450	FUN_103f7450	5
103f7460	FUN_103f7460	5
103f7470	FUN_103f7470	5
103f7480	FUN_103f7480	93
103f7920	FUN_103f7920	15
103f7940	FUN_103f7940	15
103f7960	FUN_103f7960	15
103f7980	FUN_103f7980	15
103f7a90	FUN_103f7a90	5
103f7aa0	FUN_103f7aa0	5
103f7ab0	FUN_103f7ab0	5
103f7ac0	FUN_103f7ac0	5
103f7ad0	FUN_103f7ad0	5
103f7ae0	FUN_103f7ae0	5
103f7af0	FUN_103f7af0	5
103f7b00	FUN_103f7b00	5
103f7b10	FUN_103f7b10	5
103f7b20	FUN_103f7b20	5
103f7b30	FUN_103f7b30	5
103f7b40	FUN_103f7b40	5
103f7b50	FUN_103f7b50	5
103f7b60	FUN_103f7b60	5
103f7b70	FUN_103f7b70	5
103f7b80	FUN_103f7b80	5
103f7b90	FUN_103f7b90	5
103f7ba0	FUN_103f7ba0	5
103f7bb0	FUN_103f7bb0	5
103f7bc0	FUN_103f7bc0	6
103f7d50	FUN_103f7d50	5
103f7d60	FUN_103f7d60	5
103f7d70	FUN_103f7d70	5
103f7d80	FUN_103f7d80	5
103f7d90	FUN_103f7d90	19
103f8360	FUN_103f8360	16
103f8380	FUN_103f8380	18
103f83a0	FUN_103f83a0	18
103f83c0	FUN_103f83c0	3
103f83d0	FUN_103f83d0	10
103f83e0	FUN_103f83e0	10
103f83f0	FUN_103f83f0	10
103f8400	FUN_103f8400	10
103f8410	FUN_103f8410	10
103f8500	FUN_103f8500	11
103f8510	FUN_103f8510	11
103f8560	FUN_103f8560	11
103f8670	FUN_103f8670	11
103f8680	FUN_103f8680	11
103f8690	FUN_103f8690	11
103f86a0	FUN_103f86a0	11
103f86b0	FUN_103f86b0	16
103f86d0	FUN_103f86d0	16
103f86f0	FUN_103f86f0	3
103f8700	FUN_103f8700	3
103f8880	FUN_103f8880	12
103f8910	FUN_103f8910	12
103f89a0	FUN_103f89a0	12
103f8a30	FUN_103f8a30	12
103f8ac0	FUN_103f8ac0	18
103fab70	FUN_103fab70	34
103fb490	FUN_103fb490	18
103fb520	FUN_103fb520	67
103fb640	FUN_103fb640	67
103fb6a0	FUN_103fb6a0	14
103fb6c0	FUN_103fb6c0	14
103fb6e0	FUN_103fb6e0	14
103fb700	FUN_103fb700	14
103fb720	FUN_103fb720	14
103fb750	FUN_103fb750	14
103fb880	FUN_103fb880	3
103fb890	FUN_103fb890	7
103fb8a0	FUN_103fb8a0	7
103fb8b0	FUN_103fb8b0	3
103fb8c0	FUN_103fb8c0	8
103fb8d0	FUN_103fb8d0	8
103fb8e0	FUN_103fb8e0	8
103fb8f0	FUN_103fb8f0	8
103fb900	FUN_103fb900	8
103fb910	FUN_103fb910	8
103fb920	FUN_103fb920	4
103fb930	FUN_103fb930	4
103fb940	FUN_103fb940	4
103fb950	FUN_103fb950	4
103fb960	FUN_103fb960	3
103fb970	FUN_103fb970	6
103fb980	FUN_103fb980	6
103fb990	FUN_103fb990	6
103fb9a0	FUN_103fb9a0	6
103fb9b0	FUN_103fb9b0	6
103fb9c0	FUN_103fb9c0	6
103fb9d0	FUN_103fb9d0	6
103fb9e0	FUN_103fb9e0	6
103fb9f0	FUN_103fb9f0	6
103fbf50	FUN_103fbf50	18
103fc6e0	FUN_103fc6e0	8
103fc6f0	FUN_103fc6f0	8
103fc700	FUN_103fc700	8
103fc710	FUN_103fc710	8
103fc720	FUN_103fc720	8
103fc730	FUN_103fc730	5
103fc750	FUN_103fc750	3
103fc760	FUN_103fc760	3
103fc770	FUN_103fc770	3
103fc780	FUN_103fc780	3
103fc790	FUN_103fc790	3
103fc7a0	FUN_103fc7a0	3
103fc7b0	FUN_103fc7b0	3
103fc7c0	FUN_103fc7c0	3
103fc7d0	FUN_103fc7d0	3
103fc7e0	FUN_103fc7e0	3
103fc7f0	FUN_103fc7f0	3
103fc810	FUN_103fc810	3
103fc820	FUN_103fc820	3
103fc830	FUN_103fc830	3
103fc840	FUN_103fc840	3
103fc850	FUN_103fc850	3
103fc860	FUN_103fc860	3
103fc870	FUN_103fc870	4
103fc880	FUN_103fc880	4
103fc890	FUN_103fc890	4
103fc8a0	FUN_103fc8a0	4
103fc8b0	FUN_103fc8b0	4
103fcde0	FUN_103fcde0	7
103fcdf0	FUN_103fcdf0	7
103fce00	FUN_103fce00	7
103fce10	FUN_103fce10	7
103fce20	FUN_103fce20	7
103fce30	FUN_103fce30	79
103fcea0	FUN_103fcea0	79
103fcf10	FUN_103fcf10	30
103fcf40	FUN_103fcf40	30
103fcf70	FUN_103fcf70	31
103fcfa0	FUN_103fcfa0	31
103fd030	FUN_103fd030	3
103fd040	FUN_103fd040	11
103fd050	FUN_103fd050	11
103fd060	FUN_103fd060	8
103fd070	FUN_103fd070	26
103fd090	FUN_103fd090	26
103fd0b0	FUN_103fd0b0	26
103fd0d0	FUN_103fd0d0	26
103fd0f0	FUN_103fd0f0	26
103fd110	FUN_103fd110	26
103fd130	FUN_103fd130	76
103fd190	FUN_103fd190	83
103fd200	FUN_103fd200	83
103fd270	FUN_103fd270	9
103fd280	FUN_103fd280	10
103fd290	FUN_103fd290	10
103fd2a0	FUN_103fd2a0	10
103fd2b0	FUN_103fd2b0	10
103fd2c0	FUN_103fd2c0	10
103fd2d0	FUN_103fd2d0	33
103fd400	FUN_103fd400	13
103fd410	FUN_103fd410	10
103fd420	FUN_103fd420	11
103fe830	FUN_103fe830	13
103fe840	FUN_103fe840	3
103fefe0	FUN_103fefe0	16
103ff000	FUN_103ff000	16
103ff020	FUN_103ff020	32
103ff150	FUN_103ff150	11
103ff160	FUN_103ff160	11
103ff170	FUN_103ff170	4
103ff480	FUN_103ff480	4
103ff490	FUN_103ff490	4
103ff4a0	FUN_103ff4a0	4
103ff4b0	FUN_103ff4b0	4
104009a0	FUN_104009a0	6
10400ac0	FUN_10400ac0	7
10401750	FUN_10401750	6
10401760	FUN_10401760	6
10401770	FUN_10401770	6
10401780	FUN_10401780	6
10401910	FUN_10401910	5
10401920	FUN_10401920	5
10401aa0	FUN_10401aa0	3
10401ab0	FUN_10401ab0	3
10401ac0	FUN_10401ac0	3
10402430	FUN_10402430	28
10402460	FUN_10402460	28
10402490	FUN_10402490	28
104024c0	FUN_104024c0	28
104024f0	FUN_104024f0	28
10402520	FUN_10402520	28
10403330	FUN_10403330	5
10403ba0	FUN_10403ba0	21
10403ee0	FUN_10403ee0	3
104043e0	FUN_104043e0	3
10404bb0	FUN_10404bb0	28
10405170	FUN_10405170	18
10405190	FUN_10405190	39
104051c0	FUN_104051c0	25
104051e0	FUN_104051e0	22
10405200	FUN_10405200	18
10405220	FUN_10405220	19
104052c0	FUN_104052c0	22
104052e0	FUN_104052e0	49
10405430	FUN_10405430	5
10405440	FUN_10405440	5
10405450	FUN_10405450	22
10405520	FUN_10405520	26
10405980	FUN_10405980	26
10405ed0	FUN_10405ed0	3
10405ee0	FUN_10405ee0	3
10405f10	FUN_10405f10	13
10405f20	FUN_10405f20	13
10405f60	FUN_10405f60	3
10405f70	FUN_10405f70	3
10405f80	FUN_10405f80	3
10406730	FUN_10406730	15
104067c0	FUN_104067c0	7
104067d0	FUN_104067d0	7
104067e0	FUN_104067e0	7
104067f0	FUN_104067f0	7
10406800	FUN_10406800	16
10406820	FUN_10406820	5
10406830	FUN_10406830	68
10406890	FUN_10406890	3
104068a0	FUN_104068a0	3
104068b0	FUN_104068b0	19
104068d0	FUN_104068d0	13
10406970	FUN_10406970	5
10406af0	FUN_10406af0	5
10406b30	FUN_10406b30	5
10406b40	FUN_10406b40	5
10406b50	FUN_10406b50	5
10406b60	FUN_10406b60	5
10406b70	FUN_10406b70	5
10406b80	FUN_10406b80	5
10406b90	FUN_10406b90	5
10406ba0	FUN_10406ba0	5
10406bb0	FUN_10406bb0	5
10406bc0	FUN_10406bc0	5
10407070	FUN_10407070	15
10407090	FUN_10407090	15
104070b0	FUN_104070b0	5
104070c0	FUN_104070c0	5
104070d0	FUN_104070d0	5
104070e0	FUN_104070e0	5
104070f0	FUN_104070f0	5
10407100	FUN_10407100	5
10407110	FUN_10407110	5
10407120	FUN_10407120	5
10407130	FUN_10407130	5
10407140	FUN_10407140	5
10407150	FUN_10407150	5
10407380	FUN_10407380	5
10407430	FUN_10407430	26
10407470	FUN_10407470	18
10407490	FUN_10407490	18
104074b0	FUN_104074b0	18
104074d0	FUN_104074d0	37
10407540	FUN_10407540	11
10407550	FUN_10407550	11
104075e0	FUN_104075e0	11
104075f0	FUN_104075f0	16
10407610	FUN_10407610	21
10407630	FUN_10407630	11
10407640	FUN_10407640	11
10407650	FUN_10407650	23
10407670	FUN_10407670	3
10407680	FUN_10407680	3
10407690	FUN_10407690	20
104077e0	FUN_104077e0	23
10408620	FUN_10408620	65
10408790	FUN_10408790	38
104087c0	FUN_104087c0	14
104087e0	FUN_104087e0	14
10408800	FUN_10408800	14
10408820	FUN_10408820	14
10408840	FUN_10408840	12
10408850	FUN_10408850	12
10408860	FUN_10408860	3
10408870	FUN_10408870	3
10408880	FUN_10408880	7
10408890	FUN_10408890	7
104088a0	FUN_104088a0	7
104088b0	FUN_104088b0	7
104088c0	FUN_104088c0	3
104088d0	FUN_104088d0	3
104088e0	FUN_104088e0	6
104088f0	FUN_104088f0	6
10408900	FUN_10408900	30
10408930	FUN_10408930	30
10408960	FUN_10408960	6
10408970	FUN_10408970	3
10408a60	FUN_10408a60	6
10408a70	FUN_10408a70	6
10408a80	FUN_10408a80	6
10408a90	FUN_10408a90	26
10408e20	FUN_10408e20	49
10408f10	FUN_10408f10	3
10408f20	FUN_10408f20	24
10408f40	FUN_10408f40	26
10409030	FUN_10409030	5
10409040	FUN_10409040	3
10409050	FUN_10409050	3
10409060	FUN_10409060	3
10409070	FUN_10409070	3
10409080	FUN_10409080	3
10409090	FUN_10409090	3
104090a0	FUN_104090a0	3
104090b0	FUN_104090b0	3
104090c0	FUN_104090c0	3
104090d0	FUN_104090d0	3
104090e0	FUN_104090e0	3
104090f0	FUN_104090f0	3
10409100	FUN_10409100	3
10409110	FUN_10409110	3
10409120	FUN_10409120	3
10409130	FUN_10409130	3
10409140	FUN_10409140	3
10409150	FUN_10409150	15
10409170	FUN_10409170	15
10409190	FUN_10409190	3
10409630	FUN_10409630	79
104096a0	FUN_104096a0	4
104096b0	FUN_104096b0	4
104096c0	FUN_104096c0	31
10409780	FUN_10409780	4
10409790	FUN_10409790	4
104097a0	FUN_104097a0	4
104097b0	FUN_104097b0	3
104097c0	FUN_104097c0	3
104097d0	FUN_104097d0	3
104097e0	FUN_104097e0	11
104097f0	FUN_104097f0	6
10409800	FUN_10409800	83
10409ae0	FUN_10409ae0	24
10409b00	FUN_10409b00	24
10409b20	FUN_10409b20	18
10409d40	FUN_10409d40	26
10409e70	FUN_10409e70	40
10409eb0	FUN_10409eb0	21
10409ed0	FUN_10409ed0	17
10409f30	FUN_10409f30	13
10409f40	FUN_10409f40	13
10409f50	FUN_10409f50	13
10409f60	FUN_10409f60	11
10409f70	FUN_10409f70	11
10409f80	FUN_10409f80	9
10409f90	FUN_10409f90	25
10409fb0	FUN_10409fb0	37
1040a170	FUN_1040a170	9
1040a1b0	FUN_1040a1b0	8
1040a1c0	FUN_1040a1c0	8
1040a1d0	FUN_1040a1d0	11
1040a1e0	FUN_1040a1e0	11
1040a1f0	FUN_1040a1f0	11
1040a200	FUN_1040a200	12
1040a210	FUN_1040a210	12
1040a5d0	FUN_1040a5d0	13
1040b9c0	FUN_1040b9c0	8
1040b9d0	FUN_1040b9d0	8
1040bdb0	FUN_1040bdb0	6
1040bdc0	FUN_1040bdc0	6
1040bdd0	FUN_1040bdd0	6
1040bde0	FUN_1040bde0	6
1040bdf0	FUN_1040bdf0	6
1040be00	FUN_1040be00	26
1040c370	FUN_1040c370	5
1040c380	FUN_1040c380	5
1040c5a0	FUN_1040c5a0	3
1040cce0	FUN_1040cce0	28
1040cd10	FUN_1040cd10	20
1040cd30	FUN_1040cd30	10
1040cd40	FUN_1040cd40	4
1040cd50	FUN_1040cd50	9
1040cd60	FUN_1040cd60	9
1040e550	FUN_1040e550	29
1040e580	FUN_1040e580	22
1040e5a0	FUN_1040e5a0	26
1040f200	FUN_1040f200	27
1040f230	FUN_1040f230	27
1040f260	FUN_1040f260	27
1040f300	FUN_1040f300	22
1040f480	FUN_1040f480	18
1040f4a0	FUN_1040f4a0	25
1040f4c0	FUN_1040f4c0	25
1040f520	FUN_1040f520	22
1040f540	FUN_1040f540	5
1040f550	FUN_1040f550	5
1040f770	FUN_1040f770	33
1040f940	FUN_1040f940	12
1040f950	FUN_1040f950	3
1040f9d0	FUN_1040f9d0	13
1040f9e0	FUN_1040f9e0	13
1040f9f0	FUN_1040f9f0	13
1040fa00	FUN_1040fa00	3
1040fa10	FUN_1040fa10	3
1040fa50	FUN_1040fa50	18
1040ff50	FUN_1040ff50	15
10410020	FUN_10410020	7
10410030	FUN_10410030	7
104101d0	FUN_104101d0	5
104106b0	FUN_104106b0	5
104106c0	FUN_104106c0	5
104106f0	FUN_104106f0	5
10410700	FUN_10410700	5
10410710	FUN_10410710	5
10410720	FUN_10410720	5
10410730	FUN_10410730	5
104108f0	FUN_104108f0	15
10410910	FUN_10410910	15
10410a00	FUN_10410a00	5
10410a10	FUN_10410a10	5
10410a20	FUN_10410a20	5
10410a50	FUN_10410a50	5
10410a60	FUN_10410a60	5
10410a70	FUN_10410a70	5
10410a80	FUN_10410a80	5
10410a90	FUN_10410a90	5
10410aa0	FUN_10410aa0	5
10410ad0	FUN_10410ad0	5
10410ae0	FUN_10410ae0	5
10410af0	FUN_10410af0	6
10410b90	FUN_10410b90	5
10410ba0	FUN_10410ba0	5
10411100	FUN_10411100	18
10411120	FUN_10411120	3
10411130	FUN_10411130	10
10411210	FUN_10411210	11
10411220	FUN_10411220	11
10411230	FUN_10411230	11
10411240	FUN_10411240	11
10411250	FUN_10411250	16
10411270	FUN_10411270	13
10411280	FUN_10411280	14
104112a0	FUN_104112a0	21
104112c0	FUN_104112c0	25
104112e0	FUN_104112e0	23
10411300	FUN_10411300	3
10411580	FUN_10411580	49
10411770	FUN_10411770	11
10411c70	FUN_10411c70	3
10411f70	FUN_10411f70	14
10411f90	FUN_10411f90	14
10411fb0	FUN_10411fb0	14
10411fd0	FUN_10411fd0	14
10412020	FUN_10412020	3
10412030	FUN_10412030	3
10412040	FUN_10412040	8
10412050	FUN_10412050	6
10412060	FUN_10412060	6
10412070	FUN_10412070	6
10412080	FUN_10412080	6
10412090	FUN_10412090	6
104120a0	FUN_104120a0	9
104120b0	FUN_104120b0	9
104120c0	FUN_104120c0	10
10412640	FUN_10412640	6
104127b0	FUN_104127b0	49
10412bc0	FUN_10412bc0	8
10412e10	FUN_10412e10	3
10412e20	FUN_10412e20	3
10412e30	FUN_10412e30	3
10412e40	FUN_10412e40	3
10412e50	FUN_10412e50	3
10412e60	FUN_10412e60	3
10412e70	FUN_10412e70	3
10412e80	FUN_10412e80	3
10412e90	FUN_10412e90	4
10412f20	FUN_10412f20	7
10412f30	FUN_10412f30	13
10412f40	FUN_10412f40	3
10412f50	FUN_10412f50	3
10413000	FUN_10413000	3
10413010	FUN_10413010	3
104130d0	FUN_104130d0	11
104130e0	FUN_104130e0	6
104130f0	FUN_104130f0	6
10413100	FUN_10413100	26
10413120	FUN_10413120	26
10413140	FUN_10413140	76
104131a0	FUN_104131a0	10
10413470	FUN_10413470	14
10413490	FUN_10413490	13
104134a0	FUN_104134a0	12
104134b0	FUN_104134b0	11
104134c0	FUN_104134c0	43
104136a0	FUN_104136a0	4
104136b0	FUN_104136b0	9
104136c0	FUN_104136c0	68
10413860	FUN_10413860	32
104138c0	FUN_104138c0	12
104138d0	FUN_104138d0	11
104138e0	FUN_104138e0	23
10413f90	FUN_10413f90	6
10414340	FUN_10414340	4
10414350	FUN_10414350	5
10414360	FUN_10414360	5
10414bf0	FUN_10414bf0	6
10414c00	FUN_10414c00	6
10414c10	FUN_10414c10	6
10414c20	FUN_10414c20	6
10414c30	FUN_10414c30	6
10414c40	FUN_10414c40	6
10414d90	FUN_10414d90	5
10414da0	FUN_10414da0	3
10414db0	FUN_10414db0	3
10414fb0	FUN_10414fb0	28
10415330	FUN_10415330	9
10415ed0	FUN_10415ed0	91
10415f50	FUN_10415f50	26
10415ff0	FUN_10415ff0	26
10416010	FUN_10416010	26
10416030	FUN_10416030	6
10416070	FUN_10416070	16
10416100	FUN_10416100	16
10416120	FUN_10416120	16
10416fe0	FUN_10416fe0	65
10417120	FUN_10417120	7
10417130	FUN_10417130	7
10417140	FUN_10417140	3
10417150	FUN_10417150	7
10417160	FUN_10417160	7
10417170	FUN_10417170	7
10417180	FUN_10417180	3
10417190	FUN_10417190	3
104171a0	FUN_104171a0	3
104171b0	FUN_104171b0	3
1041cb60	FUN_1041cb60	6
1041cca0	FUN_1041cca0	3
1041ce50	FUN_1041ce50	28
1041ce80	FUN_1041ce80	28
1041ceb0	FUN_1041ceb0	28
1041da20	FUN_1041da20	26
1041da40	FUN_1041da40	26
1041da60	FUN_1041da60	26
1041da80	FUN_1041da80	26
1041e100	FUN_1041e100	7
1041e450	FUN_1041e450	18
1041e470	FUN_1041e470	12
1041e510	FUN_1041e510	5
1041e520	FUN_1041e520	5
1041e530	FUN_1041e530	5
1041e540	FUN_1041e540	5
1041e8a0	FUN_1041e8a0	12
1041ef40	FUN_1041ef40	16
1041ef60	FUN_1041ef60	3
1041ef70	FUN_1041ef70	3
1041ef80	FUN_1041ef80	3
1041ef90	FUN_1041ef90	3
1041efa0	FUN_1041efa0	3
1041efb0	FUN_1041efb0	10
1041efc0	FUN_1041efc0	10
1041efd0	FUN_1041efd0	10
1041efe0	FUN_1041efe0	10
1041f1f0	FUN_1041f1f0	18
1041feb0	FUN_1041feb0	65
1041ff10	FUN_1041ff10	26
1041ff30	FUN_1041ff30	3
1041ff40	FUN_1041ff40	3
1041ff50	FUN_1041ff50	3
1041ff60	FUN_1041ff60	3
1041ff70	FUN_1041ff70	3
1041ff80	FUN_1041ff80	3
1041ff90	FUN_1041ff90	3
1041ffa0	FUN_1041ffa0	3
10422970	FUN_10422970	8
10422980	FUN_10422980	8
10422990	FUN_10422990	8
104229a0	FUN_104229a0	8
10422a40	FUN_10422a40	4
10422a50	FUN_10422a50	4
10422a60	FUN_10422a60	4
10422a70	FUN_10422a70	4
10422a80	FUN_10422a80	7
10422a90	FUN_10422a90	7
10422aa0	FUN_10422aa0	7
10422ab0	FUN_10422ab0	7
10422ba0	FUN_10422ba0	26
10422bc0	FUN_10422bc0	26
10422be0	FUN_10422be0	26
10422c00	FUN_10422c00	26
10422c20	FUN_10422c20	10
10422c30	FUN_10422c30	10
10422c40	FUN_10422c40	10
10422c50	FUN_10422c50	10
10422db0	FUN_10422db0	3
10422dc0	FUN_10422dc0	4
10422dd0	FUN_10422dd0	3
10422ed0	FUN_10422ed0	4
10422fb0	thunk_FUN_105ad900	5
10422fc0	thunk_FUN_105ad900	5
10422fd0	thunk_FUN_105ad900	5
10422fe0	thunk_FUN_105ad900	5
104235b0	FUN_104235b0	7
10423890	FUN_10423890	3
104238a0	FUN_104238a0	3
104238b0	FUN_104238b0	3
104238c0	FUN_104238c0	3
104239d0	FUN_104239d0	28
10423a00	FUN_10423a00	28
10423a30	FUN_10423a30	28
10423a60	FUN_10423a60	28
10425be0	FUN_10425be0	91
10425c60	FUN_10425c60	78
104260e0	FUN_104260e0	5
10426130	FUN_10426130	6
10426350	FUN_10426350	3
10426360	FUN_10426360	3
10426370	FUN_10426370	10
1042b0c0	FUN_1042b0c0	65
1042b120	FUN_1042b120	3
1042b130	FUN_1042b130	7
1042b140	FUN_1042b140	7
1042b150	FUN_1042b150	3
1042b160	FUN_1042b160	7
1042b170	FUN_1042b170	7
1042b180	FUN_1042b180	7
1042b190	FUN_1042b190	7
1042b1a0	FUN_1042b1a0	3
1042b1b0	FUN_1042b1b0	3
1042b1c0	FUN_1042b1c0	3
1042bbd0	FUN_1042bbd0	8
1042bc20	FUN_1042bc20	4
1042bc30	FUN_1042bc30	7
1042bcc0	FUN_1042bcc0	10
1042bfb0	FUN_1042bfb0	9
1042da20	FUN_1042da20	6
10430420	FUN_10430420	3
10430430	FUN_10430430	3
10430790	FUN_10430790	28
104307c0	FUN_104307c0	28
104307f0	FUN_104307f0	28
10430820	FUN_10430820	20
10432540	FUN_10432540	18
10432560	FUN_10432560	34
10432590	FUN_10432590	11
104325a0	FUN_104325a0	11
104325b0	FUN_104325b0	22
104325d0	FUN_104325d0	18
104326b0	FUN_104326b0	22
104326d0	FUN_104326d0	11
104326e0	FUN_104326e0	36
10432710	FUN_10432710	91
10432af0	FUN_10432af0	26
10432e80	FUN_10432e80	13
10432e90	FUN_10432e90	13
10432ea0	FUN_10432ea0	3
10433010	FUN_10433010	15
104330b0	FUN_104330b0	5
10433240	FUN_10433240	7
10433250	FUN_10433250	5
10433260	FUN_10433260	5
10433270	FUN_10433270	5
10433280	FUN_10433280	5
10433290	FUN_10433290	5
104332d0	FUN_104332d0	31
10433370	FUN_10433370	15
10433390	FUN_10433390	15
104333b0	FUN_104333b0	5
104333c0	FUN_104333c0	5
104333d0	FUN_104333d0	5
104333e0	FUN_104333e0	5
104333f0	FUN_104333f0	5
10433400	FUN_10433400	5
10433410	FUN_10433410	11
10433420	FUN_10433420	6
10433470	FUN_10433470	5
10433480	FUN_10433480	16
104334d0	FUN_104334d0	16
10433530	FUN_10433530	18
10433590	FUN_10433590	11
104335a0	FUN_104335a0	9
104335b0	FUN_104335b0	11
104335c0	FUN_104335c0	9
10433650	FUN_10433650	11
10433660	FUN_10433660	9
10433670	FUN_10433670	16
10433690	FUN_10433690	3
104336f0	FUN_104336f0	13
10433740	FUN_10433740	18
10433cf0	FUN_10433cf0	19
10434020	FUN_10434020	65
104340f0	FUN_104340f0	18
10434110	FUN_10434110	14
10434130	FUN_10434130	14
10434280	FUN_10434280	3
10434290	FUN_10434290	7
104342a0	FUN_104342a0	7
104342b0	FUN_104342b0	7
104342c0	FUN_104342c0	3
104342d0	FUN_104342d0	7
104342e0	FUN_104342e0	3
104342f0	FUN_104342f0	3
10434300	FUN_10434300	3
10434310	FUN_10434310	6
10434320	FUN_10434320	6
10434330	FUN_10434330	6
10434720	FUN_10434720	3
10434730	FUN_10434730	3
10434740	FUN_10434740	3
10434750	FUN_10434750	3
10434760	FUN_10434760	3
10434770	FUN_10434770	3
10434780	FUN_10434780	3
10434790	FUN_10434790	3
10434a30	FUN_10434a30	79
10434aa0	FUN_10434aa0	31
10434ad0	FUN_10434ad0	3
10434ae0	FUN_10434ae0	11
10434af0	FUN_10434af0	83
10434d90	FUN_10434d90	13
10434da0	FUN_10434da0	24
104358a0	FUN_104358a0	9
10436100	FUN_10436100	11
104365f0	FUN_104365f0	35
10436940	FUN_10436940	40
10436980	FUN_10436980	7
10437130	FUN_10437130	8
10437630	FUN_10437630	6
10437940	FUN_10437940	71
10437b70	FUN_10437b70	5
10437e20	FUN_10437e20	7
10437e30	FUN_10437e30	7
10437e40	FUN_10437e40	6
10437e50	FUN_10437e50	6
104384b0	FUN_104384b0	5
10438560	FUN_10438560	3
10438570	FUN_10438570	3
10438680	FUN_10438680	28
104386b0	FUN_104386b0	28
104386e0	FUN_104386e0	28
10438710	FUN_10438710	20
10439e40	FUN_10439e40	91
10439f70	FUN_10439f70	5
1043a020	FUN_1043a020	10
1043a030	FUN_1043a030	12
1043aa70	FUN_1043aa70	8
1043aa80	FUN_1043aa80	4
1043add0	FUN_1043add0	8
1043ade0	FUN_1043ade0	4
1043adf0	FUN_1043adf0	7
1043ae00	FUN_1043ae00	26
1043ae20	FUN_1043ae20	10
1043b150	FUN_1043b150	16
1043b5f0	FUN_1043b5f0	4
1043ca40	FUN_1043ca40	28
10440940	FUN_10440940	28
10441e20	FUN_10441e20	3
10442210	FUN_10442210	28
10442b50	FUN_10442b50	26
10442e80	FUN_10442e80	5
104430f0	FUN_104430f0	16
10443150	FUN_10443150	3
10443160	FUN_10443160	10
10443f70	FUN_10443f70	3
10443f80	FUN_10443f80	3
10443f90	FUN_10443f90	7
10443fa0	FUN_10443fa0	3
10443fb0	FUN_10443fb0	3
10444750	FUN_10444750	8
10444770	FUN_10444770	4
10444780	FUN_10444780	7
104447a0	FUN_104447a0	26
104447c0	FUN_104447c0	10
10446040	thunk_FUN_105ad900	5
104462c0	FUN_104462c0	7
10449fe0	FUN_10449fe0	3
10449ff0	FUN_10449ff0	3
1044a000	FUN_1044a000	3
1044a0a0	FUN_1044a0a0	28
1044a0d0	FUN_1044a0d0	28
1044a1c0	FUN_1044a1c0	16
1044b4c0	FUN_1044b4c0	3
1044b4d0	FUN_1044b4d0	7
1044b4e0	FUN_1044b4e0	3
1044b4f0	FUN_1044b4f0	3
1044e8f0	FUN_1044e8f0	3
1044e900	FUN_1044e900	3
1044e910	FUN_1044e910	3
1044ea20	FUN_1044ea20	28
1044ed80	FUN_1044ed80	16
1044fd70	FUN_1044fd70	3
1044fd80	FUN_1044fd80	3
10451500	FUN_10451500	3
10451620	FUN_10451620	28
10451d50	FUN_10451d50	83
10451df0	FUN_10451df0	6
10451e30	FUN_10451e30	16
10451e50	FUN_10451e50	9
104523c0	FUN_104523c0	7
104523d0	FUN_104523d0	3
10452650	FUN_10452650	6
10452660	FUN_10452660	7
10452670	FUN_10452670	7
10452680	FUN_10452680	7
104536e0	FUN_104536e0	3
10453820	FUN_10453820	20
10453f80	FUN_10453f80	43
10454350	FUN_10454350	6
10454a10	FUN_10454a10	7
10454a20	FUN_10454a20	3
10454ef0	FUN_10454ef0	6
104551e0	FUN_104551e0	3
104551f0	FUN_104551f0	3
10455280	FUN_10455280	28
104552b0	FUN_104552b0	20
10455850	FUN_10455850	78
104558c0	FUN_104558c0	78
10455970	FUN_10455970	16
104575c0	FUN_104575c0	7
104575d0	FUN_104575d0	3
104575e0	FUN_104575e0	3
104575f0	FUN_104575f0	3
1045c1a0	FUN_1045c1a0	28
10461070	FUN_10461070	78
104611e0	FUN_104611e0	5
10461200	FUN_10461200	5
10461370	FUN_10461370	11
104613a0	FUN_104613a0	5
104613e0	FUN_104613e0	5
104615c0	FUN_104615c0	10
104615d0	FUN_104615d0	11
104615e0	FUN_104615e0	11
104615f0	FUN_104615f0	12
10462560	FUN_10462560	65
10462660	FUN_10462660	12
10462670	FUN_10462670	8
10462680	FUN_10462680	4
10462690	FUN_10462690	3
104626a0	FUN_104626a0	3
104626b0	FUN_104626b0	18
10462770	FUN_10462770	14
10462790	FUN_10462790	14
10462c70	FUN_10462c70	8
10462c90	FUN_10462c90	3
10462ca0	FUN_10462ca0	3
10462cb0	FUN_10462cb0	4
10462cc0	FUN_10462cc0	7
10462ce0	FUN_10462ce0	26
10462d00	FUN_10462d00	10
10462d50	FUN_10462d50	3
104638e0	FUN_104638e0	11
10463940	FUN_10463940	16
10463960	FUN_10463960	16
10463980	FUN_10463980	9
10464830	FUN_10464830	13
104648d0	FUN_104648d0	4
10465040	FUN_10465040	28
10465070	FUN_10465070	28
104656a0	FUN_104656a0	10
104656b0	FUN_104656b0	9
10465f40	FUN_10465f40	91
10465fc0	FUN_10465fc0	26
10466000	FUN_10466000	78
104662c0	FUN_104662c0	16
104662e0	FUN_104662e0	9
10467fb0	FUN_10467fb0	3
10467fc0	FUN_10467fc0	7
10467fd0	FUN_10467fd0	3
10467fe0	FUN_10467fe0	7
10467ff0	FUN_10467ff0	3
10468000	FUN_10468000	3
10468010	FUN_10468010	3
104690e0	FUN_104690e0	3
104690f0	FUN_104690f0	3
10469230	FUN_10469230	28
10469260	FUN_10469260	20
1046a2d0	FUN_1046a2d0	25
1046a2f0	FUN_1046a2f0	3
1046a300	FUN_1046a300	23
1046a320	FUN_1046a320	3
1046a330	FUN_1046a330	23
1046b150	FUN_1046b150	12
1046b3a0	FUN_1046b3a0	3
1046b3b0	FUN_1046b3b0	3
1046b3c0	FUN_1046b3c0	3
1046ba80	FUN_1046ba80	9
1046db00	FUN_1046db00	16
1046e9d0	FUN_1046e9d0	12
1046e9e0	FUN_1046e9e0	3
1046e9f0	FUN_1046e9f0	3
1046ea00	FUN_1046ea00	6
1046fa70	FUN_1046fa70	3
1046fb00	FUN_1046fb00	28
104700f0	FUN_104700f0	78
10470590	FUN_10470590	7
104705a0	FUN_104705a0	7
10471500	FUN_10471500	4
10471880	FUN_10471880	26
104718a0	FUN_104718a0	91
10471920	FUN_10471920	26
10471cc0	FUN_10471cc0	5
10471ce0	FUN_10471ce0	6
10471f80	FUN_10471f80	16
10471fa0	FUN_10471fa0	3
10471fb0	FUN_10471fb0	10
10472cf0	FUN_10472cf0	3
10472d00	FUN_10472d00	3
10472d10	FUN_10472d10	7
10472d20	FUN_10472d20	3
10472d30	FUN_10472d30	3
10472d40	FUN_10472d40	3
10473310	FUN_10473310	8
10473330	FUN_10473330	4
10473340	FUN_10473340	7
10473360	FUN_10473360	26
10473380	FUN_10473380	10
10473900	FUN_10473900	9
10473ca0	thunk_FUN_105ad900	5
10473e20	FUN_10473e20	6
10474380	FUN_10474380	3
10474390	FUN_10474390	3
10474430	FUN_10474430	28
10474460	FUN_10474460	28
10474490	FUN_10474490	28
10474700	FUN_10474700	26
10474980	FUN_10474980	5
10474cc0	FUN_10474cc0	3
10474cd0	FUN_10474cd0	10
10475b50	FUN_10475b50	3
10475b60	FUN_10475b60	3
10475b70	FUN_10475b70	3
10475b80	FUN_10475b80	3
10476280	FUN_10476280	8
104762a0	FUN_104762a0	4
104762b0	FUN_104762b0	7
104762d0	FUN_104762d0	26
104762f0	FUN_104762f0	10
10476340	FUN_10476340	3
10476350	FUN_10476350	4
10477f80	FUN_10477f80	3
10478170	thunk_FUN_105ad900	5
104782f0	FUN_104782f0	4
10478980	FUN_10478980	3
10478990	FUN_10478990	3
10478a30	FUN_10478a30	28
10478a60	FUN_10478a60	28
10478a90	FUN_10478a90	28
10478b70	FUN_10478b70	25
10479230	FUN_10479230	3
10479360	FUN_10479360	5
104793d0	FUN_104793d0	5
10479690	FUN_10479690	5
10479730	FUN_10479730	16
10479750	FUN_10479750	23
10479770	FUN_10479770	3
10479780	FUN_10479780	23
10479e50	FUN_10479e50	60
10479ea0	FUN_10479ea0	3
10479eb0	FUN_10479eb0	3
1047a580	FUN_1047a580	3
1047a6b0	FUN_1047a6b0	43
1047a850	FUN_1047a850	3
1047a860	FUN_1047a860	4
1047d4d0	FUN_1047d4d0	3
1047d5c0	FUN_1047d5c0	28
1047df70	FUN_1047df70	25
1047f070	FUN_1047f070	26
1047f090	FUN_1047f090	26
1047f0b0	FUN_1047f0b0	26
1047f0d0	FUN_1047f0d0	26
1047f0f0	FUN_1047f0f0	26
1047f270	FUN_1047f270	91
1047fda0	FUN_1047fda0	18
104800e0	FUN_104800e0	7
10481540	FUN_10481540	5
10481680	FUN_10481680	13
10481690	FUN_10481690	36
104817e0	FUN_104817e0	5
104817f0	FUN_104817f0	5
10481800	FUN_10481800	5
10481810	FUN_10481810	5
10481820	FUN_10481820	5
10481830	FUN_10481830	5
10482cf0	FUN_10482cf0	3
10482d00	FUN_10482d00	3
10482d10	FUN_10482d10	3
10482d20	FUN_10482d20	3
10482d30	FUN_10482d30	3
10482d40	FUN_10482d40	10
10482d50	FUN_10482d50	10
10482d60	FUN_10482d60	10
10482d70	FUN_10482d70	10
10482d80	FUN_10482d80	10
10482d90	FUN_10482d90	23
10482db0	FUN_10482db0	3
10483040	FUN_10483040	23
10485c60	FUN_10485c60	3
10485c70	FUN_10485c70	3
10485c80	FUN_10485c80	3
10485c90	FUN_10485c90	3
10485ca0	FUN_10485ca0	3
10485cb0	FUN_10485cb0	3
10485cc0	FUN_10485cc0	7
10485cd0	FUN_10485cd0	7
10485ce0	FUN_10485ce0	3
10485cf0	FUN_10485cf0	3
10485d00	FUN_10485d00	3
10485d10	FUN_10485d10	3
10485d20	FUN_10485d20	3
10485d30	FUN_10485d30	3
10485d40	FUN_10485d40	3
10486cb0	FUN_10486cb0	49
10487fc0	FUN_10487fc0	8
10487fd0	FUN_10487fd0	8
10487fe0	FUN_10487fe0	8
10487ff0	FUN_10487ff0	8
10488000	FUN_10488000	8
104880e0	FUN_104880e0	3
104880f0	FUN_104880f0	3
10488100	FUN_10488100	4
10488110	FUN_10488110	4
10488120	FUN_10488120	4
10488130	FUN_10488130	4
10488140	FUN_10488140	4
10488150	FUN_10488150	7
10488160	FUN_10488160	7
10488170	FUN_10488170	7
10488180	FUN_10488180	7
10488190	FUN_10488190	7
10488290	FUN_10488290	3
104882a0	FUN_104882a0	26
104882c0	FUN_104882c0	26
104882e0	FUN_104882e0	26
10488300	FUN_10488300	26
10488320	FUN_10488320	26
10488340	FUN_10488340	10
10488350	FUN_10488350	10
10488360	FUN_10488360	10
10488370	FUN_10488370	10
10488380	FUN_10488380	10
104888e0	FUN_104888e0	9
104936f0	FUN_104936f0	9
10494c70	thunk_FUN_105ad900	5
10494c80	thunk_FUN_105ad900	5
10494c90	thunk_FUN_105ad900	5
10494ca0	thunk_FUN_105ad900	5
10494cb0	thunk_FUN_105ad900	5
10495540	FUN_10495540	20
10495560	FUN_10495560	7
104955b0	FUN_104955b0	6
104955c0	FUN_104955c0	6
10496600	FUN_10496600	3
10496610	FUN_10496610	3
10496620	FUN_10496620	3
10496630	FUN_10496630	3
10496640	FUN_10496640	3
10496650	FUN_10496650	3
104966b0	FUN_104966b0	36
10496770	FUN_10496770	28
104967a0	FUN_104967a0	28
104967d0	FUN_104967d0	28
10496800	FUN_10496800	28
10496830	FUN_10496830	28
10496860	FUN_10496860	28
10496890	FUN_10496890	20
10496d70	FUN_10496d70	3
104975a0	FUN_104975a0	78
10498800	FUN_10498800	7
1049b760	FUN_1049b760	9
1049d340	FUN_1049d340	26
1049d590	FUN_1049d590	5
1049d800	FUN_1049d800	3
1049d810	FUN_1049d810	10
1049fbe0	FUN_1049fbe0	3
1049fbf0	FUN_1049fbf0	3
1049fc00	FUN_1049fc00	3
104a0a10	FUN_104a0a10	8
104a0a30	FUN_104a0a30	4
104a0a40	FUN_104a0a40	7
104a0a60	FUN_104a0a60	26
104a0a80	FUN_104a0a80	10
104a1c80	thunk_FUN_105ad900	5
104a1f10	FUN_104a1f10	7
104a7150	FUN_104a7150	3
104a74b0	FUN_104a74b0	28
104a7f90	FUN_104a7f90	91
104a8010	FUN_104a8010	26
104a8180	FUN_104a8180	16
104a8970	FUN_104a8970	3
104a8980	FUN_104a8980	3
104a8f90	FUN_104a8f90	9
104a90a0	FUN_104a90a0	7
104a90f0	FUN_104a90f0	3
104a9190	FUN_104a9190	28
104aa120	FUN_104aa120	6
104ab2b0	FUN_104ab2b0	26
104ac330	FUN_104ac330	12
104ac3a0	FUN_104ac3a0	5
104ac6a0	FUN_104ac6a0	5
104ac710	FUN_104ac710	5
104ac720	FUN_104ac720	5
104ac730	FUN_104ac730	5
104ac7a0	FUN_104ac7a0	5
104ac7b0	FUN_104ac7b0	5
104ac920	FUN_104ac920	5
104ac930	FUN_104ac930	5
104acc30	FUN_104acc30	3
104acc40	FUN_104acc40	3
104acc50	FUN_104acc50	3
104acc60	FUN_104acc60	10
104acc70	FUN_104acc70	10
104acc80	FUN_104acc80	10
104ace00	FUN_104ace00	12
104ad480	FUN_104ad480	34
104ad650	FUN_104ad650	18
104ad6a0	FUN_104ad6a0	3
104ad6b0	FUN_104ad6b0	8
104ad6c0	FUN_104ad6c0	8
104ad6d0	FUN_104ad6d0	3
104adeb0	FUN_104adeb0	8
104adec0	FUN_104adec0	8
104aded0	FUN_104aded0	8
104adf50	FUN_104adf50	4
104adf60	FUN_104adf60	4
104adf70	FUN_104adf70	4
104adf80	FUN_104adf80	7
104adf90	FUN_104adf90	7
104adfa0	FUN_104adfa0	7
104ae050	FUN_104ae050	26
104ae070	FUN_104ae070	26
104ae090	FUN_104ae090	26
104ae0b0	FUN_104ae0b0	76
104ae110	FUN_104ae110	76
104ae170	FUN_104ae170	10
104ae180	FUN_104ae180	10
104ae190	FUN_104ae190	10
104ae870	FUN_104ae870	4
104ae890	thunk_FUN_105ad900	5
104b01c0	FUN_104b01c0	3
104b0250	FUN_104b0250	28
104b3b40	FUN_104b3b40	6
104b4d80	FUN_104b4d80	26
104b4da0	FUN_104b4da0	91
104b52b0	FUN_104b52b0	5
104b52c0	FUN_104b52c0	5
104b57c0	FUN_104b57c0	3
104b57d0	FUN_104b57d0	3
104b57e0	FUN_104b57e0	10
104b57f0	FUN_104b57f0	10
104b8890	FUN_104b8890	3
104b88a0	FUN_104b88a0	7
104b88b0	FUN_104b88b0	3
104b90f0	FUN_104b90f0	8
104b9100	FUN_104b9100	8
104b9170	FUN_104b9170	4
104b9180	FUN_104b9180	4
104b9190	FUN_104b9190	7
104b91a0	FUN_104b91a0	7
104b9240	FUN_104b9240	26
104b9260	FUN_104b9260	10
104b9270	FUN_104b9270	10
104b9e50	thunk_FUN_105ad900	5
104b9fd0	FUN_104b9fd0	7
104ba480	FUN_104ba480	3
104ba510	FUN_104ba510	28
104c0e50	FUN_104c0e50	50
104c0e90	FUN_104c0e90	50
104c0ed0	FUN_104c0ed0	50
104c0f10	FUN_104c0f10	25
104c0f30	FUN_104c0f30	25
104c0f50	FUN_104c0f50	11
104c1010	FUN_104c1010	25
104c10c0	FUN_104c10c0	11
104c10f0	FUN_104c10f0	18
104c1190	FUN_104c1190	25
104c1240	FUN_104c1240	25
104c19e0	FUN_104c19e0	7
104c19f0	FUN_104c19f0	7
104c1bd0	FUN_104c1bd0	24
104c1d00	FUN_104c1d00	5
104c1d10	FUN_104c1d10	5
104c2330	FUN_104c2330	25
104c2420	FUN_104c2420	5
104c2430	FUN_104c2430	5
104c2440	FUN_104c2440	5
104c2450	FUN_104c2450	5
104c2460	FUN_104c2460	5
104c2470	FUN_104c2470	5
104c2480	FUN_104c2480	25
104c25e0	FUN_104c25e0	21
104c2600	FUN_104c2600	21
104c2620	FUN_104c2620	23
104c2640	FUN_104c2640	23
104c2660	FUN_104c2660	3
104c2670	FUN_104c2670	3
104c2680	FUN_104c2680	18
104c29f0	FUN_104c29f0	23
104c2a10	FUN_104c2a10	46
104c3b60	thunk_FUN_104c49a0	5
104c3f60	FUN_104c3f60	15
104c3f80	FUN_104c3f80	3
104c3f90	FUN_104c3f90	3
104c4660	FUN_104c4660	33
104c4740	FUN_104c4740	62
104c4890	FUN_104c4890	3
104c48a0	FUN_104c48a0	3
104c48b0	FUN_104c48b0	3
104c48c0	FUN_104c48c0	3
104c48d0	FUN_104c48d0	3
104c48e0	FUN_104c48e0	3
104c48f0	FUN_104c48f0	3
104c4900	FUN_104c4900	3
104c4910	FUN_104c4910	3
104c4920	FUN_104c4920	3
104c4930	FUN_104c4930	3
104c4940	FUN_104c4940	3
104c4950	FUN_104c4950	3
104c4960	FUN_104c4960	3
104c4970	FUN_104c4970	3
104c4980	FUN_104c4980	6
104c4990	FUN_104c4990	6
104c4bc0	FUN_104c4bc0	24
104c4be0	FUN_104c4be0	24
104c4c00	FUN_104c4c00	3
104c4c10	FUN_104c4c10	4
104c4d80	FUN_104c4d80	3
104c4d90	FUN_104c4d90	22
104c67d0	FUN_104c67d0	4
104c7370	thunk_FUN_105ad900	5
104c7480	FUN_104c7480	7
104c7490	FUN_104c7490	6
104c74a0	FUN_104c74a0	6
104c74b0	FUN_104c74b0	6
104c74c0	FUN_104c74c0	6
104c8b60	FUN_104c8b60	3
104c8c90	FUN_104c8c90	28
104c8cc0	FUN_104c8cc0	28
104c8e50	FUN_104c8e50	5
104c9640	FUN_104c9640	50
104c9680	FUN_104c9680	54
104c96d0	FUN_104c96d0	22
104cb2e0	FUN_104cb2e0	25
104cb300	FUN_104cb300	91
104cb380	FUN_104cb380	26
104cb3a0	FUN_104cb3a0	91
104cb500	FUN_104cb500	78
104cb770	FUN_104cb770	5
104cb7b0	FUN_104cb7b0	40
104cb870	FUN_104cb870	6
104cb8d0	FUN_104cb8d0	16
104cb8f0	FUN_104cb8f0	16
104cb940	FUN_104cb940	16
104cb960	FUN_104cb960	16
104cb980	FUN_104cb980	25
104cb9c0	FUN_104cb9c0	23
104cb9e0	FUN_104cb9e0	3
104cb9f0	FUN_104cb9f0	23
104cce90	FUN_104cce90	65
104ccef0	FUN_104ccef0	15
104ccf10	FUN_104ccf10	3
104ccf20	FUN_104ccf20	7
104ccf30	FUN_104ccf30	3
104ccf40	FUN_104ccf40	7
104ccf50	FUN_104ccf50	7
104ccf60	FUN_104ccf60	3
104ccf70	FUN_104ccf70	3
104ccf80	FUN_104ccf80	3
104ccf90	FUN_104ccf90	3
104ccfa0	FUN_104ccfa0	3
104ccfb0	FUN_104ccfb0	3
104cd7f0	FUN_104cd7f0	3
104cd800	FUN_104cd800	3
104d13f0	FUN_104d13f0	16
104d1410	FUN_104d1410	9
104d1420	FUN_104d1420	9
104d2fb0	FUN_104d2fb0	16
104d30f0	FUN_104d30f0	25
104d4030	FUN_104d4030	6
104d4040	FUN_104d4040	7
104d4050	FUN_104d4050	7
104d4420	FUN_104d4420	3
104d4430	FUN_104d4430	3
104d4440	FUN_104d4440	3
104d4450	FUN_104d4450	3
104d4460	FUN_104d4460	3
104d45f0	FUN_104d45f0	28
104d4620	FUN_104d4620	28
104d4650	FUN_104d4650	28
104d4680	FUN_104d4680	28
104d46b0	FUN_104d46b0	28
104d46e0	FUN_104d46e0	20
104d4700	FUN_104d4700	24
104d4720	FUN_104d4720	23
104d47b0	FUN_104d47b0	25
104d4800	FUN_104d4800	23
104d4910	FUN_104d4910	23
104d4c40	FUN_104d4c40	7
104d4c50	FUN_104d4c50	5
104d4e20	FUN_104d4e20	14
104d4e40	FUN_104d4e40	14
104d4f50	FUN_104d4f50	40
104d4f90	FUN_104d4f90	5
104d4fa0	FUN_104d4fa0	5
104d4fb0	FUN_104d4fb0	5
104d4fc0	FUN_104d4fc0	5
104d5000	FUN_104d5000	21
104d5020	FUN_104d5020	23
104d5040	FUN_104d5040	3
104d5050	FUN_104d5050	23
104d5230	FUN_104d5230	42
104d54c0	FUN_104d54c0	15
104d55a0	FUN_104d55a0	63
104d56e0	FUN_104d56e0	3
104d56f0	FUN_104d56f0	3
104d5700	FUN_104d5700	3
104d5710	FUN_104d5710	3
104d5720	FUN_104d5720	3
104d5730	FUN_104d5730	6
104d5c80	FUN_104d5c80	23
104d63e0	FUN_104d63e0	6
104d63f0	FUN_104d63f0	6
104d6400	FUN_104d6400	40
104d6640	FUN_104d6640	23
104d6660	FUN_104d6660	25
104d6b70	FUN_104d6b70	7
104d6bb0	FUN_104d6bb0	5
104d6d10	FUN_104d6d10	5
104d6e70	FUN_104d6e70	5
104d6e90	FUN_104d6e90	5
104d6eb0	FUN_104d6eb0	5
104d6ef0	FUN_104d6ef0	5
104d6f60	FUN_104d6f60	21
104d6f80	FUN_104d6f80	11
104d6f90	FUN_104d6f90	11
104d6fa0	FUN_104d6fa0	23
104d6fc0	FUN_104d6fc0	3
104d6fd0	FUN_104d6fd0	23
104d7a20	FUN_104d7a20	3
104d7aa0	FUN_104d7aa0	65
104d7b00	FUN_104d7b00	14
104d7b20	FUN_104d7b20	14
104d7b40	FUN_104d7b40	3
104d7b50	FUN_104d7b50	3
104d7b60	FUN_104d7b60	6
104d7b70	FUN_104d7b70	6
104d7d20	FUN_104d7d20	49
104d7df0	FUN_104d7df0	3
104d7e90	FUN_104d7e90	3
104d7ea0	FUN_104d7ea0	3
104d7eb0	FUN_104d7eb0	3
104d7ec0	FUN_104d7ec0	3
104d7ef0	FUN_104d7ef0	3
104d7f00	FUN_104d7f00	6
104d8250	FUN_104d8250	11
104d8260	FUN_104d8260	9
104d8320	FUN_104d8320	12
104d9860	FUN_104d9860	6
104d9870	FUN_104d9870	6
104da330	FUN_104da330	26
104da350	FUN_104da350	91
104da3d0	FUN_104da3d0	26
104da3f0	FUN_104da3f0	40
104da430	FUN_104da430	40
104da7f0	FUN_104da7f0	65
104da850	FUN_104da850	3
104da950	FUN_104da950	16
104da970	FUN_104da970	16
104db430	FUN_104db430	3
104db440	FUN_104db440	28
104db470	FUN_104db470	28
104db4a0	FUN_104db4a0	28
104db620	FUN_104db620	25
104db640	FUN_104db640	26
104db660	FUN_104db660	26
104db680	FUN_104db680	3
104db690	FUN_104db690	26
104db6b0	FUN_104db6b0	26
104db6d0	FUN_104db6d0	26
104db8f0	FUN_104db8f0	7
104db980	FUN_104db980	5
104db990	FUN_104db990	46
104db9d0	FUN_104db9d0	46
104dba10	FUN_104dba10	5
104dba20	FUN_104dba20	5
104dba30	FUN_104dba30	19
104dba50	FUN_104dba50	19
104dba70	FUN_104dba70	19
104dba90	FUN_104dba90	3
104dbb70	FUN_104dbb70	45
104dbbb0	FUN_104dbbb0	5
104dbbc0	FUN_104dbbc0	5
104dbbd0	FUN_104dbbd0	5
104dbbe0	FUN_104dbbe0	6
104dbbf0	FUN_104dbbf0	5
104dbc80	FUN_104dbc80	16
104dbca0	FUN_104dbca0	21
104dbcc0	FUN_104dbcc0	11
104dbcd0	FUN_104dbcd0	11
104dbce0	FUN_104dbce0	23
104dbd00	FUN_104dbd00	3
104dbd10	FUN_104dbd10	23
104dc180	FUN_104dc180	3
104dc190	FUN_104dc190	3
104dc410	FUN_104dc410	13
104dc420	FUN_104dc420	12
104dc430	FUN_104dc430	3
104dc440	FUN_104dc440	3
104dc450	FUN_104dc450	18
104dc470	FUN_104dc470	14
104dc490	FUN_104dc490	14
104dc730	FUN_104dc730	6
104dc740	FUN_104dc740	49
104dc7f0	FUN_104dc7f0	3
104dc800	FUN_104dc800	3
104dc810	FUN_104dc810	3
104dc820	FUN_104dc820	3
104dc830	FUN_104dc830	3
104dc840	FUN_104dc840	13
104dc850	FUN_104dc850	3
104dc860	FUN_104dc860	6
104dc8e0	FUN_104dc8e0	48
104dc920	FUN_104dc920	42
104dc960	FUN_104dc960	42
104dc9a0	FUN_104dc9a0	3
104dcc00	FUN_104dcc00	50
104dcc40	FUN_104dcc40	11
104dcc50	FUN_104dcc50	9
104dcc60	FUN_104dcc60	7
104dcc70	FUN_104dcc70	6
104dcfb0	FUN_104dcfb0	13
104dd430	FUN_104dd430	6
104dd580	FUN_104dd580	6
104dd590	FUN_104dd590	6
104dd600	FUN_104dd600	3
104dd610	FUN_104dd610	3
104dd620	FUN_104dd620	45
104dd880	FUN_104dd880	28
104ddbc0	FUN_104ddbc0	10
104ddbd0	FUN_104ddbd0	9
104ddbe0	FUN_104ddbe0	21
104ddc00	FUN_104ddc00	21
104ddc20	FUN_104ddc20	6
104ddfc0	FUN_104ddfc0	6
104de310	FUN_104de310	13
104de320	FUN_104de320	13
104de330	FUN_104de330	13
104de340	FUN_104de340	13
104de530	FUN_104de530	13
104de540	FUN_104de540	13
104de6a0	FUN_104de6a0	13
104de6b0	FUN_104de6b0	13
104de6c0	FUN_104de6c0	13
104de6d0	FUN_104de6d0	13
104de6e0	FUN_104de6e0	13
104de6f0	FUN_104de6f0	13
104de700	FUN_104de700	13
104de710	FUN_104de710	13
104de720	FUN_104de720	13
104deb10	FUN_104deb10	13
104deb20	FUN_104deb20	13
104deb30	FUN_104deb30	13
104ded00	FUN_104ded00	54
104ded50	FUN_104ded50	61
104deda0	FUN_104deda0	25
104dedc0	FUN_104dedc0	25
104dede0	FUN_104dede0	22
104dee00	FUN_104dee00	22
104dee20	FUN_104dee20	22
104df070	FUN_104df070	18
104df090	FUN_104df090	25
104df0b0	FUN_104df0b0	25
104df0d0	FUN_104df0d0	18
104df0f0	FUN_104df0f0	25
104df110	FUN_104df110	25
104df130	FUN_104df130	18
104df150	FUN_104df150	25
104df170	FUN_104df170	25
104df190	FUN_104df190	68
104df1f0	FUN_104df1f0	11
104df200	FUN_104df200	11
104df210	FUN_104df210	22
104df230	FUN_104df230	22
104df250	FUN_104df250	22
104df270	FUN_104df270	5
104df280	FUN_104df280	5
104df290	FUN_104df290	5
104df2a0	FUN_104df2a0	5
104df2b0	FUN_104df2b0	5
104df2c0	FUN_104df2c0	5
104df2d0	FUN_104df2d0	11
104df2e0	FUN_104df2e0	56
104df330	FUN_104df330	63
104df380	FUN_104df380	70
104df3e0	FUN_104df3e0	26
104df400	FUN_104df400	76
104df460	FUN_104df460	3
104df470	FUN_104df470	3
104df480	FUN_104df480	3
104df490	FUN_104df490	3
104dfae0	FUN_104dfae0	64
104dfb30	FUN_104dfb30	13
104dfb40	FUN_104dfb40	13
104dfb50	FUN_104dfb50	13
104dfb60	FUN_104dfb60	13
104dfb70	FUN_104dfb70	13
104dfb80	FUN_104dfb80	13
104dfb90	FUN_104dfb90	13
104dfba0	FUN_104dfba0	13
104dfbb0	FUN_104dfbb0	13
104dfbc0	FUN_104dfbc0	13
104dfc50	FUN_104dfc50	3
104dfc60	FUN_104dfc60	3
104dfc70	FUN_104dfc70	3
104dfc80	FUN_104dfc80	3
104dfc90	FUN_104dfc90	3
104dfca0	FUN_104dfca0	3
104dfe50	FUN_104dfe50	18
104dfe70	FUN_104dfe70	18
104dfe90	FUN_104dfe90	18
104e0840	FUN_104e0840	51
104e0970	FUN_104e0970	15
104e0990	FUN_104e0990	15
104e09b0	FUN_104e09b0	15
104e0a80	FUN_104e0a80	26
104e0b60	FUN_104e0b60	7
104e0b70	FUN_104e0b70	7
104e0b80	FUN_104e0b80	7
104e0b90	FUN_104e0b90	7
104e0ba0	FUN_104e0ba0	7
104e0bb0	FUN_104e0bb0	7
104e0bc0	FUN_104e0bc0	5
104e0bd0	FUN_104e0bd0	5
104e0be0	FUN_104e0be0	5
104e0bf0	FUN_104e0bf0	92
104e0c70	FUN_104e0c70	3
104e0c80	FUN_104e0c80	3
104e0c90	FUN_104e0c90	3
104e13f0	FUN_104e13f0	7
104e1400	FUN_104e1400	24
104e1420	FUN_104e1420	5
104e1430	FUN_104e1430	5
104e16c0	FUN_104e16c0	5
104e16d0	FUN_104e16d0	5
104e16e0	FUN_104e16e0	5
104e16f0	FUN_104e16f0	5
104e1700	FUN_104e1700	5
104e1710	FUN_104e1710	5
104e1720	FUN_104e1720	5
104e1730	FUN_104e1730	5
104e1740	FUN_104e1740	5
104e1750	FUN_104e1750	5
104e1760	FUN_104e1760	5
104e1770	FUN_104e1770	5
104e1780	FUN_104e1780	5
104e1790	FUN_104e1790	5
104e17a0	FUN_104e17a0	5
104e17b0	FUN_104e17b0	5
104e17c0	FUN_104e17c0	5
104e17d0	FUN_104e17d0	5
104e17e0	FUN_104e17e0	5
104e17f0	FUN_104e17f0	5
104e1800	FUN_104e1800	5
104e1810	FUN_104e1810	5
104e1820	FUN_104e1820	5
104e1830	FUN_104e1830	5
104e1840	FUN_104e1840	18
104e1860	FUN_104e1860	20
104e1880	FUN_104e1880	48
104e1960	FUN_104e1960	55
104e19b0	FUN_104e19b0	62
104e1d30	FUN_104e1d30	12
104e1e90	FUN_104e1e90	15
104e1eb0	FUN_104e1eb0	15
104e1ed0	FUN_104e1ed0	15
104e1ef0	FUN_104e1ef0	15
104e1f10	FUN_104e1f10	15
104e21d0	FUN_104e21d0	5
104e21e0	FUN_104e21e0	5
104e21f0	FUN_104e21f0	5
104e2200	FUN_104e2200	5
104e2210	FUN_104e2210	5
104e2220	FUN_104e2220	5
104e2230	FUN_104e2230	5
104e2240	FUN_104e2240	5
104e2250	FUN_104e2250	5
104e2260	FUN_104e2260	5
104e2270	FUN_104e2270	5
104e2280	FUN_104e2280	5
104e2290	FUN_104e2290	5
104e22a0	FUN_104e22a0	5
104e22b0	FUN_104e22b0	5
104e22c0	FUN_104e22c0	5
104e22d0	FUN_104e22d0	5
104e22e0	FUN_104e22e0	5
104e22f0	FUN_104e22f0	5
104e2300	FUN_104e2300	5
104e2310	FUN_104e2310	5
104e2320	FUN_104e2320	5
104e2330	FUN_104e2330	5
104e2340	FUN_104e2340	11
104e2350	FUN_104e2350	5
104e2360	FUN_104e2360	5
104e2370	FUN_104e2370	5
104e2380	FUN_104e2380	12
104e2700	FUN_104e2700	16
104e2790	FUN_104e2790	16
104e27d0	FUN_104e27d0	18
104e27f0	FUN_104e27f0	18
104e2810	FUN_104e2810	18
104e2aa0	FUN_104e2aa0	11
104e2ab0	FUN_104e2ab0	11
104e2ac0	FUN_104e2ac0	11
104e2ad0	FUN_104e2ad0	11
104e2ae0	FUN_104e2ae0	11
104e2af0	FUN_104e2af0	11
104e2b00	FUN_104e2b00	18
104e2b20	FUN_104e2b20	11
104e2b30	FUN_104e2b30	11
104e2b40	FUN_104e2b40	11
104e2b50	FUN_104e2b50	11
104e2b60	FUN_104e2b60	11
104e2b70	FUN_104e2b70	11
104e2b80	FUN_104e2b80	16
104e2ba0	FUN_104e2ba0	16
104e2bc0	FUN_104e2bc0	16
104e2be0	FUN_104e2be0	13
104e2bf0	FUN_104e2bf0	13
104e2c00	FUN_104e2c00	13
104e2c10	FUN_104e2c10	14
104e2c30	FUN_104e2c30	14
104e2c50	FUN_104e2c50	14
104e2c70	FUN_104e2c70	21
104e2c90	FUN_104e2c90	21
104e2cb0	FUN_104e2cb0	11
104e2cc0	FUN_104e2cc0	11
104e2cd0	FUN_104e2cd0	23
104e2cf0	FUN_104e2cf0	23
104e2d10	FUN_104e2d10	23
104e2d30	FUN_104e2d30	23
104e2d50	FUN_104e2d50	23
104e2d70	FUN_104e2d70	3
104e2d80	FUN_104e2d80	3
104e2d90	FUN_104e2d90	3
104e2da0	FUN_104e2da0	3
104e2db0	FUN_104e2db0	3
104e2dc0	FUN_104e2dc0	9
104e2f00	FUN_104e2f00	13
104e3180	FUN_104e3180	23
104e31a0	FUN_104e31a0	23
104e3650	FUN_104e3650	11
104e3660	FUN_104e3660	11
104e3670	FUN_104e3670	11
104e3680	FUN_104e3680	18
104e3c70	FUN_104e3c70	3
104e3c80	FUN_104e3c80	3
104e3c90	FUN_104e3c90	3
104e4430	FUN_104e4430	3
104e44d0	FUN_104e44d0	65
104e4530	FUN_104e4530	65
104e4720	FUN_104e4720	31
104e47a0	FUN_104e47a0	14
104e47c0	FUN_104e47c0	14
104e47e0	FUN_104e47e0	14
104e4800	FUN_104e4800	14
104e4820	FUN_104e4820	14
104e4840	FUN_104e4840	14
104e4860	FUN_104e4860	14
104e4880	FUN_104e4880	14
104e48a0	FUN_104e48a0	14
104e48c0	FUN_104e48c0	14
104e48e0	FUN_104e48e0	14
104e4900	FUN_104e4900	14
104e4920	FUN_104e4920	16
104e4a00	FUN_104e4a00	12
104e4a10	FUN_104e4a10	12
104e4a20	FUN_104e4a20	3
104e4a30	FUN_104e4a30	3
104e4a40	FUN_104e4a40	7
104e4a50	FUN_104e4a50	3
104e4a60	FUN_104e4a60	6
104e4a70	FUN_104e4a70	6
104e4a80	FUN_104e4a80	6
104e4a90	FUN_104e4a90	6
104e4aa0	FUN_104e4aa0	6
104e4ab0	FUN_104e4ab0	6
104e4ac0	FUN_104e4ac0	6
104e4ad0	FUN_104e4ad0	6
104e4ae0	FUN_104e4ae0	6
104e4af0	FUN_104e4af0	6
104e4b00	FUN_104e4b00	6
104e4b10	FUN_104e4b10	6
104e4b20	FUN_104e4b20	6
104e4b30	FUN_104e4b30	6
104e4b40	FUN_104e4b40	6
104e4b50	FUN_104e4b50	9
104e4b60	FUN_104e4b60	9
104e4b70	FUN_104e4b70	9
104e4b80	FUN_104e4b80	9
104e4b90	FUN_104e4b90	9
104e4ba0	FUN_104e4ba0	9
104e4bb0	FUN_104e4bb0	9
104e4bc0	FUN_104e4bc0	9
104e4bd0	FUN_104e4bd0	10
104e4be0	FUN_104e4be0	10
104e4bf0	FUN_104e4bf0	10
104e4c00	FUN_104e4c00	18
104e4c20	FUN_104e4c20	14
104e4c40	FUN_104e4c40	14
104e4ff0	FUN_104e4ff0	4
104e5000	FUN_104e5000	18
104e5020	FUN_104e5020	18
104e5040	FUN_104e5040	18
104e5060	FUN_104e5060	18
104e5080	FUN_104e5080	18
104e54c0	FUN_104e54c0	30
104e54f0	FUN_104e54f0	49
104e5530	FUN_104e5530	49
104e5990	FUN_104e5990	21
104e5c00	FUN_104e5c00	54
104e6490	FUN_104e6490	3
104e64a0	FUN_104e64a0	3
104e64b0	FUN_104e64b0	3
104e64c0	FUN_104e64c0	3
104e64d0	FUN_104e64d0	3
104e64e0	FUN_104e64e0	3
104e64f0	FUN_104e64f0	3
104e6500	FUN_104e6500	3
104e6510	FUN_104e6510	3
104e6520	FUN_104e6520	3
104e6530	FUN_104e6530	3
104e6540	FUN_104e6540	3
104e6550	FUN_104e6550	3
104e6560	FUN_104e6560	3
104e6570	FUN_104e6570	3
104e6580	FUN_104e6580	3
104e6590	FUN_104e6590	3
104e65a0	FUN_104e65a0	3
104e65b0	FUN_104e65b0	3
104e65c0	FUN_104e65c0	3
104e65d0	FUN_104e65d0	3
104e65e0	FUN_104e65e0	3
104e65f0	FUN_104e65f0	3
104e6600	FUN_104e6600	3
104e6610	FUN_104e6610	3
104e6620	FUN_104e6620	3
104e67b0	FUN_104e67b0	13
104e67c0	FUN_104e67c0	13
104e67d0	FUN_104e67d0	13
104e67e0	FUN_104e67e0	3
104e67f0	FUN_104e67f0	3
104e6800	FUN_104e6800	3
104e6810	FUN_104e6810	3
104e6820	FUN_104e6820	3
104e6830	FUN_104e6830	3
104e6990	FUN_104e6990	3
104e69a0	FUN_104e69a0	3
104e69b0	FUN_104e69b0	3
104e69c0	FUN_104e69c0	3
104e69d0	FUN_104e69d0	3
104e69e0	FUN_104e69e0	3
104e69f0	FUN_104e69f0	3
104e6ba0	FUN_104e6ba0	11
104e6bb0	FUN_104e6bb0	11
104e6bc0	FUN_104e6bc0	11
104e6bd0	FUN_104e6bd0	6
104e6be0	FUN_104e6be0	6
104e6bf0	FUN_104e6bf0	6
104e6c00	FUN_104e6c00	6
104e6c10	FUN_104e6c10	6
104e70d0	FUN_104e70d0	24
104e7190	FUN_104e7190	24
104e7250	FUN_104e7250	14
104e7270	FUN_104e7270	14
104e7290	FUN_104e7290	14
104e72b0	FUN_104e72b0	13
104e72c0	FUN_104e72c0	13
104e72d0	FUN_104e72d0	13
104e72e0	FUN_104e72e0	13
104e72f0	FUN_104e72f0	12
104e7300	FUN_104e7300	12
104e7310	FUN_104e7310	12
104e7320	FUN_104e7320	11
104e7330	FUN_104e7330	11
104e7340	FUN_104e7340	11
104e7350	FUN_104e7350	11
104e7450	FUN_104e7450	39
104e7480	FUN_104e7480	43
104e74c0	FUN_104e74c0	43
104e7500	FUN_104e7500	43
104e7540	FUN_104e7540	3
104e7550	FUN_104e7550	3
104e7bc0	FUN_104e7bc0	14
104e7be0	FUN_104e7be0	13
104e7bf0	FUN_104e7bf0	11
104e96e0	FUN_104e96e0	4
104e96f0	FUN_104e96f0	4
104e9700	FUN_104e9700	4
104e9710	FUN_104e9710	9
104e9720	FUN_104e9720	9
104e9730	FUN_104e9730	358
104e9a10	FUN_104e9a10	68
104e9b00	FUN_104e9b00	68
104ea100	FUN_104ea100	8
104ea110	FUN_104ea110	8
104ea130	FUN_104ea130	12
104ea140	FUN_104ea140	12
104ea150	FUN_104ea150	12
104ea160	FUN_104ea160	11
104ea170	FUN_104ea170	11
104ea180	FUN_104ea180	11
104ea350	FUN_104ea350	4
104ea560	FUN_104ea560	4
104eadd0	FUN_104eadd0	24
104eafc0	FUN_104eafc0	94
104ec120	FUN_104ec120	6
104ec130	FUN_104ec130	6
104ec140	FUN_104ec140	6
104ec150	FUN_104ec150	6
104ec160	FUN_104ec160	6
104ec170	FUN_104ec170	6
104ec180	FUN_104ec180	6
104ec190	FUN_104ec190	6
104ec1a0	FUN_104ec1a0	6
104ec1b0	FUN_104ec1b0	6
104ec1c0	FUN_104ec1c0	6
104ec1d0	FUN_104ec1d0	6
104ec1e0	FUN_104ec1e0	6
104ec1f0	FUN_104ec1f0	6
104ec200	FUN_104ec200	6
104ec210	FUN_104ec210	6
104eca10	FUN_104eca10	5
104eca20	FUN_104eca20	5
104eca30	FUN_104eca30	5
104eca40	FUN_104eca40	3
104eca50	FUN_104eca50	3
104eca60	FUN_104eca60	3
104eced0	FUN_104eced0	28
104ed2b0	FUN_104ed2b0	9
104ed5e0	FUN_104ed5e0	4
104ed5f0	FUN_104ed5f0	9
104ed600	FUN_104ed600	9
104ed610	FUN_104ed610	9
104ed620	FUN_104ed620	4
104ed630	FUN_104ed630	9
104ed640	FUN_104ed640	9
104ed680	FUN_104ed680	78
104ed720	FUN_104ed720	16
104eda10	FUN_104eda10	3
104ee050	FUN_104ee050	7
104ee060	FUN_104ee060	7
104ee070	FUN_104ee070	7
104ee080	FUN_104ee080	7
104ee090	FUN_104ee090	7
104ee650	FUN_104ee650	34
104eec00	FUN_104eec00	5
104eec10	FUN_104eec10	5
104eec20	FUN_104eec20	5
104eec40	FUN_104eec40	16
104eec60	FUN_104eec60	48
104eeca0	FUN_104eeca0	48
104eece0	FUN_104eece0	11
104eecf0	FUN_104eecf0	11
104eedf0	FUN_104eedf0	22
104eee80	FUN_104eee80	40
104ef1a0	FUN_104ef1a0	42
104ef1e0	FUN_104ef1e0	14
104ef200	FUN_104ef200	14
104ef230	FUN_104ef230	4
104ef240	FUN_104ef240	3
104ef250	FUN_104ef250	3
104ef260	FUN_104ef260	5
104ef3c0	FUN_104ef3c0	3
104ef3d0	FUN_104ef3d0	52
104effe0	FUN_104effe0	8
104efff0	FUN_104efff0	24
104f0010	FUN_104f0010	4
104f0020	FUN_104f0020	16
104f0040	FUN_104f0040	16
104f6590	FUN_104f6590	3
104f6750	FUN_104f6750	23
104f68f0	FUN_104f68f0	20
104f6a30	FUN_104f6a30	15
104f6d30	FUN_104f6d30	5
104f77e0	FUN_104f77e0	3
104f7990	FUN_104f7990	7
104f79a0	FUN_104f79a0	8
104f8020	FUN_104f8020	25
104f8040	FUN_104f8040	18
104f8060	FUN_104f8060	25
104f8080	FUN_104f8080	22
104f80a0	FUN_104f80a0	22
104f80c0	FUN_104f80c0	18
104f8240	FUN_104f8240	18
104f8260	FUN_104f8260	25
104f8280	FUN_104f8280	25
104f8300	FUN_104f8300	22
104f8320	FUN_104f8320	22
104f8340	FUN_104f8340	5
104f8350	FUN_104f8350	5
104f8450	FUN_104f8450	26
104f8470	FUN_104f8470	91
104f84f0	FUN_104f84f0	91
104f8570	FUN_104f8570	3
104f85a0	FUN_104f85a0	13
104f85b0	FUN_104f85b0	13
104f85c0	FUN_104f85c0	13
104f85d0	FUN_104f85d0	13
104f85e0	FUN_104f85e0	13
104f85f0	FUN_104f85f0	3
104f8600	FUN_104f8600	3
104f8610	FUN_104f8610	3
104f8620	FUN_104f8620	3
104f8700	FUN_104f8700	18
104f8d60	FUN_104f8d60	15
104f8d80	FUN_104f8d80	15
104f8ec0	FUN_104f8ec0	7
104f8ed0	FUN_104f8ed0	7
104f8ee0	FUN_104f8ee0	5
104f8ef0	FUN_104f8ef0	5
104f8f30	FUN_104f8f30	92
104f9340	FUN_104f9340	5
104f9490	FUN_104f9490	5
104f94a0	FUN_104f94a0	5
104f94b0	FUN_104f94b0	5
104f94c0	FUN_104f94c0	5
104f94d0	FUN_104f94d0	5
104f94e0	FUN_104f94e0	5
104f94f0	FUN_104f94f0	5
104f9500	FUN_104f9500	5
104f9510	FUN_104f9510	5
104f9520	FUN_104f9520	5
104f9530	FUN_104f9530	5
104f9540	FUN_104f9540	5
104f98c0	FUN_104f98c0	15
104f98e0	FUN_104f98e0	15
104f9900	FUN_104f9900	15
104f99a0	FUN_104f99a0	5
104f99b0	FUN_104f99b0	5
104f99c0	FUN_104f99c0	5
104f99d0	FUN_104f99d0	5
104f99e0	FUN_104f99e0	5
104f99f0	FUN_104f99f0	5
104f9a00	FUN_104f9a00	5
104f9a10	FUN_104f9a10	5
104f9a20	FUN_104f9a20	5
104f9a30	FUN_104f9a30	5
104f9a40	FUN_104f9a40	5
104f9a50	FUN_104f9a50	6
104f9a60	FUN_104f9a60	5
104f9ba0	FUN_104f9ba0	16
104f9d10	FUN_104f9d10	9
104f9d20	FUN_104f9d20	18
104f9d40	FUN_104f9d40	18
104f9e30	FUN_104f9e30	11
104f9e40	FUN_104f9e40	11
104f9e50	FUN_104f9e50	16
104f9eb0	FUN_104f9eb0	11
104f9ec0	FUN_104f9ec0	11
104f9f50	FUN_104f9f50	11
104f9f60	FUN_104f9f60	11
104f9f70	FUN_104f9f70	16
104f9f90	FUN_104f9f90	13
104f9fa0	FUN_104f9fa0	14
104f9fc0	FUN_104f9fc0	21
104f9fe0	FUN_104f9fe0	11
104f9ff0	FUN_104f9ff0	11
104fa000	FUN_104fa000	23
104fa020	FUN_104fa020	23
104fa040	FUN_104fa040	23
104fa060	FUN_104fa060	3
104fa070	FUN_104fa070	3
104fa080	FUN_104fa080	3
104fa090	FUN_104fa090	3
104fa1f0	FUN_104fa1f0	23
104fa210	FUN_104fa210	23
104fa810	FUN_104fa810	11
104faee0	FUN_104faee0	3
104fb550	FUN_104fb550	65
104fb5b0	FUN_104fb5b0	65
104fb680	FUN_104fb680	14
104fb6a0	FUN_104fb6a0	14
104fb6c0	FUN_104fb6c0	14
104fb6e0	FUN_104fb6e0	14
104fb700	FUN_104fb700	14
104fb720	FUN_104fb720	14
104fb880	FUN_104fb880	4
104fb890	FUN_104fb890	3
104fb8a0	FUN_104fb8a0	3
104fb8b0	FUN_104fb8b0	7
104fb8c0	FUN_104fb8c0	3
104fb8d0	FUN_104fb8d0	7
104fb8e0	FUN_104fb8e0	3
104fb8f0	FUN_104fb8f0	7
104fb900	FUN_104fb900	3
104fb910	FUN_104fb910	3
104fb920	FUN_104fb920	3
104fb930	FUN_104fb930	3
104fb940	FUN_104fb940	3
104fb950	FUN_104fb950	3
104fb960	FUN_104fb960	6
104fb970	FUN_104fb970	6
104fb980	FUN_104fb980	6
104fb990	FUN_104fb990	6
104fb9a0	FUN_104fb9a0	6
104fb9b0	FUN_104fb9b0	6
104fb9c0	FUN_104fb9c0	3
104fb9d0	FUN_104fb9d0	3
104fb9e0	FUN_104fb9e0	9
104fb9f0	FUN_104fb9f0	9
104fba90	FUN_104fba90	6
104fbaa0	FUN_104fbaa0	6
104fbab0	FUN_104fbab0	10
104fc170	FUN_104fc170	49
104fc2e0	FUN_104fc2e0	3
104fc3a0	FUN_104fc3a0	3
104fca20	FUN_104fca20	3
104fca30	FUN_104fca30	3
104fca40	FUN_104fca40	3
104fca50	FUN_104fca50	3
104fca60	FUN_104fca60	3
104fca70	FUN_104fca70	3
104fca80	FUN_104fca80	3
104fca90	FUN_104fca90	3
104fcaa0	FUN_104fcaa0	3
104fcab0	FUN_104fcab0	3
104fcac0	FUN_104fcac0	3
104fcad0	FUN_104fcad0	3
104fcae0	FUN_104fcae0	3
104fcaf0	FUN_104fcaf0	3
104fcb00	FUN_104fcb00	3
104fcb10	FUN_104fcb10	3
104fcb20	FUN_104fcb20	3
104fcb30	FUN_104fcb30	3
104fcb40	FUN_104fcb40	3
104fcb50	FUN_104fcb50	3
104fcee0	FUN_104fcee0	30
104fcf10	FUN_104fcf10	3
104fcf20	FUN_104fcf20	3
104fcfd0	FUN_104fcfd0	3
104fcfe0	FUN_104fcfe0	3
104fcff0	FUN_104fcff0	3
104fd0b0	FUN_104fd0b0	11
104fd0c0	FUN_104fd0c0	11
104fd0d0	FUN_104fd0d0	6
104fd0e0	FUN_104fd0e0	6
104fd4c0	FUN_104fd4c0	14
104fd4e0	FUN_104fd4e0	13
104fd4f0	FUN_104fd4f0	12
104fd500	FUN_104fd500	11
104fd510	FUN_104fd510	43
104fd550	FUN_104fd550	11
104fd870	FUN_104fd870	13
104fd880	FUN_104fd880	11
104fd8b0	FUN_104fd8b0	4
104fd8d0	FUN_104fd8d0	9
104fd8e0	FUN_104fd8e0	68
104fd9a0	FUN_104fd9a0	13
104fdf00	FUN_104fdf00	9
104fdf10	FUN_104fdf10	9
104fdf20	FUN_104fdf20	9
104fdf30	FUN_104fdf30	11
104fdf40	FUN_104fdf40	12
104fdf50	FUN_104fdf50	13
104feda0	FUN_104feda0	6
104fedb0	FUN_104fedb0	7
104fedd0	FUN_104fedd0	6
104fede0	FUN_104fede0	6
104fedf0	FUN_104fedf0	6
104fee00	FUN_104fee00	6
104fee10	FUN_104fee10	6
104fee20	FUN_104fee20	6
104fee30	FUN_104fee30	6
104fee40	FUN_104fee40	6
104ff2f0	FUN_104ff2f0	5
104ff300	FUN_104ff300	5
104ff6e0	FUN_104ff6e0	3
104ff6f0	FUN_104ff6f0	3
104ff700	FUN_104ff700	3
104ff710	FUN_104ff710	3
104ff930	FUN_104ff930	28
104ff960	FUN_104ff960	28
104ff990	FUN_104ff990	28
104ff9c0	FUN_104ff9c0	28
104ff9f0	FUN_104ff9f0	28
104ffa20	FUN_104ffa20	28
104ffa50	FUN_104ffa50	28
104ffc80	FUN_104ffc80	4
104ffee0	FUN_104ffee0	9
104ffef0	FUN_104ffef0	18
104fff10	FUN_104fff10	18
104fff30	FUN_104fff30	18
104fff50	FUN_104fff50	18
104fff70	FUN_104fff70	26
104fff90	FUN_104fff90	78
10500040	FUN_10500040	13
10500050	FUN_10500050	13
10500060	FUN_10500060	3
10500070	FUN_10500070	3
10500220	FUN_10500220	15
10500240	FUN_10500240	15
10500260	FUN_10500260	15
10500300	FUN_10500300	5
10500310	FUN_10500310	5
10500320	FUN_10500320	5
10500330	FUN_10500330	5
10500340	FUN_10500340	5
10500350	FUN_10500350	5
10500360	FUN_10500360	5
10500370	FUN_10500370	5
10500380	FUN_10500380	3
10500400	FUN_10500400	15
10500420	FUN_10500420	15
10500440	FUN_10500440	5
10500450	FUN_10500450	5
10500460	FUN_10500460	5
10500470	FUN_10500470	6
10500480	FUN_10500480	6
10500630	FUN_10500630	16
10500680	FUN_10500680	16
105006a0	FUN_105006a0	16
10500700	FUN_10500700	16
105007e0	FUN_105007e0	16
10500800	FUN_10500800	16
10500820	FUN_10500820	3
10500830	FUN_10500830	3
10500930	FUN_10500930	19
10500950	FUN_10500950	19
10500980	FUN_10500980	18
10504560	FUN_10504560	17
10504580	FUN_10504580	3
10504590	FUN_10504590	3
105045a0	FUN_105045a0	4
105056c0	FUN_105056c0	21
10505710	FUN_10505710	21
10505730	FUN_10505730	21
10505750	FUN_10505750	21
10505770	FUN_10505770	3
10505780	FUN_10505780	11
10505790	FUN_10505790	21
105057e0	FUN_105057e0	21
10505830	FUN_10505830	21
10505870	FUN_10505870	21
10505890	FUN_10505890	21
105058b0	FUN_105058b0	3
105058c0	FUN_105058c0	21
105058e0	FUN_105058e0	21
10505900	FUN_10505900	21
10505920	FUN_10505920	21
10505940	FUN_10505940	21
10505960	FUN_10505960	21
10505980	FUN_10505980	21
10505a00	FUN_10505a00	3
10505a10	FUN_10505a10	3
10505a20	FUN_10505a20	3
10505a30	FUN_10505a30	3
10505a40	FUN_10505a40	3
10505a50	FUN_10505a50	3
10505be0	FUN_10505be0	21
10505c00	FUN_10505c00	7
10506f90	FUN_10506f90	87
10507170	FUN_10507170	9
10507180	FUN_10507180	7
10507ef0	FUN_10507ef0	5
1050a530	FUN_1050a530	8
1050a7d0	FUN_1050a7d0	6
1050a7e0	FUN_1050a7e0	6
1050a950	FUN_1050a950	18
1050a970	FUN_1050a970	7
1050aa80	FUN_1050aa80	18
1050aaa0	FUN_1050aaa0	18
1050ae80	FUN_1050ae80	3
1050ae90	FUN_1050ae90	3
1050b6a0	FUN_1050b6a0	28
1050b6d0	FUN_1050b6d0	28
1050b700	FUN_1050b700	28
1050e550	FUN_1050e550	12
1050e570	FUN_1050e570	12
1050e580	FUN_1050e580	7
1050e6f0	FUN_1050e6f0	26
1050e7f0	FUN_1050e7f0	25
1050e810	FUN_1050e810	43
1050e850	FUN_1050e850	26
1050e870	FUN_1050e870	26
1050e980	FUN_1050e980	78
1050e9f0	FUN_1050e9f0	78
1050ec20	FUN_1050ec20	16
1050ec60	FUN_1050ec60	18
10510840	FUN_10510840	33
10510870	FUN_10510870	3
10510880	FUN_10510880	3
10510890	FUN_10510890	7
105108a0	FUN_105108a0	7
105108b0	FUN_105108b0	3
105108c0	FUN_105108c0	3
105108d0	FUN_105108d0	3
105108e0	FUN_105108e0	7
105108f0	FUN_105108f0	3
10510900	FUN_10510900	3
10510910	FUN_10510910	3
10510c90	FUN_10510c90	21
10511150	FUN_10511150	25
105135c0	FUN_105135c0	9
105135d0	FUN_105135d0	9
10513d30	FUN_10513d30	13
10513d40	FUN_10513d40	40
10514210	FUN_10514210	40
10514250	FUN_10514250	40
105169f0	FUN_105169f0	40
10516c50	FUN_10516c50	40
10516cf0	FUN_10516cf0	8
10516e90	FUN_10516e90	7
10519af0	FUN_10519af0	3
10519b00	FUN_10519b00	3
10519b10	FUN_10519b10	3
10519b20	FUN_10519b20	3
10519b30	FUN_10519b30	3
1051a290	FUN_1051a290	28
1051a2c0	FUN_1051a2c0	28
1051a2f0	FUN_1051a2f0	28
1051a320	FUN_1051a320	20
1051a4f0	FUN_1051a4f0	10
1051c780	FUN_1051c780	9
1051d4d0	FUN_1051d4d0	7
1051d4e0	FUN_1051d4e0	4
1051d4f0	FUN_1051d4f0	4
1051d500	FUN_1051d500	4
1051d510	FUN_1051d510	4
1051d520	FUN_1051d520	4
1051d530	FUN_1051d530	4
1051d540	FUN_1051d540	3
105208a0	FUN_105208a0	7
105208b0	FUN_105208b0	7
105208c0	FUN_105208c0	7
105209c0	FUN_105209c0	7
105209d0	FUN_105209d0	7
105209e0	FUN_105209e0	4
10520d00	FUN_10520d00	4
10520d10	FUN_10520d10	4
10520d20	FUN_10520d20	4
10520d30	FUN_10520d30	4
10520d40	FUN_10520d40	7
10520d50	FUN_10520d50	7
10520d60	FUN_10520d60	7
10520d70	FUN_10520d70	7
10520d90	FUN_10520d90	7
10520da0	FUN_10520da0	7
10520db0	FUN_10520db0	7
10520dc0	FUN_10520dc0	22
10520de0	FUN_10520de0	4
105226a0	FUN_105226a0	16
105226c0	FUN_105226c0	4
105226d0	FUN_105226d0	4
10522720	FUN_10522720	45
10523d30	FUN_10523d30	5
10523d40	FUN_10523d40	4
10524720	FUN_10524720	3
105247c0	FUN_105247c0	20
10524890	FUN_10524890	8
10524cf0	FUN_10524cf0	5
10524d00	FUN_10524d00	25
10525040	FUN_10525040	91
105250c0	FUN_105250c0	91
10525440	FUN_10525440	83
105254b0	FUN_105254b0	78
10525520	FUN_10525520	78
10525590	FUN_10525590	78
10525720	FUN_10525720	3
10525730	FUN_10525730	18
10525900	FUN_10525900	7
10525910	FUN_10525910	19
10525930	FUN_10525930	5
10525970	FUN_10525970	5
105259e0	FUN_105259e0	13
105259f0	FUN_105259f0	36
10525a20	FUN_10525a20	5
10525a30	FUN_10525a30	6
10525bc0	FUN_10525bc0	16
10525be0	FUN_10525be0	16
10525c80	FUN_10525c80	16
10525ce0	FUN_10525ce0	18
10525d00	FUN_10525d00	23
10525d20	FUN_10525d20	3
10525d30	FUN_10525d30	23
10529230	FUN_10529230	3
1052a940	FUN_1052a940	65
1052aa10	FUN_1052aa10	65
1052aae0	FUN_1052aae0	7
1052aaf0	FUN_1052aaf0	3
1052ab00	FUN_1052ab00	7
1052ab10	FUN_1052ab10	7
1052ab20	FUN_1052ab20	7
1052ab30	FUN_1052ab30	7
1052ab40	FUN_1052ab40	4
1052ab50	FUN_1052ab50	4
1052ab60	FUN_1052ab60	4
1052ab70	FUN_1052ab70	3
1052ab80	FUN_1052ab80	3
1052ab90	FUN_1052ab90	3
1052aba0	FUN_1052aba0	3
1052abb0	FUN_1052abb0	3
1052abc0	FUN_1052abc0	3
1052abd0	FUN_1052abd0	3
1052abe0	FUN_1052abe0	3
1052abf0	FUN_1052abf0	3
1052ac00	FUN_1052ac00	3
1052ac10	FUN_1052ac10	3
1052ac20	FUN_1052ac20	3
1052ac30	FUN_1052ac30	3
1052ac40	FUN_1052ac40	31
1052ac70	FUN_1052ac70	6
1052c740	FUN_1052c740	49
1052c7f0	FUN_1052c7f0	3
1052c800	FUN_1052c800	3
1052c810	FUN_1052c810	3
1052c820	FUN_1052c820	3
1052c830	FUN_1052c830	3
1052c840	FUN_1052c840	3
1052c850	FUN_1052c850	16
1052c870	FUN_1052c870	4
1052c880	FUN_1052c880	4
1052c890	FUN_1052c890	3
1052c9a0	FUN_1052c9a0	18
1052dcd0	FUN_1052dcd0	39
1052e140	FUN_1052e140	8
1052e920	FUN_1052e920	9
1052e930	FUN_1052e930	7
1052e940	FUN_1052e940	6
10532ed0	FUN_10532ed0	8
10532ee0	FUN_10532ee0	8
105333b0	FUN_105333b0	7
105333c0	FUN_105333c0	4
10533bc0	FUN_10533bc0	66
10533c50	FUN_10533c50	7
10533c60	FUN_10533c60	19
10533f80	FUN_10533f80	7
10533f90	FUN_10533f90	19
10533fc0	FUN_10533fc0	4
10533fd0	FUN_10533fd0	7
10533fe0	FUN_10533fe0	19
105345d0	FUN_105345d0	7
105345e0	FUN_105345e0	27
10534610	FUN_10534610	7
10534640	FUN_10534640	7
10534650	FUN_10534650	7
10534ee0	FUN_10534ee0	7
10534ef0	FUN_10534ef0	19
10534f90	FUN_10534f90	7
10535040	FUN_10535040	7
105354d0	FUN_105354d0	7
105354e0	FUN_105354e0	4
105355f0	FUN_105355f0	7
10535600	FUN_10535600	7
10535d80	FUN_10535d80	11
10536030	FUN_10536030	6
10536040	FUN_10536040	6
105367f0	FUN_105367f0	41
10536830	FUN_10536830	7
10536840	FUN_10536840	3
10536de0	FUN_10536de0	7
1053d750	FUN_1053d750	7
1053d760	FUN_1053d760	7
1053d900	FUN_1053d900	31
1053e490	FUN_1053e490	6
1053f420	FUN_1053f420	8
10540ff0	FUN_10540ff0	7
10541000	FUN_10541000	7
10541010	FUN_10541010	7
10541020	FUN_10541020	8
10541230	FUN_10541230	7
10541240	FUN_10541240	7
10541250	FUN_10541250	7
10541260	FUN_10541260	7
10541270	FUN_10541270	7
10541280	FUN_10541280	7
10541690	FUN_10541690	7
105416a0	FUN_105416a0	7
10541c20	FUN_10541c20	7
10541e80	FUN_10541e80	6
10541e90	FUN_10541e90	6
105452b0	FUN_105452b0	3
105452c0	FUN_105452c0	3
105452d0	FUN_105452d0	3
105452e0	FUN_105452e0	36
10545a20	FUN_10545a20	28
10545a50	FUN_10545a50	28
10545a80	FUN_10545a80	28
10545ab0	FUN_10545ab0	28
10545ae0	FUN_10545ae0	28
10545b10	FUN_10545b10	28
10545b40	FUN_10545b40	20
10545b60	FUN_10545b60	20
1054b270	FUN_1054b270	24
1054b290	FUN_1054b290	24
1054b2b0	FUN_1054b2b0	24
1054b5e0	FUN_1054b5e0	13
1054b5f0	FUN_1054b5f0	13
1054b600	FUN_1054b600	40
1054b850	FUN_1054b850	13
1054bec0	FUN_1054bec0	13
1054c0e0	FUN_1054c0e0	21
1054c300	FUN_1054c300	21
1054c320	FUN_1054c320	6
1054caa0	FUN_1054caa0	4
1054d020	FUN_1054d020	6
1054d040	FUN_1054d040	40
1054d600	FUN_1054d600	28
1054d6d0	FUN_1054d6d0	25
1054d6f0	FUN_1054d6f0	18
1054d710	FUN_1054d710	25
1054d730	FUN_1054d730	22
1054d750	FUN_1054d750	22
1054d770	FUN_1054d770	18
1054d890	FUN_1054d890	22
1054d8f0	FUN_1054d8f0	91
1054d970	FUN_1054d970	26
1054d990	FUN_1054d990	26
1054d9b0	FUN_1054d9b0	3
1054d9e0	FUN_1054d9e0	13
1054d9f0	FUN_1054d9f0	13
1054da30	FUN_1054da30	3
1054da40	FUN_1054da40	3
1054db50	FUN_1054db50	18
1054e2b0	FUN_1054e2b0	15
1054e370	FUN_1054e370	5
1054e380	FUN_1054e380	7
1054e390	FUN_1054e390	7
1054e3a0	FUN_1054e3a0	5
1054e410	FUN_1054e410	92
1054e5d0	FUN_1054e5d0	5
1054e5e0	FUN_1054e5e0	5
1054e760	FUN_1054e760	5
1054e770	FUN_1054e770	5
1054e780	FUN_1054e780	5
1054e790	FUN_1054e790	5
1054e7a0	FUN_1054e7a0	5
1054e7b0	FUN_1054e7b0	5
1054e7c0	FUN_1054e7c0	5
1054e7d0	FUN_1054e7d0	5
1054e7e0	FUN_1054e7e0	13
1054e8b0	FUN_1054e8b0	3
1054e9c0	FUN_1054e9c0	86
1054ea30	FUN_1054ea30	36
1054eab0	FUN_1054eab0	15
1054ead0	FUN_1054ead0	15
1054eaf0	FUN_1054eaf0	5
1054eb00	FUN_1054eb00	5
1054eb10	FUN_1054eb10	5
1054eb20	FUN_1054eb20	5
1054eb30	FUN_1054eb30	5
1054eb40	FUN_1054eb40	5
1054eb50	FUN_1054eb50	5
1054eb60	FUN_1054eb60	5
1054eb70	FUN_1054eb70	5
1054ee10	FUN_1054ee10	16
1054eeb0	FUN_1054eeb0	18
1054ef10	FUN_1054ef10	11
1054efa0	FUN_1054efa0	11
1054efb0	FUN_1054efb0	11
1054efc0	FUN_1054efc0	16
1054efe0	FUN_1054efe0	21
1054f000	FUN_1054f000	11
1054f010	FUN_1054f010	11
1054f020	FUN_1054f020	11
1054f030	FUN_1054f030	11
1054f040	FUN_1054f040	23
1054f060	FUN_1054f060	23
1054f080	FUN_1054f080	3
1054f090	FUN_1054f090	3
1054f0a0	FUN_1054f0a0	3
1054f100	FUN_1054f100	23
1054f120	FUN_1054f120	23
105502c0	FUN_105502c0	65
10550390	FUN_10550390	65
10550460	FUN_10550460	14
10550480	FUN_10550480	14
105504a0	FUN_105504a0	14
105504c0	FUN_105504c0	14
105504e0	FUN_105504e0	14
10550500	FUN_10550500	14
10550520	FUN_10550520	14
10550540	FUN_10550540	14
10550670	FUN_10550670	3
10550680	FUN_10550680	3
10550690	FUN_10550690	4
105506a0	FUN_105506a0	3
105506b0	FUN_105506b0	6
105506c0	FUN_105506c0	6
105506d0	FUN_105506d0	3
105506e0	FUN_105506e0	3
105506f0	FUN_105506f0	3
10550700	FUN_10550700	3
105507a0	FUN_105507a0	6
105507b0	FUN_105507b0	6
105507c0	FUN_105507c0	6
105507d0	FUN_105507d0	6
10550cd0	FUN_10550cd0	49
10550d10	FUN_10550d10	49
10550e70	FUN_10550e70	3
10550e80	FUN_10550e80	3
10550e90	FUN_10550e90	3
10551420	FUN_10551420	3
10551430	FUN_10551430	3
10551440	FUN_10551440	3
10551450	FUN_10551450	3
10551460	FUN_10551460	3
10551470	FUN_10551470	3
10551480	FUN_10551480	3
10551490	FUN_10551490	3
105514a0	FUN_105514a0	3
105514b0	FUN_105514b0	3
105514c0	FUN_105514c0	3
105514d0	FUN_105514d0	3
105514e0	FUN_105514e0	3
105514f0	FUN_105514f0	3
10551500	FUN_10551500	3
10551510	FUN_10551510	3
10551820	FUN_10551820	30
10551880	FUN_10551880	3
10551890	FUN_10551890	3
105518a0	FUN_105518a0	3
105518b0	FUN_105518b0	11
105518c0	FUN_105518c0	6
10551ca0	FUN_10551ca0	13
10551fd0	FUN_10551fd0	42
105521c0	FUN_105521c0	11
105521d0	FUN_105521d0	11
10552440	FUN_10552440	9
10552450	FUN_10552450	9
10552490	FUN_10552490	6
10552850	FUN_10552850	9
10552c00	FUN_10552c00	11
10552c10	FUN_10552c10	12
10552c20	FUN_10552c20	12
10553a10	FUN_10553a10	31
10553af0	FUN_10553af0	4
10554030	FUN_10554030	16
105544f0	FUN_105544f0	7
10554500	FUN_10554500	7
10554510	FUN_10554510	10
10555a50	FUN_10555a50	7
10555a60	FUN_10555a60	7
10556430	FUN_10556430	8
10556440	FUN_10556440	6
10556450	FUN_10556450	6
10556460	FUN_10556460	6
10556470	FUN_10556470	6
10556480	FUN_10556480	6
10556490	FUN_10556490	6
10556bd0	FUN_10556bd0	5
10556be0	FUN_10556be0	8
10556bf0	FUN_10556bf0	3
10556c00	FUN_10556c00	3
10556c10	FUN_10556c10	36
10557040	FUN_10557040	28
10557920	FUN_10557920	7
10557930	FUN_10557930	7
10557cd0	FUN_10557cd0	8
10557d90	FUN_10557d90	12
10557fa0	FUN_10557fa0	12
10557fb0	FUN_10557fb0	11
10558160	FUN_10558160	8
105585f0	FUN_105585f0	91
10558670	FUN_10558670	43
105586b0	FUN_105586b0	26
105586d0	FUN_105586d0	40
10558710	FUN_10558710	40
10558750	FUN_10558750	40
10558790	FUN_10558790	40
10558890	FUN_10558890	16
1055a3e0	FUN_1055a3e0	3
1055a3f0	FUN_1055a3f0	3
1055a400	FUN_1055a400	3
1055a410	FUN_1055a410	3
1055a420	FUN_1055a420	3
1055a430	FUN_1055a430	3
1055cb50	FUN_1055cb50	16
1055cb70	FUN_1055cb70	16
1055cb90	FUN_1055cb90	16
1055cbb0	FUN_1055cbb0	16
1055cbd0	FUN_1055cbd0	9
1055f450	FUN_1055f450	7
1055f460	FUN_1055f460	7
1055fc50	FUN_1055fc50	3
1055fc60	FUN_1055fc60	3
1055fc70	FUN_1055fc70	3
1055fc80	FUN_1055fc80	3
1055fd10	FUN_1055fd10	28
1055fd40	FUN_1055fd40	28
1055fd70	FUN_1055fd70	28
1055fda0	FUN_1055fda0	28
1055fdd0	FUN_1055fdd0	28
1055fe00	FUN_1055fe00	28
1055fe30	FUN_1055fe30	28
105616f0	FUN_105616f0	28
10561a20	FUN_10561a20	91
10561cc0	FUN_10561cc0	91
10561e80	FUN_10561e80	83
105622f0	FUN_105622f0	83
105627a0	FUN_105627a0	83
10562a00	FUN_10562a00	40
10562ac0	FUN_10562ac0	40
10562b40	FUN_10562b40	40
10562b80	FUN_10562b80	40
10562bc0	FUN_10562bc0	40
10562c00	FUN_10562c00	40
10562c40	FUN_10562c40	6
10562c50	FUN_10562c50	6
10562c60	FUN_10562c60	6
10562fd0	FUN_10562fd0	16
105630f0	FUN_105630f0	16
10563110	FUN_10563110	9
10566c40	FUN_10566c40	3
10566c50	FUN_10566c50	7
10566c60	FUN_10566c60	3
10566c70	FUN_10566c70	7
10566c80	FUN_10566c80	3
10566c90	FUN_10566c90	3
10566ca0	FUN_10566ca0	3
10566cb0	FUN_10566cb0	3
10566cc0	FUN_10566cc0	7
10566cd0	FUN_10566cd0	7
10566ce0	FUN_10566ce0	7
10566cf0	FUN_10566cf0	7
10566d00	FUN_10566d00	4
10566d10	FUN_10566d10	3
10566d20	FUN_10566d20	3
10566d30	FUN_10566d30	3
10566d40	FUN_10566d40	3
10566d50	FUN_10566d50	3
10566d60	FUN_10566d60	3
10566d70	FUN_10566d70	3
10566d80	FUN_10566d80	3
10566d90	FUN_10566d90	3
10566da0	FUN_10566da0	3
105723f0	FUN_105723f0	16
10572410	FUN_10572410	16
10572430	FUN_10572430	16
10572450	FUN_10572450	16
10572470	FUN_10572470	16
10572490	FUN_10572490	16
105724b0	FUN_105724b0	16
105724d0	FUN_105724d0	16
105724f0	FUN_105724f0	16
10574850	FUN_10574850	7
10574a20	FUN_10574a20	7
10574fa0	FUN_10574fa0	7
10575f20	FUN_10575f20	6
10575f30	FUN_10575f30	6
10575f40	FUN_10575f40	6
10576060	FUN_10576060	4
10576070	FUN_10576070	7
105782f0	FUN_105782f0	3
10578300	FUN_10578300	3
10578310	FUN_10578310	3
10578320	FUN_10578320	3
10578330	FUN_10578330	3
10578340	FUN_10578340	3
105785b0	FUN_105785b0	28
105785e0	FUN_105785e0	28
10578610	FUN_10578610	28
10578640	FUN_10578640	28
10578670	FUN_10578670	28
105786a0	FUN_105786a0	28
105786d0	FUN_105786d0	28
10578700	FUN_10578700	28
10578730	FUN_10578730	28
10578760	FUN_10578760	28
10578790	FUN_10578790	28
105787c0	FUN_105787c0	28
105787f0	FUN_105787f0	28
10578820	FUN_10578820	20
10578840	FUN_10578840	20
10578860	FUN_10578860	20
10578880	FUN_10578880	20
105796c0	FUN_105796c0	91
10579740	FUN_10579740	26
10579760	FUN_10579760	83
105797d0	FUN_105797d0	40
10579810	FUN_10579810	40
105798d0	FUN_105798d0	16
1057c080	FUN_1057c080	3
1057c090	FUN_1057c090	3
1057c0a0	FUN_1057c0a0	7
1057c0b0	FUN_1057c0b0	7
1057c0c0	FUN_1057c0c0	3
105807c0	FUN_105807c0	16
105807e0	FUN_105807e0	16
105855a0	FUN_105855a0	7
10585680	FUN_10585680	7
10585740	FUN_10585740	8
105858e0	FUN_105858e0	3
105858f0	FUN_105858f0	3
10585bc0	FUN_10585bc0	28
10585bf0	FUN_10585bf0	28
10585c20	FUN_10585c20	28
10586000	FUN_10586000	25
10586020	FUN_10586020	5
10586030	FUN_10586030	82
105860a0	FUN_105860a0	82
10586110	FUN_10586110	16
10586130	FUN_10586130	3
10586240	FUN_10586240	7
10586250	FUN_10586250	7
10586260	FUN_10586260	16
10586280	FUN_10586280	3
10586290	FUN_10586290	5
105862a0	FUN_105862a0	5
105862b0	FUN_105862b0	40
105862f0	FUN_105862f0	40
10586330	FUN_10586330	55
10586380	FUN_10586380	55
105863d0	FUN_105863d0	5
105863e0	FUN_105863e0	6
105863f0	FUN_105863f0	6
10586400	FUN_10586400	5
10586410	FUN_10586410	5
105866f0	FUN_105866f0	16
10586890	FUN_10586890	3
10588e60	FUN_10588e60	39
10588e90	FUN_10588e90	15
10588eb0	FUN_10588eb0	3
10588ec0	FUN_10588ec0	7
10588ed0	FUN_10588ed0	4
10588ee0	FUN_10588ee0	3
10589bd0	FUN_10589bd0	43
10589c10	FUN_10589c10	3
10589c20	FUN_10589c20	4
1058c240	FUN_1058c240	7
1058c250	FUN_1058c250	16
1058c270	FUN_1058c270	16
1058c450	FUN_1058c450	39
1058dfd0	FUN_1058dfd0	7
1058f5e0	FUN_1058f5e0	43
1058f620	FUN_1058f620	43
10590fa0	FUN_10590fa0	6
10591830	FUN_10591830	8
10591840	FUN_10591840	18
105918b0	FUN_105918b0	7
105922d0	FUN_105922d0	3
105922e0	FUN_105922e0	3
10592530	FUN_10592530	28
10592560	FUN_10592560	28
10592590	FUN_10592590	28
105925c0	FUN_105925c0	28
105926b0	FUN_105926b0	7
10592920	FUN_10592920	24
10592950	FUN_10592950	26
10593020	FUN_10593020	18
10593040	FUN_10593040	25
10593060	FUN_10593060	22
105931c0	FUN_105931c0	18
105931e0	FUN_105931e0	22
105932e0	FUN_105932e0	22
10593300	FUN_10593300	25
105934e0	FUN_105934e0	91
10593560	FUN_10593560	26
10593580	FUN_10593580	3
10593770	FUN_10593770	13
10593780	FUN_10593780	13
10593840	FUN_10593840	3
10593cc0	FUN_10593cc0	23
10593e90	FUN_10593e90	15
10593f30	FUN_10593f30	7
10593f40	FUN_10593f40	7
10593f50	FUN_10593f50	7
10593f60	FUN_10593f60	5
10593fa0	FUN_10593fa0	3
10594120	FUN_10594120	5
10594130	FUN_10594130	5
105942a0	FUN_105942a0	5
105942b0	FUN_105942b0	5
105942c0	FUN_105942c0	5
105942d0	FUN_105942d0	5
105942e0	FUN_105942e0	5
105942f0	FUN_105942f0	5
10594300	FUN_10594300	5
10594310	FUN_10594310	17
10594330	FUN_10594330	20
105944c0	FUN_105944c0	14
10594600	FUN_10594600	25
10594760	FUN_10594760	15
10594780	FUN_10594780	15
105947a0	FUN_105947a0	5
105947b0	FUN_105947b0	5
105947c0	FUN_105947c0	5
105947d0	FUN_105947d0	5
105947e0	FUN_105947e0	5
105947f0	FUN_105947f0	5
10594800	FUN_10594800	5
10594810	FUN_10594810	5
10594960	FUN_10594960	5
10594970	FUN_10594970	15
105949d0	FUN_105949d0	16
10594a30	FUN_10594a30	18
10594a90	FUN_10594a90	11
10594aa0	FUN_10594aa0	11
10594b30	FUN_10594b30	11
10594b40	FUN_10594b40	16
10594b60	FUN_10594b60	21
10594b80	FUN_10594b80	21
10594ba0	FUN_10594ba0	23
10594bc0	FUN_10594bc0	23
10594be0	FUN_10594be0	3
10594bf0	FUN_10594bf0	3
10594cd0	FUN_10594cd0	23
10595800	FUN_10595800	31
105958b0	FUN_105958b0	14
105958d0	FUN_105958d0	14
105958f0	FUN_105958f0	7
10595900	FUN_10595900	3
10595910	FUN_10595910	3
10595920	FUN_10595920	6
10595930	FUN_10595930	6
10595d50	FUN_10595d50	62
10595f50	FUN_10595f50	21
10596070	FUN_10596070	5
10596080	FUN_10596080	5
105963f0	FUN_105963f0	3
10596400	FUN_10596400	3
10596410	FUN_10596410	3
10596420	FUN_10596420	3
10596430	FUN_10596430	3
10596440	FUN_10596440	3
10596450	FUN_10596450	3
10596460	FUN_10596460	3
10596470	FUN_10596470	3
10596480	FUN_10596480	3
10596490	FUN_10596490	3
105964a0	FUN_105964a0	3
105964b0	FUN_105964b0	3
105964c0	FUN_105964c0	3
105964d0	FUN_105964d0	3
105964e0	FUN_105964e0	3
105967f0	FUN_105967f0	30
10596850	FUN_10596850	3
10596860	FUN_10596860	11
10596870	FUN_10596870	6
10596880	FUN_10596880	6
10596a50	FUN_10596a50	11
10596c60	FUN_10596c60	47
10596ca0	FUN_10596ca0	56
10596d30	FUN_10596d30	13
10596d40	FUN_10596d40	22
10597390	FUN_10597390	8
105973a0	FUN_105973a0	11
10597910	FUN_10597910	3
10597920	FUN_10597920	4
10597c20	FUN_10597c20	4
10598490	FUN_10598490	6
105984a0	FUN_105984a0	6
105984b0	FUN_105984b0	6
105984c0	FUN_105984c0	6
105987e0	FUN_105987e0	5
10598f40	FUN_10598f40	3
10599150	FUN_10599150	28
1059a140	FUN_1059a140	5
1059a5d0	FUN_1059a5d0	10
1059a5e0	FUN_1059a5e0	4
1059a5f0	FUN_1059a5f0	22
1059a610	FUN_1059a610	27
1059a930	FUN_1059a930	16
1059b3c0	FUN_1059b3c0	18
1059b3e0	FUN_1059b3e0	20
1059b400	FUN_1059b400	22
1059b420	FUN_1059b420	18
1059b500	FUN_1059b500	22
1059b520	FUN_1059b520	22
1059b600	FUN_1059b600	12
1059b610	FUN_1059b610	3
1059b640	FUN_1059b640	13
1059b650	FUN_1059b650	13
1059b660	FUN_1059b660	3
1059b7c0	FUN_1059b7c0	15
1059b7e0	FUN_1059b7e0	15
1059b800	FUN_1059b800	5
1059b840	FUN_1059b840	30
1059b870	FUN_1059b870	16
1059b9a0	FUN_1059b9a0	5
1059b9b0	FUN_1059b9b0	5
1059b9c0	FUN_1059b9c0	5
1059b9d0	FUN_1059b9d0	5
1059b9e0	FUN_1059b9e0	5
1059b9f0	FUN_1059b9f0	22
1059ba10	FUN_1059ba10	3
1059ba70	FUN_1059ba70	15
1059ba90	FUN_1059ba90	15
1059bab0	FUN_1059bab0	5
1059bac0	FUN_1059bac0	5
1059bad0	FUN_1059bad0	5
1059bae0	FUN_1059bae0	5
1059baf0	FUN_1059baf0	18
1059bb10	FUN_1059bb10	16
1059bb60	FUN_1059bb60	11
1059bbb0	FUN_1059bbb0	11
1059bbc0	FUN_1059bbc0	11
1059bc50	FUN_1059bc50	11
1059bc60	FUN_1059bc60	11
1059bc70	FUN_1059bc70	16
1059bc90	FUN_1059bc90	3
1059bcf0	FUN_1059bcf0	45
1059bf50	FUN_1059bf50	3
1059bfc0	FUN_1059bfc0	19
1059bfe0	FUN_1059bfe0	19
1059c1e0	FUN_1059c1e0	14
1059c200	FUN_1059c200	14
1059c310	FUN_1059c310	8
1059c320	FUN_1059c320	6
1059c330	FUN_1059c330	6
1059c340	FUN_1059c340	6
1059ca50	FUN_1059ca50	3
1059ca60	FUN_1059ca60	3
1059ca70	FUN_1059ca70	3
1059ca80	FUN_1059ca80	3
1059ca90	FUN_1059ca90	3
1059caa0	FUN_1059caa0	3
1059cab0	FUN_1059cab0	3
1059cac0	FUN_1059cac0	3
1059cdd0	FUN_1059cdd0	30
1059ce30	FUN_1059ce30	3
1059ce40	FUN_1059ce40	11
1059cec0	FUN_1059cec0	11
1059cf50	FUN_1059cf50	13
1059cf60	FUN_1059cf60	6
1059d010	FUN_1059d010	8
1059d020	FUN_1059d020	11
1059d090	FUN_1059d090	3
1059d110	FUN_1059d110	4
1059d1c0	FUN_1059d1c0	6
1059d1d0	FUN_1059d1d0	6
1059d2e0	FUN_1059d2e0	5
1059d310	FUN_1059d310	4
1059d320	FUN_1059d320	23
1059e2b0	FUN_1059e2b0	3
1059e650	FUN_1059e650	27
1059e680	FUN_1059e680	25
1059e6a0	FUN_1059e6a0	25
1059e6c0	FUN_1059e6c0	18
1059e6e0	FUN_1059e6e0	22
1059e700	FUN_1059e700	18
1059e7e0	FUN_1059e7e0	22
1059e800	FUN_1059e800	11
1059e810	FUN_1059e810	25
1059e830	FUN_1059e830	25
1059e850	FUN_1059e850	29
1059e880	FUN_1059e880	11
1059e890	FUN_1059e890	11
1059e8a0	FUN_1059e8a0	3
1059e8b0	FUN_1059e8b0	3
1059ec10	FUN_1059ec10	13
1059ec20	FUN_1059ec20	13
1059ecc0	FUN_1059ecc0	50
1059ed00	FUN_1059ed00	3
1059ed10	FUN_1059ed10	3
1059ed20	FUN_1059ed20	3
1059ed30	FUN_1059ed30	3
1059ed70	FUN_1059ed70	45
1059edb0	FUN_1059edb0	23
1059edd0	FUN_1059edd0	18
1059edf0	FUN_1059edf0	18
1059f200	FUN_1059f200	15
1059f220	FUN_1059f220	15
1059f240	FUN_1059f240	7
1059f250	FUN_1059f250	7
1059f260	FUN_1059f260	7
1059f270	FUN_1059f270	7
1059f280	FUN_1059f280	7
1059f290	FUN_1059f290	5
1059f2d0	FUN_1059f2d0	3
1059f2e0	FUN_1059f2e0	3
1059f2f0	FUN_1059f2f0	5
1059f430	FUN_1059f430	7
1059f530	FUN_1059f530	5
1059f540	FUN_1059f540	5
1059f550	FUN_1059f550	5
1059f560	FUN_1059f560	5
1059f570	FUN_1059f570	5
1059f6d0	FUN_1059f6d0	5
1059f6e0	FUN_1059f6e0	5
1059f6f0	FUN_1059f6f0	5
1059f700	FUN_1059f700	5
1059f710	FUN_1059f710	5
1059f720	FUN_1059f720	5
1059f730	FUN_1059f730	5
1059f740	FUN_1059f740	5
1059f750	FUN_1059f750	17
1059f770	FUN_1059f770	20
1059f790	FUN_1059f790	20
1059f7b0	FUN_1059f7b0	13
1059f7c0	FUN_1059f7c0	13
1059f7d0	FUN_1059f7d0	25
1059f7f0	FUN_1059f7f0	14
1059f810	FUN_1059f810	3
1059f850	FUN_1059f850	12
1059f860	FUN_1059f860	26
1059f880	FUN_1059f880	36
1059f8b0	FUN_1059f8b0	36
1059f8e0	FUN_1059f8e0	15
1059f900	FUN_1059f900	15
1059f920	FUN_1059f920	5
1059f930	FUN_1059f930	5
1059f940	FUN_1059f940	5
1059f950	FUN_1059f950	5
1059f960	FUN_1059f960	5
1059f970	FUN_1059f970	5
1059f980	FUN_1059f980	5
1059f990	FUN_1059f990	5
1059f9a0	FUN_1059f9a0	5
1059f9b0	FUN_1059f9b0	5
1059f9c0	FUN_1059f9c0	5
1059f9d0	FUN_1059f9d0	11
1059f9e0	FUN_1059f9e0	5
1059f9f0	FUN_1059f9f0	5
1059fa00	FUN_1059fa00	15
1059fa20	FUN_1059fa20	18
1059fa80	FUN_1059fa80	11
1059fa90	FUN_1059fa90	11
1059fb20	FUN_1059fb20	11
1059fb30	FUN_1059fb30	16
1059fb50	FUN_1059fb50	21
1059fb70	FUN_1059fb70	23
1059fb90	FUN_1059fb90	23
1059fbb0	FUN_1059fbb0	3
1059fbc0	FUN_1059fbc0	3
1059fbd0	FUN_1059fbd0	3
1059fc30	FUN_1059fc30	13
1059fcc0	FUN_1059fcc0	23
1059fd60	FUN_1059fd60	23
1059fed0	FUN_1059fed0	49
105a0110	FUN_105a0110	19
105a07e0	FUN_105a07e0	31
105a0810	FUN_105a0810	31
105a0970	FUN_105a0970	14
105a0990	FUN_105a0990	14
105a0ab0	FUN_105a0ab0	12
105a0ac0	FUN_105a0ac0	12
105a0ad0	FUN_105a0ad0	6
105a0ae0	FUN_105a0ae0	6
105a0af0	FUN_105a0af0	6
105a0b00	FUN_105a0b00	6
105a0c60	FUN_105a0c60	18
105a0e20	FUN_105a0e20	30
105a0e50	FUN_105a0e50	30
105a0fe0	FUN_105a0fe0	49
105a1020	FUN_105a1020	49
105a1060	FUN_105a1060	49
105a10a0	FUN_105a10a0	63
105a14d0	FUN_105a14d0	21
105a14f0	FUN_105a14f0	21
105a1510	FUN_105a1510	3
105a1520	FUN_105a1520	3
105a1530	FUN_105a1530	3
105a15b0	FUN_105a15b0	3
105a15c0	FUN_105a15c0	3
105a15d0	FUN_105a15d0	3
105a15e0	FUN_105a15e0	3
105a15f0	FUN_105a15f0	3
105a1600	FUN_105a1600	3
105a1610	FUN_105a1610	3
105a1620	FUN_105a1620	3
105a1630	FUN_105a1630	3
105a1640	FUN_105a1640	3
105a1650	FUN_105a1650	3
105a1660	FUN_105a1660	3
105a1670	FUN_105a1670	3
105a1680	FUN_105a1680	3
105a1690	FUN_105a1690	3
105a16a0	FUN_105a16a0	3
105a16b0	FUN_105a16b0	3
105a16c0	FUN_105a16c0	3
105a16d0	FUN_105a16d0	3
105a16e0	FUN_105a16e0	3
105a16f0	FUN_105a16f0	3
105a1700	FUN_105a1700	3
105a1720	FUN_105a1720	3
105a1740	FUN_105a1740	3
105a19e0	FUN_105a19e0	79
105a1a50	FUN_105a1a50	31
105a1a80	FUN_105a1a80	3
105a1a90	FUN_105a1a90	3
105a1aa0	FUN_105a1aa0	11
105a1ab0	FUN_105a1ab0	6
105a1ac0	FUN_105a1ac0	83
105a2190	FUN_105a2190	13
105a21a0	FUN_105a21a0	9
105a21b0	FUN_105a21b0	9
105a21c0	FUN_105a21c0	9
105a21d0	FUN_105a21d0	23
105a2430	FUN_105a2430	11
105a2440	FUN_105a2440	11
105a2a50	FUN_105a2a50	26
105a3240	FUN_105a3240	6
105a3250	FUN_105a3250	6
105a3260	FUN_105a3260	6
105a3270	FUN_105a3270	6
105a3280	FUN_105a3280	6
105a3290	FUN_105a3290	6
105a32a0	FUN_105a32a0	6
105a32b0	FUN_105a32b0	6
105a32c0	FUN_105a32c0	6
105a32d0	FUN_105a32d0	6
105a32e0	FUN_105a32e0	5
105a32f0	FUN_105a32f0	5
105a3300	FUN_105a3300	36
105a3330	FUN_105a3330	36
105a3360	FUN_105a3360	5
105a3370	FUN_105a3370	5
105a3380	FUN_105a3380	9
105a3390	FUN_105a3390	9
105a34a0	FUN_105a34a0	18
105a34c0	FUN_105a34c0	18
105a34e0	FUN_105a34e0	18
105a3500	FUN_105a3500	18
105a3520	FUN_105a3520	22
105a3540	FUN_105a3540	20
105a3560	FUN_105a3560	11
105a3570	FUN_105a3570	11
105a3580	FUN_105a3580	22
105a35a0	FUN_105a35a0	22
105a35c0	FUN_105a35c0	22
105a35e0	FUN_105a35e0	22
105a36a0	FUN_105a36a0	11
105a36b0	FUN_105a36b0	11
105a36c0	FUN_105a36c0	18
105a36e0	FUN_105a36e0	18
105a3700	FUN_105a3700	18
105a3720	FUN_105a3720	18
105a3c30	FUN_105a3c30	22
105a3c50	FUN_105a3c50	22
105a3c70	FUN_105a3c70	22
105a3c90	FUN_105a3c90	22
105a3cb0	FUN_105a3cb0	18
105a3cd0	FUN_105a3cd0	18
105a3cf0	FUN_105a3cf0	11
105a3d00	FUN_105a3d00	11
105a3d10	FUN_105a3d10	18
105a3dd0	FUN_105a3dd0	18
105a4010	FUN_105a4010	22
105a4150	FUN_105a4150	91
105a4530	FUN_105a4530	3
105a48e0	FUN_105a48e0	13
105a48f0	FUN_105a48f0	13
105a4900	FUN_105a4900	13
105a4910	FUN_105a4910	13
105a4920	FUN_105a4920	13
105a4930	FUN_105a4930	13
105a4940	FUN_105a4940	13
105a4950	FUN_105a4950	13
105a49f0	FUN_105a49f0	113
105a4ef0	FUN_105a4ef0	3
105a4f00	FUN_105a4f00	3
105a4f10	FUN_105a4f10	3
105a4f20	FUN_105a4f20	3
105a4f30	FUN_105a4f30	118
105a57d0	FUN_105a57d0	15
105a57f0	FUN_105a57f0	15
105a5810	FUN_105a5810	15
105a5830	FUN_105a5830	15
105a5850	FUN_105a5850	15
105a5a10	FUN_105a5a10	5
105a5a20	FUN_105a5a20	5
105a5a30	FUN_105a5a30	5
105a5a40	FUN_105a5a40	5
105a5a50	FUN_105a5a50	5
105a5b20	FUN_105a5b20	3
105a5b30	FUN_105a5b30	3
105a5b40	FUN_105a5b40	3
105a61e0	FUN_105a61e0	7
105a61f0	FUN_105a61f0	7
105a6200	FUN_105a6200	5
105a6210	FUN_105a6210	5
105a6220	FUN_105a6220	5
105a6230	FUN_105a6230	5
105a6240	FUN_105a6240	5
105a6250	FUN_105a6250	5
105a6260	FUN_105a6260	5
105a6270	FUN_105a6270	5
105a6280	FUN_105a6280	5
105a6290	FUN_105a6290	5
105a62a0	FUN_105a62a0	5
105a62b0	FUN_105a62b0	5
105a62c0	FUN_105a62c0	5
105a62d0	FUN_105a62d0	5
105a62e0	FUN_105a62e0	5
105a62f0	FUN_105a62f0	5
105a6300	FUN_105a6300	5
105a6310	FUN_105a6310	5
105a6320	FUN_105a6320	5
105a6330	FUN_105a6330	5
105a6340	FUN_105a6340	5
105a6350	FUN_105a6350	5
105a6360	FUN_105a6360	5
105a6370	FUN_105a6370	5
105a6380	FUN_105a6380	5
105a63c0	FUN_105a63c0	22
105a66c0	FUN_105a66c0	3
105a6840	FUN_105a6840	86
105a69a0	FUN_105a69a0	15
105a69c0	FUN_105a69c0	15
105a69e0	FUN_105a69e0	15
105a6a00	FUN_105a6a00	15
105a6a20	FUN_105a6a20	15
105a6a40	FUN_105a6a40	15
105a6a60	FUN_105a6a60	15
105a6a80	FUN_105a6a80	15
105a6aa0	FUN_105a6aa0	5
105a6ab0	FUN_105a6ab0	5
105a6ac0	FUN_105a6ac0	5
105a6ad0	FUN_105a6ad0	5
105a6ae0	FUN_105a6ae0	5
105a6af0	FUN_105a6af0	5
105a6b00	FUN_105a6b00	5
105a6b10	FUN_105a6b10	5
105a6b20	FUN_105a6b20	5
105a6b30	FUN_105a6b30	5
105a6b40	FUN_105a6b40	5
105a6b50	FUN_105a6b50	5
105a6b60	FUN_105a6b60	5
105a6b70	FUN_105a6b70	5
105a6b80	FUN_105a6b80	5
105a6b90	FUN_105a6b90	5
105a6ba0	FUN_105a6ba0	5
105a6bb0	FUN_105a6bb0	5
105a6bc0	FUN_105a6bc0	5
105a6bd0	FUN_105a6bd0	5
105a6be0	FUN_105a6be0	5
105a6bf0	FUN_105a6bf0	11
105a6c00	FUN_105a6c00	11
105a6c10	FUN_105a6c10	5
105a6c20	FUN_105a6c20	5
105a6c30	FUN_105a6c30	5
105a6c40	FUN_105a6c40	5
105a6d40	FUN_105a6d40	18
105a6d60	FUN_105a6d60	18
105a6d80	FUN_105a6d80	18
105a6da0	FUN_105a6da0	18
105a6ec0	FUN_105a6ec0	11
105a6ed0	FUN_105a6ed0	11
105a6ee0	FUN_105a6ee0	11
105a6ef0	FUN_105a6ef0	11
105a6f80	FUN_105a6f80	11
105a6f90	FUN_105a6f90	11
105a6fa0	FUN_105a6fa0	11
105a71b0	FUN_105a71b0	11
105a71c0	FUN_105a71c0	11
105a71d0	FUN_105a71d0	11
105a71e0	FUN_105a71e0	11
105a71f0	FUN_105a71f0	11
105a7200	FUN_105a7200	11
105a7210	FUN_105a7210	11
105a7220	FUN_105a7220	16
105a7240	FUN_105a7240	16
105a7260	FUN_105a7260	16
105a7280	FUN_105a7280	16
105a72a0	FUN_105a72a0	3
105a72b0	FUN_105a72b0	3
105a72c0	FUN_105a72c0	3
105a72d0	FUN_105a72d0	3
105a76b0	FUN_105a76b0	13
105a76c0	FUN_105a76c0	13
105a77c0	FUN_105a77c0	61
105a7810	FUN_105a7810	64
105a7860	FUN_105a7860	64
105a7c10	FUN_105a7c10	32
105a7f60	FUN_105a7f60	19
105a8150	FUN_105a8150	19
105a8920	FUN_105a8920	65
105a8980	FUN_105a8980	58
105a89d0	FUN_105a89d0	58
105a8ad0	FUN_105a8ad0	60
105a8bc0	FUN_105a8bc0	71
105a8df0	FUN_105a8df0	14
105a8e10	FUN_105a8e10	14
105a8e30	FUN_105a8e30	14
105a8e50	FUN_105a8e50	14
105a8e70	FUN_105a8e70	14
105a8e90	FUN_105a8e90	14
105a8eb0	FUN_105a8eb0	14
105a8ed0	FUN_105a8ed0	14
105a8ef0	FUN_105a8ef0	14
105a8f20	FUN_105a8f20	14
105a9520	FUN_105a9520	7
105a9530	FUN_105a9530	3
105a9540	FUN_105a9540	7
105a9550	FUN_105a9550	3
105a9560	FUN_105a9560	3
105a9570	FUN_105a9570	6
105a9580	FUN_105a9580	6
105a9590	FUN_105a9590	6
105a95a0	FUN_105a95a0	6
105a95b0	FUN_105a95b0	6
105a95c0	FUN_105a95c0	6
105a95d0	FUN_105a95d0	6
105a95e0	FUN_105a95e0	6
105a95f0	FUN_105a95f0	6
105a9600	FUN_105a9600	6
105a9610	FUN_105a9610	6
105a9620	FUN_105a9620	6
105a9630	FUN_105a9630	6
105a9640	FUN_105a9640	6
105a9980	FUN_105a9980	18
105a99a0	FUN_105a99a0	18
105aa7b0	FUN_105aa7b0	3
105aa7c0	FUN_105aa7c0	3
105aa7d0	FUN_105aa7d0	3
105aa7e0	FUN_105aa7e0	3
105aa7f0	FUN_105aa7f0	3
105aa800	FUN_105aa800	3
105aa810	FUN_105aa810	3
105aa820	FUN_105aa820	3
105aa830	FUN_105aa830	3
105aa840	FUN_105aa840	3
105aa850	FUN_105aa850	3
105aa860	FUN_105aa860	3
105aa870	FUN_105aa870	3
105aa880	FUN_105aa880	3
105aa890	FUN_105aa890	3
105aa8a0	FUN_105aa8a0	3
105aa8b0	FUN_105aa8b0	3
105aa8c0	FUN_105aa8c0	3
105aa8d0	FUN_105aa8d0	3
105aa8e0	FUN_105aa8e0	3
105aa8f0	FUN_105aa8f0	3
105aa900	FUN_105aa900	3
105aa910	FUN_105aa910	3
105aa920	FUN_105aa920	3
105aa930	FUN_105aa930	3
105aa950	FUN_105aa950	3
105aa970	FUN_105aa970	3
105aa980	FUN_105aa980	3
105aa990	FUN_105aa990	3
105aa9a0	FUN_105aa9a0	3
105aa9b0	FUN_105aa9b0	3
105aa9c0	FUN_105aa9c0	3
105ab480	FUN_105ab480	79
105ab4f0	FUN_105ab4f0	79
105ab5d0	FUN_105ab5d0	30
105ab600	FUN_105ab600	30
105ab630	FUN_105ab630	30
105ab660	FUN_105ab660	30
105ab6c0	FUN_105ab6c0	31
105ab6f0	FUN_105ab6f0	31
105ab840	FUN_105ab840	3
105ab850	FUN_105ab850	3
105ab860	FUN_105ab860	3
105ab870	FUN_105ab870	3
105ab880	FUN_105ab880	11
105ab890	FUN_105ab890	11
105ab8a0	FUN_105ab8a0	11
105ab8b0	FUN_105ab8b0	11
105ab8c0	FUN_105ab8c0	8
105ab8d0	FUN_105ab8d0	8
105ab950	FUN_105ab950	83
105ab9c0	FUN_105ab9c0	83
105abaa0	FUN_105abaa0	43
105abae0	FUN_105abae0	43
105abb20	FUN_105abb20	13
105abb30	FUN_105abb30	13
105abb40	FUN_105abb40	3
105abb50	FUN_105abb50	10
105abb60	FUN_105abb60	4
105abb70	FUN_105abb70	11
105abb80	FUN_105abb80	11
105ac370	FUN_105ac370	13
105ad150	FUN_105ad150	9
105ad2e0	FUN_105ad2e0	11
105ad2f0	FUN_105ad2f0	11
105ad300	FUN_105ad300	11
105ad310	FUN_105ad310	11
105ad320	FUN_105ad320	11
105ae440	FUN_105ae440	11
105af640	FUN_105af640	7
105af650	FUN_105af650	7
105af660	FUN_105af660	7
105af670	FUN_105af670	8
105af690	FUN_105af690	7
105af6a0	FUN_105af6a0	7
105af6b0	FUN_105af6b0	6
105af6c0	FUN_105af6c0	6
105af6d0	FUN_105af6d0	6
105af6e0	FUN_105af6e0	6
105af6f0	FUN_105af6f0	6
105af700	FUN_105af700	6
105af710	FUN_105af710	6
105af720	FUN_105af720	6
105aff90	FUN_105aff90	5
105affa0	FUN_105affa0	5
105affb0	FUN_105affb0	5
105affc0	FUN_105affc0	5
105affd0	FUN_105affd0	5
105b0200	FUN_105b0200	3
105b0210	FUN_105b0210	28
105b0240	FUN_105b0240	28
105b0270	FUN_105b0270	20
105b0290	FUN_105b0290	5
105b02a0	FUN_105b02a0	5
105b0950	FUN_105b0950	91
105b09d0	FUN_105b09d0	78
105b0a40	FUN_105b0a40	12
105b0f90	FUN_105b0f90	3
105b0fd0	FUN_105b0fd0	12
105b0fe0	FUN_105b0fe0	5
105b1020	FUN_105b1020	5
105b1030	FUN_105b1030	5
105b1070	FUN_105b1070	5
105b1080	FUN_105b1080	5
105b1090	FUN_105b1090	5
105b10a0	FUN_105b10a0	5
105b10e0	FUN_105b10e0	5
105b10f0	FUN_105b10f0	6
105b1280	FUN_105b1280	5
105b12c0	FUN_105b12c0	5
105b1630	FUN_105b1630	3
105b1640	FUN_105b1640	3
105b1650	FUN_105b1650	10
105b1660	FUN_105b1660	10
105b1ef0	FUN_105b1ef0	34
105b1f20	FUN_105b1f20	34
105b2370	FUN_105b2370	18
105b23b0	FUN_105b23b0	18
105b2440	FUN_105b2440	3
105b2450	FUN_105b2450	7
105b2460	FUN_105b2460	8
105b2470	FUN_105b2470	8
105b2480	FUN_105b2480	3
105b2490	FUN_105b2490	3
105b2d10	FUN_105b2d10	8
105b2d20	FUN_105b2d20	8
105b2d80	FUN_105b2d80	4
105b2d90	FUN_105b2d90	4
105b2da0	FUN_105b2da0	7
105b2db0	FUN_105b2db0	7
105b2e20	FUN_105b2e20	26
105b2e40	FUN_105b2e40	26
105b2e60	FUN_105b2e60	76
105b2ec0	FUN_105b2ec0	10
105b2ed0	FUN_105b2ed0	10
105b33e0	FUN_105b33e0	9
105b33f0	FUN_105b33f0	32
105b3da0	FUN_105b3da0	24
105b3dc0	FUN_105b3dc0	24
105b4370	FUN_105b4370	6
105b4870	FUN_105b4870	7
105b4880	FUN_105b4880	7
105b5080	FUN_105b5080	3
105b5230	FUN_105b5230	28
105b5260	FUN_105b5260	28
105b5290	FUN_105b5290	28
105b5f80	FUN_105b5f80	25
105b5fa0	FUN_105b5fa0	18
105b5fc0	FUN_105b5fc0	18
105b5fe0	FUN_105b5fe0	25
105b6000	FUN_105b6000	25
105b6020	FUN_105b6020	22
105b6120	FUN_105b6120	18
105b6140	FUN_105b6140	18
105b6160	FUN_105b6160	22
105b6180	FUN_105b6180	18
105b6290	FUN_105b6290	26
105b62b0	FUN_105b62b0	22
105b62d0	FUN_105b62d0	18
105b62f0	FUN_105b62f0	25
105b6310	FUN_105b6310	33
105b6340	FUN_105b6340	3
105b6390	FUN_105b6390	13
105b63a0	FUN_105b63a0	13
105b63b0	FUN_105b63b0	13
105b63c0	FUN_105b63c0	3
105b63d0	FUN_105b63d0	3
105b63e0	FUN_105b63e0	3
105b6f70	FUN_105b6f70	15
105b6f90	FUN_105b6f90	15
105b6fb0	FUN_105b6fb0	26
105b7070	FUN_105b7070	7
105b7080	FUN_105b7080	7
105b7090	FUN_105b7090	7
105b70a0	FUN_105b70a0	5
105b70b0	FUN_105b70b0	68
105b7110	FUN_105b7110	92
105b7190	FUN_105b7190	19
105b71b0	FUN_105b71b0	24
105b71d0	FUN_105b71d0	5
105b71e0	FUN_105b71e0	5
105b7470	FUN_105b7470	5
105b7480	FUN_105b7480	5
105b7490	FUN_105b7490	5
105b74a0	FUN_105b74a0	5
105b74b0	FUN_105b74b0	5
105b74c0	FUN_105b74c0	5
105b74d0	FUN_105b74d0	5
105b74e0	FUN_105b74e0	5
105b74f0	FUN_105b74f0	5
105b7500	FUN_105b7500	5
105b7510	FUN_105b7510	5
105b7520	FUN_105b7520	60
105b7890	FUN_105b7890	15
105b78b0	FUN_105b78b0	15
105b78d0	FUN_105b78d0	15
105b78f0	FUN_105b78f0	15
105b7960	FUN_105b7960	5
105b7970	FUN_105b7970	5
105b7980	FUN_105b7980	5
105b7990	FUN_105b7990	5
105b79a0	FUN_105b79a0	5
105b79b0	FUN_105b79b0	5
105b79c0	FUN_105b79c0	5
105b79d0	FUN_105b79d0	5
105b79e0	FUN_105b79e0	5
105b79f0	FUN_105b79f0	5
105b7a00	FUN_105b7a00	5
105b7a10	FUN_105b7a10	5
105b7a20	FUN_105b7a20	5
105b7a30	FUN_105b7a30	5
105b7a40	FUN_105b7a40	5
105b7e40	FUN_105b7e40	5
105b7e50	FUN_105b7e50	5
105b7e60	FUN_105b7e60	5
105b7e70	FUN_105b7e70	5
105b7e80	FUN_105b7e80	5
105b7e90	FUN_105b7e90	5
105b7ea0	FUN_105b7ea0	5
105b7eb0	FUN_105b7eb0	19
105b8190	FUN_105b8190	18
105b8290	FUN_105b8290	11
105b82a0	FUN_105b82a0	11
105b8330	FUN_105b8330	11
105b8340	FUN_105b8340	16
105b8360	FUN_105b8360	16
105b8380	FUN_105b8380	21
105b83a0	FUN_105b83a0	21
105b83c0	FUN_105b83c0	11
105b83d0	FUN_105b83d0	11
105b83e0	FUN_105b83e0	11
105b83f0	FUN_105b83f0	23
105b8410	FUN_105b8410	25
105b8430	FUN_105b8430	23
105b8450	FUN_105b8450	23
105b8470	FUN_105b8470	3
105b8480	FUN_105b8480	3
105b8490	FUN_105b8490	3
105b84a0	FUN_105b84a0	3
105b84b0	FUN_105b84b0	3
105b84c0	FUN_105b84c0	39
105b85f0	FUN_105b85f0	66
105b8740	FUN_105b8740	23
105b8760	FUN_105b8760	49
105b8860	FUN_105b8860	23
105b8880	FUN_105b8880	23
105b9960	FUN_105b9960	21
105ba5a0	FUN_105ba5a0	14
105ba5c0	FUN_105ba5c0	14
105ba5e0	FUN_105ba5e0	14
105ba600	FUN_105ba600	3
105ba610	FUN_105ba610	4
105ba620	FUN_105ba620	4
105ba630	FUN_105ba630	3
105ba640	FUN_105ba640	16
105ba660	FUN_105ba660	6
105bad10	FUN_105bad10	30
105bad40	FUN_105bad40	49
105bad80	FUN_105bad80	49
105baf00	FUN_105baf00	3
105baf10	FUN_105baf10	3
105baf90	FUN_105baf90	5
105bafa0	FUN_105bafa0	3
105bafb0	FUN_105bafb0	3
105bafc0	FUN_105bafc0	3
105bafd0	FUN_105bafd0	3
105bafe0	FUN_105bafe0	3
105baff0	FUN_105baff0	3
105bb000	FUN_105bb000	3
105bb010	FUN_105bb010	3
105bb020	FUN_105bb020	3
105bb030	FUN_105bb030	3
105bb040	FUN_105bb040	3
105bb050	FUN_105bb050	3
105bb060	FUN_105bb060	3
105bb070	FUN_105bb070	3
105bb080	FUN_105bb080	3
105bb090	FUN_105bb090	3
105bb0a0	FUN_105bb0a0	3
105bb0b0	FUN_105bb0b0	3
105bb0c0	FUN_105bb0c0	3
105bb0d0	FUN_105bb0d0	3
105bb0e0	FUN_105bb0e0	3
105bb380	FUN_105bb380	79
105bb3f0	FUN_105bb3f0	3
105bb400	FUN_105bb400	3
105bb410	FUN_105bb410	11
105bb420	FUN_105bb420	6
105bb430	FUN_105bb430	6
105bb440	FUN_105bb440	83
105bb4b0	FUN_105bb4b0	33
105bb7a0	FUN_105bb7a0	24
105bb860	FUN_105bb860	24
105bc480	FUN_105bc480	3
105bc490	FUN_105bc490	11
105bc4a0	FUN_105bc4a0	11
105bc8d0	FUN_105bc8d0	9
105bc8e0	FUN_105bc8e0	9
105bd040	FUN_105bd040	12
105bd050	FUN_105bd050	11
105bd060	FUN_105bd060	4
105bd070	FUN_105bd070	12
105bd3e0	FUN_105bd3e0	3
105beb90	FUN_105beb90	4
105bef90	FUN_105bef90	4
105bfcf0	FUN_105bfcf0	45
105bfde0	FUN_105bfde0	16
105c0230	FUN_105c0230	9
105c0240	FUN_105c0240	9
105c02f0	FUN_105c02f0	7
105c0300	FUN_105c0300	6
105c0310	FUN_105c0310	6
105c0320	FUN_105c0320	6
105c0330	FUN_105c0330	6
105c0340	FUN_105c0340	6
105c0350	FUN_105c0350	6
105c0490	FUN_105c0490	3
105c0ba0	FUN_105c0ba0	20
105c2220	FUN_105c2220	5
105c2240	FUN_105c2240	24
105c29f0	FUN_105c29f0	9
105c2ed0	FUN_105c2ed0	26
105c2ef0	FUN_105c2ef0	91
105c2f70	FUN_105c2f70	91
105c2ff0	FUN_105c2ff0	91
105c3070	FUN_105c3070	91
105c30f0	FUN_105c30f0	91
105c31f0	FUN_105c31f0	26
105c3210	FUN_105c3210	26
105c3230	FUN_105c3230	26
105c3250	FUN_105c3250	83
105c3300	FUN_105c3300	16
105c3320	FUN_105c3320	16
105c43e0	FUN_105c43e0	3
105c43f0	FUN_105c43f0	7
105c4400	FUN_105c4400	7
105c4410	FUN_105c4410	3
105c4420	FUN_105c4420	7
105c4430	FUN_105c4430	3
105c4440	FUN_105c4440	7
105c4450	FUN_105c4450	3
105c4460	FUN_105c4460	7
105c4470	FUN_105c4470	3
105c4480	FUN_105c4480	7
105c4490	FUN_105c4490	3
105c44a0	FUN_105c44a0	3
105c44b0	FUN_105c44b0	3
105c44c0	FUN_105c44c0	3
105c44d0	FUN_105c44d0	3
105c5840	FUN_105c5840	9
105c5850	FUN_105c5850	9
105c5860	FUN_105c5860	9
105c5870	FUN_105c5870	9
105c9b40	FUN_105c9b40	7
105c9b50	FUN_105c9b50	3
105c9b60	FUN_105c9b60	3
105c9b70	FUN_105c9b70	3
105c9b80	FUN_105c9b80	3
105c9b90	FUN_105c9b90	3
105c9ba0	FUN_105c9ba0	28
105c9bd0	FUN_105c9bd0	28
105c9c00	FUN_105c9c00	28
105c9c30	FUN_105c9c30	28
105c9c60	FUN_105c9c60	28
105c9ca0	FUN_105c9ca0	25
105c9cc0	FUN_105c9cc0	22
105c9fc0	FUN_105c9fc0	91
105ca040	FUN_105ca040	26
105ca060	FUN_105ca060	26
105ca160	FUN_105ca160	26
105ca450	FUN_105ca450	78
105ca4c0	FUN_105ca4c0	3
105caf40	FUN_105caf40	7
105caf50	FUN_105caf50	7
105caf60	FUN_105caf60	7
105caf70	FUN_105caf70	152
105cb6e0	FUN_105cb6e0	8
105cc410	FUN_105cc410	5
105cc8e0	FUN_105cc8e0	8
105ccf10	FUN_105ccf10	5
105cd270	FUN_105cd270	5
105cd310	FUN_105cd310	40
105cd840	FUN_105cd840	5
105cd850	FUN_105cd850	5
105cd860	FUN_105cd860	5
105cd870	FUN_105cd870	5
105cd880	FUN_105cd880	5
105cd8a0	FUN_105cd8a0	5
105cd8b0	FUN_105cd8b0	5
105cd8d0	FUN_105cd8d0	6
105cd8e0	FUN_105cd8e0	6
105cd8f0	FUN_105cd8f0	6
105cda50	FUN_105cda50	5
105cda60	FUN_105cda60	5
105cda80	FUN_105cda80	31
105ce0d0	FUN_105ce0d0	16
105ce1b0	FUN_105ce1b0	16
105ce290	FUN_105ce290	21
105ce2b0	FUN_105ce2b0	21
105ce2d0	FUN_105ce2d0	11
105ce2e0	FUN_105ce2e0	11
105ce2f0	FUN_105ce2f0	23
105ce310	FUN_105ce310	3
105ce320	FUN_105ce320	23
105ce440	FUN_105ce440	21
105d24b0	FUN_105d24b0	21
105d48c0	FUN_105d48c0	12
105d48d0	FUN_105d48d0	7
105d48e0	FUN_105d48e0	3
105d48f0	FUN_105d48f0	3
105d4900	FUN_105d4900	7
105d4910	FUN_105d4910	3
105d4920	FUN_105d4920	3
105d4930	FUN_105d4930	7
105d4940	FUN_105d4940	7
105d4950	FUN_105d4950	7
105d4960	FUN_105d4960	3
105d4970	FUN_105d4970	4
105d4980	FUN_105d4980	3
105d4990	FUN_105d4990	3
105d49a0	FUN_105d49a0	3
105d49b0	FUN_105d49b0	3
105d49c0	FUN_105d49c0	3
105d49d0	FUN_105d49d0	3
105d49e0	FUN_105d49e0	18
105d4a20	FUN_105d4a20	14
105d4a40	FUN_105d4a40	14
105d6c90	FUN_105d6c90	49
105d6cd0	FUN_105d6cd0	63
105d6ee0	FUN_105d6ee0	3
105d6ef0	FUN_105d6ef0	3
105d6f00	FUN_105d6f00	3
105d6f10	FUN_105d6f10	3
105d6f20	FUN_105d6f20	3
105d6f30	FUN_105d6f30	3
105d6f50	FUN_105d6f50	3
105d6f60	FUN_105d6f60	3
105d6f70	FUN_105d6f70	6
105d6f80	FUN_105d6f80	6
105d7540	FUN_105d7540	3
105d7550	FUN_105d7550	3
105d8630	FUN_105d8630	22
105d8be0	FUN_105d8be0	11
105d8eb0	FUN_105d8eb0	9
105d8ec0	FUN_105d8ec0	23
105d8ee0	FUN_105d8ee0	25
105da410	FUN_105da410	13
105dc110	FUN_105dc110	16
105dc130	FUN_105dc130	9
105dc1d0	FUN_105dc1d0	12
105dc220	FUN_105dc220	4
105dd510	FUN_105dd510	13
105dd580	FUN_105dd580	7
105dd5c0	FUN_105dd5c0	4
105de470	FUN_105de470	4
105de480	FUN_105de480	4
105e2b50	FUN_105e2b50	25
105e37f0	FUN_105e37f0	6
105e3800	FUN_105e3800	6
105e3810	FUN_105e3810	6
105e3f20	FUN_105e3f20	6
105e3f30	FUN_105e3f30	6
105e3f40	FUN_105e3f40	6
105e3f50	FUN_105e3f50	6
105e66d0	FUN_105e66d0	3
105e66e0	FUN_105e66e0	3
105e66f0	FUN_105e66f0	3
105e6700	FUN_105e6700	3
105e6710	FUN_105e6710	3
105e6d50	FUN_105e6d50	28
105e6d80	FUN_105e6d80	28
105e6db0	FUN_105e6db0	28
105e6de0	FUN_105e6de0	28
105e6e10	FUN_105e6e10	28
105e6e40	FUN_105e6e40	28
105e6e70	FUN_105e6e70	28
105e6ea0	FUN_105e6ea0	20
105e6ec0	FUN_105e6ec0	20
105e6ee0	FUN_105e6ee0	20
105e70e0	FUN_105e70e0	24
105e7100	FUN_105e7100	24
105e7120	FUN_105e7120	24
105e7140	FUN_105e7140	24
105e7160	FUN_105e7160	24
105e7180	FUN_105e7180	24
105e71a0	FUN_105e71a0	24
105e71c0	FUN_105e71c0	24
105e76d0	FUN_105e76d0	5
105e7790	FUN_105e7790	10
105e77a0	FUN_105e77a0	9
105e77b0	FUN_105e77b0	38
105e9f80	FUN_105e9f80	3
105ea8d0	FUN_105ea8d0	7
105ea8e0	FUN_105ea8e0	7
105eb3d0	FUN_105eb3d0	5
105ebaf0	FUN_105ebaf0	13
105ebb40	FUN_105ebb40	3
105ebb60	FUN_105ebb60	3
105ebbf0	FUN_105ebbf0	3
105ebc50	FUN_105ebc50	5
105ebc70	FUN_105ebc70	5
105ebd00	FUN_105ebd00	5
105ebd20	FUN_105ebd20	5
105ebdc0	FUN_105ebdc0	5
105ebde0	FUN_105ebde0	5
105ebe70	FUN_105ebe70	5
105ebe90	FUN_105ebe90	5
105ebee0	FUN_105ebee0	5
105ebf00	FUN_105ebf00	5
105ebf90	FUN_105ebf90	5
105ec8b0	FUN_105ec8b0	5
105ec8d0	FUN_105ec8d0	5
105ec960	FUN_105ec960	5
105ed300	FUN_105ed300	11
105ed310	FUN_105ed310	11
105eec80	FUN_105eec80	34
105eed20	FUN_105eed20	67
105eeed0	FUN_105eeed0	67
105ef090	FUN_105ef090	18
105ef110	FUN_105ef110	18
105ef210	FUN_105ef210	18
105f1e50	FUN_105f1e50	31
105f2000	FUN_105f2000	9
105f2120	FUN_105f2120	3
105f21d0	FUN_105f21d0	13
105f21e0	FUN_105f21e0	11
105f21f0	FUN_105f21f0	11
105f2200	FUN_105f2200	12
105f22e0	FUN_105f22e0	25
105f2300	FUN_105f2300	25
105f2320	FUN_105f2320	25
105f2340	FUN_105f2340	25
105f2360	FUN_105f2360	25
105f2410	FUN_105f2410	33
105f2440	FUN_105f2440	25
105f2460	FUN_105f2460	33
105f2490	FUN_105f2490	25
105f24b0	FUN_105f24b0	33
105f24e0	FUN_105f24e0	25
105f2500	FUN_105f2500	33
105f2530	FUN_105f2530	25
105f2550	FUN_105f2550	33
105f2580	FUN_105f2580	25
105f25a0	FUN_105f25a0	33
105f25d0	FUN_105f25d0	25
105f25f0	FUN_105f25f0	33
105f2620	FUN_105f2620	25
105f2640	FUN_105f2640	33
105f2c90	FUN_105f2c90	23
105f2cb0	FUN_105f2cb0	23
105f2cd0	FUN_105f2cd0	23
105f3170	FUN_105f3170	27
105f31a0	FUN_105f31a0	23
105f31c0	FUN_105f31c0	23
105f31e0	FUN_105f31e0	23
105f3d30	FUN_105f3d30	7
105f3d40	FUN_105f3d40	7
105f3d50	FUN_105f3d50	7
105f3d60	FUN_105f3d60	7
105f3d70	FUN_105f3d70	7
105f3d80	FUN_105f3d80	7
105f3d90	FUN_105f3d90	24
105f3f60	FUN_105f3f60	24
105f4040	FUN_105f4040	5
105f4050	FUN_105f4050	5
105f4060	FUN_105f4060	5
105f4070	FUN_105f4070	5
105f4080	FUN_105f4080	5
105f4be0	FUN_105f4be0	14
105f4c00	FUN_105f4c00	14
105f4ca0	FUN_105f4ca0	14
105f4cc0	FUN_105f4cc0	14
105f4d60	FUN_105f4d60	14
105f4d80	FUN_105f4d80	14
105f5030	FUN_105f5030	11
105f5040	FUN_105f5040	11
105f5050	FUN_105f5050	11
105f50f0	FUN_105f50f0	42
105f5130	FUN_105f5130	40
105f5170	FUN_105f5170	40
105f51b0	FUN_105f51b0	40
105f52b0	FUN_105f52b0	15
105f52d0	FUN_105f52d0	15
105f52f0	FUN_105f52f0	15
105f5310	FUN_105f5310	15
105f5330	FUN_105f5330	15
105f5350	FUN_105f5350	15
105f5370	FUN_105f5370	15
105f5390	FUN_105f5390	15
105f53b0	FUN_105f53b0	5
105f53c0	FUN_105f53c0	5
105f53d0	FUN_105f53d0	5
105f53e0	FUN_105f53e0	5
105f53f0	FUN_105f53f0	5
105f5400	FUN_105f5400	5
105f5410	FUN_105f5410	5
105f5420	FUN_105f5420	5
105f5430	FUN_105f5430	5
105f5440	FUN_105f5440	5
105f5450	FUN_105f5450	5
105f5460	FUN_105f5460	5
105f5470	FUN_105f5470	5
105f5480	FUN_105f5480	5
105f5490	FUN_105f5490	5
105f54a0	FUN_105f54a0	5
105f54b0	FUN_105f54b0	5
105f54c0	FUN_105f54c0	5
105f54d0	FUN_105f54d0	5
105f54e0	FUN_105f54e0	5
105f54f0	FUN_105f54f0	5
105f5500	FUN_105f5500	5
105f5510	FUN_105f5510	5
105f5520	FUN_105f5520	5
105f5530	FUN_105f5530	5
105f5540	FUN_105f5540	5
105f5550	FUN_105f5550	5
105f5560	FUN_105f5560	5
105f5570	FUN_105f5570	5
105f5580	FUN_105f5580	5
105f5590	FUN_105f5590	5
105f5760	FUN_105f5760	6
105f5770	FUN_105f5770	5
105f5780	FUN_105f5780	5
105f5790	FUN_105f5790	5
105f57a0	FUN_105f57a0	5
105f57b0	FUN_105f57b0	5
105f57c0	FUN_105f57c0	5
105f57d0	FUN_105f57d0	5
105f57e0	FUN_105f57e0	5
105f57f0	FUN_105f57f0	5
105f5800	FUN_105f5800	5
105f5810	FUN_105f5810	5
105f5820	FUN_105f5820	5
105f7dc0	FUN_105f7dc0	16
105f8d00	FUN_105f8d00	21
105f8d20	FUN_105f8d20	21
105f8d40	FUN_105f8d40	21
105f8d60	FUN_105f8d60	21
105f8d80	FUN_105f8d80	21
105f8da0	FUN_105f8da0	21
105f8dc0	FUN_105f8dc0	25
105f8de0	FUN_105f8de0	25
105f8e00	FUN_105f8e00	23
105f8e20	FUN_105f8e20	25
105f8e40	FUN_105f8e40	23
105f8e60	FUN_105f8e60	25
105f8e80	FUN_105f8e80	23
105f8ea0	FUN_105f8ea0	25
105f8ec0	FUN_105f8ec0	23
105f8ee0	FUN_105f8ee0	25
105f8f00	FUN_105f8f00	23
105f8f20	FUN_105f8f20	25
105f8f40	FUN_105f8f40	23
105f8f60	FUN_105f8f60	25
105f8f80	FUN_105f8f80	23
105f8fa0	FUN_105f8fa0	3
105f8fb0	FUN_105f8fb0	3
105f8fc0	FUN_105f8fc0	3
105f8fd0	FUN_105f8fd0	3
105f8fe0	FUN_105f8fe0	3
105f91d0	FUN_105f91d0	49
105f9210	FUN_105f9210	49
105f9320	FUN_105f9320	23
105f9340	FUN_105f9340	49
105f9480	FUN_105f9480	23
105f94a0	FUN_105f94a0	49
105f95e0	FUN_105f95e0	23
105f9600	FUN_105f9600	49
105f9740	FUN_105f9740	23
105f9760	FUN_105f9760	49
105f9870	FUN_105f9870	23
105f9890	FUN_105f9890	49
105f9a40	FUN_105f9a40	49
105f9dc0	FUN_105f9dc0	97
10601330	FUN_10601330	65
106014a0	FUN_106014a0	3
106014b0	FUN_106014b0	7
106014c0	FUN_106014c0	7
106014d0	FUN_106014d0	7
106014e0	FUN_106014e0	3
106014f0	FUN_106014f0	3
10601500	FUN_10601500	3
10601510	FUN_10601510	3
10601520	FUN_10601520	3
10603ca0	FUN_10603ca0	32
10603cd0	FUN_10603cd0	32
10603d00	FUN_10603d00	32
10603d30	FUN_10603d30	32
10603d60	FUN_10603d60	33
10603e40	FUN_10603e40	63
10603e90	FUN_10603e90	49
10603ed0	FUN_10603ed0	49
10603f10	FUN_10603f10	49
10603f50	FUN_10603f50	62
106043c0	FUN_106043c0	3
106043d0	FUN_106043d0	3
106043e0	FUN_106043e0	3
106043f0	FUN_106043f0	3
10604400	FUN_10604400	3
10604410	FUN_10604410	3
10604420	FUN_10604420	3
10604430	FUN_10604430	3
10604440	FUN_10604440	3
10604450	FUN_10604450	3
10604460	FUN_10604460	3
10604480	FUN_10604480	3
10604490	FUN_10604490	3
106044a0	FUN_106044a0	3
106044b0	FUN_106044b0	3
106044c0	FUN_106044c0	3
106044d0	FUN_106044d0	3
106044e0	FUN_106044e0	3
10604500	FUN_10604500	3
10604510	FUN_10604510	3
10604520	FUN_10604520	3
10604530	FUN_10604530	3
10604540	FUN_10604540	3
10604550	FUN_10604550	3
10604560	FUN_10604560	3
10604570	FUN_10604570	6
10604580	FUN_10604580	6
10604590	FUN_10604590	6
106045a0	FUN_106045a0	6
106045b0	FUN_106045b0	6
106045c0	FUN_106045c0	6
10604a20	FUN_10604a20	24
10604a40	FUN_10604a40	24
10604a60	FUN_10604a60	24
10604b50	FUN_10604b50	24
10604b70	FUN_10604b70	24
10604b90	FUN_10604b90	24
10604bb0	FUN_10604bb0	24
10604bd0	FUN_10604bd0	24
10604bf0	FUN_10604bf0	24
10604c10	FUN_10604c10	24
10604c30	FUN_10604c30	24
10604c50	FUN_10604c50	24
10604c70	FUN_10604c70	24
106050e0	FUN_106050e0	7
106050f0	FUN_106050f0	7
10605100	FUN_10605100	7
10605110	FUN_10605110	23
10605130	FUN_10605130	9
10605140	FUN_10605140	9
10605150	FUN_10605150	9
10605160	FUN_10605160	22
10605180	FUN_10605180	18
10608100	FUN_10608100	9
10610c10	FUN_10610c10	7
10610c20	FUN_10610c20	7
10610c30	FUN_10610c30	7
10610e70	FUN_10610e70	23
10613c70	FUN_10613c70	7
10613c80	FUN_10613c80	7
10613c90	FUN_10613c90	7
10618dc0	thunk_FUN_10ebc1e0	5
10618dd0	thunk_FUN_10ebc1d0	5
10618de0	thunk_FUN_10ebc1e0	5
10618df0	thunk_FUN_10ebc1d0	5
10618e00	thunk_FUN_10ebc1d0	5
10618e10	thunk_FUN_10ebc1e0	5
10618e20	thunk_FUN_10ebc1d0	5
10618e30	thunk_FUN_10ebc1e0	5
10618e40	thunk_FUN_10ebc1d0	5
10618e50	thunk_FUN_10ebc1d0	5
10618e60	thunk_FUN_10ebc1d0	5
10618e70	thunk_FUN_10ebc1d0	5
10618e80	thunk_FUN_10ebc1e0	5
10618e90	thunk_FUN_10ebc1d0	5
10618ea0	thunk_FUN_10ebc1d0	5
10618eb0	thunk_FUN_10ebc1d0	5
10618ec0	thunk_FUN_10ebc1d0	5
10618ed0	thunk_FUN_10ebc1e0	5
10618ee0	thunk_FUN_10ebc1d0	5
10618f00	thunk_FUN_10eb41b0	5
10618f10	thunk_FUN_10eb41c0	5
10618f20	thunk_FUN_10eb41c0	5
10618f30	thunk_FUN_10eb41b0	5
10618f40	thunk_FUN_10eb41c0	5
10618f50	thunk_FUN_10eb41b0	5
10618f60	thunk_FUN_10eb41c0	5
10618f70	thunk_FUN_10eb41b0	5
10618f80	thunk_FUN_10eb41c0	5
10618f90	thunk_FUN_10eb41b0	5
10618fa0	thunk_FUN_10eb41c0	5
10618fb0	thunk_FUN_10eb41b0	5
10618fc0	thunk_FUN_10eb41c0	5
10618fd0	thunk_FUN_10eb41b0	5
10618fe0	thunk_FUN_10eb41b0	5
10618ff0	thunk_FUN_10eb41b0	5
10619000	thunk_FUN_10eb41c0	5
10619010	thunk_FUN_10eb41b0	5
10619020	thunk_FUN_10eb41c0	5
10619030	thunk_FUN_10eb41b0	5
10619040	thunk_FUN_10eb41b0	5
10619050	thunk_FUN_10eb41c0	5
10619060	thunk_FUN_10eb41b0	5
10619070	thunk_FUN_10eb41c0	5
10619080	thunk_FUN_10eb41b0	5
10619090	thunk_FUN_10eb41c0	5
106196f0	FUN_106196f0	14
10619710	FUN_10619710	82
10619780	FUN_10619780	82
106197f0	FUN_106197f0	82
10619860	FUN_10619860	6
10619880	FUN_10619880	7
10619890	FUN_10619890	7
10619a50	FUN_10619a50	6
10619a60	FUN_10619a60	6
10619a70	FUN_10619a70	6
10619a80	FUN_10619a80	6
10619a90	FUN_10619a90	6
10619aa0	FUN_10619aa0	6
10619ab0	FUN_10619ab0	6
10619ac0	FUN_10619ac0	6
10619ad0	FUN_10619ad0	6
10619ae0	FUN_10619ae0	6
1061c260	FUN_1061c260	3
1061c270	FUN_1061c270	42
1061c2b0	FUN_1061c2b0	40
1061c2f0	FUN_1061c2f0	40
1061c330	FUN_1061c330	40
1061c430	FUN_1061c430	28
1061c460	FUN_1061c460	28
1061c490	FUN_1061c490	28
1061c4c0	FUN_1061c4c0	28
1061c4f0	FUN_1061c4f0	28
1061c520	FUN_1061c520	20
1061c540	FUN_1061c540	5
1061c550	FUN_1061c550	5
1061c560	FUN_1061c560	5
1061c570	FUN_1061c570	5
1061c580	FUN_1061c580	5
1061c590	FUN_1061c590	5
1061c5a0	FUN_1061c5a0	5
1061c5b0	FUN_1061c5b0	13
1061c5c0	FUN_1061c5c0	13
1061c5d0	FUN_1061c5d0	13
1061c5f0	FUN_1061c5f0	13
1061c600	FUN_1061c600	23
1061c620	FUN_1061c620	7
1061cad0	FUN_1061cad0	43
1061cf20	FUN_1061cf20	7
1061cf30	FUN_1061cf30	3
1061cf40	FUN_1061cf40	3
1061dce0	FUN_1061dce0	3
1061dd70	FUN_1061dd70	28
1061e3c0	FUN_1061e3c0	6
1061e7e0	FUN_1061e7e0	9
1061f870	FUN_1061f870	7
1061f880	FUN_1061f880	3
10621c70	FUN_10621c70	7
106231e0	thunk_FUN_10eb41b0	5
106231f0	thunk_FUN_10eb41c0	5
10623200	FUN_10623200	6
10623220	FUN_10623220	7
10623be0	FUN_10623be0	20
10623c00	FUN_10623c00	13
10623c40	FUN_10623c40	33
10623df0	FUN_10623df0	93
10623e70	FUN_10623e70	92
10623ef0	FUN_10623ef0	5
10623f00	FUN_10623f00	5
10623f10	FUN_10623f10	5
106241a0	FUN_106241a0	15
106241c0	FUN_106241c0	5
106241d0	FUN_106241d0	5
106243c0	FUN_106243c0	33
106243f0	FUN_106243f0	5
10625f80	FUN_10625f80	16
10626fd0	FUN_10626fd0	11
10626fe0	FUN_10626fe0	11
10626ff0	FUN_10626ff0	25
10627010	FUN_10627010	49
106270d0	FUN_106270d0	49
1062ddc0	FUN_1062ddc0	65
1062de20	FUN_1062de20	14
1062de40	FUN_1062de40	12
1062de50	FUN_1062de50	3
1062de60	FUN_1062de60	3
1062de70	FUN_1062de70	3
1062de80	FUN_1062de80	6
1062de90	FUN_1062de90	16
10630710	FUN_10630710	3
106307d0	FUN_106307d0	3
106307f0	FUN_106307f0	13
10630990	FUN_10630990	11
10630fc0	FUN_10630fc0	11
10633d70	FUN_10633d70	9
10633d80	FUN_10633d80	12
10633eb0	FUN_10633eb0	7
1063a6d0	FUN_1063a6d0	22
1063a6f0	FUN_1063a6f0	7
1063db70	FUN_1063db70	7
1063db80	FUN_1063db80	3
1063e480	FUN_1063e480	7
10642eb0	thunk_FUN_10ebc1d0	5
10642ec0	thunk_FUN_10ebc1e0	5
10642ed0	thunk_FUN_10ebc1d0	5
10642ee0	thunk_FUN_10ebc1e0	5
10642ef0	thunk_FUN_10ebc1d0	5
10642f00	thunk_FUN_10ebc1e0	5
10642f10	thunk_FUN_10ebc1d0	5
10642f20	thunk_FUN_10ebc1e0	5
10642f30	thunk_FUN_10ebc1d0	5
10642f40	thunk_FUN_10ebc1d0	5
10642f50	thunk_FUN_10ebc1d0	5
10642f60	thunk_FUN_10ebc1e0	5
10642f70	thunk_FUN_10ebc1d0	5
10642f80	thunk_FUN_10ebc1e0	5
10642f90	thunk_FUN_10ebc1d0	5
10642fa0	thunk_FUN_10ebc1d0	5
10642fb0	thunk_FUN_10ebc1e0	5
10642fc0	thunk_FUN_10ebc1d0	5
10642fd0	thunk_FUN_10ebc1d0	5
10642fe0	thunk_FUN_10ebc1e0	5
10642ff0	thunk_FUN_10ebc1d0	5
10643000	thunk_FUN_10ebc1e0	5
10643010	thunk_FUN_10ebc1d0	5
10643020	thunk_FUN_10ebc1e0	5
10643040	thunk_FUN_10eb41b0	5
10643050	thunk_FUN_10eb41c0	5
10643060	thunk_FUN_10eb41c0	5
10643070	thunk_FUN_10eb41b0	5
10643080	thunk_FUN_10eb41c0	5
10643090	thunk_FUN_10eb41b0	5
106430a0	thunk_FUN_10eb41b0	5
106430b0	thunk_FUN_10eb41b0	5
106430c0	thunk_FUN_10eb41c0	5
106430d0	thunk_FUN_10eb41b0	5
106430e0	thunk_FUN_10eb41c0	5
106430f0	thunk_FUN_10eb41b0	5
10643100	thunk_FUN_10eb41b0	5
10643110	thunk_FUN_10eb41b0	5
10643120	thunk_FUN_10eb41c0	5
10643130	thunk_FUN_10eb41b0	5
10643140	thunk_FUN_10eb41c0	5
10643150	thunk_FUN_10eb41b0	5
10643160	thunk_FUN_10eb41b0	5
10643170	thunk_FUN_10eb41c0	5
10643180	thunk_FUN_10eb41b0	5
10643190	thunk_FUN_10eb41c0	5
106431a0	thunk_FUN_10eb41b0	5
106431b0	thunk_FUN_10eb41c0	5
106431d0	FUN_106431d0	14
10643780	FUN_10643780	24
106437a0	FUN_106437a0	7
106473e0	FUN_106473e0	3
106473f0	FUN_106473f0	3
10647400	FUN_10647400	28
10647430	FUN_10647430	7
10647440	FUN_10647440	13
10647450	FUN_10647450	13
10647460	FUN_10647460	13
10647470	FUN_10647470	9
10647980	FUN_10647980	18
106479a0	FUN_106479a0	18
106479c0	FUN_106479c0	25
106479e0	FUN_106479e0	25
10647a00	FUN_10647a00	18
10647a20	FUN_10647a20	18
10647b80	FUN_10647b80	26
10647ba0	FUN_10647ba0	25
10647bc0	FUN_10647bc0	25
10647be0	FUN_10647be0	33
10648000	FUN_10648000	3
10648510	FUN_10648510	13
10648520	FUN_10648520	13
106485b0	FUN_106485b0	3
106485c0	FUN_106485c0	3
106488d0	FUN_106488d0	15
106488f0	FUN_106488f0	15
10648a10	FUN_10648a10	7
10648a20	FUN_10648a20	7
10648a30	FUN_10648a30	3
10648be0	FUN_10648be0	5
10648cb0	FUN_10648cb0	5
10648cc0	FUN_10648cc0	5
10648d00	FUN_10648d00	5
10648d10	FUN_10648d10	5
10648d20	FUN_10648d20	5
10648d30	FUN_10648d30	5
10648d40	FUN_10648d40	5
10648d50	FUN_10648d50	5
10648d60	FUN_10648d60	5
10648d70	FUN_10648d70	18
10648d90	FUN_10648d90	20
10648f70	FUN_10648f70	12
10648f80	FUN_10648f80	15
10648fa0	FUN_10648fa0	15
10648fc0	FUN_10648fc0	15
10648fe0	FUN_10648fe0	5
10648ff0	FUN_10648ff0	5
10649000	FUN_10649000	5
10649040	FUN_10649040	5
10649050	FUN_10649050	5
10649090	FUN_10649090	5
10649690	FUN_10649690	5
106496a0	FUN_106496a0	12
1064bcc0	FUN_1064bcc0	16
1064bd20	FUN_1064bd20	16
1064d4a0	FUN_1064d4a0	3
1064d4b0	FUN_1064d4b0	10
1064d540	FUN_1064d540	16
1064d560	FUN_1064d560	16
1064d580	FUN_1064d580	21
1064d5a0	FUN_1064d5a0	23
1064d5c0	FUN_1064d5c0	23
1064d5e0	FUN_1064d5e0	25
1064d600	FUN_1064d600	23
1064d620	FUN_1064d620	3
1064d630	FUN_1064d630	3
1064d640	FUN_1064d640	3
1064d650	FUN_1064d650	3
1064d780	FUN_1064d780	23
1064d9f0	FUN_1064d9f0	49
1064da30	FUN_1064da30	23
106541b0	FUN_106541b0	49
106541f0	FUN_106541f0	23
10656b00	FUN_10656b00	31
10656b30	FUN_10656b30	12
10656b40	FUN_10656b40	3
10656b50	FUN_10656b50	3
10656b60	FUN_10656b60	3
10656b70	FUN_10656b70	3
10656b80	FUN_10656b80	3
10656b90	FUN_10656b90	3
1065ab80	FUN_1065ab80	8
1065abc0	FUN_1065abc0	3
1065abd0	FUN_1065abd0	3
1065abe0	FUN_1065abe0	3
1065abf0	FUN_1065abf0	3
1065ac00	FUN_1065ac00	3
1065ac10	FUN_1065ac10	3
1065ac20	FUN_1065ac20	3
1065ac30	FUN_1065ac30	3
1065ac40	FUN_1065ac40	3
1065ac60	FUN_1065ac60	4
1065ac70	FUN_1065ac70	7
1065ace0	FUN_1065ace0	6
1065acf0	FUN_1065acf0	26
1065ad10	FUN_1065ad10	10
1065b100	FUN_1065b100	7
1065e780	FUN_1065e780	3
1065e790	FUN_1065e790	7
1066d530	FUN_1066d530	7
1066e440	FUN_1066e440	7
10677ab0	thunk_FUN_10ebc1e0	5
10677ac0	thunk_FUN_10ebc1d0	5
10677ad0	thunk_FUN_10ebc1e0	5
10677ae0	thunk_FUN_10ebc1d0	5
10677af0	thunk_FUN_10ebc1e0	5
10677b00	thunk_FUN_10ebc1d0	5
10677b10	thunk_FUN_10ebc1e0	5
10677b20	thunk_FUN_10ebc1d0	5
10677b30	thunk_FUN_10ebc1e0	5
10677b40	thunk_FUN_10ebc1d0	5
10677b50	thunk_FUN_10ebc1e0	5
10677b60	thunk_FUN_10ebc1d0	5
10677b70	thunk_FUN_10ebc1d0	5
10677b80	thunk_FUN_10ebc1d0	5
10677b90	thunk_FUN_10ebc1e0	5
10677ba0	thunk_FUN_10ebc1d0	5
10677bb0	thunk_FUN_10ebc1e0	5
10677bc0	thunk_FUN_10ebc1d0	5
10677bd0	thunk_FUN_10ebc1d0	5
10677be0	thunk_FUN_10ebc1e0	5
10677bf0	thunk_FUN_10ebc1d0	5
10677c00	thunk_FUN_10ebc1e0	5
10677c10	thunk_FUN_10ebc1d0	5
10677c20	thunk_FUN_10ebc1e0	5
10677c30	thunk_FUN_10ebc1d0	5
10677c40	thunk_FUN_10ebc1d0	5
10677c50	thunk_FUN_10ebc1d0	5
10677c60	thunk_FUN_10ebc1d0	5
10677c70	thunk_FUN_10ebc1e0	5
10677c80	thunk_FUN_10ebc1d0	5
10677c90	thunk_FUN_10ebc1e0	5
10677ca0	thunk_FUN_10ebc1d0	5
10677cb0	thunk_FUN_10ebc1e0	5
10677cc0	thunk_FUN_10ebc1d0	5
10677cd0	thunk_FUN_10ebc1e0	5
10677ce0	thunk_FUN_10ebc1d0	5
10677cf0	thunk_FUN_10ebc1e0	5
10677d10	FUN_10677d10	7
10677d20	thunk_FUN_105ad900	5
10677d30	thunk_FUN_10eb41b0	5
10677d40	thunk_FUN_10eb41c0	5
10677d50	thunk_FUN_10eb41c0	5
10677d60	thunk_FUN_10eb41b0	5
10677d70	thunk_FUN_10eb41c0	5
10677d80	thunk_FUN_10eb41b0	5
10677d90	thunk_FUN_10eb41c0	5
10677da0	thunk_FUN_10eb41b0	5
10677db0	thunk_FUN_10eb41c0	5
10677dc0	thunk_FUN_10eb41b0	5
10677dd0	thunk_FUN_10eb41c0	5
10677de0	thunk_FUN_10eb41b0	5
10677df0	thunk_FUN_10eb41c0	5
10677e00	thunk_FUN_10eb41b0	5
10677e10	thunk_FUN_10eb41c0	5
10677e20	thunk_FUN_10eb41b0	5
10677e30	thunk_FUN_10eb41c0	5
10677e40	thunk_FUN_10eb41b0	5
10677e50	thunk_FUN_10eb41c0	5
10677e60	thunk_FUN_10eb41b0	5
10677e70	thunk_FUN_10eb41c0	5
10677e80	thunk_FUN_10eb41b0	5
10677e90	thunk_FUN_10eb41c0	5
10677ea0	thunk_FUN_10eb41b0	5
10677eb0	thunk_FUN_10eb41c0	5
10677ec0	thunk_FUN_10eb41b0	5
10677ed0	thunk_FUN_10eb41c0	5
10677ee0	thunk_FUN_10eb41b0	5
10677ef0	thunk_FUN_10eb41c0	5
10677f00	thunk_FUN_10eb41b0	5
10677f10	thunk_FUN_10eb41b0	5
10677f20	thunk_FUN_10eb41b0	5
10677f30	thunk_FUN_10eb41c0	5
10677f40	thunk_FUN_10eb41b0	5
10677f50	thunk_FUN_10eb41c0	5
10677f60	thunk_FUN_10eb41b0	5
10677f70	thunk_FUN_10eb41c0	5
10677f80	thunk_FUN_10eb41b0	5
10677f90	thunk_FUN_10eb41c0	5
10677fa0	thunk_FUN_10eb41b0	5
10677fb0	thunk_FUN_10eb41c0	5
10677fc0	thunk_FUN_10eb41b0	5
10677fd0	thunk_FUN_10eb41c0	5
10678940	FUN_10678940	7
10678960	FUN_10678960	7
1067efa0	FUN_1067efa0	3
1067efb0	FUN_1067efb0	3
1067efc0	FUN_1067efc0	3
1067f050	FUN_1067f050	28
1067f080	FUN_1067f080	28
1067f0b0	FUN_1067f0b0	28
1067f0e0	FUN_1067f0e0	28
1067f120	FUN_1067f120	5
1067f130	FUN_1067f130	5
1067f150	FUN_1067f150	13
1067f1f0	FUN_1067f1f0	13
1067f320	FUN_1067f320	13
1067f330	FUN_1067f330	13
1067f340	FUN_1067f340	31
1067f370	FUN_1067f370	9
1067f450	FUN_1067f450	43
1067f490	FUN_1067f490	5
1067f590	FUN_1067f590	10
1067f990	FUN_1067f990	8
1067f9a0	FUN_1067f9a0	3
1067fb10	FUN_1067fb10	26
1067fb30	FUN_1067fb30	76
10680540	FUN_10680540	3
106805d0	FUN_106805d0	28
106813e0	FUN_106813e0	18
10681400	FUN_10681400	18
10681420	FUN_10681420	25
106815c0	FUN_106815c0	22
106815e0	FUN_106815e0	18
10681600	FUN_10681600	18
106817f0	FUN_106817f0	22
10681850	FUN_10681850	26
10681870	FUN_10681870	12
10681880	FUN_10681880	3
106818d0	FUN_106818d0	13
106818e0	FUN_106818e0	13
106818f0	FUN_106818f0	13
10681900	FUN_10681900	13
10681910	FUN_10681910	3
10681920	FUN_10681920	3
10682460	FUN_10682460	15
10682480	FUN_10682480	15
106825c0	FUN_106825c0	7
106825d0	FUN_106825d0	7
106825e0	FUN_106825e0	5
106825f0	FUN_106825f0	5
10682660	FUN_10682660	92
10682820	FUN_10682820	5
10682970	FUN_10682970	5
10682980	FUN_10682980	5
10682990	FUN_10682990	5
106829a0	FUN_106829a0	5
106829b0	FUN_106829b0	5
106829c0	FUN_106829c0	5
106829d0	FUN_106829d0	5
106829e0	FUN_106829e0	5
106829f0	FUN_106829f0	5
10682a00	FUN_10682a00	5
10682a10	FUN_10682a10	5
10682a20	FUN_10682a20	5
10682ce0	FUN_10682ce0	15
10682d00	FUN_10682d00	15
10682d20	FUN_10682d20	15
10682d40	FUN_10682d40	15
10682d60	FUN_10682d60	5
10682d70	FUN_10682d70	5
10682d80	FUN_10682d80	5
10682d90	FUN_10682d90	5
10682da0	FUN_10682da0	5
10682db0	FUN_10682db0	5
10682dc0	FUN_10682dc0	5
10682dd0	FUN_10682dd0	5
10682de0	FUN_10682de0	5
10682df0	FUN_10682df0	5
10682e00	FUN_10682e00	5
10682e10	FUN_10682e10	5
10682e20	FUN_10682e20	6
10682f80	FUN_10682f80	5
10683070	FUN_10683070	16
10683090	FUN_10683090	18
106830b0	FUN_106830b0	18
10683150	FUN_10683150	11
10683160	FUN_10683160	11
10683270	FUN_10683270	11
10683280	FUN_10683280	11
10683290	FUN_10683290	16
106832b0	FUN_106832b0	16
106832d0	FUN_106832d0	21
106832f0	FUN_106832f0	11
10683300	FUN_10683300	11
10683310	FUN_10683310	23
10683330	FUN_10683330	3
10683340	FUN_10683340	3
10683350	FUN_10683350	3
10683360	FUN_10683360	18
10683580	FUN_10683580	23
106846c0	FUN_106846c0	65
10684720	FUN_10684720	65
10684780	FUN_10684780	14
106847a0	FUN_106847a0	14
106847c0	FUN_106847c0	14
106847e0	FUN_106847e0	14
10684910	FUN_10684910	3
10684920	FUN_10684920	3
10684930	FUN_10684930	7
10684940	FUN_10684940	8
10684950	FUN_10684950	3
10684960	FUN_10684960	3
10684970	FUN_10684970	6
10684980	FUN_10684980	6
10684990	FUN_10684990	6
106849a0	FUN_106849a0	6
106849b0	FUN_106849b0	3
106849c0	FUN_106849c0	3
10684b90	FUN_10684b90	6
10684ba0	FUN_10684ba0	6
10685070	FUN_10685070	49
10685180	FUN_10685180	3
106851b0	FUN_106851b0	5
106851c0	FUN_106851c0	3
106851d0	FUN_106851d0	3
106851e0	FUN_106851e0	3
106851f0	FUN_106851f0	3
10685200	FUN_10685200	3
10685210	FUN_10685210	3
10685220	FUN_10685220	3
10685230	FUN_10685230	3
10685240	FUN_10685240	3
10685250	FUN_10685250	3
10685260	FUN_10685260	3
10685270	FUN_10685270	3
10685280	FUN_10685280	3
10685290	FUN_10685290	3
106852a0	FUN_106852a0	3
106852b0	FUN_106852b0	3
106852c0	FUN_106852c0	3
106852d0	FUN_106852d0	3
106852e0	FUN_106852e0	3
106852f0	FUN_106852f0	3
10685820	FUN_10685820	79
10685890	FUN_10685890	79
10685900	FUN_10685900	30
10685930	FUN_10685930	31
10685960	FUN_10685960	31
10685990	FUN_10685990	3
106859a0	FUN_106859a0	3
106859b0	FUN_106859b0	11
106859c0	FUN_106859c0	11
106859d0	FUN_106859d0	6
106859e0	FUN_106859e0	83
10685a50	FUN_10685a50	83
10685f10	FUN_10685f10	13
10685f20	FUN_10685f20	3
10685f30	FUN_10685f30	11
10685f40	FUN_10685f40	9
10685f80	FUN_10685f80	13
10686400	FUN_10686400	11
10686410	FUN_10686410	4
10686420	FUN_10686420	12
10686430	FUN_10686430	13
10687200	FUN_10687200	6
10687210	FUN_10687210	6
10687220	FUN_10687220	6
10687230	FUN_10687230	6
10687240	FUN_10687240	6
10687250	FUN_10687250	6
10687260	FUN_10687260	6
106872a0	FUN_106872a0	5
106872b0	FUN_106872b0	5
10687760	FUN_10687760	3
10687770	FUN_10687770	3
10687a10	FUN_10687a10	28
10687d10	FUN_10687d10	40
10687d50	FUN_10687d50	6
10687d60	FUN_10687d60	6
10688e70	FUN_10688e70	5
10688eb0	FUN_10688eb0	7
10688ec0	FUN_10688ec0	4
10689680	FUN_10689680	6
1068a160	FUN_1068a160	16
1068a730	FUN_1068a730	7
1068ad80	FUN_1068ad80	6
1068ad90	FUN_1068ad90	6
1068b960	FUN_1068b960	28
1068bea0	FUN_1068bea0	6
1068bfe0	FUN_1068bfe0	39
1068c190	FUN_1068c190	25
1068c1b0	FUN_1068c1b0	25
1068c1d0	FUN_1068c1d0	25
1068c1f0	FUN_1068c1f0	22
1068c2a0	FUN_1068c2a0	22
1068c370	FUN_1068c370	18
1068c390	FUN_1068c390	25
1068c3b0	FUN_1068c3b0	25
1068c3d0	FUN_1068c3d0	5
1068c3e0	FUN_1068c3e0	5
1068c600	FUN_1068c600	22
1068c620	FUN_1068c620	33
1068c650	FUN_1068c650	25
1068c670	FUN_1068c670	33
1068c6a0	FUN_1068c6a0	26
1068c6c0	FUN_1068c6c0	91
1068c740	FUN_1068c740	34
1068c770	FUN_1068c770	12
1068c890	FUN_1068c890	3
1068c8a0	FUN_1068c8a0	3
1068c8b0	FUN_1068c8b0	3
1068c8e0	FUN_1068c8e0	13
1068c8f0	FUN_1068c8f0	13
1068c900	FUN_1068c900	13
1068c910	FUN_1068c910	3
1068c920	FUN_1068c920	3
1068caa0	FUN_1068caa0	18
1068d530	FUN_1068d530	41
1068d570	FUN_1068d570	15
1068d590	FUN_1068d590	15
1068d5b0	FUN_1068d5b0	7
1068d5c0	FUN_1068d5c0	7
1068d5d0	FUN_1068d5d0	7
1068d5e0	FUN_1068d5e0	7
1068d5f0	FUN_1068d5f0	7
1068d600	FUN_1068d600	7
1068d610	FUN_1068d610	5
1068d7d0	FUN_1068d7d0	148
1068dc50	FUN_1068dc50	5
1068ddc0	FUN_1068ddc0	93
1068de40	FUN_1068de40	8
1068ede0	FUN_1068ede0	11
1068f030	FUN_1068f030	92
1068f1c0	FUN_1068f1c0	8
1068f4c0	FUN_1068f4c0	13
1068f8f0	FUN_1068f8f0	24
1068f910	FUN_1068f910	5
1068fd00	FUN_1068fd00	5
1068fd10	FUN_1068fd10	5
1068fd20	FUN_1068fd20	5
1068fd40	FUN_1068fd40	5
1068fd50	FUN_1068fd50	5
1068fd60	FUN_1068fd60	5
1068fd70	FUN_1068fd70	5
1068fd80	FUN_1068fd80	5
1068fd90	FUN_1068fd90	5
1068fda0	FUN_1068fda0	11
1068fdb0	FUN_1068fdb0	22
10690130	FUN_10690130	3
10690580	FUN_10690580	15
106905a0	FUN_106905a0	15
106905c0	FUN_106905c0	15
106906e0	FUN_106906e0	5
106906f0	FUN_106906f0	5
10690700	FUN_10690700	5
10690710	FUN_10690710	5
10690720	FUN_10690720	5
10690730	FUN_10690730	5
10690740	FUN_10690740	5
10690750	FUN_10690750	5
10690770	FUN_10690770	5
10690780	FUN_10690780	5
10690790	FUN_10690790	5
106907a0	FUN_106907a0	5
106907b0	FUN_106907b0	5
106907c0	FUN_106907c0	5
106907d0	FUN_106907d0	5
106907e0	FUN_106907e0	5
10690800	FUN_10690800	5
10690810	FUN_10690810	5
10690820	FUN_10690820	5
10690830	FUN_10690830	5
10690970	FUN_10690970	5
10690990	FUN_10690990	5
106909a0	FUN_106909a0	5
106909b0	FUN_106909b0	5
106909c0	FUN_106909c0	5
10690dc0	FUN_10690dc0	18
10690de0	FUN_10690de0	3
10690df0	FUN_10690df0	10
10690ed0	FUN_10690ed0	11
10690ee0	FUN_10690ee0	11
10690ef0	FUN_10690ef0	11
10690f00	FUN_10690f00	11
10690f10	FUN_10690f10	16
10690f30	FUN_10690f30	13
10690f40	FUN_10690f40	14
10690f60	FUN_10690f60	21
10690f80	FUN_10690f80	21
10690fa0	FUN_10690fa0	21
10690fc0	FUN_10690fc0	23
10690fe0	FUN_10690fe0	25
10691000	FUN_10691000	23
10691020	FUN_10691020	25
10691040	FUN_10691040	23
10691060	FUN_10691060	23
10691080	FUN_10691080	3
10691090	FUN_10691090	3
106910a0	FUN_106910a0	3
106910b0	FUN_106910b0	3
106910c0	FUN_106910c0	11
106913c0	FUN_106913c0	23
106913e0	FUN_106913e0	49
10691420	FUN_10691420	23
10691440	FUN_10691440	49
10691540	FUN_10691540	23
10691560	FUN_10691560	39
10691770	FUN_10691770	49
10691870	FUN_10691870	23
106921a0	FUN_106921a0	11
106921b0	FUN_106921b0	24
10692570	FUN_10692570	3
106928b0	FUN_106928b0	131
106929a0	FUN_106929a0	18
106929c0	FUN_106929c0	65
10692a80	FUN_10692a80	14
10692aa0	FUN_10692aa0	14
10692ac0	FUN_10692ac0	14
10692ae0	FUN_10692ae0	3
10692af0	FUN_10692af0	8
10692b00	FUN_10692b00	6
10692b10	FUN_10692b10	6
10692b20	FUN_10692b20	6
10692b30	FUN_10692b30	6
10692b40	FUN_10692b40	3
10692b50	FUN_10692b50	9
10692b60	FUN_10692b60	9
10692b70	FUN_10692b70	3
10692b80	FUN_10692b80	10
106938b0	FUN_106938b0	30
106938e0	FUN_106938e0	63
10693930	FUN_10693930	49
10693970	FUN_10693970	49
10693e70	FUN_10693e70	8
10693e80	FUN_10693e80	5
10694060	FUN_10694060	3
10694070	FUN_10694070	3
10694080	FUN_10694080	3
10694090	FUN_10694090	3
106940a0	FUN_106940a0	3
106940b0	FUN_106940b0	3
106940c0	FUN_106940c0	3
106940d0	FUN_106940d0	3
106940e0	FUN_106940e0	3
106940f0	FUN_106940f0	3
10694100	FUN_10694100	3
10694110	FUN_10694110	3
10694120	FUN_10694120	3
10694130	FUN_10694130	3
10694140	FUN_10694140	4
106941d0	FUN_106941d0	7
106941e0	FUN_106941e0	13
106941f0	FUN_106941f0	13
10694200	FUN_10694200	3
10694210	FUN_10694210	3
106942a0	FUN_106942a0	3
106942b0	FUN_106942b0	3
106942c0	FUN_106942c0	3
106942d0	FUN_106942d0	3
10694390	FUN_10694390	11
106943a0	FUN_106943a0	6
106943b0	FUN_106943b0	6
106943c0	FUN_106943c0	6
106943d0	FUN_106943d0	6
106943e0	FUN_106943e0	26
10694400	FUN_10694400	26
10694420	FUN_10694420	26
10694440	FUN_10694440	76
106944a0	FUN_106944a0	10
10694560	FUN_10694560	55
10694990	FUN_10694990	24
10694b00	FUN_10694b00	24
10694b20	FUN_10694b20	14
10694b40	FUN_10694b40	13
10694b50	FUN_10694b50	12
10694b60	FUN_10694b60	11
10694d80	FUN_10694d80	43
10694dc0	FUN_10694dc0	3
10694dd0	FUN_10694dd0	3
10695050	FUN_10695050	11
106950c0	FUN_106950c0	4
10695290	FUN_10695290	23
106952b0	FUN_106952b0	9
106952c0	FUN_106952c0	9
106952d0	FUN_106952d0	123
10695370	FUN_10695370	59
10695500	FUN_10695500	9
10695510	FUN_10695510	9
10695520	FUN_10695520	12
10695530	FUN_10695530	11
10695540	FUN_10695540	12
106964e0	FUN_106964e0	4
106968e0	FUN_106968e0	7
106968f0	FUN_106968f0	7
10696900	FUN_10696900	7
10696910	FUN_10696910	7
10696920	FUN_10696920	7
10696930	FUN_10696930	7
10696950	FUN_10696950	6
10696960	FUN_10696960	6
10696970	FUN_10696970	6
10696980	FUN_10696980	6
10696990	FUN_10696990	6
106969a0	FUN_106969a0	6
106969b0	FUN_106969b0	6
106969c0	FUN_106969c0	6
106969d0	FUN_106969d0	6
106969e0	FUN_106969e0	6
106969f0	FUN_106969f0	5
10696a00	FUN_10696a00	3
10696c80	FUN_10696c80	5
10696ca0	FUN_10696ca0	9
10696fa0	FUN_10696fa0	26
10697000	FUN_10697000	16
10697a20	FUN_10697a20	3
10697a30	FUN_10697a30	3
10697a40	FUN_10697a40	3
106997e0	FUN_106997e0	7
106997f0	FUN_106997f0	7
10699800	FUN_10699800	7
10699810	FUN_10699810	3
10699820	FUN_10699820	3
10699830	FUN_10699830	28
10699860	FUN_10699860	22
10699940	FUN_10699940	18
10699960	FUN_10699960	25
10699980	FUN_10699980	25
106999d0	FUN_106999d0	22
106999f0	FUN_106999f0	5
10699a00	FUN_10699a00	5
10699a50	FUN_10699a50	18
10699aa0	FUN_10699aa0	25
10699ac0	FUN_10699ac0	25
10699b20	FUN_10699b20	26
10699b40	FUN_10699b40	26
10699b60	FUN_10699b60	26
10699b80	FUN_10699b80	78
10699bf0	FUN_10699bf0	12
10699c00	FUN_10699c00	12
10699c10	FUN_10699c10	3
10699c40	FUN_10699c40	13
10699c50	FUN_10699c50	13
10699c60	FUN_10699c60	13
10699c70	FUN_10699c70	3
10699c80	FUN_10699c80	3
10699c90	FUN_10699c90	18
10699e40	FUN_10699e40	15
10699f00	FUN_10699f00	7
10699f10	FUN_10699f10	5
10699f20	FUN_10699f20	3
10699f30	FUN_10699f30	3
10699f60	FUN_10699f60	19
10699f80	FUN_10699f80	19
1069a210	FUN_1069a210	5
1069a220	FUN_1069a220	5
1069a240	FUN_1069a240	5
1069a250	FUN_1069a250	5
1069a260	FUN_1069a260	5
1069a270	FUN_1069a270	5
1069a340	FUN_1069a340	15
1069a3e0	FUN_1069a3e0	5
1069a3f0	FUN_1069a3f0	5
1069a410	FUN_1069a410	5
1069a420	FUN_1069a420	5
1069a430	FUN_1069a430	5
1069a440	FUN_1069a440	5
1069a460	FUN_1069a460	5
1069a470	FUN_1069a470	5
1069a4a0	FUN_1069a4a0	5
1069a4b0	FUN_1069a4b0	5
1069a4d0	FUN_1069a4d0	5
1069a4e0	FUN_1069a4e0	5
1069a4f0	FUN_1069a4f0	5
1069a500	FUN_1069a500	19
1069a520	FUN_1069a520	19
1069ac60	FUN_1069ac60	16
1069ad40	FUN_1069ad40	18
1069ad60	FUN_1069ad60	10
1069afa0	FUN_1069afa0	11
1069afb0	FUN_1069afb0	11
1069afc0	FUN_1069afc0	16
1069afe0	FUN_1069afe0	23
1069b000	FUN_1069b000	14
1069b020	FUN_1069b020	23
1069b040	FUN_1069b040	3
1069bb20	FUN_1069bb20	11
1069c150	FUN_1069c150	3
1069c780	FUN_1069c780	65
1069c850	FUN_1069c850	226
1069c970	FUN_1069c970	226
1069ca90	FUN_1069ca90	226
1069cbb0	FUN_1069cbb0	14
1069cbd0	FUN_1069cbd0	14
1069cc20	FUN_1069cc20	3
1069cc30	FUN_1069cc30	3
1069cc40	FUN_1069cc40	3
1069cc50	FUN_1069cc50	3
1069cc60	FUN_1069cc60	8
1069cc70	FUN_1069cc70	8
1069cc80	FUN_1069cc80	6
1069cc90	FUN_1069cc90	6
1069cca0	FUN_1069cca0	9
1069ccb0	FUN_1069ccb0	9
1069ccc0	FUN_1069ccc0	10
1069d9c0	FUN_1069d9c0	8
1069dc10	FUN_1069dc10	3
1069dc20	FUN_1069dc20	3
1069dc30	FUN_1069dc30	3
1069dc40	FUN_1069dc40	3
1069dc50	FUN_1069dc50	3
1069dc60	FUN_1069dc60	3
1069dc70	FUN_1069dc70	4
1069dd00	FUN_1069dd00	7
1069dd10	FUN_1069dd10	4
1069dd20	FUN_1069dd20	4
1069ddc0	FUN_1069ddc0	216
1069ded0	FUN_1069ded0	3
1069dee0	FUN_1069dee0	3
1069dfa0	FUN_1069dfa0	11
1069dfb0	FUN_1069dfb0	6
1069dfc0	FUN_1069dfc0	26
1069dfe0	FUN_1069dfe0	26
1069e000	FUN_1069e000	10
1069e010	FUN_1069e010	97
1069e090	FUN_1069e090	45
1069e0d0	FUN_1069e0d0	33
1069e1d0	FUN_1069e1d0	14
1069e1f0	FUN_1069e1f0	13
1069e200	FUN_1069e200	3
1069e210	FUN_1069e210	12
1069e220	FUN_1069e220	11
1069e230	FUN_1069e230	4
1069e240	FUN_1069e240	43
1069e3c0	FUN_1069e3c0	19
1069e3e0	FUN_1069e3e0	4
1069e8e0	FUN_1069e8e0	68
1069ed20	FUN_1069ed20	32
1069ed50	FUN_1069ed50	32
106a0000	FUN_106a0000	7
106a0010	FUN_106a0010	7
106a0020	FUN_106a0020	7
106a0030	FUN_106a0030	4
106a0050	FUN_106a0050	6
106a0060	FUN_106a0060	6
106a0070	FUN_106a0070	6
106a0080	FUN_106a0080	6
106a0090	FUN_106a0090	3
106a00a0	FUN_106a00a0	3
106a00b0	FUN_106a00b0	3
106a00c0	FUN_106a00c0	3
106a0570	FUN_106a0570	28
106a05a0	FUN_106a05a0	28
106a05d0	FUN_106a05d0	28
106a0600	FUN_106a0600	28
106a0630	FUN_106a0630	9
106a1270	FUN_106a1270	25
106a1290	FUN_106a1290	26
106a12b0	FUN_106a12b0	6
106a1660	FUN_106a1660	3
106a19d0	FUN_106a19d0	9
106a1a40	FUN_106a1a40	6
106a1de0	FUN_106a1de0	3
106a1f10	FUN_106a1f10	28
106a2a50	FUN_106a2a50	14
106a2a70	FUN_106a2a70	13
106a2ea0	FUN_106a2ea0	18
106a2ec0	FUN_106a2ec0	13
106a2ed0	FUN_106a2ed0	22
106a2ef0	FUN_106a2ef0	18
106a3030	FUN_106a3030	22
106a3050	FUN_106a3050	11
106a3060	FUN_106a3060	13
106a3700	FUN_106a3700	5
106a3710	FUN_106a3710	37
106a3900	FUN_106a3900	5
106a3910	FUN_106a3910	5
106a3920	FUN_106a3920	5
106a3970	FUN_106a3970	15
106a3990	FUN_106a3990	5
106a39a0	FUN_106a39a0	5
106a39b0	FUN_106a39b0	5
106a39c0	FUN_106a39c0	5
106a3b30	FUN_106a3b30	11
106a3b40	FUN_106a3b40	11
106a3bd0	FUN_106a3bd0	11
106a3be0	FUN_106a3be0	3
106a3ef0	FUN_106a3ef0	78
106a3f60	FUN_106a3f60	46
106a3ff0	FUN_106a3ff0	11
106a4420	FUN_106a4420	14
106a4440	FUN_106a4440	14
106a4580	FUN_106a4580	6
106a4590	FUN_106a4590	82
106a4600	FUN_106a4600	6
106a4760	FUN_106a4760	16
106a48c0	FUN_106a48c0	23
106a4ec0	FUN_106a4ec0	17
106a4ee0	FUN_106a4ee0	19
106a5070	FUN_106a5070	3
106a5480	FUN_106a5480	79
106a5520	FUN_106a5520	83
106a5590	FUN_106a5590	51
106a64e0	FUN_106a64e0	59
106a6530	FUN_106a6530	13
106a6a80	FUN_106a6a80	12
106a6a90	FUN_106a6a90	11
106a6bf0	FUN_106a6bf0	12
106a6e40	FUN_106a6e40	7
106a6ea0	FUN_106a6ea0	8
106a6eb0	FUN_106a6eb0	8
106a6ec0	FUN_106a6ec0	6
106a6ed0	FUN_106a6ed0	6
106a7330	FUN_106a7330	5
106a7680	FUN_106a7680	11
106a7690	FUN_106a7690	9
106a7ec0	FUN_106a7ec0	4
106a7ed0	FUN_106a7ed0	18
106a7ef0	FUN_106a7ef0	76
106a8680	FUN_106a8680	18
106a86a0	FUN_106a86a0	18
106a86c0	FUN_106a86c0	25
106a86e0	FUN_106a86e0	25
106a8700	FUN_106a8700	25
106a8720	FUN_106a8720	22
106a8740	FUN_106a8740	22
106a8760	FUN_106a8760	22
106a8860	FUN_106a8860	22
106a8880	FUN_106a8880	18
106a88a0	FUN_106a88a0	18
106a8b20	FUN_106a8b20	25
106a8b40	FUN_106a8b40	11
106a8b50	FUN_106a8b50	11
106a8b60	FUN_106a8b60	22
106a8b80	FUN_106a8b80	22
106a8ba0	FUN_106a8ba0	18
106a8d50	FUN_106a8d50	11
106a8ef0	FUN_106a8ef0	22
106a8f10	FUN_106a8f10	18
106a8fd0	FUN_106a8fd0	33
106a9000	FUN_106a9000	25
106a9020	FUN_106a9020	33
106a9050	FUN_106a9050	25
106a9070	FUN_106a9070	27
106a90a0	FUN_106a90a0	91
106a9120	FUN_106a9120	26
106a9300	FUN_106a9300	3
106a9310	FUN_106a9310	3
106a9320	FUN_106a9320	3
106a9330	FUN_106a9330	3
106a9b50	FUN_106a9b50	5
106a9b60	FUN_106a9b60	5
106a9b70	FUN_106a9b70	13
106a9b80	FUN_106a9b80	13
106a9b90	FUN_106a9b90	13
106a9ba0	FUN_106a9ba0	13
106a9ff0	FUN_106a9ff0	3
106aa000	FUN_106aa000	3
106aa350	FUN_106aa350	23
106aa400	FUN_106aa400	29
106aa430	FUN_106aa430	46
106aa4d0	FUN_106aa4d0	23
106aa550	FUN_106aa550	27
106aa580	FUN_106aa580	46
106aba00	FUN_106aba00	15
106aba20	FUN_106aba20	15
106abb40	FUN_106abb40	7
106abb50	FUN_106abb50	7
106abb60	FUN_106abb60	5
106abb70	FUN_106abb70	7
106abb80	FUN_106abb80	7
106abb90	FUN_106abb90	7
106abba0	FUN_106abba0	7
106abbb0	FUN_106abbb0	7
106abbc0	FUN_106abbc0	7
106abbd0	FUN_106abbd0	7
106ac400	FUN_106ac400	5
106ac410	FUN_106ac410	5
106ac420	FUN_106ac420	5
106ac860	FUN_106ac860	8
106ad1f0	FUN_106ad1f0	11
106ad200	FUN_106ad200	3
106ad210	FUN_106ad210	3
106ad220	FUN_106ad220	3
106ad230	FUN_106ad230	3
106ad5d0	FUN_106ad5d0	8
106ad6c0	FUN_106ad6c0	5
106ad7e0	FUN_106ad7e0	13
106ad7f0	FUN_106ad7f0	13
106ad800	FUN_106ad800	13
106adc20	FUN_106adc20	19
106adc40	FUN_106adc40	3
106ae0f0	FUN_106ae0f0	7
106ae100	FUN_106ae100	24
106ae1b0	FUN_106ae1b0	5
106ae1c0	FUN_106ae1c0	5
106ae1d0	FUN_106ae1d0	5
106ae780	FUN_106ae780	5
106ae790	FUN_106ae790	5
106ae7a0	FUN_106ae7a0	5
106ae7b0	FUN_106ae7b0	5
106ae7c0	FUN_106ae7c0	5
106ae820	FUN_106ae820	5
106ae830	FUN_106ae830	5
106ae840	FUN_106ae840	5
106ae850	FUN_106ae850	5
106ae860	FUN_106ae860	5
106ae870	FUN_106ae870	5
106ae880	FUN_106ae880	5
106ae890	FUN_106ae890	5
106ae8a0	FUN_106ae8a0	5
106ae8b0	FUN_106ae8b0	5
106ae8c0	FUN_106ae8c0	5
106ae8d0	FUN_106ae8d0	5
106ae8e0	FUN_106ae8e0	5
106ae8f0	FUN_106ae8f0	5
106ae900	FUN_106ae900	5
106ae910	FUN_106ae910	5
106ae920	FUN_106ae920	5
106ae930	FUN_106ae930	5
106ae940	FUN_106ae940	5
106ae950	FUN_106ae950	5
106ae960	FUN_106ae960	5
106ae970	FUN_106ae970	18
106ae990	FUN_106ae990	17
106ae9b0	FUN_106ae9b0	20
106ae9d0	FUN_106ae9d0	20
106aeaa0	FUN_106aeaa0	22
106aec40	FUN_106aec40	14
106aec60	FUN_106aec60	14
106aed60	FUN_106aed60	35
106af010	FUN_106af010	11
106af020	FUN_106af020	12
106af030	FUN_106af030	26
106af050	FUN_106af050	86
106af290	FUN_106af290	40
106af370	FUN_106af370	42
106af5c0	FUN_106af5c0	15
106af5e0	FUN_106af5e0	15
106af600	FUN_106af600	15
106af620	FUN_106af620	15
106af640	FUN_106af640	15
106af660	FUN_106af660	15
106af780	FUN_106af780	5
106af790	FUN_106af790	5
106af7a0	FUN_106af7a0	5
106af7b0	FUN_106af7b0	5
106af7c0	FUN_106af7c0	5
106af7d0	FUN_106af7d0	5
106af7e0	FUN_106af7e0	5
106af7f0	FUN_106af7f0	5
106af800	FUN_106af800	5
106af810	FUN_106af810	5
106af820	FUN_106af820	5
106af830	FUN_106af830	5
106af840	FUN_106af840	5
106af850	FUN_106af850	5
106af860	FUN_106af860	5
106af8c0	FUN_106af8c0	5
106af8d0	FUN_106af8d0	5
106af8e0	FUN_106af8e0	5
106af8f0	FUN_106af8f0	5
106af900	FUN_106af900	5
106af910	FUN_106af910	5
106af920	FUN_106af920	5
106af930	FUN_106af930	5
106af940	FUN_106af940	5
106af950	FUN_106af950	5
106af960	FUN_106af960	5
106af9c0	FUN_106af9c0	5
106af9d0	FUN_106af9d0	5
106af9e0	FUN_106af9e0	5
106af9f0	FUN_106af9f0	5
106afa00	FUN_106afa00	5
106afa10	FUN_106afa10	5
106afa20	FUN_106afa20	5
106afa30	FUN_106afa30	5
106afa40	FUN_106afa40	5
106afa50	FUN_106afa50	11
106afc80	FUN_106afc80	49
106b0000	FUN_106b0000	5
106b0010	FUN_106b0010	5
106b0020	FUN_106b0020	5
106b0080	FUN_106b0080	5
106b0090	FUN_106b0090	5
106b00a0	FUN_106b00a0	5
106b00b0	FUN_106b00b0	5
106b00c0	FUN_106b00c0	5
106b00d0	FUN_106b00d0	5
106b00e0	FUN_106b00e0	5
106b00f0	FUN_106b00f0	12
106b0100	FUN_106b0100	15
106b02a0	FUN_106b02a0	19
106b05e0	FUN_106b05e0	16
106b0600	FUN_106b0600	16
106b0620	FUN_106b0620	16
106b0740	FUN_106b0740	18
106b0760	FUN_106b0760	18
106b0780	FUN_106b0780	3
106b0790	FUN_106b0790	10
106b0870	FUN_106b0870	11
106b0880	FUN_106b0880	11
106b0970	FUN_106b0970	11
106b0980	FUN_106b0980	11
106b09d0	FUN_106b09d0	11
106b09e0	FUN_106b09e0	11
106b0af0	FUN_106b0af0	11
106b0b00	FUN_106b0b00	11
106b0b10	FUN_106b0b10	11
106b0b20	FUN_106b0b20	11
106b0b30	FUN_106b0b30	11
106b0b40	FUN_106b0b40	16
106b0b60	FUN_106b0b60	16
106b0b80	FUN_106b0b80	13
106b0b90	FUN_106b0b90	21
106b0bb0	FUN_106b0bb0	21
106b0bd0	FUN_106b0bd0	21
106b0bf0	FUN_106b0bf0	21
106b0c10	FUN_106b0c10	11
106b0c20	FUN_106b0c20	11
106b0c30	FUN_106b0c30	11
106b0c40	FUN_106b0c40	11
106b0c50	FUN_106b0c50	11
106b0c60	FUN_106b0c60	11
106b0c70	FUN_106b0c70	23
106b0c90	FUN_106b0c90	25
106b0cb0	FUN_106b0cb0	23
106b0cd0	FUN_106b0cd0	25
106b0cf0	FUN_106b0cf0	23
106b0d10	FUN_106b0d10	3
106b0d20	FUN_106b0d20	3
106b0d30	FUN_106b0d30	3
106b0d40	FUN_106b0d40	3
106b0d50	FUN_106b0d50	3
106b0fd0	FUN_106b0fd0	13
106b10b0	FUN_106b10b0	23
106b10d0	FUN_106b10d0	49
106b1110	FUN_106b1110	23
106b1350	FUN_106b1350	23
106b2310	FUN_106b2310	14
106b3230	FUN_106b3230	15
106b3250	FUN_106b3250	11
106b36a0	FUN_106b36a0	34
106b3940	FUN_106b3940	19
106b52e0	FUN_106b52e0	18
106b5450	FUN_106b5450	65
106b5590	FUN_106b5590	67
106b55f0	FUN_106b55f0	58
106b5640	FUN_106b5640	112
106b56d0	FUN_106b56d0	67
106b5730	FUN_106b5730	58
106b5780	FUN_106b5780	31
106b57b0	FUN_106b57b0	31
106b5970	FUN_106b5970	5
106b5980	FUN_106b5980	112
106b5ab0	FUN_106b5ab0	14
106b5ad0	FUN_106b5ad0	14
106b5af0	FUN_106b5af0	14
106b5b10	FUN_106b5b10	14
106b5b30	FUN_106b5b30	14
106b5b50	FUN_106b5b50	14
106b5b70	FUN_106b5b70	14
106b5c10	FUN_106b5c10	14
106b5c30	FUN_106b5c30	14
106b5c50	FUN_106b5c50	14
106b5c80	FUN_106b5c80	14
106b5ca0	FUN_106b5ca0	14
106b5cc0	FUN_106b5cc0	14
106b5ce0	FUN_106b5ce0	14
106b60f0	FUN_106b60f0	12
106b6100	FUN_106b6100	12
106b6110	FUN_106b6110	12
106b6120	FUN_106b6120	15
106b6140	FUN_106b6140	15
106b6160	FUN_106b6160	3
106b6170	FUN_106b6170	3
106b6180	FUN_106b6180	7
106b6190	FUN_106b6190	3
106b61a0	FUN_106b61a0	7
106b61b0	FUN_106b61b0	7
106b61c0	FUN_106b61c0	3
106b61d0	FUN_106b61d0	3
106b61e0	FUN_106b61e0	3
106b61f0	FUN_106b61f0	3
106b6200	FUN_106b6200	6
106b6210	FUN_106b6210	6
106b6220	FUN_106b6220	6
106b6230	FUN_106b6230	3
106b6240	FUN_106b6240	3
106b6250	FUN_106b6250	3
106b6260	FUN_106b6260	3
106b6270	FUN_106b6270	6
106b6280	FUN_106b6280	6
106b6290	FUN_106b6290	6
106b62a0	FUN_106b62a0	6
106b62b0	FUN_106b62b0	6
106b62c0	FUN_106b62c0	3
106b62d0	FUN_106b62d0	3
106b6490	FUN_106b6490	16
106b64b0	FUN_106b64b0	6
106b64c0	FUN_106b64c0	6
106b64d0	FUN_106b64d0	6
106b64e0	FUN_106b64e0	16
106b6500	FUN_106b6500	6
106b6510	FUN_106b6510	6
106b6520	FUN_106b6520	18
106b6790	FUN_106b6790	18
106b67b0	FUN_106b67b0	18
106b67d0	FUN_106b67d0	14
106b67f0	FUN_106b67f0	14
106b81d0	FUN_106b81d0	30
106b8200	FUN_106b8200	33
106b8230	FUN_106b8230	49
106b8270	FUN_106b8270	49
106b82b0	FUN_106b82b0	49
106b82f0	FUN_106b82f0	63
106b8900	FUN_106b8900	3
106b8910	FUN_106b8910	3
106b8920	FUN_106b8920	3
106b8a80	FUN_106b8a80	21
106b8aa0	FUN_106b8aa0	21
106b8f70	FUN_106b8f70	8
106b8f80	FUN_106b8f80	54
106b9210	FUN_106b9210	5
106b9b50	FUN_106b9b50	3
106b9b60	FUN_106b9b60	3
106b9b70	FUN_106b9b70	3
106b9b80	FUN_106b9b80	3
106b9b90	FUN_106b9b90	3
106b9ba0	FUN_106b9ba0	3
106b9bb0	FUN_106b9bb0	3
106b9bc0	FUN_106b9bc0	3
106b9bd0	FUN_106b9bd0	3
106b9be0	FUN_106b9be0	3
106b9bf0	FUN_106b9bf0	3
106b9c00	FUN_106b9c00	3
106b9c10	FUN_106b9c10	3
106b9c20	FUN_106b9c20	3
106b9c30	FUN_106b9c30	3
106b9c40	FUN_106b9c40	3
106b9c50	FUN_106b9c50	3
106b9c60	FUN_106b9c60	3
106b9c70	FUN_106b9c70	3
106b9c80	FUN_106b9c80	3
106b9c90	FUN_106b9c90	3
106b9ca0	FUN_106b9ca0	3
106b9cb0	FUN_106b9cb0	3
106b9cd0	FUN_106b9cd0	3
106b9ce0	FUN_106b9ce0	3
106b9cf0	FUN_106b9cf0	3
106b9d00	FUN_106b9d00	3
106b9d10	FUN_106b9d10	3
106b9d20	FUN_106b9d20	3
106b9d30	FUN_106b9d30	3
106b9d40	FUN_106b9d40	3
106b9d50	FUN_106b9d50	3
106b9d60	FUN_106b9d60	3
106b9d70	FUN_106b9d70	3
106b9d80	FUN_106b9d80	3
106b9d90	FUN_106b9d90	4
106ba340	FUN_106ba340	5
106ba350	FUN_106ba350	7
106ba440	FUN_106ba440	13
106ba450	FUN_106ba450	18
106ba470	FUN_106ba470	30
106ba4d0	FUN_106ba4d0	3
106ba4e0	FUN_106ba4e0	3
106ba4f0	FUN_106ba4f0	31
106ba6c0	FUN_106ba6c0	3
106ba6d0	FUN_106ba6d0	3
106ba6e0	FUN_106ba6e0	3
106ba6f0	FUN_106ba6f0	3
106ba700	FUN_106ba700	3
106ba710	FUN_106ba710	3
106ba720	FUN_106ba720	3
106ba730	FUN_106ba730	3
106ba7f0	FUN_106ba7f0	11
106ba800	FUN_106ba800	11
106ba810	FUN_106ba810	8
106ba820	FUN_106ba820	6
106ba830	FUN_106ba830	6
106ba840	FUN_106ba840	6
106ba850	FUN_106ba850	6
106ba860	FUN_106ba860	26
106ba960	FUN_106ba960	9
106ba970	FUN_106ba970	10
106ba980	FUN_106ba980	33
106bb0c0	FUN_106bb0c0	24
106bb170	FUN_106bb170	24
106bb2d0	FUN_106bb2d0	24
106bb380	FUN_106bb380	24
106bb3a0	FUN_106bb3a0	14
106bb3c0	FUN_106bb3c0	13
106bb3d0	FUN_106bb3d0	13
106bb3e0	FUN_106bb3e0	3
106bb3f0	FUN_106bb3f0	3
106bb400	FUN_106bb400	12
106bb410	FUN_106bb410	10
106bb420	FUN_106bb420	4
106bb430	FUN_106bb430	4
106bb600	FUN_106bb600	11
106bb610	FUN_106bb610	11
106bb620	FUN_106bb620	3
106bb630	FUN_106bb630	3
106bd1b0	FUN_106bd1b0	13
106bd1c0	FUN_106bd1c0	13
106bd1d0	FUN_106bd1d0	11
106bd1e0	FUN_106bd1e0	11
106bd1f0	FUN_106bd1f0	11
106bd200	FUN_106bd200	11
106bd230	FUN_106bd230	4
106bd240	FUN_106bd240	9
106bd250	FUN_106bd250	9
106bd260	FUN_106bd260	9
106bd270	FUN_106bd270	23
106bd290	FUN_106bd290	13
106bd2a0	FUN_106bd2a0	11
106bd3e0	FUN_106bd3e0	68
106bde00	FUN_106bde00	66
106be370	FUN_106be370	9
106be380	FUN_106be380	9
106be390	FUN_106be390	9
106be720	FUN_106be720	8
106be730	FUN_106be730	12
106be740	FUN_106be740	11
106be750	FUN_106be750	11
106be760	FUN_106be760	11
106be770	FUN_106be770	11
106be780	FUN_106be780	12
106be790	FUN_106be790	12
106be7a0	FUN_106be7a0	12
106be7b0	FUN_106be7b0	12
106beb80	FUN_106beb80	57
106bed40	FUN_106bed40	3
106c1790	FUN_106c1790	4
106c4480	FUN_106c4480	7
106c6c00	thunk_FUN_105ad900	5
106c6c10	thunk_FUN_105ad900	5
106c7450	FUN_106c7450	8
106c7460	FUN_106c7460	7
106c8570	FUN_106c8570	29
106c85a0	FUN_106c85a0	29
106c9cd0	FUN_106c9cd0	7
106c9ce0	FUN_106c9ce0	7
106ca050	FUN_106ca050	7
106ca060	FUN_106ca060	7
106ca0b0	FUN_106ca0b0	6
106ca0c0	FUN_106ca0c0	6
106ca0d0	FUN_106ca0d0	6
106ca0e0	FUN_106ca0e0	6
106ca0f0	FUN_106ca0f0	6
106ca100	FUN_106ca100	6
106ca110	FUN_106ca110	6
106ca120	FUN_106ca120	6
106ca130	FUN_106ca130	6
106ca140	FUN_106ca140	6
106ca150	FUN_106ca150	6
106ca160	FUN_106ca160	6
106cc630	FUN_106cc630	5
106cc640	FUN_106cc640	5
106cc690	FUN_106cc690	3
106cc6a0	FUN_106cc6a0	3
106cc6b0	FUN_106cc6b0	3
106cc840	FUN_106cc840	40
106cca00	FUN_106cca00	28
106cca30	FUN_106cca30	28
106cca60	FUN_106cca60	28
106cca90	FUN_106cca90	28
106ce7d0	FUN_106ce7d0	5
106ce7e0	FUN_106ce7e0	5
106ce7f0	FUN_106ce7f0	5
106cef70	FUN_106cef70	4
106cef80	FUN_106cef80	4
106cef90	FUN_106cef90	9
106cefa0	FUN_106cefa0	27
106cefd0	FUN_106cefd0	9
106cefe0	FUN_106cefe0	23
106cfdc0	FUN_106cfdc0	5
106cfe70	FUN_106cfe70	10
106cfe80	FUN_106cfe80	12
106d0200	FUN_106d0200	3
106d0210	FUN_106d0210	8
106d0220	FUN_106d0220	4
106d0400	FUN_106d0400	8
106d0410	FUN_106d0410	4
106d0420	FUN_106d0420	7
106d0430	FUN_106d0430	26
106d0450	FUN_106d0450	10
106d0aa0	FUN_106d0aa0	16
106d0ac0	FUN_106d0ac0	4
106d0d50	FUN_106d0d50	3
106d1250	FUN_106d1250	18
106d1270	FUN_106d1270	22
106d1290	FUN_106d1290	22
106d12b0	FUN_106d12b0	18
106d1450	FUN_106d1450	22
106d16c0	FUN_106d16c0	91
106d1740	FUN_106d1740	26
106d1760	FUN_106d1760	3
106d1810	FUN_106d1810	13
106d1820	FUN_106d1820	13
106d1830	FUN_106d1830	3
106d1ae0	FUN_106d1ae0	15
106d1ba0	FUN_106d1ba0	5
106d1cf0	FUN_106d1cf0	5
106d1fd0	FUN_106d1fd0	5
106d1fe0	FUN_106d1fe0	5
106d2030	FUN_106d2030	5
106d2040	FUN_106d2040	5
106d2050	FUN_106d2050	5
106d2060	FUN_106d2060	5
106d2130	FUN_106d2130	86
106d21a0	FUN_106d21a0	15
106d21c0	FUN_106d21c0	15
106d21e0	FUN_106d21e0	5
106d21f0	FUN_106d21f0	5
106d2240	FUN_106d2240	5
106d24c0	FUN_106d24c0	16
106d2500	FUN_106d2500	18
106d2560	FUN_106d2560	11
106d2570	FUN_106d2570	11
106d2600	FUN_106d2600	11
106d2610	FUN_106d2610	11
106d2620	FUN_106d2620	16
106d2640	FUN_106d2640	3
106d3000	FUN_106d3000	65
106d3060	FUN_106d3060	14
106d3080	FUN_106d3080	14
106d30a0	FUN_106d30a0	14
106d30c0	FUN_106d30c0	14
106d31f0	FUN_106d31f0	3
106d3200	FUN_106d3200	7
106d3210	FUN_106d3210	3
106d3220	FUN_106d3220	6
106d3230	FUN_106d3230	6
106d3240	FUN_106d3240	6
106d3250	FUN_106d3250	6
106d3ed0	FUN_106d3ed0	3
106d3ee0	FUN_106d3ee0	3
106d3ef0	FUN_106d3ef0	3
106d3f00	FUN_106d3f00	3
106d3f10	FUN_106d3f10	3
106d3f20	FUN_106d3f20	3
106d3f30	FUN_106d3f30	3
106d3f40	FUN_106d3f40	3
106d4250	FUN_106d4250	30
106d4320	FUN_106d4320	3
106d4330	FUN_106d4330	11
106d43f0	FUN_106d43f0	13
106d4d60	FUN_106d4d60	13
106d4e80	FUN_106d4e80	9
106d51a0	FUN_106d51a0	11
106d51b0	FUN_106d51b0	11
106d5a50	FUN_106d5a50	7
106d5a80	FUN_106d5a80	7
106d5cf0	FUN_106d5cf0	33
106d5dd0	FUN_106d5dd0	3
106d6730	FUN_106d6730	3
106d6890	FUN_106d6890	6
106d68a0	FUN_106d68a0	6
106d6b10	FUN_106d6b10	26
106d6b30	FUN_106d6b30	5
106d6b40	FUN_106d6b40	5
106d6d40	FUN_106d6d40	3
106d6d50	FUN_106d6d50	3
106d6eb0	FUN_106d6eb0	28
106d82d0	FUN_106d82d0	3
106d82e0	FUN_106d82e0	3
106d88f0	FUN_106d88f0	18
106d8910	FUN_106d8910	18
106d8930	FUN_106d8930	18
106d8950	FUN_106d8950	25
106d8970	FUN_106d8970	22
106d8990	FUN_106d8990	22
106d89b0	FUN_106d89b0	20
106d89d0	FUN_106d89d0	11
106d89e0	FUN_106d89e0	11
106d89f0	FUN_106d89f0	20
106d8a10	FUN_106d8a10	11
106d8a20	FUN_106d8a20	11
106d8a30	FUN_106d8a30	18
106d8a50	FUN_106d8a50	18
106d8a70	FUN_106d8a70	18
106d8c10	FUN_106d8c10	22
106d8c30	FUN_106d8c30	22
106d8c50	FUN_106d8c50	11
106d8c60	FUN_106d8c60	11
106d8c70	FUN_106d8c70	22
106d8c90	FUN_106d8c90	22
106d8d10	FUN_106d8d10	13
106d8d20	FUN_106d8d20	13
106d8d30	FUN_106d8d30	13
106d8d40	FUN_106d8d40	13
106d8d50	FUN_106d8d50	13
106d8d60	FUN_106d8d60	3
106d8d70	FUN_106d8d70	3
106d8d80	FUN_106d8d80	3
106d8d90	FUN_106d8d90	3
106d8df0	FUN_106d8df0	28
106d8e20	FUN_106d8e20	28
106d9400	FUN_106d9400	15
106d9420	FUN_106d9420	15
106d9440	FUN_106d9440	15
106d9460	FUN_106d9460	26
106d9480	FUN_106d9480	15
106d94a0	FUN_106d94a0	15
106d94e0	FUN_106d94e0	7
106d94f0	FUN_106d94f0	5
106d9500	FUN_106d9500	5
106d9790	FUN_106d9790	7
106d97a0	FUN_106d97a0	7
106d97b0	FUN_106d97b0	5
106d97c0	FUN_106d97c0	5
106d9810	FUN_106d9810	5
106d9820	FUN_106d9820	5
106d9830	FUN_106d9830	5
106d9840	FUN_106d9840	5
106d9850	FUN_106d9850	5
106d9860	FUN_106d9860	5
106d9870	FUN_106d9870	5
106d9880	FUN_106d9880	5
106d9890	FUN_106d9890	5
106d98a0	FUN_106d98a0	5
106d98b0	FUN_106d98b0	5
106d98c0	FUN_106d98c0	5
106d98d0	FUN_106d98d0	5
106d98e0	FUN_106d98e0	5
106d98f0	FUN_106d98f0	5
106d9900	FUN_106d9900	5
106d9910	FUN_106d9910	22
106d9930	FUN_106d9930	22
106d9950	FUN_106d9950	23
106d9980	FUN_106d9980	3
106d9990	FUN_106d9990	3
106d99a0	FUN_106d99a0	3
106d99b0	FUN_106d99b0	35
106d99e0	FUN_106d99e0	46
106d9a20	FUN_106d9a20	15
106d9a40	FUN_106d9a40	15
106d9a60	FUN_106d9a60	15
106d9a80	FUN_106d9a80	15
106d9aa0	FUN_106d9aa0	15
106d9ac0	FUN_106d9ac0	5
106d9ad0	FUN_106d9ad0	5
106d9ae0	FUN_106d9ae0	5
106d9af0	FUN_106d9af0	5
106d9b00	FUN_106d9b00	5
106d9b10	FUN_106d9b10	5
106d9b20	FUN_106d9b20	5
106d9b30	FUN_106d9b30	5
106d9b40	FUN_106d9b40	5
106d9b50	FUN_106d9b50	5
106d9b60	FUN_106d9b60	5
106d9b70	FUN_106d9b70	5
106d9b80	FUN_106d9b80	5
106d9b90	FUN_106d9b90	11
106d9ba0	FUN_106d9ba0	11
106d9bb0	FUN_106d9bb0	5
106d9bc0	FUN_106d9bc0	5
106d9bd0	FUN_106d9bd0	5
106d9be0	FUN_106d9be0	18
106d9c00	FUN_106d9c00	18
106d9ce0	FUN_106d9ce0	11
106d9cf0	FUN_106d9cf0	11
106d9e00	FUN_106d9e00	11
106d9e10	FUN_106d9e10	11
106d9e20	FUN_106d9e20	16
106d9e40	FUN_106d9e40	16
106d9e60	FUN_106d9e60	16
106d9e80	FUN_106d9e80	21
106d9ea0	FUN_106d9ea0	23
106d9ec0	FUN_106d9ec0	3
106d9ed0	FUN_106d9ed0	3
106d9ee0	FUN_106d9ee0	3
106d9ef0	FUN_106d9ef0	3
106d9ff0	FUN_106d9ff0	13
106da000	FUN_106da000	13
106da010	FUN_106da010	23
106da2c0	FUN_106da2c0	25
106da420	FUN_106da420	19
106da440	FUN_106da440	19
106da460	FUN_106da460	19
106da480	FUN_106da480	19
106da4a0	FUN_106da4a0	3
106da990	FUN_106da990	14
106da9b0	FUN_106da9b0	14
106da9d0	FUN_106da9d0	14
106da9f0	FUN_106da9f0	14
106dabf0	FUN_106dabf0	15
106dac10	FUN_106dac10	15
106dac30	FUN_106dac30	6
106dac40	FUN_106dac40	6
106dac50	FUN_106dac50	6
106dac60	FUN_106dac60	6
106dac70	FUN_106dac70	18
106dac90	FUN_106dac90	18
106db010	FUN_106db010	62
106db140	FUN_106db140	3
106db1a0	FUN_106db1a0	8
106db1b0	FUN_106db1b0	3
106db1c0	FUN_106db1c0	3
106db1d0	FUN_106db1d0	3
106db1e0	FUN_106db1e0	3
106db1f0	FUN_106db1f0	3
106db200	FUN_106db200	3
106db210	FUN_106db210	3
106db220	FUN_106db220	3
106db230	FUN_106db230	3
106db240	FUN_106db240	3
106db250	FUN_106db250	3
106db260	FUN_106db260	3
106db270	FUN_106db270	3
106db280	FUN_106db280	3
106db290	FUN_106db290	3
106db2a0	FUN_106db2a0	3
106db2b0	FUN_106db2b0	3
106db2c0	FUN_106db2c0	3
106db2d0	FUN_106db2d0	3
106db2e0	FUN_106db2e0	3
106db2f0	FUN_106db2f0	3
106db300	FUN_106db300	3
106db310	FUN_106db310	3
106db320	FUN_106db320	3
106db330	FUN_106db330	3
106db340	FUN_106db340	4
106db870	FUN_106db870	7
106db880	FUN_106db880	79
106db8f0	FUN_106db8f0	79
106db960	FUN_106db960	3
106db970	FUN_106db970	11
106db980	FUN_106db980	11
106db990	FUN_106db990	6
106db9a0	FUN_106db9a0	83
106dba10	FUN_106dba10	83
106dba80	FUN_106dba80	10
106dbc40	FUN_106dbc40	46
106dbc80	FUN_106dbc80	46
106dbec0	FUN_106dbec0	7
106dbed0	FUN_106dbed0	7
106dbee0	FUN_106dbee0	22
106dc1f0	FUN_106dc1f0	11
106dc200	FUN_106dc200	11
106dc720	FUN_106dc720	46
106dcc70	FUN_106dcc70	6
106dcc80	FUN_106dcc80	6
106dcc90	FUN_106dcc90	6
106dcca0	FUN_106dcca0	6
106dccb0	FUN_106dccb0	6
106dccc0	FUN_106dccc0	6
106dcce0	FUN_106dcce0	5
106dccf0	FUN_106dccf0	5
106dcd00	FUN_106dcd00	5
106dcd10	FUN_106dcd10	46
106dcd50	FUN_106dcd50	22
106dcda0	FUN_106dcda0	18
106dcdc0	FUN_106dcdc0	18
106dcde0	FUN_106dcde0	22
106dce00	FUN_106dce00	22
106dce20	FUN_106dce20	18
106dce40	FUN_106dce40	18
106dd130	FUN_106dd130	22
106dd150	FUN_106dd150	22
106dd240	FUN_106dd240	13
106dd250	FUN_106dd250	13
106dd260	FUN_106dd260	13
106dd270	FUN_106dd270	13
106dd280	FUN_106dd280	3
106dd290	FUN_106dd290	3
106dd560	FUN_106dd560	15
106dd580	FUN_106dd580	15
106dd6a0	FUN_106dd6a0	5
106dd6b0	FUN_106dd6b0	5
106ddb20	FUN_106ddb20	5
106ddb30	FUN_106ddb30	5
106ddb40	FUN_106ddb40	5
106ddb50	FUN_106ddb50	5
106ddb60	FUN_106ddb60	5
106ddb70	FUN_106ddb70	5
106ddb80	FUN_106ddb80	5
106ddb90	FUN_106ddb90	5
106ddba0	FUN_106ddba0	5
106ddd20	FUN_106ddd20	15
106ddd40	FUN_106ddd40	15
106ddd60	FUN_106ddd60	15
106ddd80	FUN_106ddd80	15
106ddda0	FUN_106ddda0	5
106dddb0	FUN_106dddb0	5
106dddc0	FUN_106dddc0	5
106dddd0	FUN_106dddd0	5
106ddde0	FUN_106ddde0	5
106dddf0	FUN_106dddf0	5
106dde00	FUN_106dde00	18
106dde20	FUN_106dde20	18
106ddfc0	FUN_106ddfc0	16
106ddfe0	FUN_106ddfe0	16
106de000	FUN_106de000	3
106de010	FUN_106de010	3
106defb0	FUN_106defb0	3
106defc0	FUN_106defc0	3
106defd0	FUN_106defd0	3
106defe0	FUN_106defe0	3
106deff0	FUN_106deff0	3
106df000	FUN_106df000	3
106df010	FUN_106df010	3
106df020	FUN_106df020	3
106df030	FUN_106df030	3
106df040	FUN_106df040	3
106df050	FUN_106df050	3
106df060	FUN_106df060	3
106df070	FUN_106df070	3
106df080	FUN_106df080	3
106df090	FUN_106df090	3
106df5c0	FUN_106df5c0	79
106df630	FUN_106df630	79
106df6a0	FUN_106df6a0	11
106df6b0	FUN_106df6b0	11
106df6c0	FUN_106df6c0	83
106df730	FUN_106df730	83
106dfa40	FUN_106dfa40	4
106dfb70	FUN_106dfb70	4
106dfe50	FUN_106dfe50	6
106dfe60	FUN_106dfe60	6
106dfe70	FUN_106dfe70	6
106dfe80	FUN_106dfe80	6
106dfed0	FUN_106dfed0	18
106dfef0	FUN_106dfef0	25
106dff10	FUN_106dff10	25
106dff30	FUN_106dff30	22
106dff50	FUN_106dff50	18
106dff70	FUN_106dff70	22
106dff90	FUN_106dff90	22
106dffb0	FUN_106dffb0	25
106dffd0	FUN_106dffd0	33
106e0000	FUN_106e0000	25
106e0020	FUN_106e0020	33
106e0100	FUN_106e0100	78
106e0170	FUN_106e0170	78
106e0200	FUN_106e0200	13
106e0210	FUN_106e0210	13
106e0220	FUN_106e0220	3
106e0440	FUN_106e0440	23
106e0550	FUN_106e0550	23
106e0aa0	FUN_106e0aa0	15
106e0ac0	FUN_106e0ac0	15
106e0ae0	FUN_106e0ae0	7
106e0af0	FUN_106e0af0	7
106e0bc0	FUN_106e0bc0	24
106e0be0	FUN_106e0be0	5
106e0bf0	FUN_106e0bf0	5
106e0e90	FUN_106e0e90	5
106e0ea0	FUN_106e0ea0	5
106e0eb0	FUN_106e0eb0	5
106e0ec0	FUN_106e0ec0	5
106e0ed0	FUN_106e0ed0	14
106e0ef0	FUN_106e0ef0	14
106e1020	FUN_106e1020	13
106e1030	FUN_106e1030	11
106e10b0	FUN_106e10b0	3
106e10c0	FUN_106e10c0	40
106e1150	FUN_106e1150	15
106e1170	FUN_106e1170	15
106e1190	FUN_106e1190	15
106e11b0	FUN_106e11b0	15
106e11d0	FUN_106e11d0	5
106e11e0	FUN_106e11e0	5
106e11f0	FUN_106e11f0	5
106e1200	FUN_106e1200	5
106e1210	FUN_106e1210	5
106e1220	FUN_106e1220	5
106e1230	FUN_106e1230	5
106e1240	FUN_106e1240	5
106e1250	FUN_106e1250	5
106e1260	FUN_106e1260	5
106e1270	FUN_106e1270	5
106e1280	FUN_106e1280	5
106e1290	FUN_106e1290	5
106e12a0	FUN_106e12a0	5
106e12b0	FUN_106e12b0	5
106e12c0	FUN_106e12c0	5
106e14c0	FUN_106e14c0	5
106e14d0	FUN_106e14d0	5
106e14e0	FUN_106e14e0	5
106e14f0	FUN_106e14f0	5
106e1500	FUN_106e1500	5
106e23b0	FUN_106e23b0	16
106e23d0	FUN_106e23d0	16
106e23f0	FUN_106e23f0	16
106e2780	FUN_106e2780	18
106e27e0	FUN_106e27e0	11
106e2870	FUN_106e2870	16
106e2890	FUN_106e2890	21
106e28b0	FUN_106e28b0	21
106e28d0	FUN_106e28d0	25
106e28f0	FUN_106e28f0	23
106e2910	FUN_106e2910	25
106e2930	FUN_106e2930	23
106e2950	FUN_106e2950	3
106e2960	FUN_106e2960	3
106e2970	FUN_106e2970	3
106e29d0	FUN_106e29d0	49
106e2b10	FUN_106e2b10	23
106e2b30	FUN_106e2b30	49
106e2c30	FUN_106e2c30	23
106e5010	FUN_106e5010	19
106e5030	FUN_106e5030	19
106e5b80	FUN_106e5b80	3
106e5b90	FUN_106e5b90	3
106e5ba0	FUN_106e5ba0	3
106e5bb0	FUN_106e5bb0	3
106e5bc0	FUN_106e5bc0	3
106e5bd0	FUN_106e5bd0	18
106e6f00	FUN_106e6f00	32
106e6f30	FUN_106e6f30	30
106e6f60	FUN_106e6f60	49
106e6fa0	FUN_106e6fa0	49
106e7180	FUN_106e7180	5
106e7190	FUN_106e7190	3
106e71a0	FUN_106e71a0	3
106e71b0	FUN_106e71b0	3
106e71c0	FUN_106e71c0	3
106e71d0	FUN_106e71d0	3
106e71e0	FUN_106e71e0	3
106e71f0	FUN_106e71f0	3
106e7200	FUN_106e7200	3
106e7210	FUN_106e7210	3
106e7220	FUN_106e7220	3
106e7230	FUN_106e7230	3
106e7240	FUN_106e7240	3
106e7250	FUN_106e7250	3
106e7260	FUN_106e7260	3
106e7270	FUN_106e7270	3
106e7510	FUN_106e7510	5
106e7590	FUN_106e7590	3
106e75a0	FUN_106e75a0	3
106e75b0	FUN_106e75b0	11
106e75c0	FUN_106e75c0	6
106e75d0	FUN_106e75d0	6
106e7760	FUN_106e7760	24
106e7820	FUN_106e7820	24
106e7840	FUN_106e7840	24
106e7860	FUN_106e7860	24
106e7880	FUN_106e7880	24
106e7b00	FUN_106e7b00	7
106e7b10	FUN_106e7b10	9
106e7b20	FUN_106e7b20	9
106e7b30	FUN_106e7b30	11
106e8b60	FUN_106e8b60	9
106e8b70	FUN_106e8b70	9
106ee0a0	FUN_106ee0a0	4
106f1fb0	thunk_FUN_10ebc1d0	5
106f1fc0	thunk_FUN_10ebc1e0	5
106f1fd0	thunk_FUN_10ebc1d0	5
106f1fe0	thunk_FUN_10ebc1e0	5
106f1ff0	thunk_FUN_10ebc1d0	5
106f2000	thunk_FUN_10ebc1e0	5
106f2120	FUN_106f2120	7
106f2130	thunk_FUN_10eb41b0	5
106f2140	thunk_FUN_10eb41c0	5
106f2150	thunk_FUN_10eb41b0	5
106f2160	thunk_FUN_10eb41c0	5
106f2170	thunk_FUN_10eb41b0	5
106f2180	thunk_FUN_10eb41b0	5
106f2190	thunk_FUN_10eb41c0	5
106f2250	FUN_106f2250	11
106f2540	FUN_106f2540	7
106f2550	FUN_106f2550	82
106f4a20	FUN_106f4a20	26
106f4b30	FUN_106f4b30	6
106f4b40	FUN_106f4b40	6
106f4b50	FUN_106f4b50	6
106f4b60	FUN_106f4b60	6
106f4b70	FUN_106f4b70	6
106f4b80	FUN_106f4b80	6
106f6b40	FUN_106f6b40	3
106f6b50	FUN_106f6b50	3
106f6b60	FUN_106f6b60	40
106f6ca0	FUN_106f6ca0	28
106f6cd0	FUN_106f6cd0	28
106f6d00	FUN_106f6d00	28
106f6d30	FUN_106f6d30	7
106f6e20	FUN_106f6e20	5
106f6e30	FUN_106f6e30	5
106f6ed0	FUN_106f6ed0	8
106f7570	FUN_106f7570	16
106f8910	FUN_106f8910	3
106f8920	FUN_106f8920	3
106f9b20	FUN_106f9b20	9
106fceb0	thunk_FUN_10ebc1d0	5
106fcec0	thunk_FUN_10ebc1e0	5
106fcee0	thunk_FUN_10eb41b0	5
106fcef0	thunk_FUN_10eb41c0	5
106fcf00	thunk_FUN_10eb41b0	5
106fd6d0	FUN_106fd6d0	3
106fd740	FUN_106fd740	78
106fdc10	FUN_106fdc10	16
106fead0	FUN_106fead0	3
106feae0	FUN_106feae0	7
106feaf0	FUN_106feaf0	3
106feb00	FUN_106feb00	3
106ff620	FUN_106ff620	9
106ff630	FUN_106ff630	7
10702610	thunk_FUN_10eb41b0	5
10702620	thunk_FUN_10eb41c0	5
10702ab0	FUN_10702ab0	3
10702ac0	FUN_10702ac0	28
10702af0	FUN_10702af0	13
10702b00	FUN_10702b00	78
10702ed0	FUN_10702ed0	16
10703d50	FUN_10703d50	3
10703d60	FUN_10703d60	3
10704b70	FUN_10704b70	9
107079b0	thunk_FUN_10eb41b0	5
107079c0	thunk_FUN_10eb41c0	5
10708500	FUN_10708500	3
10708b90	FUN_10708b90	17
10708c60	FUN_10708c60	78
10709210	FUN_10709210	16
10709230	FUN_10709230	16
10709250	FUN_10709250	16
1070a920	FUN_1070a920	3
1070a930	FUN_1070a930	3
1070a940	FUN_1070a940	3
1070a950	FUN_1070a950	3
1070a960	FUN_1070a960	3
1070a970	FUN_1070a970	3
1070bdb0	FUN_1070bdb0	9
1070bdc0	FUN_1070bdc0	9
1070bdd0	FUN_1070bdd0	9
107102d0	thunk_FUN_10ebc1d0	5
107102e0	thunk_FUN_10ebc1e0	5
107104e0	thunk_FUN_10eb41b0	5
107104f0	thunk_FUN_10eb41c0	5
10710500	thunk_FUN_10eb41b0	5
107105e0	FUN_107105e0	7
10711bf0	FUN_10711bf0	3
10711c00	FUN_10711c00	3
10711c10	FUN_10711c10	3
10711c20	FUN_10711c20	28
10711c50	FUN_10711c50	28
10711c80	FUN_10711c80	28
10711ce0	FUN_10711ce0	13
107126e0	FUN_107126e0	16
10713370	FUN_10713370	3
10713380	FUN_10713380	3
10714010	FUN_10714010	9
107172d0	thunk_FUN_10eb41b0	5
107172e0	thunk_FUN_10eb41c0	5
10717310	FUN_10717310	19
10718080	FUN_10718080	3
107180c0	FUN_107180c0	17
10718190	FUN_10718190	91
10718210	FUN_10718210	26
107188e0	FUN_107188e0	16
10719ba0	FUN_10719ba0	3
10719bb0	FUN_10719bb0	3
1071b280	FUN_1071b280	9
10722000	thunk_FUN_10eb41b0	5
10722010	thunk_FUN_10eb41c0	5
10722de0	FUN_10722de0	3
10722df0	FUN_10722df0	28
10723020	FUN_10723020	15
10723040	FUN_10723040	18
10723060	FUN_10723060	18
10723080	FUN_10723080	22
107230a0	FUN_107230a0	18
107230c0	FUN_107230c0	18
10723320	FUN_10723320	17
10723340	FUN_10723340	11
10723350	FUN_10723350	11
10723360	FUN_10723360	22
10723420	FUN_10723420	11
107236e0	FUN_107236e0	19
10723700	FUN_10723700	22
10723830	FUN_10723830	3
10723920	FUN_10723920	13
10723930	FUN_10723930	13
10723940	FUN_10723940	13
10723950	FUN_10723950	3
10723960	FUN_10723960	3
10723f00	FUN_10723f00	15
10723f20	FUN_10723f20	15
10723fc0	FUN_10723fc0	15
10723fe0	FUN_10723fe0	7
10724270	FUN_10724270	5
10724530	FUN_10724530	7
10724540	FUN_10724540	5
10724550	FUN_10724550	5
10724580	FUN_10724580	5
10724590	FUN_10724590	5
107245a0	FUN_107245a0	5
107245b0	FUN_107245b0	5
107245c0	FUN_107245c0	5
107245d0	FUN_107245d0	5
107245e0	FUN_107245e0	5
107245f0	FUN_107245f0	19
10724610	FUN_10724610	19
107246a0	FUN_107246a0	3
107246b0	FUN_107246b0	15
107246d0	FUN_107246d0	15
107246f0	FUN_107246f0	15
10724710	FUN_10724710	5
10724720	FUN_10724720	5
10724730	FUN_10724730	5
10724740	FUN_10724740	5
10724750	FUN_10724750	5
10724780	FUN_10724780	5
107247b0	FUN_107247b0	5
107247c0	FUN_107247c0	5
107247d0	FUN_107247d0	11
10724b20	FUN_10724b20	5
10726c00	FUN_10726c00	18
10726d20	FUN_10726d20	11
10726d30	FUN_10726d30	16
10726d50	FUN_10726d50	16
10726d70	FUN_10726d70	3
10726d80	FUN_10726d80	3
10726d90	FUN_10726d90	18
10726f60	FUN_10726f60	13
1072afa0	FUN_1072afa0	19
1072afc0	FUN_1072afc0	19
1072bd10	FUN_1072bd10	65
1072bd70	FUN_1072bd70	65
1072beb0	FUN_1072beb0	21
1072bed0	FUN_1072bed0	3
1072bff0	FUN_1072bff0	18
1072e1e0	FUN_1072e1e0	5
1072e210	FUN_1072e210	3
1072e220	FUN_1072e220	3
1072e230	FUN_1072e230	3
1072e240	FUN_1072e240	3
1072e250	FUN_1072e250	3
1072e260	FUN_1072e260	3
1072e270	FUN_1072e270	3
1072e280	FUN_1072e280	3
1072e290	FUN_1072e290	3
1072e2a0	FUN_1072e2a0	3
1072e2b0	FUN_1072e2b0	3
1072e550	FUN_1072e550	79
1072e5c0	FUN_1072e5c0	30
1072e5f0	FUN_1072e5f0	31
1072e640	FUN_1072e640	11
1072e650	FUN_1072e650	83
1072e830	FUN_1072e830	3
10730960	FUN_10730960	4
10730b90	FUN_10730b90	7
107431d0	thunk_FUN_10ebc1d0	5
107431e0	thunk_FUN_10ebc1d0	5
107431f0	thunk_FUN_10ebc1d0	5
10743200	thunk_FUN_10ebc1d0	5
10743210	thunk_FUN_10ebc1d0	5
10743220	thunk_FUN_10ebc1d0	5
10743230	thunk_FUN_10ebc1d0	5
10743240	thunk_FUN_10ebc1d0	5
10743250	thunk_FUN_10ebc1e0	5
10743370	thunk_FUN_10eb41b0	5
10743380	thunk_FUN_10eb41c0	5
10743390	thunk_FUN_10eb41c0	5
107433a0	thunk_FUN_10eb41b0	5
107433b0	thunk_FUN_10eb41c0	5
107433c0	thunk_FUN_10eb41b0	5
107433d0	thunk_FUN_10eb41b0	5
107433e0	thunk_FUN_10eb41c0	5
107433f0	thunk_FUN_10eb41b0	5
10743400	thunk_FUN_10eb41b0	5
10743410	thunk_FUN_10eb41c0	5
10743420	thunk_FUN_10eb41b0	5
10743430	thunk_FUN_10eb41c0	5
10743440	thunk_FUN_10eb41b0	5
10743450	thunk_FUN_10eb41b0	5
10748ac0	FUN_10748ac0	7
10748e90	FUN_10748e90	6
10748ea0	FUN_10748ea0	6
1074af60	FUN_1074af60	3
1074af70	FUN_1074af70	28
1074afa0	FUN_1074afa0	28
1074e970	thunk_FUN_10eb41b0	5
1074e980	thunk_FUN_10eb41c0	5
10754d30	FUN_10754d30	7
10754d40	FUN_10754d40	7
10757390	thunk_FUN_10ebc1d0	5
107573a0	thunk_FUN_10ebc1e0	5
107573b0	thunk_FUN_10ebc1d0	5
107573c0	thunk_FUN_10ebc1e0	5
10757800	thunk_FUN_10eb41b0	5
10757810	thunk_FUN_10eb41c0	5
10757820	thunk_FUN_10eb41b0	5
10757830	thunk_FUN_10eb41b0	5
107581c0	FUN_107581c0	13
107581d0	FUN_107581d0	13
10758260	FUN_10758260	78
1075e550	FUN_1075e550	7
10760b20	FUN_10760b20	7
10760ea0	thunk_FUN_10eb41b0	5
10760eb0	thunk_FUN_10eb41c0	5
10762610	FUN_10762610	13
10762620	FUN_10762620	13
10762a00	FUN_10762a00	16
10763670	FUN_10763670	3
10763680	FUN_10763680	7
10763690	FUN_10763690	3
10764560	FUN_10764560	9
10767030	FUN_10767030	7
10767040	FUN_10767040	4
10767060	thunk_FUN_10eb41b0	5
10767070	thunk_FUN_10eb41c0	5
10767640	FUN_10767640	3
10767650	FUN_10767650	28
10767680	FUN_10767680	13
10768780	FUN_10768780	3
10768790	FUN_10768790	4
1076adf0	FUN_1076adf0	7
1076beb0	thunk_FUN_10eb41c0	5
107706f0	FUN_107706f0	7
10771cf0	thunk_FUN_10ebc1d0	5
10771d00	thunk_FUN_10ebc1e0	5
10771d20	thunk_FUN_10eb41b0	5
10771d30	thunk_FUN_10eb41c0	5
10771d40	thunk_FUN_10eb41b0	5
10772ea0	FUN_10772ea0	13
10773390	FUN_10773390	16
10774530	FUN_10774530	3
10774540	FUN_10774540	7
10774550	FUN_10774550	3
10774560	FUN_10774560	3
10775410	FUN_10775410	9
1077a530	FUN_1077a530	4
1077a550	thunk_FUN_10eb41b0	5
1077a560	thunk_FUN_10eb41c0	5
1077bc80	FUN_1077bc80	3
1077bc90	FUN_1077bc90	28
1077dff0	thunk_FUN_10eb41b0	5
1077e000	thunk_FUN_10eb41c0	5
1077e390	FUN_1077e390	3
10782dd0	thunk_FUN_10eb41b0	5
10782de0	thunk_FUN_10eb41c0	5
10785870	thunk_FUN_10eb41c0	5
107859f0	FUN_107859f0	18
10785a10	FUN_10785a10	18
10785b60	FUN_10785b60	26
10785c10	FUN_10785c10	13
10785c20	FUN_10785c20	3
10785d30	FUN_10785d30	15
10785dd0	FUN_10785dd0	3
10785de0	FUN_10785de0	3
10785df0	FUN_10785df0	5
10785e00	FUN_10785e00	5
10785e10	FUN_10785e10	5
10785e20	FUN_10785e20	5
10785e30	FUN_10785e30	5
10785e40	FUN_10785e40	5
10785ec0	FUN_10785ec0	15
10785ee0	FUN_10785ee0	5
10785ef0	FUN_10785ef0	5
10787fa0	FUN_10787fa0	16
10787fc0	FUN_10787fc0	16
10787fe0	FUN_10787fe0	16
10788370	FUN_10788370	16
10788390	FUN_10788390	3
10790010	FUN_10790010	5
107901e0	FUN_107901e0	60
10790230	FUN_10790230	60
10790280	FUN_10790280	65
107902e0	FUN_107902e0	3
107902f0	FUN_107902f0	3
10790300	FUN_10790300	3
10790310	FUN_10790310	3
10790320	FUN_10790320	3
10790330	FUN_10790330	3
10790340	FUN_10790340	3
10793060	FUN_10793060	3
10793070	FUN_10793070	3
10793130	FUN_10793130	43
10793170	FUN_10793170	43
10793270	FUN_10793270	7
10798770	FUN_10798770	9
10798780	FUN_10798780	9
10798790	FUN_10798790	23
107987b0	FUN_107987b0	23
107987d0	FUN_107987d0	23
107987f0	FUN_107987f0	23
10798810	FUN_10798810	23
10798830	FUN_10798830	23
10798850	FUN_10798850	23
10798870	FUN_10798870	23
10798890	FUN_10798890	23
107988b0	FUN_107988b0	23
107988d0	FUN_107988d0	23
107988f0	FUN_107988f0	23
10798910	FUN_10798910	23
10799300	FUN_10799300	4
10799890	FUN_10799890	22
107998b0	FUN_107998b0	46
107af110	FUN_107af110	7
107af120	FUN_107af120	7
107af130	FUN_107af130	7
107af140	FUN_107af140	7
107af290	FUN_107af290	7
107af2a0	FUN_107af2a0	7
107bc830	thunk_FUN_10ebc1d0	5
107bc840	thunk_FUN_10ebc1d0	5
107bc850	thunk_FUN_10ebc1d0	5
107bcb50	FUN_107bcb50	23
107bcb70	thunk_FUN_10eb41b0	5
107bcb80	thunk_FUN_10eb41c0	5
107bcb90	thunk_FUN_10eb41b0	5
107bcba0	thunk_FUN_10eb41c0	5
107bcbb0	thunk_FUN_10eb41b0	5
107bcbc0	thunk_FUN_10eb41c0	5
107bcbd0	thunk_FUN_10eb41b0	5
107bcbe0	thunk_FUN_10eb41c0	5
107be710	FUN_107be710	7
107be730	FUN_107be730	7
107cb7b0	FUN_107cb7b0	3
107cb7c0	FUN_107cb7c0	3
107cb7d0	FUN_107cb7d0	3
107cb7e0	FUN_107cb7e0	3
107cb870	FUN_107cb870	28
107cb8a0	FUN_107cb8a0	28
107cb8d0	FUN_107cb8d0	28
107cb900	FUN_107cb900	28
107cc360	FUN_107cc360	10
107cc4e0	FUN_107cc4e0	13
107cc4f0	FUN_107cc4f0	13
107cc500	FUN_107cc500	13
107cc510	FUN_107cc510	13
107cc520	FUN_107cc520	13
107cc530	FUN_107cc530	13
107cd7e0	FUN_107cd7e0	16
107d1c60	FUN_107d1c60	23
107d1c80	FUN_107d1c80	23
107d1ca0	FUN_107d1ca0	23
107d1cc0	FUN_107d1cc0	23
107d1ce0	FUN_107d1ce0	23
107d1d00	FUN_107d1d00	23
107d2940	FUN_107d2940	7
107d2950	FUN_107d2950	22
107d2970	FUN_107d2970	28
107db400	FUN_107db400	7
107db410	FUN_107db410	7
107e0200	FUN_107e0200	7
107e03d0	thunk_FUN_10eb41b0	5
107e03e0	thunk_FUN_10eb41c0	5
107e0f70	FUN_107e0f70	7
107e53c0	FUN_107e53c0	13
107e5450	FUN_107e5450	13
107e6100	FUN_107e6100	7
107e6370	FUN_107e6370	16
107fee90	thunk_FUN_10eb41b0	5
107feea0	thunk_FUN_10eb41c0	5
10801100	FUN_10801100	13
108104e0	thunk_FUN_10eb41b0	5
108104f0	thunk_FUN_10eb41c0	5
10811bc0	FUN_10811bc0	13
10816230	FUN_10816230	7
10817240	thunk_FUN_10ebc1d0	5
10817260	thunk_FUN_10eb41b0	5
10817270	thunk_FUN_10eb41c0	5
10817280	thunk_FUN_10eb41b0	5
10818060	FUN_10818060	25
10818080	FUN_10818080	3
10818bf0	FUN_10818bf0	23
10818c10	FUN_10818c10	3
10818c20	FUN_10818c20	23
1081bb40	FUN_1081bb40	3
1081bb50	FUN_1081bb50	3
1081bb60	FUN_1081bb60	3
108252c0	thunk_FUN_10eb41b0	5
108252d0	thunk_FUN_10eb41c0	5
108252e0	FUN_108252e0	7
10827b80	FUN_10827b80	18
10827ba0	FUN_10827ba0	25
10827bc0	FUN_10827bc0	22
10827be0	FUN_10827be0	22
10827c00	FUN_10827c00	18
10827e30	FUN_10827e30	11
10827e40	FUN_10827e40	18
10827e60	FUN_10827e60	22
10827e80	FUN_10827e80	18
10827ea0	FUN_10827ea0	11
10827eb0	FUN_10827eb0	22
10827ed0	FUN_10827ed0	33
10828030	FUN_10828030	3
10828060	FUN_10828060	5
10828070	FUN_10828070	13
10828080	FUN_10828080	13
10828090	FUN_10828090	3
10828a00	FUN_10828a00	15
10828aa0	FUN_10828aa0	5
10828ab0	FUN_10828ab0	7
10828ac0	FUN_10828ac0	5
10828ba0	FUN_10828ba0	3
10828bb0	FUN_10828bb0	5
10828d60	FUN_10828d60	5
10828d70	FUN_10828d70	5
10828d80	FUN_10828d80	5
10828d90	FUN_10828d90	5
10828da0	FUN_10828da0	5
10828db0	FUN_10828db0	5
10828dc0	FUN_10828dc0	5
108290d0	FUN_108290d0	86
10829350	FUN_10829350	15
10829370	FUN_10829370	15
10829390	FUN_10829390	15
108293b0	FUN_108293b0	5
108293c0	FUN_108293c0	5
108293d0	FUN_108293d0	5
108293e0	FUN_108293e0	5
108293f0	FUN_108293f0	5
10829400	FUN_10829400	5
10829410	FUN_10829410	5
10829420	FUN_10829420	5
10829430	FUN_10829430	5
10829440	FUN_10829440	5
10829450	FUN_10829450	5
10829460	FUN_10829460	5
10829470	FUN_10829470	5
10829500	FUN_10829500	5
10829510	FUN_10829510	5
10829520	FUN_10829520	18
10829c90	FUN_10829c90	18
10829cf0	FUN_10829cf0	11
10829d00	FUN_10829d00	11
10829d90	FUN_10829d90	11
10829da0	FUN_10829da0	16
10829dc0	FUN_10829dc0	21
10829de0	FUN_10829de0	11
10829df0	FUN_10829df0	11
10829e00	FUN_10829e00	25
10829e20	FUN_10829e20	23
10829e40	FUN_10829e40	3
10829e50	FUN_10829e50	3
10829fb0	FUN_10829fb0	49
10829ff0	FUN_10829ff0	23
1082bda0	FUN_1082bda0	65
1082be00	FUN_1082be00	60
1082be50	FUN_1082be50	14
1082be70	FUN_1082be70	14
1082bea0	FUN_1082bea0	14
1082bed0	FUN_1082bed0	14
1082bef0	FUN_1082bef0	7
1082bf00	FUN_1082bf00	3
1082bf10	FUN_1082bf10	3
1082bf20	FUN_1082bf20	3
1082bf30	FUN_1082bf30	6
1082bf40	FUN_1082bf40	6
1082bfe0	FUN_1082bfe0	6
1082bff0	FUN_1082bff0	6
1082caf0	FUN_1082caf0	62
1082cc10	FUN_1082cc10	3
1082cde0	FUN_1082cde0	5
1082d150	FUN_1082d150	3
1082d160	FUN_1082d160	3
1082d170	FUN_1082d170	3
1082d180	FUN_1082d180	3
1082d190	FUN_1082d190	3
1082d1a0	FUN_1082d1a0	3
1082d1b0	FUN_1082d1b0	3
1082d1c0	FUN_1082d1c0	3
1082d1d0	FUN_1082d1d0	3
1082d1e0	FUN_1082d1e0	3
1082d1f0	FUN_1082d1f0	3
1082d200	FUN_1082d200	3
1082d210	FUN_1082d210	3
1082d4b0	FUN_1082d4b0	79
1082d520	FUN_1082d520	30
1082d550	FUN_1082d550	31
1082d5d0	FUN_1082d5d0	3
1082d5e0	FUN_1082d5e0	11
1082d5f0	FUN_1082d5f0	6
1082d600	FUN_1082d600	83
1082d670	FUN_1082d670	43
1082d9d0	FUN_1082d9d0	13
1082d9e0	FUN_1082d9e0	13
1082d9f0	FUN_1082d9f0	13
1082da00	FUN_1082da00	3
1082da10	FUN_1082da10	3
1082da20	FUN_1082da20	10
1082da30	FUN_1082da30	10
1082da40	FUN_1082da40	4
1082da50	FUN_1082da50	4
1082deb0	FUN_1082deb0	13
1082dec0	FUN_1082dec0	11
1082ded0	FUN_1082ded0	22
1082def0	FUN_1082def0	43
1082df30	FUN_1082df30	43
10830410	FUN_10830410	8
10830430	FUN_10830430	12
108358f0	thunk_FUN_10eb41b0	5
10835900	thunk_FUN_10eb41c0	5
10836200	FUN_10836200	6
10836210	FUN_10836210	6
10836220	FUN_10836220	6
10836230	FUN_10836230	6
108377c0	FUN_108377c0	4
108377d0	FUN_108377d0	22
108384f0	FUN_108384f0	3
10839420	FUN_10839420	13
108395f0	FUN_108395f0	7
1083b0a0	FUN_1083b0a0	7
1083ca70	FUN_1083ca70	7
1083d0c0	FUN_1083d0c0	7
1083d0d0	FUN_1083d0d0	4
1083d0e0	FUN_1083d0e0	4
1083d0f0	thunk_FUN_10eb41b0	5
1083d100	thunk_FUN_10eb41c0	5
1083e4d0	FUN_1083e4d0	13
1083e4e0	FUN_1083e4e0	13
1083e4f0	FUN_1083e4f0	13
1083f610	FUN_1083f610	4
1083f680	FUN_1083f680	91
10841190	FUN_10841190	16
108411b0	FUN_108411b0	16
10841b80	FUN_10841b80	14
10846b30	FUN_10846b30	3
10846b40	FUN_10846b40	3
10846b50	FUN_10846b50	7
10846b60	FUN_10846b60	7
10846b70	FUN_10846b70	3
10846b80	FUN_10846b80	3
1084ab70	FUN_1084ab70	9
1084ab80	FUN_1084ab80	9
1084ab90	FUN_1084ab90	3
10852b00	FUN_10852b00	7
10852b10	FUN_10852b10	7
10859a50	thunk_FUN_10ebc1d0	5
10859a60	thunk_FUN_10ebc1e0	5
10859a70	thunk_FUN_10ebc1d0	5
10859a80	thunk_FUN_10ebc1e0	5
10859a90	thunk_FUN_10ebc1d0	5
10859aa0	thunk_FUN_10ebc1e0	5
10859ab0	thunk_FUN_10ebc1d0	5
10859ac0	thunk_FUN_10ebc1e0	5
10859ad0	thunk_FUN_10ebc1d0	5
10859ae0	thunk_FUN_10ebc1d0	5
10859af0	thunk_FUN_10ebc1e0	5
10859b00	thunk_FUN_10ebc1d0	5
10859b10	thunk_FUN_10ebc1e0	5
10859b20	thunk_FUN_10ebc1d0	5
10859b30	thunk_FUN_10ebc1e0	5
10859b40	thunk_FUN_10ebc1d0	5
10859b50	thunk_FUN_10ebc1e0	5
10859b70	thunk_FUN_10eb41b0	5
10859b80	thunk_FUN_10eb41c0	5
10859b90	thunk_FUN_10eb41b0	5
10859ba0	thunk_FUN_10eb41c0	5
10859bb0	thunk_FUN_10eb41c0	5
10859bc0	thunk_FUN_10eb41b0	5
10859bd0	thunk_FUN_10eb41c0	5
10859be0	thunk_FUN_10eb41b0	5
10859bf0	thunk_FUN_10eb41c0	5
10859c00	thunk_FUN_10eb41b0	5
10859c10	thunk_FUN_10eb41b0	5
10859c20	thunk_FUN_10eb41b0	5
10859c30	thunk_FUN_10eb41c0	5
10859c40	thunk_FUN_10eb41b0	5
10859c50	thunk_FUN_10eb41c0	5
10859c60	thunk_FUN_10eb41b0	5
10859c70	thunk_FUN_10eb41c0	5
10859c80	FUN_10859c80	7
10859e10	FUN_10859e10	7
1085d4e0	FUN_1085d4e0	3
1085d4f0	FUN_1085d4f0	3
1085d500	FUN_1085d500	28
1085d530	FUN_1085d530	28
1085d560	FUN_1085d560	28
1085d6b0	FUN_1085d6b0	13
1085d6f0	FUN_1085d6f0	13
1085d700	FUN_1085d700	13
1085f050	FUN_1085f050	18
1085f070	FUN_1085f070	18
1085f090	FUN_1085f090	26
1085f0b0	FUN_1085f0b0	78
1085f120	FUN_1085f120	78
1085f1b0	FUN_1085f1b0	13
1085f1c0	FUN_1085f1c0	3
1085f2c0	FUN_1085f2c0	15
1085f360	FUN_1085f360	5
1085f370	FUN_1085f370	5
1085f380	FUN_1085f380	5
1085f390	FUN_1085f390	5
1085f410	FUN_1085f410	15
1085f430	FUN_1085f430	5
1085fee0	FUN_1085fee0	16
1085ff80	FUN_1085ff80	16
1085ffa0	FUN_1085ffa0	3
10862360	FUN_10862360	3
10862370	FUN_10862370	3
108631a0	FUN_108631a0	3
108631b0	FUN_108631b0	3
108631c0	FUN_108631c0	3
10864480	FUN_10864480	9
10864490	FUN_10864490	9
10867c60	FUN_10867c60	7
10867e80	FUN_10867e80	7
1086c3c0	thunk_FUN_10eb41b0	5
1086c3d0	thunk_FUN_10eb41c0	5
1086e600	FUN_1086e600	3
1086e610	FUN_1086e610	3
1086e620	FUN_1086e620	28
1086e920	FUN_1086e920	13
1086e930	FUN_1086e930	13
1086e9c0	FUN_1086e9c0	48
1086ea00	FUN_1086ea00	50
1086eae0	FUN_1086eae0	3
1086f340	FUN_1086f340	15
1086f360	FUN_1086f360	15
10872d80	FUN_10872d80	5
10872db0	FUN_10872db0	5
10873120	FUN_10873120	3
108731d0	FUN_108731d0	15
10873210	FUN_10873210	5
10874010	FUN_10874010	9
10874020	FUN_10874020	9
10874030	FUN_10874030	9
10875a00	FUN_10875a00	14
10875a70	FUN_10875a70	7
10875a80	FUN_10875a80	3
10875a90	FUN_10875a90	6
10875aa0	FUN_10875aa0	6
10875ab0	FUN_10875ab0	6
10875ac0	FUN_10875ac0	6
108767e0	FUN_108767e0	48
10876820	FUN_10876820	3
10876870	FUN_10876870	3
108768d0	FUN_108768d0	31
10876b40	FUN_10876b40	13
10876b50	FUN_10876b50	3
10876b60	FUN_10876b60	10
10876b70	FUN_10876b70	4
10876cc0	FUN_10876cc0	13
1087d6e0	FUN_1087d6e0	7
1087d6f0	thunk_FUN_10ebc1d0	5
1087d710	thunk_FUN_10eb41b0	5
1087d720	thunk_FUN_10eb41c0	5
1087d730	thunk_FUN_10eb41b0	5
1087e180	FUN_1087e180	5
1087e2c0	FUN_1087e2c0	4
1087ec60	FUN_1087ec60	22
1087fdc0	FUN_1087fdc0	11
10882610	FUN_10882610	6
10882620	FUN_10882620	6
108836d0	FUN_108836d0	13
108836e0	FUN_108836e0	10
1088ae40	FUN_1088ae40	7
1088f370	thunk_FUN_10ebc1d0	5
1088f540	thunk_FUN_10eb41b0	5
1088f550	thunk_FUN_10eb41c0	5
1088f560	thunk_FUN_10eb41b0	5
1088f660	FUN_1088f660	7
108917d0	FUN_108917d0	3
108917e0	FUN_108917e0	19
1089cd80	thunk_FUN_10eb41b0	5
1089cd90	thunk_FUN_10eb41c0	5
1089e3c0	FUN_1089e3c0	78
1089e430	FUN_1089e430	78
1089f340	FUN_1089f340	16
108a2340	FUN_108a2340	3
108a2350	FUN_108a2350	3
108a2360	FUN_108a2360	7
108a2370	FUN_108a2370	3
108a2380	FUN_108a2380	3
108a4ed0	FUN_108a4ed0	9
108a4ee0	FUN_108a4ee0	9
108a9ea0	FUN_108a9ea0	7
108b0cc0	FUN_108b0cc0	4
108b0cd0	thunk_FUN_10ebc1d0	5
108b0ce0	thunk_FUN_10ebc1e0	5
108b0cf0	thunk_FUN_10ebc1d0	5
108b0dc0	thunk_FUN_10eb41b0	5
108b0dd0	thunk_FUN_10eb41c0	5
108b0de0	thunk_FUN_10eb41b0	5
108b0df0	thunk_FUN_10eb41b0	5
108b0e00	thunk_FUN_10eb41c0	5
108b17d0	FUN_108b17d0	69
108b44e0	FUN_108b44e0	3
108b44f0	FUN_108b44f0	3
108b4500	FUN_108b4500	28
108b4530	FUN_108b4530	28
108b4560	FUN_108b4560	13
108b4570	FUN_108b4570	13
108b4580	FUN_108b4580	13
108bbae0	thunk_FUN_10eb41b0	5
108bbaf0	thunk_FUN_10eb41c0	5
108c41b0	FUN_108c41b0	7
108c41d0	FUN_108c41d0	28
108c60f0	thunk_FUN_10ebc1d0	5
108c6110	FUN_108c6110	7
108c6120	thunk_FUN_10eb41b0	5
108c6130	thunk_FUN_10eb41c0	5
108c6140	thunk_FUN_10eb41b0	5
108c7420	FUN_108c7420	13
108c7430	FUN_108c7430	13
108c7670	FUN_108c7670	3
108c7680	FUN_108c7680	3
108c7690	FUN_108c7690	3
108c76a0	FUN_108c76a0	7
108c76b0	FUN_108c76b0	7
108c76c0	FUN_108c76c0	7
108c76d0	FUN_108c76d0	7
108c76f0	FUN_108c76f0	5
108c7700	FUN_108c7700	13
108c7710	FUN_108c7710	13
108c7720	FUN_108c7720	5
108c7730	FUN_108c7730	49
108c77b0	FUN_108c77b0	5
108cabb0	FUN_108cabb0	15
108cabd0	FUN_108cabd0	11
108cabe0	FUN_108cabe0	11
108cbbb0	FUN_108cbbb0	9
108cbbc0	FUN_108cbbc0	3
108dd9a0	thunk_FUN_10eb41b0	5
108dd9b0	thunk_FUN_10eb41c0	5
108df810	FUN_108df810	13
108eea50	FUN_108eea50	7
108eeab0	FUN_108eeab0	7
108eeac0	FUN_108eeac0	7
108eead0	FUN_108eead0	7
108eeae0	FUN_108eeae0	7
108eeb30	FUN_108eeb30	28
108eeb70	FUN_108eeb70	7
108eeb80	FUN_108eeb80	28
108f4c60	thunk_FUN_10ebc1d0	5
108f4c80	FUN_108f4c80	7
108f4c90	thunk_FUN_10eb41b0	5
108f4ca0	thunk_FUN_10eb41c0	5
108f4cb0	thunk_FUN_10eb41b0	5
108f7ff0	FUN_108f7ff0	13
108f8000	FUN_108f8000	13
108f8010	FUN_108f8010	13
108f8020	FUN_108f8020	13
108f8030	FUN_108f8030	13
108f8660	FUN_108f8660	13
108f8670	FUN_108f8670	13
108f8830	FUN_108f8830	13
108fabf0	thunk_FUN_10eb41b0	5
108fac00	thunk_FUN_10eb41c0	5
108fb140	FUN_108fb140	91
108fb1c0	FUN_108fb1c0	25
108fb320	FUN_108fb320	78
108fb5b0	FUN_108fb5b0	78
108fb650	FUN_108fb650	7
108fb800	FUN_108fb800	5
108fbcb0	FUN_108fbcb0	21
108fcfc0	FUN_108fcfc0	3
108fcfd0	FUN_108fcfd0	3
108fcfe0	FUN_108fcfe0	3
108fd760	FUN_108fd760	3
108fd770	FUN_108fd770	3
108fd780	FUN_108fd780	6
108fdec0	FUN_108fdec0	9
10900010	FUN_10900010	7
10903cf0	FUN_10903cf0	7
10904070	thunk_FUN_10eb41b0	5
10904080	thunk_FUN_10eb41c0	5
10905450	FUN_10905450	3
10905460	FUN_10905460	28
10905490	FUN_10905490	20
109054b0	FUN_109054b0	5
109054c0	FUN_109054c0	13
1090f0b0	FUN_1090f0b0	7
1090f120	FUN_1090f120	7
10914290	FUN_10914290	7
109142a0	thunk_FUN_10ebc1d0	5
109142b0	thunk_FUN_10ebc1d0	5
109142c0	thunk_FUN_10ebc1e0	5
109142e0	thunk_FUN_10eb41b0	5
109142f0	thunk_FUN_10eb41c0	5
10914300	thunk_FUN_10eb41b0	5
10914310	thunk_FUN_10eb41c0	5
10914320	thunk_FUN_10eb41b0	5
10914330	thunk_FUN_10eb41c0	5
10914380	FUN_10914380	7
10916a40	FUN_10916a40	13
10916a50	FUN_10916a50	13
10916a60	FUN_10916a60	13
10916a70	FUN_10916a70	13
10916a80	FUN_10916a80	13
10916aa0	FUN_10916aa0	18
10916ac0	FUN_10916ac0	18
10916ae0	FUN_10916ae0	19
10916b00	FUN_10916b00	5
10916c30	FUN_10916c30	5
10916c40	FUN_10916c40	5
10916c50	FUN_10916c50	5
10916c60	FUN_10916c60	19
1091caf0	FUN_1091caf0	33
10929c90	FUN_10929c90	7
10929ca0	thunk_FUN_10ebc1e0	5
10929cb0	thunk_FUN_10ebc1d0	5
10929cc0	thunk_FUN_10ebc1e0	5
10929cd0	thunk_FUN_10ebc1d0	5
10929ce0	thunk_FUN_10ebc1d0	5
10929e00	thunk_FUN_10eb41b0	5
10929e10	thunk_FUN_10eb41c0	5
10929e20	thunk_FUN_10eb41c0	5
10929e30	thunk_FUN_10eb41b0	5
10929e40	thunk_FUN_10eb41c0	5
10929e50	thunk_FUN_10eb41b0	5
10929e60	thunk_FUN_10eb41b0	5
10929e70	thunk_FUN_10eb41c0	5
10929e80	FUN_10929e80	13
10929f50	FUN_10929f50	14
1092a180	FUN_1092a180	7
10939500	FUN_10939500	7
10944190	FUN_10944190	7
109442b0	FUN_109442b0	7
109442d0	thunk_FUN_10eb41b0	5
109442e0	thunk_FUN_10eb41c0	5
10948c60	FUN_10948c60	13
10948e90	FUN_10948e90	13
10948ea0	FUN_10948ea0	13
10948eb0	FUN_10948eb0	60
10952d20	FUN_10952d20	7
10952db0	thunk_FUN_10eb41b0	5
10952dc0	thunk_FUN_10eb41c0	5
109577e0	thunk_FUN_10eb41b0	5
109577f0	thunk_FUN_10eb41c0	5
1095af70	thunk_FUN_10ebc1d0	5
1095af90	thunk_FUN_10eb41c0	5
1095afa0	thunk_FUN_10eb41b0	5
1095b1f0	FUN_1095b1f0	3
1095b2d0	FUN_1095b2d0	5
1095b2e0	FUN_1095b2e0	5
1095b2f0	FUN_1095b2f0	19
1095b370	FUN_1095b370	5
1095b7e0	FUN_1095b7e0	16
1095c800	FUN_1095c800	3
1095c810	FUN_1095c810	3
1095d030	FUN_1095d030	18
1095d050	FUN_1095d050	13
1095da70	FUN_1095da70	3
1095da80	FUN_1095da80	9
1095da90	FUN_1095da90	69
10960de0	FUN_10960de0	7
10960e00	thunk_FUN_10eb41b0	5
10960e10	thunk_FUN_10eb41c0	5
10961a90	FUN_10961a90	3
109663d0	thunk_FUN_10eb41b0	5
109663e0	thunk_FUN_10eb41c0	5
10970ef0	FUN_10970ef0	12
10972880	FUN_10972880	7
109728a0	thunk_FUN_10eb41b0	5
109728b0	thunk_FUN_10eb41c0	5
10977980	FUN_10977980	3
1097ba80	FUN_1097ba80	7
1097e420	thunk_FUN_10ebc1d0	5
1097e430	thunk_FUN_10ebc1e0	5
1097e440	thunk_FUN_10ebc1d0	5
1097e460	thunk_FUN_10eb41b0	5
1097e470	thunk_FUN_10eb41c0	5
1097e480	thunk_FUN_10eb41b0	5
1097e490	thunk_FUN_10eb41b0	5
1097fa80	FUN_1097fa80	13
10987f10	thunk_FUN_10ebc1d0	5
10987f20	thunk_FUN_10ebc1e0	5
10987f30	thunk_FUN_10ebc1d0	5
10987f40	thunk_FUN_10ebc1e0	5
10987f50	thunk_FUN_10ebc1d0	5
10987f60	thunk_FUN_10ebc1e0	5
10987f80	thunk_FUN_10eb41b0	5
10987f90	thunk_FUN_10eb41c0	5
10987fa0	thunk_FUN_10eb41b0	5
10987fb0	thunk_FUN_10eb41c0	5
10987fc0	thunk_FUN_10eb41b0	5
10987fd0	thunk_FUN_10eb41c0	5
10987fe0	thunk_FUN_10eb41b0	5
10987ff0	thunk_FUN_10eb41c0	5
109887f0	FUN_109887f0	28
10988900	FUN_10988900	91
10988980	FUN_10988980	26
109889a0	FUN_109889a0	91
10989980	FUN_10989980	7
10989990	FUN_10989990	3
109899a0	FUN_109899a0	3
1098a120	FUN_1098a120	9
1098a130	FUN_1098a130	9
1098c960	thunk_FUN_10eb41b0	5
1098c970	thunk_FUN_10eb41c0	5
1098d600	FUN_1098d600	3
1098d610	FUN_1098d610	28
1098d640	FUN_1098d640	20
1098d660	FUN_1098d660	18
1098d680	FUN_1098d680	22
1098d6a0	FUN_1098d6a0	18
1098d6c0	FUN_1098d6c0	22
1098d6e0	FUN_1098d6e0	18
1098d7f0	FUN_1098d7f0	22
1098d810	FUN_1098d810	18
1098d950	FUN_1098d950	91
1098dc00	FUN_1098dc00	13
1098dc10	FUN_1098dc10	13
1098dc20	FUN_1098dc20	113
1098dee0	FUN_1098dee0	3
1098e350	FUN_1098e350	15
1098e410	FUN_1098e410	5
1098e450	FUN_1098e450	5
1098e460	FUN_1098e460	5
1098e470	FUN_1098e470	5
1098e480	FUN_1098e480	5
1098e490	FUN_1098e490	5
1098e700	FUN_1098e700	15
1098e720	FUN_1098e720	15
1098e740	FUN_1098e740	5
1098e750	FUN_1098e750	5
1098e760	FUN_1098e760	5
1098e770	FUN_1098e770	5
1098e780	FUN_1098e780	5
1098e790	FUN_1098e790	5
1098e7a0	FUN_1098e7a0	5
1098e7b0	FUN_1098e7b0	5
1098e850	FUN_1098e850	5
1098eea0	FUN_1098eea0	18
1098ef00	FUN_1098ef00	11
1098ef50	FUN_1098ef50	11
1098efe0	FUN_1098efe0	11
1098eff0	FUN_1098eff0	11
1098f000	FUN_1098f000	16
1098f020	FUN_1098f020	3
10990780	FUN_10990780	14
109907a0	FUN_109907a0	14
109907c0	FUN_109907c0	7
109907d0	FUN_109907d0	3
109907e0	FUN_109907e0	6
109907f0	FUN_109907f0	6
10990800	FUN_10990800	6
10991640	FUN_10991640	3
10991650	FUN_10991650	3
10991660	FUN_10991660	3
10991670	FUN_10991670	3
10991680	FUN_10991680	3
109916a0	FUN_109916a0	3
109916b0	FUN_109916b0	3
10991a20	FUN_10991a20	3
10991a30	FUN_10991a30	11
10991a40	FUN_10991a40	8
10991ac0	FUN_10991ac0	11
10991fb0	FUN_10991fb0	13
109927d0	FUN_109927d0	11
109943f0	FUN_109943f0	7
10996c30	thunk_FUN_10ebc1d0	5
109981e0	thunk_FUN_10eb41b0	5
109981f0	thunk_FUN_10eb41c0	5
10998200	thunk_FUN_10eb41b0	5
10998210	thunk_FUN_10eb41c0	5
10998280	FUN_10998280	7
10998290	FUN_10998290	6
109982a0	FUN_109982a0	6
109990d0	FUN_109990d0	5
109990e0	FUN_109990e0	28
10999110	FUN_10999110	5
10999120	FUN_10999120	13
10999130	FUN_10999130	4
1099c6a0	thunk_FUN_10ebc1d0	5
1099c6c0	thunk_FUN_10eb41b0	5
1099c6d0	thunk_FUN_10eb41c0	5
1099c6e0	thunk_FUN_10eb41b0	5
1099cb90	FUN_1099cb90	25
1099d4c0	FUN_1099d4c0	7
1099d4d0	FUN_1099d4d0	5
1099d660	FUN_1099d660	5
1099d960	FUN_1099d960	5
1099d970	FUN_1099d970	5
1099d980	FUN_1099d980	5
1099d9e0	FUN_1099d9e0	5
1099de00	FUN_1099de00	21
1099de20	FUN_1099de20	11
1099de30	FUN_1099de30	11
1099de40	FUN_1099de40	23
1099de60	FUN_1099de60	3
1099de70	FUN_1099de70	23
1099ef90	FUN_1099ef90	14
1099efb0	FUN_1099efb0	14
1099efd0	FUN_1099efd0	12
1099efe0	FUN_1099efe0	12
1099eff0	FUN_1099eff0	7
1099f000	FUN_1099f000	3
1099f010	FUN_1099f010	3
1099f020	FUN_1099f020	3
1099f030	FUN_1099f030	6
1099f040	FUN_1099f040	16
1099f6f0	FUN_1099f6f0	49
1099f7c0	FUN_1099f7c0	3
1099f7f0	FUN_1099f7f0	3
1099f800	FUN_1099f800	3
1099f810	FUN_1099f810	3
1099f820	FUN_1099f820	3
1099f830	FUN_1099f830	3
1099f840	FUN_1099f840	6
1099fbb0	FUN_1099fbb0	11
1099fbc0	FUN_1099fbc0	9
109a09c0	FUN_109a09c0	12
109a29e0	FUN_109a29e0	7
109a2d60	FUN_109a2d60	23
109a4af0	thunk_FUN_10eb41b0	5
109a4b00	thunk_FUN_10eb41c0	5
109a5600	FUN_109a5600	6
109a5610	FUN_109a5610	6
109a66a0	FUN_109a66a0	20
109a66f0	FUN_109a66f0	9
109a7060	FUN_109a7060	16
109a9720	FUN_109a9720	3
109a9730	FUN_109a9730	7
109af340	FUN_109af340	7
109af350	FUN_109af350	7
109af360	FUN_109af360	7
109af370	FUN_109af370	7
109af380	FUN_109af380	7
109af500	FUN_109af500	7
109b4130	thunk_FUN_10ebc1d0	5
109b4140	thunk_FUN_10ebc1e0	5
109b4150	thunk_FUN_10ebc1d0	5
109b4160	thunk_FUN_10ebc1e0	5
109b4170	thunk_FUN_10ebc1d0	5
109b4180	thunk_FUN_10ebc1d0	5
109b4190	thunk_FUN_10ebc1e0	5
109b41a0	thunk_FUN_10ebc1d0	5
109b41b0	thunk_FUN_10ebc1e0	5
109b41d0	FUN_109b41d0	7
109b41e0	thunk_FUN_10eb41b0	5
109b41f0	thunk_FUN_10eb41c0	5
109b4200	thunk_FUN_10eb41b0	5
109b4210	thunk_FUN_10eb41c0	5
109b4220	thunk_FUN_10eb41b0	5
109b4230	thunk_FUN_10eb41c0	5
109b4240	thunk_FUN_10eb41b0	5
109b4250	thunk_FUN_10eb41c0	5
109b4260	thunk_FUN_10eb41b0	5
109b4270	thunk_FUN_10eb41c0	5
109b4280	thunk_FUN_10eb41b0	5
109b4290	thunk_FUN_10eb41c0	5
109b69f0	FUN_109b69f0	3
109b6a00	FUN_109b6a00	28
109b6ad0	FUN_109b6ad0	13
109b6ae0	FUN_109b6ae0	13
109b6af0	FUN_109b6af0	13
109b6b00	FUN_109b6b00	13
109b6c40	FUN_109b6c40	22
109b6e20	FUN_109b6e20	5
109b6e30	FUN_109b6e30	5
109b6f00	FUN_109b6f00	18
109bd2b0	thunk_FUN_10eb41b0	5
109bd2c0	thunk_FUN_10eb41c0	5
109bf260	FUN_109bf260	3
109c3860	thunk_FUN_10ebc1d0	5
109c3870	thunk_FUN_10ebc1d0	5
109c3890	thunk_FUN_10eb41b0	5
109c38a0	thunk_FUN_10eb41b0	5
109c9380	thunk_FUN_10ebc1d0	5
109c94a0	thunk_FUN_10eb41b0	5
109c94b0	thunk_FUN_10eb41c0	5
109c94c0	thunk_FUN_10eb41b0	5
109d0470	thunk_FUN_10eb41b0	5
109d0480	thunk_FUN_10eb41c0	5
109d8940	FUN_109d8940	6
109d8e50	FUN_109d8e50	25
109da210	FUN_109da210	3
109da220	FUN_109da220	7
109da230	FUN_109da230	3
109dbde0	FUN_109dbde0	9
109e0390	thunk_FUN_10ebc1d0	5
109e05b0	thunk_FUN_10eb41b0	5
109e05c0	thunk_FUN_10eb41c0	5
109e05d0	thunk_FUN_10eb41b0	5
109e05e0	FUN_109e05e0	6
109e14d0	FUN_109e14d0	3
109e14e0	FUN_109e14e0	3
109e14f0	FUN_109e14f0	28
109e1520	FUN_109e1520	20
109ea2a0	FUN_109ea2a0	7
109ec420	thunk_FUN_10ebc1e0	5
109ec430	thunk_FUN_10ebc1d0	5
109ec440	thunk_FUN_10ebc1d0	5
109ec460	thunk_FUN_10eb41b0	5
109ec470	thunk_FUN_10eb41c0	5
109ec480	thunk_FUN_10eb41b0	5
109ec490	thunk_FUN_10eb41c0	5
109ec4a0	thunk_FUN_10eb41b0	5
109ec4b0	thunk_FUN_10eb41c0	5
109edc10	FUN_109edc10	3
109edc20	FUN_109edc20	22
109edd40	FUN_109edd40	22
109edf00	FUN_109edf00	5
109ee480	FUN_109ee480	11
109efc80	FUN_109efc80	13
109f0590	FUN_109f0590	11
109f2eb0	FUN_109f2eb0	7
109f2ec0	FUN_109f2ec0	7
109f2ed0	thunk_FUN_10ebc1d0	5
109f2ef0	thunk_FUN_10eb41b0	5
109f2f00	thunk_FUN_10eb41c0	5
109f2f10	thunk_FUN_10eb41b0	5
109f2f20	thunk_FUN_10eb41c0	5
109f3c90	FUN_109f3c90	6
109f3ca0	FUN_109f3ca0	6
109f3cb0	FUN_109f3cb0	6
109f3cc0	FUN_109f3cc0	6
109f5120	FUN_109f5120	16
109f5140	FUN_109f5140	16
109f5160	FUN_109f5160	16
109f5180	FUN_109f5180	16
109f8c20	FUN_109f8c20	4
109f8c30	FUN_109f8c30	3
109f8c40	FUN_109f8c40	3
109f8c50	FUN_109f8c50	4
109f8c60	FUN_109f8c60	3
10a00510	FUN_10a00510	7
10a00520	FUN_10a00520	7
10a008e0	FUN_10a008e0	7
10a00930	FUN_10a00930	7
10a04640	thunk_FUN_10eb41b0	5
10a04650	thunk_FUN_10eb41c0	5
10a05c40	FUN_10a05c40	6
10a05c50	FUN_10a05c50	6
10a05c60	FUN_10a05c60	6
10a05c70	FUN_10a05c70	6
10a080d0	FUN_10a080d0	3
10a080e0	FUN_10a080e0	3
10a080f0	FUN_10a080f0	3
10a08100	FUN_10a08100	3
10a08790	FUN_10a08790	28
10a087c0	FUN_10a087c0	28
10a087f0	FUN_10a087f0	28
10a08820	FUN_10a08820	28
10a08850	FUN_10a08850	28
10a08880	FUN_10a08880	28
10a088b0	FUN_10a088b0	28
10a088e0	FUN_10a088e0	28
10a08c40	FUN_10a08c40	13
10a08c50	FUN_10a08c50	13
10a08c60	FUN_10a08c60	13
10a08cb0	FUN_10a08cb0	26
10a0c420	thunk_FUN_10ebc1d0	5
10a0c430	thunk_FUN_10ebc1d0	5
10a0c440	FUN_10a0c440	7
10a0c460	thunk_FUN_10eb41b0	5
10a0c470	thunk_FUN_10eb41c0	5
10a0c480	thunk_FUN_10eb41b0	5
10a0c490	thunk_FUN_10eb41b0	5
10a0cce0	FUN_10a0cce0	13
10a11db0	FUN_10a11db0	7
10a11dc0	thunk_FUN_10eb41b0	5
10a11dd0	thunk_FUN_10eb41c0	5
10a11df0	FUN_10a11df0	7
10a12630	FUN_10a12630	13
10a12640	FUN_10a12640	13
10a126c0	FUN_10a126c0	18
10a126e0	FUN_10a126e0	22
10a12700	FUN_10a12700	18
10a12800	FUN_10a12800	22
10a128c0	FUN_10a128c0	13
10a128d0	FUN_10a128d0	13
10a128e0	FUN_10a128e0	3
10a12aa0	FUN_10a12aa0	18
10a12b70	FUN_10a12b70	5
10a12d00	FUN_10a12d00	5
10a12d10	FUN_10a12d10	5
10a12d20	FUN_10a12d20	5
10a12d30	FUN_10a12d30	5
10a12d40	FUN_10a12d40	5
10a12e30	FUN_10a12e30	15
10a12e50	FUN_10a12e50	15
10a12e70	FUN_10a12e70	5
10a12e80	FUN_10a12e80	5
10a12e90	FUN_10a12e90	5
10a13400	FUN_10a13400	18
10a13460	FUN_10a13460	11
10a13470	FUN_10a13470	11
10a13500	FUN_10a13500	11
10a13510	FUN_10a13510	16
10a13530	FUN_10a13530	3
10a14980	FUN_10a14980	5
10a14990	FUN_10a14990	286
10a14b00	FUN_10a14b00	14
10a14b20	FUN_10a14b20	14
10a14c60	FUN_10a14c60	7
10a14c70	FUN_10a14c70	6
10a14c80	FUN_10a14c80	6
10a14c90	FUN_10a14c90	6
10a15510	FUN_10a15510	3
10a15520	FUN_10a15520	3
10a15530	FUN_10a15530	3
10a15540	FUN_10a15540	3
10a15550	FUN_10a15550	3
10a15560	FUN_10a15560	3
10a15570	FUN_10a15570	3
10a15580	FUN_10a15580	3
10a15820	FUN_10a15820	79
10a15890	FUN_10a15890	11
10a158a0	FUN_10a158a0	83
10a16210	FUN_10a16210	11
10a1adc0	FUN_10a1adc0	7
10a1add0	FUN_10a1add0	7
10a1c8d0	FUN_10a1c8d0	7
10a1c8e0	FUN_10a1c8e0	7
10a1c8f0	thunk_FUN_10eb41b0	5
10a1c900	thunk_FUN_10eb41c0	5
10a1d040	FUN_10a1d040	6
10a1d050	FUN_10a1d050	6
10a1e410	FUN_10a1e410	5
10a1e420	FUN_10a1e420	13
10a1e430	FUN_10a1e430	13
10a1e440	FUN_10a1e440	13
10a1e450	FUN_10a1e450	7
10a1e460	FUN_10a1e460	4
10a1e470	FUN_10a1e470	7
10a1e480	FUN_10a1e480	7
10a1e490	FUN_10a1e490	25
10a1e4b0	FUN_10a1e4b0	25
10a1e4d0	FUN_10a1e4d0	25
10a1e4f0	FUN_10a1e4f0	23
10a1e510	FUN_10a1e510	18
10a1e680	FUN_10a1e680	7
10a1e690	FUN_10a1e690	3
10a1e6a0	FUN_10a1e6a0	3
10a1e860	FUN_10a1e860	5
10a1e870	FUN_10a1e870	5
10a1e880	FUN_10a1e880	14
10a1e8a0	FUN_10a1e8a0	13
10a1e8b0	FUN_10a1e8b0	36
10a1e8e0	FUN_10a1e8e0	5
10a1e8f0	FUN_10a1e8f0	5
10a1e900	FUN_10a1e900	5
10a1e9f0	FUN_10a1e9f0	5
10a1ea00	FUN_10a1ea00	5
10a1ea10	FUN_10a1ea10	5
10a1f740	FUN_10a1f740	21
10a1f760	FUN_10a1f760	23
10a1f780	FUN_10a1f780	3
10a1f900	FUN_10a1f900	23
10a22490	FUN_10a22490	60
10a22750	FUN_10a22750	21
10a22770	FUN_10a22770	12
10a238a0	FUN_10a238a0	3
10a238b0	FUN_10a238b0	3
10a239b0	FUN_10a239b0	6
10a239c0	FUN_10a239c0	43
10a23a00	FUN_10a23a00	43
10a23a40	FUN_10a23a40	3
10a23a50	FUN_10a23a50	4
10a25310	FUN_10a25310	20
10a33e80	FUN_10a33e80	7
10a33e90	FUN_10a33e90	4
10a35ea0	FUN_10a35ea0	4
10a35f00	FUN_10a35f00	20
10a3c6b0	FUN_10a3c6b0	23
10a3d040	thunk_FUN_10eb41b0	5
10a3d050	thunk_FUN_10eb41c0	5
10a3d060	FUN_10a3d060	11
10a3d660	FUN_10a3d660	7
10a3f3b0	FUN_10a3f3b0	36
10a40720	FUN_10a40720	5
10a40730	FUN_10a40730	5
10a40750	FUN_10a40750	13
10a40770	FUN_10a40770	9
10a40820	FUN_10a40820	18
10a40d90	FUN_10a40d90	5
10a40dd0	FUN_10a40dd0	5
10a40de0	FUN_10a40de0	18
10a41ca0	FUN_10a41ca0	49
10a41d70	FUN_10a41d70	3
10a41e50	FUN_10a41e50	24
10a41e70	FUN_10a41e70	24
10a41e90	FUN_10a41e90	3
10a41ea0	FUN_10a41ea0	4
10a41eb0	FUN_10a41eb0	9
10a43c20	thunk_FUN_10eb41b0	5
10a43c30	thunk_FUN_10eb41c0	5
10a48800	thunk_FUN_10eb41b0	5
10a48810	thunk_FUN_10eb41c0	5
10a4c3b0	thunk_FUN_10eb41b0	5
10a4c3c0	thunk_FUN_10eb41c0	5
10a4c770	FUN_10a4c770	25
10a4c790	FUN_10a4c790	25
10a4c7b0	FUN_10a4c7b0	25
10a4c7d0	FUN_10a4c7d0	25
10a4c7f0	FUN_10a4c7f0	25
10a4c810	FUN_10a4c810	25
10a4c850	FUN_10a4c850	3
10a4c990	FUN_10a4c990	3
10a4cba0	FUN_10a4cba0	18
10a4d170	FUN_10a4d170	7
10a4d180	FUN_10a4d180	7
10a4d190	FUN_10a4d190	7
10a4d1a0	FUN_10a4d1a0	7
10a4d1b0	FUN_10a4d1b0	92
10a4d230	FUN_10a4d230	92
10a4d2b0	FUN_10a4d2b0	3
10a4d2c0	FUN_10a4d2c0	3
10a4d2d0	FUN_10a4d2d0	5
10a4d310	FUN_10a4d310	24
10a4d330	FUN_10a4d330	24
10a4d350	FUN_10a4d350	5
10a4d360	FUN_10a4d360	5
10a4d370	FUN_10a4d370	5
10a4d660	FUN_10a4d660	5
10a4d670	FUN_10a4d670	5
10a4d680	FUN_10a4d680	5
10a4d690	FUN_10a4d690	5
10a4d7a0	FUN_10a4d7a0	13
10a4d9b0	FUN_10a4d9b0	12
10a4d9c0	FUN_10a4d9c0	36
10a4da90	FUN_10a4da90	5
10a4daa0	FUN_10a4daa0	5
10a4dab0	FUN_10a4dab0	5
10a4dac0	FUN_10a4dac0	5
10a4dad0	FUN_10a4dad0	5
10a4dae0	FUN_10a4dae0	5
10a4daf0	FUN_10a4daf0	5
10a4db00	FUN_10a4db00	5
10a4db10	FUN_10a4db10	5
10a4db20	FUN_10a4db20	5
10a4dc10	FUN_10a4dc10	5
10a4dc20	FUN_10a4dc20	5
10a4dc30	FUN_10a4dc30	5
10a4e8c0	FUN_10a4e8c0	16
10a4e910	FUN_10a4e910	16
10a4e960	FUN_10a4e960	16
10a4ecb0	FUN_10a4ecb0	21
10a4ecd0	FUN_10a4ecd0	21
10a4ecf0	FUN_10a4ecf0	11
10a4ed00	FUN_10a4ed00	11
10a4ed10	FUN_10a4ed10	11
10a4ed20	FUN_10a4ed20	11
10a4ed30	FUN_10a4ed30	23
10a4ed50	FUN_10a4ed50	23
10a4ed70	FUN_10a4ed70	23
10a4ed90	FUN_10a4ed90	3
10a4eda0	FUN_10a4eda0	3
10a4edb0	FUN_10a4edb0	3
10a4ee40	FUN_10a4ee40	23
10a4ef20	FUN_10a4ef20	23
10a4f000	FUN_10a4f000	23
10a51ed0	FUN_10a51ed0	65
10a51fa0	FUN_10a51fa0	65
10a52240	FUN_10a52240	14
10a52260	FUN_10a52260	14
10a52280	FUN_10a52280	14
10a522a0	FUN_10a522a0	14
10a522c0	FUN_10a522c0	12
10a522d0	FUN_10a522d0	12
10a522e0	FUN_10a522e0	3
10a522f0	FUN_10a522f0	3
10a52300	FUN_10a52300	3
10a52310	FUN_10a52310	3
10a52320	FUN_10a52320	3
10a52330	FUN_10a52330	3
10a52340	FUN_10a52340	3
10a52350	FUN_10a52350	6
10a52360	FUN_10a52360	6
10a52370	FUN_10a52370	16
10a52390	FUN_10a52390	6
10a523a0	FUN_10a523a0	16
10a523c0	FUN_10a523c0	6
10a53960	FUN_10a53960	30
10a53990	FUN_10a53990	30
10a539c0	FUN_10a539c0	30
10a539f0	FUN_10a539f0	49
10a53a30	FUN_10a53a30	49
10a53a70	FUN_10a53a70	49
10a53d10	FUN_10a53d10	3
10a53d20	FUN_10a53d20	3
10a53e40	FUN_10a53e40	3
10a53e90	FUN_10a53e90	3
10a53ea0	FUN_10a53ea0	3
10a53eb0	FUN_10a53eb0	3
10a53ec0	FUN_10a53ec0	3
10a53ed0	FUN_10a53ed0	3
10a53ee0	FUN_10a53ee0	3
10a53ef0	FUN_10a53ef0	3
10a53f00	FUN_10a53f00	3
10a53f10	FUN_10a53f10	3
10a53f20	FUN_10a53f20	3
10a53f30	FUN_10a53f30	3
10a53f40	FUN_10a53f40	3
10a53ff0	FUN_10a53ff0	3
10a54000	FUN_10a54000	3
10a54010	FUN_10a54010	3
10a54020	FUN_10a54020	6
10a54030	FUN_10a54030	6
10a54040	FUN_10a54040	43
10a54390	FUN_10a54390	24
10a543b0	FUN_10a543b0	24
10a54400	FUN_10a54400	24
10a54420	FUN_10a54420	24
10a54440	FUN_10a54440	3
10a54450	FUN_10a54450	3
10a54460	FUN_10a54460	4
10a54470	FUN_10a54470	4
10a548a0	FUN_10a548a0	11
10a548b0	FUN_10a548b0	11
10a54980	FUN_10a54980	9
10a54990	FUN_10a54990	9
10a549a0	FUN_10a549a0	9
10a560e0	FUN_10a560e0	12
10a560f0	FUN_10a560f0	12
10a5c890	FUN_10a5c890	23
10a5c8b0	FUN_10a5c8b0	28
10a616b0	thunk_FUN_10ebc1d0	5
10a616c0	thunk_FUN_10ebc1e0	5
10a616d0	thunk_FUN_10ebc1d0	5
10a616e0	thunk_FUN_10ebc1e0	5
10a616f0	thunk_FUN_10ebc1d0	5
10a61700	thunk_FUN_10ebc1e0	5
10a61710	FUN_10a61710	7
10a618c0	thunk_FUN_10eb41b0	5
10a618d0	thunk_FUN_10eb41c0	5
10a618e0	thunk_FUN_10eb41b0	5
10a618f0	thunk_FUN_10eb41b0	5
10a61900	thunk_FUN_10eb41b0	5
10a61910	thunk_FUN_10eb41c0	5
10a61980	FUN_10a61980	7
10a61a70	FUN_10a61a70	7
10a61a80	FUN_10a61a80	6
10a61a90	FUN_10a61a90	6
10a61aa0	FUN_10a61aa0	6
10a61ab0	FUN_10a61ab0	6
10a61ac0	FUN_10a61ac0	6
10a61ad0	FUN_10a61ad0	6
10a64290	FUN_10a64290	3
10a642a0	FUN_10a642a0	36
10a64370	FUN_10a64370	28
10a643a0	FUN_10a643a0	28
10a644f0	FUN_10a644f0	5
10a64500	FUN_10a64500	5
10a64510	FUN_10a64510	5
10a64890	FUN_10a64890	13
10a648a0	FUN_10a648a0	9
10a648b0	FUN_10a648b0	9
10a742e0	FUN_10a742e0	25
10a74300	FUN_10a74300	22
10a74470	FUN_10a74470	22
10a74490	FUN_10a74490	83
10a74c70	FUN_10a74c70	7
10a74c80	FUN_10a74c80	3
10a74c90	FUN_10a74c90	5
10a74ec0	FUN_10a74ec0	5
10a75240	FUN_10a75240	5
10a75250	FUN_10a75250	5
10a75260	FUN_10a75260	5
10a75270	FUN_10a75270	5
10a75280	FUN_10a75280	5
10a75410	FUN_10a75410	5
10a75420	FUN_10a75420	5
10a757d0	FUN_10a757d0	16
10a757f0	FUN_10a757f0	16
10a75840	FUN_10a75840	16
10a75860	FUN_10a75860	9
10a75870	FUN_10a75870	9
10a75880	FUN_10a75880	21
10a758a0	FUN_10a758a0	23
10a758c0	FUN_10a758c0	3
10a75950	FUN_10a75950	23
10a770b0	FUN_10a770b0	67
10a77110	FUN_10a77110	67
10a77170	FUN_10a77170	15
10a77190	FUN_10a77190	7
10a771a0	FUN_10a771a0	3
10a771b0	FUN_10a771b0	3
10a777f0	FUN_10a777f0	63
10a77930	FUN_10a77930	5
10a77940	FUN_10a77940	3
10a77950	FUN_10a77950	3
10a77960	FUN_10a77960	3
10a77970	FUN_10a77970	3
10a77980	FUN_10a77980	3
10a77990	FUN_10a77990	3
10a779f0	FUN_10a779f0	3
10a77a00	FUN_10a77a00	6
10a783b0	FUN_10a783b0	23
10a78830	FUN_10a78830	16
10a7a950	FUN_10a7a950	20
10a7c040	thunk_FUN_10eb41b0	5
10a7c050	thunk_FUN_10eb41c0	5
10a7c060	FUN_10a7c060	4
10a7c0b0	FUN_10a7c0b0	6
10a7c0c0	FUN_10a7c0c0	6
10a7ca90	FUN_10a7ca90	3
10a7cbf0	FUN_10a7cbf0	28
10a7cc20	FUN_10a7cc20	28
10a7cea0	FUN_10a7cea0	24
10a7cec0	FUN_10a7cec0	4
10a7ced0	FUN_10a7ced0	23
10a80400	FUN_10a80400	16
10a88a60	FUN_10a88a60	152
10a88b20	FUN_10a88b20	127
10a88bc0	FUN_10a88bc0	5
10a88bd0	FUN_10a88bd0	68
10a88c30	FUN_10a88c30	5
10a890d0	FUN_10a890d0	16
10a890f0	FUN_10a890f0	11
10a89e30	FUN_10a89e30	65
10a89e90	FUN_10a89e90	14
10a89eb0	FUN_10a89eb0	14
10a89ed0	FUN_10a89ed0	6
10a89ee0	FUN_10a89ee0	6
10a8a4e0	FUN_10a8a4e0	3
10a8a4f0	FUN_10a8a4f0	3
10a8a9b0	FUN_10a8a9b0	11
10a8a9c0	FUN_10a8a9c0	168
10a906a0	thunk_FUN_10eb41b0	5
10a906b0	thunk_FUN_10eb41c0	5
10a90d30	FUN_10a90d30	5
10a92c80	FUN_10a92c80	7
10a999b0	thunk_FUN_10eb41b0	5
10a999c0	thunk_FUN_10eb41c0	5
10a9bbf0	FUN_10a9bbf0	14
10a9f830	FUN_10a9f830	7
10a9fb10	FUN_10a9fb10	28
10aa18b0	thunk_FUN_10eb41b0	5
10aa18c0	thunk_FUN_10eb41c0	5
10aa18d0	FUN_10aa18d0	7
10aa2710	FUN_10aa2710	13
10ab5fc0	FUN_10ab5fc0	7
10ab5fd0	FUN_10ab5fd0	7
10ae5810	thunk_FUN_10eb41b0	5
10ae5820	thunk_FUN_10eb41c0	5
10af35c0	FUN_10af35c0	25
10af35e0	FUN_10af35e0	18
10af3600	FUN_10af3600	18
10af3620	FUN_10af3620	22
10af3640	FUN_10af3640	18
10af3660	FUN_10af3660	18
10af3800	FUN_10af3800	22
10af3820	FUN_10af3820	18
10af3840	FUN_10af3840	11
10af3850	FUN_10af3850	18
10af3990	FUN_10af3990	27
10af3cf0	FUN_10af3cf0	11
10af3d00	FUN_10af3d00	11
10af3d10	FUN_10af3d10	3
10af3ea0	FUN_10af3ea0	13
10af3eb0	FUN_10af3eb0	13
10af3ec0	FUN_10af3ec0	13
10af3ed0	FUN_10af3ed0	13
10af3ee0	FUN_10af3ee0	113
10af4150	FUN_10af4150	3
10af4160	FUN_10af4160	3
10af4770	FUN_10af4770	73
10af4830	FUN_10af4830	15
10af4850	FUN_10af4850	15
10af4970	FUN_10af4970	7
10af4980	FUN_10af4980	5
10af4990	FUN_10af4990	5
10af4b10	FUN_10af4b10	7
10af4b20	FUN_10af4b20	5
10af4b30	FUN_10af4b30	5
10af4b40	FUN_10af4b40	5
10af4b50	FUN_10af4b50	5
10af4b60	FUN_10af4b60	5
10af4b70	FUN_10af4b70	5
10af4b80	FUN_10af4b80	5
10af4b90	FUN_10af4b90	5
10af4ba0	FUN_10af4ba0	5
10af4bb0	FUN_10af4bb0	5
10af4bc0	FUN_10af4bc0	5
10af4c10	FUN_10af4c10	22
10af4d10	FUN_10af4d10	15
10af4d30	FUN_10af4d30	15
10af4d50	FUN_10af4d50	15
10af4d70	FUN_10af4d70	15
10af4d90	FUN_10af4d90	5
10af4da0	FUN_10af4da0	5
10af4db0	FUN_10af4db0	5
10af4dc0	FUN_10af4dc0	5
10af4dd0	FUN_10af4dd0	5
10af4de0	FUN_10af4de0	5
10af4df0	FUN_10af4df0	5
10af4e00	FUN_10af4e00	5
10af4e10	FUN_10af4e10	5
10af4e20	FUN_10af4e20	5
10af4e30	FUN_10af4e30	5
10af4e40	FUN_10af4e40	5
10af4e50	FUN_10af4e50	5
10af4e60	FUN_10af4e60	5
10af4e70	FUN_10af4e70	5
10af4e80	FUN_10af4e80	5
10af4e90	FUN_10af4e90	5
10af4ea0	FUN_10af4ea0	5
10af4eb0	FUN_10af4eb0	5
10af4ec0	FUN_10af4ec0	5
10af4ed0	FUN_10af4ed0	11
10af5080	FUN_10af5080	5
10af5090	FUN_10af5090	5
10af55a0	FUN_10af55a0	18
10af55c0	FUN_10af55c0	18
10af5660	FUN_10af5660	11
10af5670	FUN_10af5670	11
10af56c0	FUN_10af56c0	11
10af56d0	FUN_10af56d0	11
10af57e0	FUN_10af57e0	11
10af57f0	FUN_10af57f0	11
10af5800	FUN_10af5800	16
10af5820	FUN_10af5820	16
10af5840	FUN_10af5840	3
10af5850	FUN_10af5850	3
10af5860	FUN_10af5860	18
10af5bd0	FUN_10af5bd0	13
10af6b20	FUN_10af6b20	19
10af6ea0	FUN_10af6ea0	14
10af6ec0	FUN_10af6ec0	14
10af6ee0	FUN_10af6ee0	14
10af6f00	FUN_10af6f00	14
10af7010	FUN_10af7010	6
10af7020	FUN_10af7020	6
10af7030	FUN_10af7030	6
10af7040	FUN_10af7040	6
10af7050	FUN_10af7050	6
10af7060	FUN_10af7060	6
10af7070	FUN_10af7070	6
10af72e0	FUN_10af72e0	18
10af7300	FUN_10af7300	18
10af7b40	FUN_10af7b40	5
10af7b50	FUN_10af7b50	3
10af7b60	FUN_10af7b60	3
10af7b70	FUN_10af7b70	3
10af7b80	FUN_10af7b80	3
10af7b90	FUN_10af7b90	3
10af7ba0	FUN_10af7ba0	3
10af7bb0	FUN_10af7bb0	3
10af7bc0	FUN_10af7bc0	3
10af7bd0	FUN_10af7bd0	3
10af7be0	FUN_10af7be0	3
10af7bf0	FUN_10af7bf0	3
10af7c00	FUN_10af7c00	3
10af7c20	FUN_10af7c20	3
10af7c30	FUN_10af7c30	3
10af7c40	FUN_10af7c40	3
10af8170	FUN_10af8170	79
10af81e0	FUN_10af81e0	79
10af8250	FUN_10af8250	30
10af8280	FUN_10af8280	30
10af82b0	FUN_10af82b0	31
10af82e0	FUN_10af82e0	31
10af8310	FUN_10af8310	3
10af8320	FUN_10af8320	11
10af8330	FUN_10af8330	11
10af8340	FUN_10af8340	8
10af8350	FUN_10af8350	83
10af83c0	FUN_10af83c0	83
10af85d0	FUN_10af85d0	13
10af85e0	FUN_10af85e0	13
10af85f0	FUN_10af85f0	13
10af8600	FUN_10af8600	3
10af8cf0	FUN_10af8cf0	8
10af8d00	FUN_10af8d00	11
10af8d10	FUN_10af8d10	11
10af8d20	FUN_10af8d20	11
10af8d30	FUN_10af8d30	4
10afd530	FUN_10afd530	7
10afd540	FUN_10afd540	7
10afd550	FUN_10afd550	28
10afd580	FUN_10afd580	7
10afe8a0	thunk_FUN_10eb41b0	5
10afe8b0	thunk_FUN_10eb41c0	5
10afea70	FUN_10afea70	7
10afea80	FUN_10afea80	6
10afea90	FUN_10afea90	6
10afeaa0	FUN_10afeaa0	6
10afeab0	FUN_10afeab0	6
10aff190	FUN_10aff190	5
10aff1a0	FUN_10aff1a0	5
10aff1b0	FUN_10aff1b0	5
10aff1c0	FUN_10aff1c0	5
10aff1d0	FUN_10aff1d0	13
10aff1e0	FUN_10aff1e0	13
10aff1f0	FUN_10aff1f0	13
10aff200	FUN_10aff200	4
10b02af0	FUN_10b02af0	18
10b02b10	FUN_10b02b10	25
10b02b30	FUN_10b02b30	22
10b02c00	FUN_10b02c00	18
10b02c20	FUN_10b02c20	22
10b02d80	FUN_10b02d80	22
10b02dc0	FUN_10b02dc0	13
10b02dd0	FUN_10b02dd0	13
10b02de0	FUN_10b02de0	3
10b035e0	FUN_10b035e0	15
10b03600	FUN_10b03600	15
10b03620	FUN_10b03620	7
10b03660	FUN_10b03660	5
10b03810	FUN_10b03810	5
10b03820	FUN_10b03820	5
10b03830	FUN_10b03830	5
10b03840	FUN_10b03840	5
10b03850	FUN_10b03850	5
10b03860	FUN_10b03860	13
10b03970	FUN_10b03970	3
10b03ad0	FUN_10b03ad0	15
10b03af0	FUN_10b03af0	15
10b03b10	FUN_10b03b10	5
10b03b20	FUN_10b03b20	5
10b03b30	FUN_10b03b30	5
10b03b40	FUN_10b03b40	5
10b03b50	FUN_10b03b50	5
10b03b60	FUN_10b03b60	5
10b03b70	FUN_10b03b70	5
10b03cc0	FUN_10b03cc0	5
10b04100	FUN_10b04100	18
10b04160	FUN_10b04160	11
10b041f0	FUN_10b041f0	11
10b04200	FUN_10b04200	16
10b04220	FUN_10b04220	21
10b04240	FUN_10b04240	23
10b04260	FUN_10b04260	3
10b04270	FUN_10b04270	3
10b043f0	FUN_10b043f0	23
10b04df0	FUN_10b04df0	19
10b04e10	FUN_10b04e10	19
10b05180	FUN_10b05180	15
10b057d0	FUN_10b057d0	62
10b05910	FUN_10b05910	5
10b05920	FUN_10b05920	3
10b05930	FUN_10b05930	3
10b05940	FUN_10b05940	3
10b05950	FUN_10b05950	3
10b05960	FUN_10b05960	3
10b05970	FUN_10b05970	3
10b05980	FUN_10b05980	3
10b059a0	FUN_10b059a0	3
10b059b0	FUN_10b059b0	3
10b059c0	FUN_10b059c0	3
10b059d0	FUN_10b059d0	3
10b05c70	FUN_10b05c70	5
10b05cf0	FUN_10b05cf0	3
10b05d00	FUN_10b05d00	11
10b05d10	FUN_10b05d10	6
10b060a0	FUN_10b060a0	3
10b060b0	FUN_10b060b0	4
10b06500	FUN_10b06500	22
10b08360	FUN_10b08360	7
10b08b60	thunk_FUN_10ebc1d0	5
10b08b80	FUN_10b08b80	7
10b08b90	thunk_FUN_10eb41b0	5
10b08ba0	thunk_FUN_10eb41c0	5
10b08bb0	thunk_FUN_10eb41b0	5
10b08c00	FUN_10b08c00	6
10b08c10	FUN_10b08c10	6
10b08c20	FUN_10b08c20	6
10b08c30	FUN_10b08c30	6
10b09830	FUN_10b09830	8
10b09840	FUN_10b09840	13
10b09850	FUN_10b09850	22
10b09920	FUN_10b09920	3
10b09cb0	FUN_10b09cb0	7
10b09cc0	FUN_10b09cc0	13
10b09cd0	FUN_10b09cd0	5
10b0af90	FUN_10b0af90	18
10b0f340	FUN_10b0f340	3
10b10680	FUN_10b10680	4
10b10690	FUN_10b10690	7
10b14200	FUN_10b14200	8
10b148d0	FUN_10b148d0	7
10b18c00	FUN_10b18c00	28
10b18d20	thunk_FUN_10ebc1d0	5
10b18d30	thunk_FUN_10ebc1d0	5
10b18d40	thunk_FUN_10ebc1d0	5
10b18d80	thunk_FUN_10eb41b0	5
10b18d90	thunk_FUN_10eb41c0	5
10b18da0	thunk_FUN_10eb41b0	5
10b18db0	thunk_FUN_10eb41b0	5
10b18dc0	thunk_FUN_10eb41b0	5
10b1a4b0	FUN_10b1a4b0	15
10b1a5f0	FUN_10b1a5f0	13
10b1a600	FUN_10b1a600	13
10b1aca0	FUN_10b1aca0	16
10b1c120	FUN_10b1c120	3
10b1c130	FUN_10b1c130	3
10b215d0	FUN_10b215d0	6
10b215f0	thunk_FUN_10eb41c0	5
10b22150	FUN_10b22150	3
10b22160	FUN_10b22160	28
10b2ae00	FUN_10b2ae00	7
10b2b0c0	FUN_10b2b0c0	7
10b2dd50	thunk_FUN_10eb41b0	5
10b2dd60	thunk_FUN_10eb41c0	5
10b2e490	FUN_10b2e490	13
10b2e4a0	FUN_10b2e4a0	17
10b317d0	FUN_10b317d0	7
10b317e0	thunk_FUN_10eb41b0	5
10b317f0	thunk_FUN_10eb41c0	5
10b31800	FUN_10b31800	11
10b31c60	FUN_10b31c60	13
10b31c70	FUN_10b31c70	26
10b31c90	FUN_10b31c90	26
10b354b0	FUN_10b354b0	3
10b41ac0	FUN_10b41ac0	7
10b41e30	FUN_10b41e30	7
10b41e40	FUN_10b41e40	7
10b41e50	FUN_10b41e50	7
10b41ec0	FUN_10b41ec0	7
10b45eb0	thunk_FUN_10ebc1d0	5
10b45f20	FUN_10b45f20	7
10b45f40	thunk_FUN_10eb41b0	5
10b45f50	thunk_FUN_10eb41c0	5
10b45f60	thunk_FUN_10eb41b0	5
10b48630	FUN_10b48630	13
10b48640	FUN_10b48640	13
10b48650	FUN_10b48650	13
10b48660	FUN_10b48660	13
10b48750	FUN_10b48750	13
10b48860	FUN_10b48860	13
10b582c0	thunk_FUN_10eb41c0	5
10b59450	FUN_10b59450	18
10b59710	FUN_10b59710	22
10b59730	FUN_10b59730	18
10b59920	FUN_10b59920	22
10b59980	FUN_10b59980	22
10b599a0	FUN_10b599a0	16
10b599c0	FUN_10b599c0	3
10b599f0	FUN_10b599f0	13
10b59a00	FUN_10b59a00	13
10b59a10	FUN_10b59a10	3
10b59f50	FUN_10b59f50	15
10b59ff0	FUN_10b59ff0	7
10b5a000	FUN_10b5a000	5
10b5a180	FUN_10b5a180	5
10b5a190	FUN_10b5a190	5
10b5a1a0	FUN_10b5a1a0	5
10b5a1b0	FUN_10b5a1b0	5
10b5a1c0	FUN_10b5a1c0	5
10b5a2a0	FUN_10b5a2a0	15
10b5a2c0	FUN_10b5a2c0	15
10b5a2e0	FUN_10b5a2e0	5
10b5a2f0	FUN_10b5a2f0	5
10b5a300	FUN_10b5a300	5
10b5a310	FUN_10b5a310	5
10b5a320	FUN_10b5a320	5
10b5a330	FUN_10b5a330	5
10b5a340	FUN_10b5a340	5
10b5a350	FUN_10b5a350	5
10b5a360	FUN_10b5a360	5
10b5a5c0	FUN_10b5a5c0	22
10b5b440	FUN_10b5b440	18
10b5b4a0	FUN_10b5b4a0	11
10b5b4b0	FUN_10b5b4b0	11
10b5b540	FUN_10b5b540	11
10b5b550	FUN_10b5b550	16
10b5b570	FUN_10b5b570	3
10b5b580	FUN_10b5b580	18
10b5e1d0	FUN_10b5e1d0	14
10b5e1f0	FUN_10b5e1f0	14
10b5e320	FUN_10b5e320	6
10b5e330	FUN_10b5e330	6
10b5e340	FUN_10b5e340	6
10b5f600	FUN_10b5f600	5
10b5f610	FUN_10b5f610	3
10b5f620	FUN_10b5f620	3
10b5f630	FUN_10b5f630	3
10b5f640	FUN_10b5f640	3
10b5f650	FUN_10b5f650	3
10b5f660	FUN_10b5f660	3
10b5f670	FUN_10b5f670	3
10b5f680	FUN_10b5f680	3
10b5f920	FUN_10b5f920	79
10b5f990	FUN_10b5f990	30
10b5f9c0	FUN_10b5f9c0	31
10b5f9f0	FUN_10b5f9f0	11
10b5fa00	FUN_10b5fa00	83
10b5faf0	FUN_10b5faf0	13
10b5fb00	FUN_10b5fb00	3
10b609d0	FUN_10b609d0	11
10b609e0	FUN_10b609e0	4
10b6b880	thunk_FUN_10eb41c0	5
10b6bae0	FUN_10b6bae0	6
10b6baf0	FUN_10b6baf0	6
10b6c1f0	FUN_10b6c1f0	5
10b6c230	FUN_10b6c230	91
10b6c390	FUN_10b6c390	26
10b6c3b0	FUN_10b6c3b0	26
10b6c3d0	FUN_10b6c3d0	26
10b6c3f0	FUN_10b6c3f0	26
10b6c550	FUN_10b6c550	26
10b6c570	FUN_10b6c570	83
10b6c6d0	FUN_10b6c6d0	78
10b6c960	FUN_10b6c960	78
10b6c9d0	FUN_10b6c9d0	78
10b6ca40	FUN_10b6ca40	5
10b6cc20	FUN_10b6cc20	6
10b6cc30	FUN_10b6cc30	6
10b6cf40	FUN_10b6cf40	16
10b6cf60	FUN_10b6cf60	16
10b6cf80	FUN_10b6cf80	16
10b6cfa0	FUN_10b6cfa0	16
10b6dae0	FUN_10b6dae0	12
10b6daf0	FUN_10b6daf0	3
10b6db00	FUN_10b6db00	3
10b6db10	FUN_10b6db10	3
10b6db20	FUN_10b6db20	7
10b6db30	FUN_10b6db30	3
10b6db40	FUN_10b6db40	7
10b6db50	FUN_10b6db50	3
10b6dd70	FUN_10b6dd70	13
10b6e340	FUN_10b6e340	9
10b6e350	FUN_10b6e350	9
10b6fea0	FUN_10b6fea0	4
10b6ff00	FUN_10b6ff00	4
10b71250	FUN_10b71250	6
10b71260	FUN_10b71260	6
10b716f0	FUN_10b716f0	4
10b719c0	FUN_10b719c0	7
10b719d0	FUN_10b719d0	7
10b719e0	FUN_10b719e0	7
10b71b00	FUN_10b71b00	7
10b71b10	FUN_10b71b10	7
10b71b20	FUN_10b71b20	7
10b71b50	FUN_10b71b50	4
10b721a0	FUN_10b721a0	3
10b721b0	FUN_10b721b0	3
10b721c0	FUN_10b721c0	3
10b72760	FUN_10b72760	28
10b72790	FUN_10b72790	28
10b727c0	FUN_10b727c0	28
10b727f0	FUN_10b727f0	20
10b72d90	FUN_10b72d90	5
10b72da0	FUN_10b72da0	13
10b72db0	FUN_10b72db0	13
10b72dc0	FUN_10b72dc0	5
10b72e80	FUN_10b72e80	5
10b72e90	FUN_10b72e90	5
10b72ea0	FUN_10b72ea0	5
10b72f60	FUN_10b72f60	11
10b72f70	FUN_10b72f70	11
10b72f80	FUN_10b72f80	11
10b72f90	FUN_10b72f90	11
10b73180	FUN_10b73180	14
10b731a0	FUN_10b731a0	14
10b731c0	FUN_10b731c0	6
10b731d0	FUN_10b731d0	3
10b731e0	FUN_10b731e0	6
10b731f0	FUN_10b731f0	6
10b73380	FUN_10b73380	16
10b734e0	FUN_10b734e0	9
10b734f0	FUN_10b734f0	11
10b73650	FUN_10b73650	13
10b73660	FUN_10b73660	11
10b75160	FUN_10b75160	11
10b75170	FUN_10b75170	12
10b75330	FUN_10b75330	4
10b75340	FUN_10b75340	20
10b75840	FUN_10b75840	4
10b75850	FUN_10b75850	4
10b75880	FUN_10b75880	3
10b75890	FUN_10b75890	20
10b759d0	FUN_10b759d0	5
10b759e0	FUN_10b759e0	61
10b75a30	FUN_10b75a30	22
10b75b10	FUN_10b75b10	22
10b75b30	FUN_10b75b30	63
10b75b80	FUN_10b75b80	26
10b75ba0	FUN_10b75ba0	13
10b75c80	FUN_10b75c80	5
10b75f20	FUN_10b75f20	5
10b75f30	FUN_10b75f30	55
10b75f80	FUN_10b75f80	15
10b75fa0	FUN_10b75fa0	5
10b75fb0	FUN_10b75fb0	5
10b75fc0	FUN_10b75fc0	16
10b76010	FUN_10b76010	16
10b76050	FUN_10b76050	18
10b76070	FUN_10b76070	11
10b76080	FUN_10b76080	11
10b76680	FUN_10b76680	11
10b76d30	FUN_10b76d30	65
10b76e00	FUN_10b76e00	14
10b76e20	FUN_10b76e20	14
10b76e40	FUN_10b76e40	14
10b76e60	FUN_10b76e60	14
10b76eb0	FUN_10b76eb0	7
10b76ec0	FUN_10b76ec0	3
10b76ed0	FUN_10b76ed0	7
10b76ee0	FUN_10b76ee0	3
10b76ef0	FUN_10b76ef0	3
10b76f00	FUN_10b76f00	6
10b76f10	FUN_10b76f10	6
10b76f20	FUN_10b76f20	6
10b76f30	FUN_10b76f30	6
10b76f40	FUN_10b76f40	6
10b76f50	FUN_10b76f50	9
10b76f60	FUN_10b76f60	9
10b76f70	FUN_10b76f70	9
10b76f80	FUN_10b76f80	9
10b76f90	FUN_10b76f90	10
10b777c0	FUN_10b777c0	3
10b777d0	FUN_10b777d0	3
10b777e0	FUN_10b777e0	3
10b77870	FUN_10b77870	3
10b778f0	FUN_10b778f0	3
10b779b0	FUN_10b779b0	11
10b779c0	FUN_10b779c0	14
10b779e0	FUN_10b779e0	13
10b779f0	FUN_10b779f0	12
10b77a00	FUN_10b77a00	43
10b77a40	FUN_10b77a40	14
10b77a60	FUN_10b77a60	13
10b77aa0	FUN_10b77aa0	4
10b77ab0	FUN_10b77ab0	23
10b77b30	FUN_10b77b30	108
10b77ee0	FUN_10b77ee0	12
10b77ef0	FUN_10b77ef0	11
10b79aa0	FUN_10b79aa0	25
10b7a710	FUN_10b7a710	6
10b7a720	FUN_10b7a720	6
10b7a730	FUN_10b7a730	6
10b7a740	FUN_10b7a740	6
10b7aa80	FUN_10b7aa80	5
10b7aa90	FUN_10b7aa90	3
10b7ad40	FUN_10b7ad40	15
10b7b640	FUN_10b7b640	13
10b7b6f0	FUN_10b7b6f0	26
10b7b7f0	FUN_10b7b7f0	43
10b7b830	FUN_10b7b830	26
10b7b850	FUN_10b7b850	26
10b7b950	FUN_10b7b950	78
10b7b9c0	FUN_10b7b9c0	78
10b7ba30	FUN_10b7ba30	78
10b7bad0	FUN_10b7bad0	40
10b7bb10	FUN_10b7bb10	40
10b7bb50	FUN_10b7bb50	40
10b7bb90	FUN_10b7bb90	40
10b7bbd0	FUN_10b7bbd0	40
10b7bc10	FUN_10b7bc10	6
10b7bc20	FUN_10b7bc20	6
10b7bc30	FUN_10b7bc30	6
10b7bc40	FUN_10b7bc40	6
10b7c130	FUN_10b7c130	16
10b7c180	FUN_10b7c180	16
10b7c1a0	FUN_10b7c1a0	16
10b7c200	FUN_10b7c200	16
10b7d7f0	FUN_10b7d7f0	3
10b7d800	FUN_10b7d800	3
10b7d810	FUN_10b7d810	3
10b7d820	FUN_10b7d820	7
10b7d830	FUN_10b7d830	7
10b7d840	FUN_10b7d840	4
10b7d850	FUN_10b7d850	3
10b80300	FUN_10b80300	16
10b80320	FUN_10b80320	16
10b80340	FUN_10b80340	16
10b80360	FUN_10b80360	16
10b80380	FUN_10b80380	16
10b803a0	FUN_10b803a0	9
10b803b0	FUN_10b803b0	9
10b803c0	FUN_10b803c0	9
10b818e0	FUN_10b818e0	7
10b81d50	FUN_10b81d50	4
10b81d60	FUN_10b81d60	8
10b81d70	FUN_10b81d70	8
10b81d80	FUN_10b81d80	8
10b825f0	FUN_10b825f0	57
10b82640	FUN_10b82640	6
10b82650	FUN_10b82650	6
10b82660	FUN_10b82660	6
10b82670	FUN_10b82670	6
10b829d0	FUN_10b829d0	7
10b829e0	FUN_10b829e0	7
10b829f0	FUN_10b829f0	7
10b82a00	FUN_10b82a00	7
10b82a10	FUN_10b82a10	7
10b82a80	FUN_10b82a80	61
10b82b00	FUN_10b82b00	53
10b82e30	FUN_10b82e30	3
10b82e40	FUN_10b82e40	3
10b82e50	FUN_10b82e50	3
10b82e60	FUN_10b82e60	3
10b84170	FUN_10b84170	28
10b841a0	FUN_10b841a0	28
10b841d0	FUN_10b841d0	28
10b84200	FUN_10b84200	28
10b84230	FUN_10b84230	28
10b84260	FUN_10b84260	28
10b84290	FUN_10b84290	28
10b842c0	FUN_10b842c0	28
10b842f0	FUN_10b842f0	20
10b84950	FUN_10b84950	6
10b84960	FUN_10b84960	6
10b84970	FUN_10b84970	6
10b88830	FUN_10b88830	13
10b88840	FUN_10b88840	13
10b88850	FUN_10b88850	13
10b88860	FUN_10b88860	13
10b8b420	FUN_10b8b420	28
10b8b5f0	FUN_10b8b5f0	28
10b8b620	FUN_10b8b620	25
10b8b640	FUN_10b8b640	25
10b8b770	FUN_10b8b770	25
10b8b890	FUN_10b8b890	28
10b8ba50	FUN_10b8ba50	7
10b8ce00	FUN_10b8ce00	6
10b8ce10	FUN_10b8ce10	6
10b8ce20	FUN_10b8ce20	6
10b8dab0	FUN_10b8dab0	28
10b8dae0	FUN_10b8dae0	28
10b8db10	FUN_10b8db10	28
10b8db40	FUN_10b8db40	28
10b8e1d0	FUN_10b8e1d0	25
10b8e220	FUN_10b8e220	3
10b8e230	FUN_10b8e230	18
10b8e400	FUN_10b8e400	7
10b8e410	FUN_10b8e410	5
10b8e450	FUN_10b8e450	5
10b8e460	FUN_10b8e460	13
10b8e470	FUN_10b8e470	36
10b8e4a0	FUN_10b8e4a0	5
10b8e4b0	FUN_10b8e4b0	11
10b8e4c0	FUN_10b8e4c0	11
10b8e4d0	FUN_10b8e4d0	23
10b8e4f0	FUN_10b8e4f0	3
10b8e500	FUN_10b8e500	23
10b8e630	FUN_10b8e630	14
10b8e650	FUN_10b8e650	14
10b8e670	FUN_10b8e670	3
10b8e680	FUN_10b8e680	3
10b8e690	FUN_10b8e690	6
10b8e6a0	FUN_10b8e6a0	6
10b8e740	FUN_10b8e740	49
10b8e7f0	FUN_10b8e7f0	3
10b8e800	FUN_10b8e800	3
10b8e810	FUN_10b8e810	3
10b8e820	FUN_10b8e820	3
10b8e830	FUN_10b8e830	3
10b8e840	FUN_10b8e840	3
10b8e850	FUN_10b8e850	3
10b8ea10	FUN_10b8ea10	11
10b8ea20	FUN_10b8ea20	9
10b8ea30	FUN_10b8ea30	7
10b8eac0	FUN_10b8eac0	12
10b8ead0	FUN_10b8ead0	6
10b8eae0	FUN_10b8eae0	6
10b8eaf0	FUN_10b8eaf0	36
10b8eb20	FUN_10b8eb20	61
10b8eb70	FUN_10b8eb70	22
10b8ec50	FUN_10b8ec50	18
10b8ec70	FUN_10b8ec70	25
10b8ec90	FUN_10b8ec90	25
10b8ecb0	FUN_10b8ecb0	22
10b8ecd0	FUN_10b8ecd0	5
10b8ece0	FUN_10b8ece0	5
10b8ecf0	FUN_10b8ecf0	63
10b8ed40	FUN_10b8ed40	26
10b8ed60	FUN_10b8ed60	26
10b8ed80	FUN_10b8ed80	78
10b8edf0	FUN_10b8edf0	78
10b8ee60	FUN_10b8ee60	78
10b8eed0	FUN_10b8eed0	78
10b8ef40	FUN_10b8ef40	12
10b8ef50	FUN_10b8ef50	3
10b8ef60	FUN_10b8ef60	13
10b8ef70	FUN_10b8ef70	13
10b8ef80	FUN_10b8ef80	13
10b8ef90	FUN_10b8ef90	3
10b8efa0	FUN_10b8efa0	3
10b8efb0	FUN_10b8efb0	18
10b8f0a0	FUN_10b8f0a0	51
10b8f0e0	FUN_10b8f0e0	15
10b8f100	FUN_10b8f100	26
10b8f120	FUN_10b8f120	7
10b8f130	FUN_10b8f130	5
10b8f3d0	FUN_10b8f3d0	5
10b8f3e0	FUN_10b8f3e0	5
10b8f3f0	FUN_10b8f3f0	5
10b8f400	FUN_10b8f400	5
10b8f410	FUN_10b8f410	5
10b8f420	FUN_10b8f420	55
10b8f480	FUN_10b8f480	15
10b8f520	FUN_10b8f520	5
10b8f530	FUN_10b8f530	5
10b8f540	FUN_10b8f540	5
10b8f550	FUN_10b8f550	5
10b8f560	FUN_10b8f560	5
10b8fc30	FUN_10b8fc30	18
10b8fd20	FUN_10b8fd20	11
10b8fd30	FUN_10b8fd30	11
10b8fd40	FUN_10b8fd40	16
10b8fd60	FUN_10b8fd60	13
10b8fd70	FUN_10b8fd70	14
10b8fd90	FUN_10b8fd90	23
10b8fdb0	FUN_10b8fdb0	3
10b90810	FUN_10b90810	11
10b910f0	FUN_10b910f0	3
10b91c40	FUN_10b91c40	65
10b91d10	FUN_10b91d10	14
10b91d30	FUN_10b91d30	14
10b91d80	FUN_10b91d80	3
10b91d90	FUN_10b91d90	3
10b91da0	FUN_10b91da0	8
10b91db0	FUN_10b91db0	6
10b91dc0	FUN_10b91dc0	6
10b91dd0	FUN_10b91dd0	9
10b91de0	FUN_10b91de0	9
10b91df0	FUN_10b91df0	10
10b93050	FUN_10b93050	3
10b93060	FUN_10b93060	3
10b93070	FUN_10b93070	3
10b93080	FUN_10b93080	3
10b93090	FUN_10b93090	3
10b930a0	FUN_10b930a0	3
10b93130	FUN_10b93130	3
10b93140	FUN_10b93140	3
10b931c0	FUN_10b931c0	3
10b93280	FUN_10b93280	11
10b93290	FUN_10b93290	6
10b932a0	FUN_10b932a0	26
10b93390	FUN_10b93390	14
10b933b0	FUN_10b933b0	13
10b933c0	FUN_10b933c0	12
10b933d0	FUN_10b933d0	11
10b933e0	FUN_10b933e0	43
10b93560	FUN_10b93560	4
10b93570	FUN_10b93570	108
10b93750	FUN_10b93750	9
10b93760	FUN_10b93760	9
10b93770	FUN_10b93770	9
10b93780	FUN_10b93780	32
10b94e80	FUN_10b94e80	6
10b94e90	FUN_10b94e90	6
10b94ea0	FUN_10b94ea0	6
10b94eb0	FUN_10b94eb0	6
10b94ed0	FUN_10b94ed0	3
10b94ee0	FUN_10b94ee0	3
10b94ff0	FUN_10b94ff0	28
10b95020	FUN_10b95020	28
10b95050	FUN_10b95050	28
10b95080	FUN_10b95080	28
10b950b0	FUN_10b950b0	28
10b950e0	FUN_10b950e0	28
10b95110	FUN_10b95110	28
10b95140	FUN_10b95140	28
10b95170	FUN_10b95170	28
10b951a0	FUN_10b951a0	28
10b951d0	FUN_10b951d0	28
10b95200	FUN_10b95200	28
10b952e0	FUN_10b952e0	9
10b95490	FUN_10b95490	61
10b954e0	FUN_10b954e0	22
10b95500	FUN_10b95500	22
10b95520	FUN_10b95520	32
10b956b0	FUN_10b956b0	18
10b956d0	FUN_10b956d0	25
10b956f0	FUN_10b956f0	25
10b95710	FUN_10b95710	18
10b95730	FUN_10b95730	25
10b95750	FUN_10b95750	25
10b95770	FUN_10b95770	17
10b95790	FUN_10b95790	22
10b957b0	FUN_10b957b0	22
10b957d0	FUN_10b957d0	5
10b957e0	FUN_10b957e0	5
10b957f0	FUN_10b957f0	5
10b95800	FUN_10b95800	5
10b95810	FUN_10b95810	21
10b95830	FUN_10b95830	63
10b95880	FUN_10b95880	34
10b958b0	FUN_10b958b0	26
10b958d0	FUN_10b958d0	26
10b958f0	FUN_10b958f0	43
10b95930	FUN_10b95930	26
10b95950	FUN_10b95950	26
10b95970	FUN_10b95970	83
10b95a30	FUN_10b95a30	18
10b95aa0	FUN_10b95aa0	3
10b95ab0	FUN_10b95ab0	3
10b95ac0	FUN_10b95ac0	13
10b95ad0	FUN_10b95ad0	13
10b95ae0	FUN_10b95ae0	13
10b95af0	FUN_10b95af0	13
10b95b00	FUN_10b95b00	13
10b95b10	FUN_10b95b10	13
10b95b20	FUN_10b95b20	3
10b95b30	FUN_10b95b30	3
10b95b40	FUN_10b95b40	3
10b95b50	FUN_10b95b50	3
10b95b60	FUN_10b95b60	18
10b95b80	FUN_10b95b80	18
10b95db0	FUN_10b95db0	51
10b95df0	FUN_10b95df0	15
10b95e10	FUN_10b95e10	15
10b95eb0	FUN_10b95eb0	26
10b95ed0	FUN_10b95ed0	7
10b95ee0	FUN_10b95ee0	7
10b95ef0	FUN_10b95ef0	5
10b95f00	FUN_10b95f00	5
10b96430	FUN_10b96430	5
10b96440	FUN_10b96440	5
10b96450	FUN_10b96450	5
10b96460	FUN_10b96460	5
10b96470	FUN_10b96470	5
10b96480	FUN_10b96480	5
10b96490	FUN_10b96490	5
10b964a0	FUN_10b964a0	5
10b964b0	FUN_10b964b0	5
10b964c0	FUN_10b964c0	5
10b964d0	FUN_10b964d0	5
10b964e0	FUN_10b964e0	5
10b965a0	FUN_10b965a0	29
10b965d0	FUN_10b965d0	55
10b966a0	FUN_10b966a0	15
10b966c0	FUN_10b966c0	15
10b967e0	FUN_10b967e0	5
10b967f0	FUN_10b967f0	5
10b96800	FUN_10b96800	5
10b96810	FUN_10b96810	5
10b96820	FUN_10b96820	5
10b96830	FUN_10b96830	5
10b96840	FUN_10b96840	5
10b96850	FUN_10b96850	5
10b96860	FUN_10b96860	5
10b96870	FUN_10b96870	5
10b96880	FUN_10b96880	5
10b96890	FUN_10b96890	6
10b968a0	FUN_10b968a0	6
10b968b0	FUN_10b968b0	6
10b968c0	FUN_10b968c0	6
10b96c80	FUN_10b96c80	16
10b96d10	FUN_10b96d10	16
10b96d30	FUN_10b96d30	16
10b96d90	FUN_10b96d90	16
10b96db0	FUN_10b96db0	16
10b96e10	FUN_10b96e10	48
10b96e90	FUN_10b96e90	18
10b96eb0	FUN_10b96eb0	18
10b96ed0	FUN_10b96ed0	10
10b97090	FUN_10b97090	11
10b970a0	FUN_10b970a0	9
10b970b0	FUN_10b970b0	11
10b970c0	FUN_10b970c0	9
10b970d0	FUN_10b970d0	11
10b970e0	FUN_10b970e0	9
10b970f0	FUN_10b970f0	11
10b97100	FUN_10b97100	9
10b97110	FUN_10b97110	11
10b97120	FUN_10b97120	9
10b97130	FUN_10b97130	11
10b97140	FUN_10b97140	9
10b97150	FUN_10b97150	11
10b97160	FUN_10b97160	11
10b97170	FUN_10b97170	16
10b97190	FUN_10b97190	16
10b971b0	FUN_10b971b0	17
10b971d0	FUN_10b971d0	23
10b971f0	FUN_10b971f0	13
10b97200	FUN_10b97200	14
10b97220	FUN_10b97220	14
10b97240	FUN_10b97240	23
10b97260	FUN_10b97260	23
10b97280	FUN_10b97280	3
10b97290	FUN_10b97290	3
10b972a0	FUN_10b972a0	12
10b98390	FUN_10b98390	11
10b983a0	FUN_10b983a0	11
10b98c20	FUN_10b98c20	3
10b98c30	FUN_10b98c30	3
10b993f0	FUN_10b993f0	72
10b99460	FUN_10b99460	65
10b994c0	FUN_10b994c0	65
10b996e0	FUN_10b996e0	42
10b99750	FUN_10b99750	14
10b99770	FUN_10b99770	14
10b99790	FUN_10b99790	14
10b997b0	FUN_10b997b0	14
10b997d0	FUN_10b997d0	14
10b997f0	FUN_10b997f0	14
10b99810	FUN_10b99810	14
10b99830	FUN_10b99830	14
10b998b0	FUN_10b998b0	3
10b998c0	FUN_10b998c0	7
10b998d0	FUN_10b998d0	3
10b998e0	FUN_10b998e0	7
10b998f0	FUN_10b998f0	7
10b99900	FUN_10b99900	3
10b99910	FUN_10b99910	7
10b99920	FUN_10b99920	3
10b99930	FUN_10b99930	8
10b99940	FUN_10b99940	4
10b99950	FUN_10b99950	3
10b99960	FUN_10b99960	3
10b99970	FUN_10b99970	3
10b99980	FUN_10b99980	3
10b99990	FUN_10b99990	3
10b999a0	FUN_10b999a0	3
10b999b0	FUN_10b999b0	3
10b999c0	FUN_10b999c0	6
10b999d0	FUN_10b999d0	6
10b999e0	FUN_10b999e0	6
10b999f0	FUN_10b999f0	6
10b99a00	FUN_10b99a00	6
10b99a10	FUN_10b99a10	6
10b99a20	FUN_10b99a20	6
10b99a30	FUN_10b99a30	6
10b99a40	FUN_10b99a40	6
10b99a50	FUN_10b99a50	6
10b99a60	FUN_10b99a60	9
10b99a70	FUN_10b99a70	9
10b99ac0	FUN_10b99ac0	9
10b99ad0	FUN_10b99ad0	9
10b99ae0	FUN_10b99ae0	9
10b99af0	FUN_10b99af0	9
10b99b00	FUN_10b99b00	10
10b99b10	FUN_10b99b10	10
10b99b20	FUN_10b99b20	18
10b99b90	FUN_10b99b90	18
10b9a920	FUN_10b9a920	8
10b9a930	FUN_10b9a930	54
10b9a980	FUN_10b9a980	54
10b9ae50	FUN_10b9ae50	3
10b9ae60	FUN_10b9ae60	3
10b9ae70	FUN_10b9ae70	3
10b9ae80	FUN_10b9ae80	3
10b9ae90	FUN_10b9ae90	3
10b9aea0	FUN_10b9aea0	3
10b9aeb0	FUN_10b9aeb0	3
10b9aec0	FUN_10b9aec0	3
10b9aed0	FUN_10b9aed0	3
10b9aee0	FUN_10b9aee0	3
10b9aef0	FUN_10b9aef0	4
10b9af00	FUN_10b9af00	4
10b9af10	FUN_10b9af10	3
10b9af20	FUN_10b9af20	3
10b9af30	FUN_10b9af30	3
10b9af40	FUN_10b9af40	3
10b9af50	FUN_10b9af50	4
10b9b060	FUN_10b9b060	7
10b9b070	FUN_10b9b070	4
10b9b080	FUN_10b9b080	4
10b9b090	FUN_10b9b090	3
10b9b0a0	FUN_10b9b0a0	3
10b9b190	FUN_10b9b190	3
10b9b1a0	FUN_10b9b1a0	3
10b9b1b0	FUN_10b9b1b0	3
10b9b1c0	FUN_10b9b1c0	3
10b9b330	FUN_10b9b330	11
10b9b340	FUN_10b9b340	11
10b9b350	FUN_10b9b350	6
10b9b360	FUN_10b9b360	6
10b9b370	FUN_10b9b370	26
10b9b390	FUN_10b9b390	10
10b9b530	FUN_10b9b530	14
10b9b550	FUN_10b9b550	14
10b9b570	FUN_10b9b570	13
10b9b580	FUN_10b9b580	13
10b9b590	FUN_10b9b590	12
10b9b5a0	FUN_10b9b5a0	12
10b9b5b0	FUN_10b9b5b0	11
10b9b5c0	FUN_10b9b5c0	11
10b9b670	FUN_10b9b670	48
10b9b6b0	FUN_10b9b6b0	43
10b9b6f0	FUN_10b9b6f0	43
10b9bcd0	FUN_10b9bcd0	14
10b9bcf0	FUN_10b9bcf0	14
10b9bd10	FUN_10b9bd10	13
10b9bd20	FUN_10b9bd20	13
10b9bdc0	FUN_10b9bdc0	4
10b9bdd0	FUN_10b9bdd0	4
10b9bf70	FUN_10b9bf70	68
10b9c340	FUN_10b9c340	16
10b9c360	FUN_10b9c360	9
10b9c4b0	FUN_10b9c4b0	12
10b9c4c0	FUN_10b9c4c0	12
10b9c4d0	FUN_10b9c4d0	11
10b9c4e0	FUN_10b9c4e0	11
10b9c4f0	FUN_10b9c4f0	3
10b9c730	FUN_10b9c730	4
10b9de50	FUN_10b9de50	4
10b9e070	FUN_10b9e070	4
10b9e530	FUN_10b9e530	4
10b9e8f0	FUN_10b9e8f0	6
10b9e900	FUN_10b9e900	6
10b9e910	FUN_10b9e910	6
10b9e920	FUN_10b9e920	6
10b9eba0	FUN_10b9eba0	7
10b9ebb0	FUN_10b9ebb0	34
10b9f060	FUN_10b9f060	6
10b9f070	FUN_10b9f070	6
10b9f080	FUN_10b9f080	6
10b9f090	FUN_10b9f090	6
10b9f0a0	FUN_10b9f0a0	6
10b9f0b0	FUN_10b9f0b0	6
10b9f0c0	FUN_10b9f0c0	6
10b9f0d0	FUN_10b9f0d0	6
10b9f5f0	FUN_10b9f5f0	5
10b9f600	FUN_10b9f600	5
10b9f610	FUN_10b9f610	3
10b9f620	FUN_10b9f620	3
10b9f630	FUN_10b9f630	3
10b9f640	FUN_10b9f640	3
10b9f650	FUN_10b9f650	3
10b9f660	FUN_10b9f660	3
10b9fbf0	FUN_10b9fbf0	28
10b9fc20	FUN_10b9fc20	28
10b9fc50	FUN_10b9fc50	28
10b9fc80	FUN_10b9fc80	28
10b9fcb0	FUN_10b9fcb0	28
10b9fce0	FUN_10b9fce0	28
10b9fd10	FUN_10b9fd10	28
10b9fd40	FUN_10b9fd40	20
10ba0ad0	FUN_10ba0ad0	27
10ba0b00	FUN_10ba0b00	10
10ba0b10	FUN_10ba0b10	10
10ba0b20	FUN_10ba0b20	10
10ba0b90	FUN_10ba0b90	49
10ba0bd0	FUN_10ba0bd0	9
10ba0be0	FUN_10ba0be0	9
10ba1ab0	FUN_10ba1ab0	4
10ba1ac0	FUN_10ba1ac0	18
10ba1ae0	FUN_10ba1ae0	18
10ba1b00	FUN_10ba1b00	25
10ba1b20	FUN_10ba1b20	22
10ba1b40	FUN_10ba1b40	22
10ba1b60	FUN_10ba1b60	22
10ba1b80	FUN_10ba1b80	52
10ba1bd0	FUN_10ba1bd0	32
10ba1c00	FUN_10ba1c00	22
10ba1c20	FUN_10ba1c20	22
10ba1c40	FUN_10ba1c40	18
10ba1c60	FUN_10ba1c60	18
10ba20a0	FUN_10ba20a0	22
10ba20c0	FUN_10ba20c0	22
10ba2120	FUN_10ba2120	25
10ba22e0	FUN_10ba22e0	54
10ba2330	FUN_10ba2330	34
10ba2360	FUN_10ba2360	91
10ba23e0	FUN_10ba23e0	26
10ba2400	FUN_10ba2400	25
10ba2420	FUN_10ba2420	26
10ba2440	FUN_10ba2440	26
10ba2540	FUN_10ba2540	78
10ba2620	FUN_10ba2620	78
10ba2690	FUN_10ba2690	12
10ba26a0	FUN_10ba26a0	3
10ba26b0	FUN_10ba26b0	3
10ba26c0	FUN_10ba26c0	3
10ba2870	FUN_10ba2870	13
10ba2880	FUN_10ba2880	13
10ba2890	FUN_10ba2890	13
10ba28a0	FUN_10ba28a0	13
10ba28b0	FUN_10ba28b0	3
10ba28c0	FUN_10ba28c0	3
10ba2ac0	FUN_10ba2ac0	23
10ba2c30	FUN_10ba2c30	23
10ba2ee0	FUN_10ba2ee0	118
10ba2f80	FUN_10ba2f80	118
10ba33a0	FUN_10ba33a0	73
10ba3400	FUN_10ba3400	15
10ba3420	FUN_10ba3420	15
10ba3440	FUN_10ba3440	15
10ba34e0	FUN_10ba34e0	5
10ba34f0	FUN_10ba34f0	5
10ba3500	FUN_10ba3500	5
10ba3510	FUN_10ba3510	7
10ba3640	FUN_10ba3640	5
10ba3650	FUN_10ba3650	5
10ba38a0	FUN_10ba38a0	12
10ba3d30	FUN_10ba3d30	5
10ba3f60	FUN_10ba3f60	5
10ba3f70	FUN_10ba3f70	5
10ba3f80	FUN_10ba3f80	5
10ba3f90	FUN_10ba3f90	5
10ba3fb0	FUN_10ba3fb0	5
10ba3fc0	FUN_10ba3fc0	5
10ba3fd0	FUN_10ba3fd0	5
10ba3fe0	FUN_10ba3fe0	5
10ba3ff0	FUN_10ba3ff0	5
10ba4000	FUN_10ba4000	5
10ba4010	FUN_10ba4010	5
10ba4020	FUN_10ba4020	5
10ba4030	FUN_10ba4030	5
10ba4040	FUN_10ba4040	40
10ba4080	FUN_10ba4080	54
10ba40d0	FUN_10ba40d0	29
10ba4100	FUN_10ba4100	14
10ba4120	FUN_10ba4120	14
10ba4290	FUN_10ba4290	14
10ba42b0	FUN_10ba42b0	3
10ba4340	FUN_10ba4340	86
10ba43b0	FUN_10ba43b0	86
10ba4420	FUN_10ba4420	86
10ba4490	FUN_10ba4490	40
10ba44d0	FUN_10ba44d0	15
10ba44f0	FUN_10ba44f0	15
10ba4510	FUN_10ba4510	15
10ba4530	FUN_10ba4530	15
10ba4550	FUN_10ba4550	5
10ba4560	FUN_10ba4560	5
10ba4570	FUN_10ba4570	5
10ba4580	FUN_10ba4580	5
10ba4590	FUN_10ba4590	5
10ba45a0	FUN_10ba45a0	5
10ba45c0	FUN_10ba45c0	5
10ba45d0	FUN_10ba45d0	5
10ba45e0	FUN_10ba45e0	5
10ba45f0	FUN_10ba45f0	5
10ba4600	FUN_10ba4600	5
10ba4620	FUN_10ba4620	5
10ba4630	FUN_10ba4630	5
10ba4640	FUN_10ba4640	6
10ba4a30	FUN_10ba4a30	5
10ba4a50	FUN_10ba4a50	5
10ba4a60	FUN_10ba4a60	5
10ba4cf0	FUN_10ba4cf0	14
10ba5060	FUN_10ba5060	16
10ba50c0	FUN_10ba50c0	16
10ba50e0	FUN_10ba50e0	16
10ba5100	FUN_10ba5100	16
10ba5120	FUN_10ba5120	16
10ba51d0	FUN_10ba51d0	18
10ba51f0	FUN_10ba51f0	18
10ba5210	FUN_10ba5210	3
10ba5220	FUN_10ba5220	10
10ba52d0	FUN_10ba52d0	11
10ba52e0	FUN_10ba52e0	11
10ba52f0	FUN_10ba52f0	11
10ba5300	FUN_10ba5300	11
10ba5410	FUN_10ba5410	11
10ba5420	FUN_10ba5420	11
10ba5430	FUN_10ba5430	11
10ba5440	FUN_10ba5440	11
10ba5450	FUN_10ba5450	16
10ba5470	FUN_10ba5470	16
10ba5490	FUN_10ba5490	21
10ba54b0	FUN_10ba54b0	23
10ba54d0	FUN_10ba54d0	3
10ba54e0	FUN_10ba54e0	3
10ba54f0	FUN_10ba54f0	3
10ba5860	FUN_10ba5860	9
10ba5ba0	FUN_10ba5ba0	23
10ba5bc0	FUN_10ba5bc0	41
10ba5ee0	FUN_10ba5ee0	50
10ba6020	FUN_10ba6020	23
10ba6040	FUN_10ba6040	12
10ba6150	FUN_10ba6150	21
10ba6ca0	FUN_10ba6ca0	34
10ba6d60	FUN_10ba6d60	19
10ba6e10	FUN_10ba6e10	19
10ba6e30	FUN_10ba6e30	19
10ba7480	FUN_10ba7480	18
10ba7770	FUN_10ba7770	14
10ba7790	FUN_10ba7790	14
10ba77b0	FUN_10ba77b0	14
10ba77d0	FUN_10ba77d0	14
10ba77f0	FUN_10ba77f0	14
10ba7830	FUN_10ba7830	14
10ba7850	FUN_10ba7850	14
10ba7870	FUN_10ba7870	14
10ba7890	FUN_10ba7890	14
10ba78b0	FUN_10ba78b0	14
10ba7b00	FUN_10ba7b00	15
10ba7b20	FUN_10ba7b20	3
10ba7b30	FUN_10ba7b30	3
10ba7b40	FUN_10ba7b40	3
10ba7b50	FUN_10ba7b50	3
10ba7b60	FUN_10ba7b60	8
10ba7b70	FUN_10ba7b70	8
10ba7b80	FUN_10ba7b80	4
10ba7b90	FUN_10ba7b90	3
10ba7ba0	FUN_10ba7ba0	3
10ba7bb0	FUN_10ba7bb0	3
10ba7bc0	FUN_10ba7bc0	3
10ba7bd0	FUN_10ba7bd0	3
10ba7be0	FUN_10ba7be0	3
10ba7bf0	FUN_10ba7bf0	6
10ba7c00	FUN_10ba7c00	6
10ba7c10	FUN_10ba7c10	6
10ba7c20	FUN_10ba7c20	6
10ba7c30	FUN_10ba7c30	6
10ba7c40	FUN_10ba7c40	6
10ba8410	FUN_10ba8410	6
10ba8530	FUN_10ba8530	33
10ba8560	FUN_10ba8560	63
10ba8880	FUN_10ba8880	8
10ba8890	FUN_10ba8890	29
10ba9670	FUN_10ba9670	3
10ba9680	FUN_10ba9680	3
10ba9690	FUN_10ba9690	3
10ba96a0	FUN_10ba96a0	3
10ba96b0	FUN_10ba96b0	3
10ba96c0	FUN_10ba96c0	3
10ba96d0	FUN_10ba96d0	3
10ba96e0	FUN_10ba96e0	3
10ba96f0	FUN_10ba96f0	3
10ba9700	FUN_10ba9700	3
10ba9710	FUN_10ba9710	3
10ba9720	FUN_10ba9720	3
10ba9730	FUN_10ba9730	3
10ba9740	FUN_10ba9740	3
10ba9750	FUN_10ba9750	3
10ba9760	FUN_10ba9760	3
10ba9770	FUN_10ba9770	3
10ba9780	FUN_10ba9780	3
10ba9790	FUN_10ba9790	3
10ba97a0	FUN_10ba97a0	3
10ba97b0	FUN_10ba97b0	4
10ba9de0	FUN_10ba9de0	7
10ba9f10	FUN_10ba9f10	30
10ba9f40	FUN_10ba9f40	30
10baa000	FUN_10baa000	3
10baa010	FUN_10baa010	3
10baa020	FUN_10baa020	3
10baa030	FUN_10baa030	11
10baa040	FUN_10baa040	11
10baa050	FUN_10baa050	6
10baa060	FUN_10baa060	26
10baa080	FUN_10baa080	26
10baa0a0	FUN_10baa0a0	76
10baa1e0	FUN_10baa1e0	10
10baa610	FUN_10baa610	13
10baa620	FUN_10baa620	13
10baa7e0	FUN_10baa7e0	19
10baa8a0	FUN_10baa8a0	7
10baa8b0	FUN_10baa8b0	13
10baa8c0	FUN_10baa8c0	13
10baa8d0	FUN_10baa8d0	23
10baa9f0	FUN_10baa9f0	8
10bab230	FUN_10bab230	16
10bab250	FUN_10bab250	9
10bab2f0	FUN_10bab2f0	32
10bab3b0	FUN_10bab3b0	8
10bab3d0	FUN_10bab3d0	11
10bab3e0	FUN_10bab3e0	11
10baba00	FUN_10baba00	36
10bac670	FUN_10bac670	4
10bacbc0	FUN_10bacbc0	4
10bad870	FUN_10bad870	6
10bb2290	FUN_10bb2290	7
10bb22a0	FUN_10bb22a0	7
10bb22b0	FUN_10bb22b0	7
10bb24c0	FUN_10bb24c0	6
10bb24d0	FUN_10bb24d0	6
10bb24e0	FUN_10bb24e0	6
10bb24f0	FUN_10bb24f0	6
10bb2500	FUN_10bb2500	6
10bb2510	FUN_10bb2510	6
10bb2520	FUN_10bb2520	19
10bb3100	FUN_10bb3100	5
10bb3110	FUN_10bb3110	5
10bb3120	FUN_10bb3120	5
10bb3130	FUN_10bb3130	5
10bb3160	FUN_10bb3160	3
10bb3170	FUN_10bb3170	3
10bb3180	FUN_10bb3180	3
10bb3190	FUN_10bb3190	40
10bb3370	FUN_10bb3370	28
10bb33a0	FUN_10bb33a0	28
10bb33d0	FUN_10bb33d0	28
10bb3400	FUN_10bb3400	28
10bb42c0	FUN_10bb42c0	5
10bb4360	FUN_10bb4360	10
10bb4380	FUN_10bb4380	13
10bb4390	FUN_10bb4390	4
10bb43a0	FUN_10bb43a0	4
10bb43b0	FUN_10bb43b0	23
10bb47c0	FUN_10bb47c0	18
10bb47e0	FUN_10bb47e0	22
10bb4800	FUN_10bb4800	18
10bb49f0	FUN_10bb49f0	22
10bb4b10	FUN_10bb4b10	21
10bb4bb0	FUN_10bb4bb0	13
10bb4bc0	FUN_10bb4bc0	13
10bb4bd0	FUN_10bb4bd0	3
10bb4d80	FUN_10bb4d80	15
10bb4e50	FUN_10bb4e50	5
10bb5110	FUN_10bb5110	5
10bb5120	FUN_10bb5120	5
10bb5130	FUN_10bb5130	5
10bb5140	FUN_10bb5140	5
10bb5150	FUN_10bb5150	5
10bb5260	FUN_10bb5260	15
10bb5280	FUN_10bb5280	15
10bb52a0	FUN_10bb52a0	5
10bb52b0	FUN_10bb52b0	5
10bb52c0	FUN_10bb52c0	5
10bb52f0	FUN_10bb52f0	18
10bb53d0	FUN_10bb53d0	16
10bb53f0	FUN_10bb53f0	3
10bb6080	FUN_10bb6080	3
10bb6730	FUN_10bb6730	3
10bb6740	FUN_10bb6740	3
10bb6750	FUN_10bb6750	3
10bb6760	FUN_10bb6760	3
10bb6770	FUN_10bb6770	3
10bb6780	FUN_10bb6780	3
10bb6790	FUN_10bb6790	3
10bb67a0	FUN_10bb67a0	3
10bb6a40	FUN_10bb6a40	79
10bb6ab0	FUN_10bb6ab0	11
10bb6ac0	FUN_10bb6ac0	83
10bbabd0	FUN_10bbabd0	6
10bbabe0	FUN_10bbabe0	6
10bbc050	FUN_10bbc050	8
10bbd8c0	FUN_10bbd8c0	25
10bbd8e0	FUN_10bbd8e0	83
10bbdba0	FUN_10bbdba0	3
10bbdbb0	FUN_10bbdbb0	18
10bbdd80	FUN_10bbdd80	7
10bbdd90	FUN_10bbdd90	5
10bbde00	FUN_10bbde00	13
10bbde10	FUN_10bbde10	3
10bbde20	FUN_10bbde20	36
10bbde50	FUN_10bbde50	5
10bbde60	FUN_10bbde60	6
10bbde70	FUN_10bbde70	6
10bbdef0	FUN_10bbdef0	16
10bbdf10	FUN_10bbdf10	9
10bbdf20	FUN_10bbdf20	23
10bbdf40	FUN_10bbdf40	3
10bbdf50	FUN_10bbdf50	23
10bbe370	FUN_10bbe370	12
10bbe380	FUN_10bbe380	3
10bbe390	FUN_10bbe390	3
10bbe550	FUN_10bbe550	49
10bbe600	FUN_10bbe600	3
10bbe610	FUN_10bbe610	3
10bbe620	FUN_10bbe620	3
10bbe630	FUN_10bbe630	3
10bbe640	FUN_10bbe640	3
10bbe650	FUN_10bbe650	3
10bbe820	FUN_10bbe820	9
10bbead0	FUN_10bbead0	6
10bbeae0	FUN_10bbeae0	6
10bbeaf0	FUN_10bbeaf0	7
10bbeb00	FUN_10bbeb00	7
10bbeb10	FUN_10bbeb10	6
10bbeb20	FUN_10bbeb20	6
10bbece0	FUN_10bbece0	5
10bbecf0	FUN_10bbecf0	3
10bbed00	FUN_10bbed00	3
10bbed10	FUN_10bbed10	36
10bbeee0	FUN_10bbeee0	28
10bbef10	FUN_10bbef10	28
10bbef40	FUN_10bbef40	20
10bbefc0	FUN_10bbefc0	9
10bbf070	FUN_10bbf070	26
10bbf190	FUN_10bbf190	3
10bbf360	FUN_10bbf360	3
10bbf3f0	FUN_10bbf3f0	28
10bbf440	FUN_10bbf440	22
10bbf460	FUN_10bbf460	22
10bbf5f0	FUN_10bbf5f0	22
10bbf7d0	FUN_10bbf7d0	91
10bbf8a0	FUN_10bbf8a0	3
10bbf910	FUN_10bbf910	13
10bbfa60	FUN_10bbfa60	5
10bbfb90	FUN_10bbfb90	5
10bbfe70	FUN_10bbfe70	5
10bbfeb0	FUN_10bbfeb0	86
10bbff20	FUN_10bbff20	15
10bbff40	FUN_10bbff40	5
10bbff80	FUN_10bbff80	5
10bc00e0	FUN_10bc00e0	18
10bc0180	FUN_10bc0180	11
10bc0190	FUN_10bc0190	11
10bc0640	FUN_10bc0640	14
10bc0660	FUN_10bc0660	14
10bc11b0	FUN_10bc11b0	3
10bc11c0	FUN_10bc11c0	3
10bc11d0	FUN_10bc11d0	3
10bc11e0	FUN_10bc11e0	3
10bc11f0	FUN_10bc11f0	3
10bc1500	FUN_10bc1500	30
10bc1590	FUN_10bc1590	3
10bc15a0	FUN_10bc15a0	11
10bc1650	FUN_10bc1650	13
10bc1a10	FUN_10bc1a10	9
10bc1e30	FUN_10bc1e30	6
10bc1e40	FUN_10bc1e40	6
10bc3680	FUN_10bc3680	25
10bc36a0	FUN_10bc36a0	83
10bc3960	FUN_10bc3960	3
10bc3970	FUN_10bc3970	18
10bc3b40	FUN_10bc3b40	7
10bc3b50	FUN_10bc3b50	5
10bc3bc0	FUN_10bc3bc0	13
10bc3bd0	FUN_10bc3bd0	3
10bc3be0	FUN_10bc3be0	36
10bc3c10	FUN_10bc3c10	5
10bc3c20	FUN_10bc3c20	6
10bc3c30	FUN_10bc3c30	6
10bc3c70	FUN_10bc3c70	16
10bc3cd0	FUN_10bc3cd0	9
10bc3ce0	FUN_10bc3ce0	23
10bc3d00	FUN_10bc3d00	3
10bc3d10	FUN_10bc3d10	23
10bc4210	FUN_10bc4210	12
10bc4220	FUN_10bc4220	3
10bc4230	FUN_10bc4230	3
10bc4470	FUN_10bc4470	49
10bc4520	FUN_10bc4520	3
10bc4530	FUN_10bc4530	3
10bc4540	FUN_10bc4540	3
10bc4550	FUN_10bc4550	3
10bc4560	FUN_10bc4560	3
10bc4570	FUN_10bc4570	3
10bc4740	FUN_10bc4740	9
10bc4a00	FUN_10bc4a00	6
10bc4a10	FUN_10bc4a10	6
10bc4a20	FUN_10bc4a20	7
10bc4a30	FUN_10bc4a30	4
10bc4a40	FUN_10bc4a40	6
10bc4a50	FUN_10bc4a50	6
10bc4b50	FUN_10bc4b50	5
10bc4d10	FUN_10bc4d10	3
10bc4d20	FUN_10bc4d20	3
10bc4d30	FUN_10bc4d30	36
10bc4f00	FUN_10bc4f00	28
10bc4f30	FUN_10bc4f30	28
10bc4f60	FUN_10bc4f60	20
10bc4fe0	FUN_10bc4fe0	9
10bc5650	FUN_10bc5650	83
10bc58e0	FUN_10bc58e0	12
10bc5bb0	FUN_10bc5bb0	12
10bc5be0	FUN_10bc5be0	5
10bc5c40	FUN_10bc5c40	5
10bc5c50	FUN_10bc5c50	5
10bc5c60	FUN_10bc5c60	5
10bc5c90	FUN_10bc5c90	5
10bc5ca0	FUN_10bc5ca0	6
10bc5cb0	FUN_10bc5cb0	6
10bc5cc0	FUN_10bc5cc0	6
10bc5da0	FUN_10bc5da0	5
10bc6140	FUN_10bc6140	16
10bc6160	FUN_10bc6160	16
10bc6180	FUN_10bc6180	3
10bc6190	FUN_10bc6190	10
10bc61a0	FUN_10bc61a0	10
10bc68c0	FUN_10bc68c0	34
10bc6b50	FUN_10bc6b50	18
10bc6cc0	FUN_10bc6cc0	3
10bc6cd0	FUN_10bc6cd0	3
10bc6ce0	FUN_10bc6ce0	3
10bc6cf0	FUN_10bc6cf0	7
10bc6d00	FUN_10bc6d00	8
10bc6d10	FUN_10bc6d10	8
10bc6d20	FUN_10bc6d20	3
10bc6d30	FUN_10bc6d30	3
10bc7490	FUN_10bc7490	8
10bc74a0	FUN_10bc74a0	8
10bc74e0	FUN_10bc74e0	4
10bc74f0	FUN_10bc74f0	4
10bc7500	FUN_10bc7500	7
10bc7510	FUN_10bc7510	7
10bc7560	FUN_10bc7560	26
10bc7580	FUN_10bc7580	26
10bc75a0	FUN_10bc75a0	76
10bc7600	FUN_10bc7600	10
10bc7610	FUN_10bc7610	10
10bc79c0	FUN_10bc79c0	32
10bc8650	FUN_10bc8650	6
10bc8660	FUN_10bc8660	6
10bc8670	FUN_10bc8670	6
10bc8c10	FUN_10bc8c10	7
10bc90b0	FUN_10bc90b0	3
10bc90c0	FUN_10bc90c0	3
10bc90d0	FUN_10bc90d0	3
10bc90e0	FUN_10bc90e0	3
10bc93b0	FUN_10bc93b0	28
10bc93e0	FUN_10bc93e0	28
10bc9410	FUN_10bc9410	28
10bc9440	FUN_10bc9440	20
10bc97c0	FUN_10bc97c0	25
10bc97e0	FUN_10bc97e0	26
10bc9830	FUN_10bc9830	3
10bc9840	FUN_10bc9840	18
10bc9a10	FUN_10bc9a10	7
10bc9a20	FUN_10bc9a20	5
10bc9a60	FUN_10bc9a60	13
10bc9a70	FUN_10bc9a70	3
10bc9a80	FUN_10bc9a80	36
10bc9ab0	FUN_10bc9ab0	5
10bc9b00	FUN_10bc9b00	23
10bc9b20	FUN_10bc9b20	3
10bc9b30	FUN_10bc9b30	23
10bc9fb0	FUN_10bc9fb0	12
10bc9fc0	FUN_10bc9fc0	3
10bca010	FUN_10bca010	49
10bca0c0	FUN_10bca0c0	3
10bca0d0	FUN_10bca0d0	3
10bca0e0	FUN_10bca0e0	3
10bca0f0	FUN_10bca0f0	3
10bca100	FUN_10bca100	3
10bca110	FUN_10bca110	3
10bca2a0	FUN_10bca2a0	3
10bca2b0	FUN_10bca2b0	9
10bcad80	FUN_10bcad80	4
10bcb0d0	FUN_10bcb0d0	6
10bcb0e0	FUN_10bcb0e0	6
10bcb400	FUN_10bcb400	5
10bcb410	FUN_10bcb410	3
10bcb420	FUN_10bcb420	36
10bcb5b0	FUN_10bcb5b0	9
10bcb680	FUN_10bcb680	25
10bcb6a0	FUN_10bcb6a0	49
10bcb6e0	FUN_10bcb6e0	25
10bcb700	FUN_10bcb700	18
10bcb720	FUN_10bcb720	18
10bcb740	FUN_10bcb740	18
10bcb760	FUN_10bcb760	18
10bcb780	FUN_10bcb780	18
10bcb7a0	FUN_10bcb7a0	18
10bcb7c0	FUN_10bcb7c0	18
10bcb7e0	FUN_10bcb7e0	18
10bcb800	FUN_10bcb800	18
10bcb820	FUN_10bcb820	25
10bcb840	FUN_10bcb840	25
10bcb860	FUN_10bcb860	22
10bcb880	FUN_10bcb880	27
10bcb8b0	FUN_10bcb8b0	22
10bcb8d0	FUN_10bcb8d0	22
10bcb8f0	FUN_10bcb8f0	22
10bcb910	FUN_10bcb910	22
10bcb930	FUN_10bcb930	22
10bcb950	FUN_10bcb950	22
10bcb970	FUN_10bcb970	22
10bcb990	FUN_10bcb990	22
10bcb9b0	FUN_10bcb9b0	18
10bcb9d0	FUN_10bcb9d0	18
10bcb9f0	FUN_10bcb9f0	18
10bcba10	FUN_10bcba10	18
10bcba30	FUN_10bcba30	18
10bcba50	FUN_10bcba50	18
10bcba70	FUN_10bcba70	18
10bcba90	FUN_10bcba90	18
10bcbab0	FUN_10bcbab0	18
10bcc1f0	FUN_10bcc1f0	25
10bcc210	FUN_10bcc210	49
10bcc250	FUN_10bcc250	32
10bcc280	FUN_10bcc280	32
10bcc2b0	FUN_10bcc2b0	32
10bcc390	FUN_10bcc390	22
10bcc3b0	FUN_10bcc3b0	22
10bcc3d0	FUN_10bcc3d0	22
10bcc3f0	FUN_10bcc3f0	22
10bcc410	FUN_10bcc410	22
10bcc430	FUN_10bcc430	22
10bcc450	FUN_10bcc450	22
10bcc470	FUN_10bcc470	22
10bcc490	FUN_10bcc490	22
10bcc4b0	FUN_10bcc4b0	18
10bcc4d0	FUN_10bcc4d0	11
10bcc4e0	FUN_10bcc4e0	11
10bcc4f0	FUN_10bcc4f0	22
10bcc510	FUN_10bcc510	33
10bcc540	FUN_10bcc540	18
10bcc560	FUN_10bcc560	33
10bcc590	FUN_10bcc590	33
10bcc5f0	FUN_10bcc5f0	27
10bcc620	FUN_10bcc620	51
10bcc660	FUN_10bcc660	29
10bcc690	FUN_10bcc690	51
10bcc6d0	FUN_10bcc6d0	34
10bcc700	FUN_10bcc700	34
10bcc730	FUN_10bcc730	34
10bcc8a0	FUN_10bcc8a0	43
10bcc8e0	FUN_10bcc8e0	26
10bcc900	FUN_10bcc900	11
10bcc910	FUN_10bcc910	11
10bcc920	FUN_10bcc920	11
10bcc930	FUN_10bcc930	11
10bccb60	FUN_10bccb60	3
10bccb70	FUN_10bccb70	3
10bccb80	FUN_10bccb80	3
10bccb90	FUN_10bccb90	3
10bccba0	FUN_10bccba0	3
10bcd220	FUN_10bcd220	5
10bcd230	FUN_10bcd230	13
10bcd240	FUN_10bcd240	13
10bcd250	FUN_10bcd250	13
10bcd260	FUN_10bcd260	13
10bcd270	FUN_10bcd270	13
10bcd280	FUN_10bcd280	13
10bcd290	FUN_10bcd290	13
10bcd2a0	FUN_10bcd2a0	13
10bcd2b0	FUN_10bcd2b0	13
10bcd2c0	FUN_10bcd2c0	13
10bcd2d0	FUN_10bcd2d0	13
10bcd2e0	FUN_10bcd2e0	13
10bcd2f0	FUN_10bcd2f0	13
10bcd300	FUN_10bcd300	13
10bcd310	FUN_10bcd310	13
10bcd320	FUN_10bcd320	13
10bcd330	FUN_10bcd330	13
10bcd340	FUN_10bcd340	13
10bcd350	FUN_10bcd350	113
10bcd3e0	FUN_10bcd3e0	113
10bcd990	FUN_10bcd990	3
10bcd9a0	FUN_10bcd9a0	3
10bcd9b0	FUN_10bcd9b0	3
10bcd9c0	FUN_10bcd9c0	3
10bcd9d0	FUN_10bcd9d0	3
10bcd9e0	FUN_10bcd9e0	3
10bcd9f0	FUN_10bcd9f0	3
10bcda00	FUN_10bcda00	3
10bcda10	FUN_10bcda10	3
10bcda20	FUN_10bcda20	3
10bcda30	FUN_10bcda30	3
10bcdda0	FUN_10bcdda0	18
10bcde50	FUN_10bcde50	23
10bcdea0	FUN_10bcdea0	18
10bcdec0	FUN_10bcdec0	18
10bcdf70	FUN_10bcdf70	23
10bcfb30	FUN_10bcfb30	73
10bcfb90	FUN_10bcfb90	30
10bcfbc0	FUN_10bcfbc0	30
10bcfbf0	FUN_10bcfbf0	30
10bcfc20	FUN_10bcfc20	30
10bcfc50	FUN_10bcfc50	15
10bcfc70	FUN_10bcfc70	15
10bcfc90	FUN_10bcfc90	15
10bcfcb0	FUN_10bcfcb0	15
10bcfcd0	FUN_10bcfcd0	15
10bcfcf0	FUN_10bcfcf0	15
10bcfd10	FUN_10bcfd10	15
10bcfd30	FUN_10bcfd30	15
10bcfd50	FUN_10bcfd50	15
10bcfd70	FUN_10bcfd70	15
10bcff10	FUN_10bcff10	26
10bd00b0	FUN_10bd00b0	15
10bd00d0	FUN_10bd00d0	7
10bd00e0	FUN_10bd00e0	13
10bd00f0	FUN_10bd00f0	5
10bd0100	FUN_10bd0100	7
10bd0110	FUN_10bd0110	7
10bd0120	FUN_10bd0120	7
10bd0130	FUN_10bd0130	7
10bd0140	FUN_10bd0140	7
10bd0150	FUN_10bd0150	7
10bd0160	FUN_10bd0160	7
10bd0170	FUN_10bd0170	5
10bd0180	FUN_10bd0180	7
10bd0190	FUN_10bd0190	5
10bd0420	FUN_10bd0420	5
10bd0430	FUN_10bd0430	5
10bd0440	FUN_10bd0440	5
10bd0450	FUN_10bd0450	5
10bd0460	FUN_10bd0460	5
10bd0470	FUN_10bd0470	5
10bd0480	FUN_10bd0480	5
10bd0490	FUN_10bd0490	5
10bd0650	FUN_10bd0650	92
10bd06d0	FUN_10bd06d0	3
10bd06e0	FUN_10bd06e0	3
10bd0760	FUN_10bd0760	5
10bd0770	FUN_10bd0770	13
10bd0780	FUN_10bd0780	13
10bd0790	FUN_10bd0790	19
10bd1230	FUN_10bd1230	7
10bd1240	FUN_10bd1240	7
10bd1280	FUN_10bd1280	103
10bd1300	FUN_10bd1300	5
10bd1310	FUN_10bd1310	5
10bd1320	FUN_10bd1320	5
10bd1330	FUN_10bd1330	5
10bd14e0	FUN_10bd14e0	101
10bd17d0	FUN_10bd17d0	5
10bd17e0	FUN_10bd17e0	5
10bd17f0	FUN_10bd17f0	5
10bd1800	FUN_10bd1800	5
10bd1810	FUN_10bd1810	5
10bd1820	FUN_10bd1820	5
10bd1830	FUN_10bd1830	5
10bd1840	FUN_10bd1840	5
10bd1850	FUN_10bd1850	5
10bd1860	FUN_10bd1860	5
10bd1870	FUN_10bd1870	5
10bd1880	FUN_10bd1880	5
10bd1890	FUN_10bd1890	5
10bd18a0	FUN_10bd18a0	5
10bd18b0	FUN_10bd18b0	5
10bd18c0	FUN_10bd18c0	5
10bd18d0	FUN_10bd18d0	5
10bd18e0	FUN_10bd18e0	5
10bd18f0	FUN_10bd18f0	5
10bd1900	FUN_10bd1900	5
10bd1910	FUN_10bd1910	5
10bd1920	FUN_10bd1920	5
10bd1930	FUN_10bd1930	5
10bd1940	FUN_10bd1940	5
10bd1950	FUN_10bd1950	5
10bd1960	FUN_10bd1960	5
10bd1970	FUN_10bd1970	5
10bd1980	FUN_10bd1980	5
10bd1990	FUN_10bd1990	5
10bd19a0	FUN_10bd19a0	5
10bd19b0	FUN_10bd19b0	5
10bd19c0	FUN_10bd19c0	5
10bd19d0	FUN_10bd19d0	5
10bd19e0	FUN_10bd19e0	5
10bd19f0	FUN_10bd19f0	5
10bd1a00	FUN_10bd1a00	5
10bd1a10	FUN_10bd1a10	5
10bd1a20	FUN_10bd1a20	5
10bd1a30	FUN_10bd1a30	5
10bd1a40	FUN_10bd1a40	5
10bd1a50	FUN_10bd1a50	5
10bd1a60	FUN_10bd1a60	5
10bd1a70	FUN_10bd1a70	5
10bd1a80	FUN_10bd1a80	5
10bd1a90	FUN_10bd1a90	5
10bd1aa0	FUN_10bd1aa0	5
10bd1ab0	FUN_10bd1ab0	5
10bd1ac0	FUN_10bd1ac0	5
10bd1ad0	FUN_10bd1ad0	5
10bd1ae0	FUN_10bd1ae0	5
10bd1af0	FUN_10bd1af0	5
10bd1b00	FUN_10bd1b00	5
10bd1b10	FUN_10bd1b10	5
10bd1b20	FUN_10bd1b20	5
10bd1b30	FUN_10bd1b30	5
10bd1b40	FUN_10bd1b40	5
10bd1b50	FUN_10bd1b50	5
10bd1b60	FUN_10bd1b60	5
10bd1b70	FUN_10bd1b70	5
10bd1b80	FUN_10bd1b80	5
10bd1b90	FUN_10bd1b90	5
10bd1ba0	FUN_10bd1ba0	5
10bd1ce0	FUN_10bd1ce0	20
10bd1d60	FUN_10bd1d60	13
10bd1d70	FUN_10bd1d70	13
10bd1d80	FUN_10bd1d80	29
10bd1e50	FUN_10bd1e50	22
10bd1ef0	FUN_10bd1ef0	29
10bd1f20	FUN_10bd1f20	29
10bd1f50	FUN_10bd1f50	29
10bd2100	FUN_10bd2100	14
10bd2120	FUN_10bd2120	14
10bd21d0	FUN_10bd21d0	13
10bd21e0	FUN_10bd21e0	3
10bd25a0	FUN_10bd25a0	3
10bd25b0	FUN_10bd25b0	12
10bd25c0	FUN_10bd25c0	12
10bd25d0	FUN_10bd25d0	86
10bd2640	FUN_10bd2640	36
10bd2670	FUN_10bd2670	36
10bd2760	FUN_10bd2760	40
10bd27f0	FUN_10bd27f0	15
10bd2810	FUN_10bd2810	15
10bd2830	FUN_10bd2830	15
10bd2850	FUN_10bd2850	15
10bd2870	FUN_10bd2870	15
10bd2890	FUN_10bd2890	15
10bd28b0	FUN_10bd28b0	15
10bd28d0	FUN_10bd28d0	15
10bd28f0	FUN_10bd28f0	15
10bd2910	FUN_10bd2910	15
10bd2930	FUN_10bd2930	15
10bd2950	FUN_10bd2950	15
10bd2970	FUN_10bd2970	15
10bd2990	FUN_10bd2990	15
10bd29b0	FUN_10bd29b0	15
10bd29d0	FUN_10bd29d0	15
10bd29f0	FUN_10bd29f0	15
10bd2a10	FUN_10bd2a10	15
10bd2a30	FUN_10bd2a30	15
10bd2a50	FUN_10bd2a50	15
10bd2a70	FUN_10bd2a70	15
10bd2af0	FUN_10bd2af0	5
10bd2b00	FUN_10bd2b00	5
10bd2b10	FUN_10bd2b10	5
10bd2b20	FUN_10bd2b20	5
10bd2b30	FUN_10bd2b30	5
10bd2b40	FUN_10bd2b40	5
10bd2b50	FUN_10bd2b50	5
10bd2b60	FUN_10bd2b60	5
10bd2b70	FUN_10bd2b70	5
10bd2b80	FUN_10bd2b80	5
10bd2b90	FUN_10bd2b90	5
10bd2ba0	FUN_10bd2ba0	5
10bd2bb0	FUN_10bd2bb0	5
10bd2bc0	FUN_10bd2bc0	5
10bd2bd0	FUN_10bd2bd0	5
10bd2be0	FUN_10bd2be0	5
10bd2bf0	FUN_10bd2bf0	5
10bd2c00	FUN_10bd2c00	5
10bd2c10	FUN_10bd2c10	5
10bd2c20	FUN_10bd2c20	5
10bd2c30	FUN_10bd2c30	5
10bd2c40	FUN_10bd2c40	5
10bd2c50	FUN_10bd2c50	5
10bd2c60	FUN_10bd2c60	5
10bd2c70	FUN_10bd2c70	5
10bd2c80	FUN_10bd2c80	5
10bd2c90	FUN_10bd2c90	5
10bd2ca0	FUN_10bd2ca0	5
10bd2cb0	FUN_10bd2cb0	5
10bd2cc0	FUN_10bd2cc0	5
10bd2cd0	FUN_10bd2cd0	5
10bd2ce0	FUN_10bd2ce0	5
10bd2cf0	FUN_10bd2cf0	5
10bd2d00	FUN_10bd2d00	5
10bd2d10	FUN_10bd2d10	5
10bd2d20	FUN_10bd2d20	5
10bd2d30	FUN_10bd2d30	5
10bd2d40	FUN_10bd2d40	5
10bd2d50	FUN_10bd2d50	5
10bd2d60	FUN_10bd2d60	5
10bd2d70	FUN_10bd2d70	5
10bd2d80	FUN_10bd2d80	5
10bd2d90	FUN_10bd2d90	5
10bd2da0	FUN_10bd2da0	5
10bd2db0	FUN_10bd2db0	5
10bd2dc0	FUN_10bd2dc0	5
10bd2dd0	FUN_10bd2dd0	5
10bd2de0	FUN_10bd2de0	5
10bd2df0	FUN_10bd2df0	5
10bd2e00	FUN_10bd2e00	5
10bd2e10	FUN_10bd2e10	5
10bd2e20	FUN_10bd2e20	11
10bd2e30	FUN_10bd2e30	11
10bd2e40	FUN_10bd2e40	6
10bd2f80	FUN_10bd2f80	49
10bd2fc0	FUN_10bd2fc0	5
10bd2fd0	FUN_10bd2fd0	5
10bd2fe0	FUN_10bd2fe0	5
10bd2ff0	FUN_10bd2ff0	5
10bd3000	FUN_10bd3000	5
10bd3010	FUN_10bd3010	5
10bd3020	FUN_10bd3020	5
10bd3030	FUN_10bd3030	5
10bd3040	FUN_10bd3040	5
10bd3050	FUN_10bd3050	5
10bd3060	FUN_10bd3060	5
10bd3190	FUN_10bd3190	19
10bd3260	FUN_10bd3260	16
10bd32a0	FUN_10bd32a0	18
10bd32c0	FUN_10bd32c0	18
10bd32e0	FUN_10bd32e0	18
10bd3300	FUN_10bd3300	18
10bd3320	FUN_10bd3320	18
10bd3340	FUN_10bd3340	18
10bd3360	FUN_10bd3360	18
10bd3380	FUN_10bd3380	18
10bd33a0	FUN_10bd33a0	18
10bd3660	FUN_10bd3660	11
10bd3670	FUN_10bd3670	11
10bd3680	FUN_10bd3680	11
10bd3690	FUN_10bd3690	11
10bd36a0	FUN_10bd36a0	11
10bd36b0	FUN_10bd36b0	11
10bd36c0	FUN_10bd36c0	11
10bd36d0	FUN_10bd36d0	11
10bd36e0	FUN_10bd36e0	11
10bd36f0	FUN_10bd36f0	11
10bd3700	FUN_10bd3700	11
10bd3710	FUN_10bd3710	11
10bd3720	FUN_10bd3720	11
10bd3730	FUN_10bd3730	11
10bd3740	FUN_10bd3740	11
10bd3bd0	FUN_10bd3bd0	11
10bd3be0	FUN_10bd3be0	11
10bd3bf0	FUN_10bd3bf0	11
10bd3c00	FUN_10bd3c00	11
10bd3c10	FUN_10bd3c10	11
10bd3c20	FUN_10bd3c20	11
10bd3c30	FUN_10bd3c30	11
10bd3c40	FUN_10bd3c40	11
10bd3c50	FUN_10bd3c50	11
10bd3c60	FUN_10bd3c60	16
10bd3c80	FUN_10bd3c80	16
10bd3ca0	FUN_10bd3ca0	16
10bd3cc0	FUN_10bd3cc0	16
10bd3ce0	FUN_10bd3ce0	16
10bd3d00	FUN_10bd3d00	16
10bd3d20	FUN_10bd3d20	16
10bd3d40	FUN_10bd3d40	16
10bd3d60	FUN_10bd3d60	16
10bd3d80	FUN_10bd3d80	21
10bd3da0	FUN_10bd3da0	21
10bd3dc0	FUN_10bd3dc0	21
10bd3de0	FUN_10bd3de0	11
10bd3df0	FUN_10bd3df0	11
10bd3e00	FUN_10bd3e00	9
10bd3e10	FUN_10bd3e10	11
10bd3e20	FUN_10bd3e20	9
10bd3e30	FUN_10bd3e30	11
10bd3e40	FUN_10bd3e40	11
10bd3e50	FUN_10bd3e50	11
10bd3e60	FUN_10bd3e60	11
10bd3e70	FUN_10bd3e70	11
10bd3e80	FUN_10bd3e80	9
10bd3e90	FUN_10bd3e90	11
10bd3ea0	FUN_10bd3ea0	9
10bd3eb0	FUN_10bd3eb0	11
10bd3ec0	FUN_10bd3ec0	11
10bd3ed0	FUN_10bd3ed0	11
10bd3ee0	FUN_10bd3ee0	25
10bd3f00	FUN_10bd3f00	23
10bd3f20	FUN_10bd3f20	23
10bd3f40	FUN_10bd3f40	25
10bd3f60	FUN_10bd3f60	23
10bd3f80	FUN_10bd3f80	25
10bd3fa0	FUN_10bd3fa0	3
10bd3fb0	FUN_10bd3fb0	3
10bd3fc0	FUN_10bd3fc0	3
10bd3fd0	FUN_10bd3fd0	3
10bd3fe0	FUN_10bd3fe0	3
10bd3ff0	FUN_10bd3ff0	3
10bd4000	FUN_10bd4000	3
10bd4010	FUN_10bd4010	3
10bd4020	FUN_10bd4020	3
10bd4030	FUN_10bd4030	3
10bd4040	FUN_10bd4040	3
10bd4050	FUN_10bd4050	3
10bd4060	FUN_10bd4060	18
10bd4410	FUN_10bd4410	13
10bd4420	FUN_10bd4420	13
10bd44d0	FUN_10bd44d0	49
10bd4510	FUN_10bd4510	23
10bd4530	FUN_10bd4530	23
10bd4550	FUN_10bd4550	49
10bd4590	FUN_10bd4590	23
10bd45b0	FUN_10bd45b0	49
10bd4650	FUN_10bd4650	18
10bd4670	FUN_10bd4670	16
10bd4690	FUN_10bd4690	42
10bd6580	FUN_10bd6580	19
10bd6960	FUN_10bd6960	19
10bd6980	FUN_10bd6980	19
10bd69e0	FUN_10bd69e0	19
10bd6a20	FUN_10bd6a20	19
10bd6a40	FUN_10bd6a40	19
10bd6a60	FUN_10bd6a60	19
10bd6a80	FUN_10bd6a80	19
10bd6ae0	FUN_10bd6ae0	3
10bd73e0	FUN_10bd73e0	65
10bd7440	FUN_10bd7440	165
10bd7510	FUN_10bd7510	165
10bd75e0	FUN_10bd75e0	165
10bd76b0	FUN_10bd76b0	165
10bd79d0	FUN_10bd79d0	14
10bd79f0	FUN_10bd79f0	14
10bd7a10	FUN_10bd7a10	14
10bd7a30	FUN_10bd7a30	14
10bd7a50	FUN_10bd7a50	14
10bd7a70	FUN_10bd7a70	14
10bd7a90	FUN_10bd7a90	14
10bd7ab0	FUN_10bd7ab0	14
10bd7ad0	FUN_10bd7ad0	14
10bd7af0	FUN_10bd7af0	14
10bd7b10	FUN_10bd7b10	14
10bd7b30	FUN_10bd7b30	14
10bd7b50	FUN_10bd7b50	14
10bd7b70	FUN_10bd7b70	14
10bd7b90	FUN_10bd7b90	14
10bd7bb0	FUN_10bd7bb0	14
10bd7bd0	FUN_10bd7bd0	14
10bd7bf0	FUN_10bd7bf0	14
10bd7c10	FUN_10bd7c10	14
10bd7c30	FUN_10bd7c30	14
10bd7c50	FUN_10bd7c50	14
10bd7c70	FUN_10bd7c70	14
10bd7c90	FUN_10bd7c90	14
10bd7cb0	FUN_10bd7cb0	14
10bd7cd0	FUN_10bd7cd0	14
10bd7cf0	FUN_10bd7cf0	14
10bd7d10	FUN_10bd7d10	14
10bd7d30	FUN_10bd7d30	14
10bd7d50	FUN_10bd7d50	14
10bd7d70	FUN_10bd7d70	14
10bd7d90	FUN_10bd7d90	14
10bd7db0	FUN_10bd7db0	14
10bd86e0	FUN_10bd86e0	3
10bd86f0	FUN_10bd86f0	7
10bd8700	FUN_10bd8700	7
10bd8710	FUN_10bd8710	3
10bd8720	FUN_10bd8720	3
10bd8730	FUN_10bd8730	3
10bd8740	FUN_10bd8740	6
10bd8750	FUN_10bd8750	6
10bd8760	FUN_10bd8760	6
10bd8770	FUN_10bd8770	6
10bd8780	FUN_10bd8780	6
10bd8790	FUN_10bd8790	6
10bd87a0	FUN_10bd87a0	6
10bd87b0	FUN_10bd87b0	6
10bd87c0	FUN_10bd87c0	6
10bd87d0	FUN_10bd87d0	6
10bd87e0	FUN_10bd87e0	6
10bd87f0	FUN_10bd87f0	6
10bd8800	FUN_10bd8800	6
10bd8810	FUN_10bd8810	3
10bd8820	FUN_10bd8820	3
10bd8830	FUN_10bd8830	6
10bd8840	FUN_10bd8840	6
10bd8850	FUN_10bd8850	6
10bd8860	FUN_10bd8860	6
10bd8870	FUN_10bd8870	6
10bd8880	FUN_10bd8880	6
10bd8890	FUN_10bd8890	6
10bd88a0	FUN_10bd88a0	6
10bd88b0	FUN_10bd88b0	6
10bd88c0	FUN_10bd88c0	6
10bd88d0	FUN_10bd88d0	6
10bd88e0	FUN_10bd88e0	6
10bd88f0	FUN_10bd88f0	6
10bd8900	FUN_10bd8900	6
10bd8910	FUN_10bd8910	3
10bd8920	FUN_10bd8920	3
10bd8930	FUN_10bd8930	3
10bd8940	FUN_10bd8940	3
10bd8950	FUN_10bd8950	3
10bd8960	FUN_10bd8960	3
10bd8970	FUN_10bd8970	3
10bd8980	FUN_10bd8980	3
10bd8990	FUN_10bd8990	3
10bd89a0	FUN_10bd89a0	3
10bd8cc0	FUN_10bd8cc0	6
10bd8cd0	FUN_10bd8cd0	6
10bd8ce0	FUN_10bd8ce0	6
10bd8cf0	FUN_10bd8cf0	6
10bd8d00	FUN_10bd8d00	6
10bd8d10	FUN_10bd8d10	6
10bd8d20	FUN_10bd8d20	16
10bd8d40	FUN_10bd8d40	6
10bd8d50	FUN_10bd8d50	16
10bd8d70	FUN_10bd8d70	6
10bd8d80	FUN_10bd8d80	16
10bd8e40	FUN_10bd8e40	18
10bd95c0	FUN_10bd95c0	43
10bd9630	FUN_10bd9630	49
10bd9670	FUN_10bd9670	49
10bd96b0	FUN_10bd96b0	62
10bd9700	FUN_10bd9700	65
10bd9760	FUN_10bd9760	49
10bd9c60	FUN_10bd9c60	3
10bd9c70	FUN_10bd9c70	3
10bd9c80	FUN_10bd9c80	3
10bd9c90	FUN_10bd9c90	3
10bd9ca0	FUN_10bd9ca0	3
10bd9cb0	FUN_10bd9cb0	3
10bd9cc0	FUN_10bd9cc0	3
10bd9e50	FUN_10bd9e50	3
10bd9e60	FUN_10bd9e60	3
10bd9eb0	FUN_10bd9eb0	5
10bd9ec0	FUN_10bd9ec0	3
10bd9ed0	FUN_10bd9ed0	3
10bd9ee0	FUN_10bd9ee0	3
10bd9ef0	FUN_10bd9ef0	3
10bd9f00	FUN_10bd9f00	3
10bd9f10	FUN_10bd9f10	3
10bd9f20	FUN_10bd9f20	3
10bd9f30	FUN_10bd9f30	3
10bd9f40	FUN_10bd9f40	3
10bd9f50	FUN_10bd9f50	3
10bd9f60	FUN_10bd9f60	3
10bd9f70	FUN_10bd9f70	3
10bd9f80	FUN_10bd9f80	3
10bd9f90	FUN_10bd9f90	3
10bd9fa0	FUN_10bd9fa0	3
10bd9fb0	FUN_10bd9fb0	3
10bd9fc0	FUN_10bd9fc0	3
10bd9fd0	FUN_10bd9fd0	3
10bd9fe0	FUN_10bd9fe0	3
10bd9ff0	FUN_10bd9ff0	3
10bda000	FUN_10bda000	3
10bda010	FUN_10bda010	3
10bda020	FUN_10bda020	3
10bda030	FUN_10bda030	3
10bda040	FUN_10bda040	3
10bda050	FUN_10bda050	3
10bda060	FUN_10bda060	3
10bda070	FUN_10bda070	3
10bda080	FUN_10bda080	3
10bda090	FUN_10bda090	3
10bda0a0	FUN_10bda0a0	3
10bda0b0	FUN_10bda0b0	3
10bda0c0	FUN_10bda0c0	3
10bda0d0	FUN_10bda0d0	3
10bda0e0	FUN_10bda0e0	3
10bda0f0	FUN_10bda0f0	3
10bda100	FUN_10bda100	3
10bda110	FUN_10bda110	3
10bda120	FUN_10bda120	3
10bda130	FUN_10bda130	3
10bda140	FUN_10bda140	3
10bda150	FUN_10bda150	3
10bda160	FUN_10bda160	3
10bda170	FUN_10bda170	3
10bda180	FUN_10bda180	3
10bda190	FUN_10bda190	3
10bda1a0	FUN_10bda1a0	3
10bda1b0	FUN_10bda1b0	3
10bda1c0	FUN_10bda1c0	3
10bda1d0	FUN_10bda1d0	3
10bda1e0	FUN_10bda1e0	3
10bda1f0	FUN_10bda1f0	3
10bda200	FUN_10bda200	3
10bda210	FUN_10bda210	3
10bda220	FUN_10bda220	3
10bda230	FUN_10bda230	3
10bda240	FUN_10bda240	3
10bda260	FUN_10bda260	3
10bda270	FUN_10bda270	3
10bda280	FUN_10bda280	3
10bda2a0	FUN_10bda2a0	3
10bda2b0	FUN_10bda2b0	3
10bda2c0	FUN_10bda2c0	3
10bda2d0	FUN_10bda2d0	3
10bda2e0	FUN_10bda2e0	3
10bda2f0	FUN_10bda2f0	3
10bda300	FUN_10bda300	3
10bda310	FUN_10bda310	3
10bda320	FUN_10bda320	3
10bda330	FUN_10bda330	3
10bda340	FUN_10bda340	3
10bda350	FUN_10bda350	3
10bda360	FUN_10bda360	3
10bda370	FUN_10bda370	3
10bda380	FUN_10bda380	3
10bda390	FUN_10bda390	3
10bda3a0	FUN_10bda3a0	3
10bda3b0	FUN_10bda3b0	3
10bda3c0	FUN_10bda3c0	3
10bda3d0	FUN_10bda3d0	3
10bda3e0	FUN_10bda3e0	3
10bda3f0	FUN_10bda3f0	3
10bda400	FUN_10bda400	3
10bda410	FUN_10bda410	3
10bda420	FUN_10bda420	3
10bda430	FUN_10bda430	3
10bda440	FUN_10bda440	3
10bda450	FUN_10bda450	3
10bda460	FUN_10bda460	3
10bda470	FUN_10bda470	3
10bdbb90	FUN_10bdbb90	5
10bdbba0	FUN_10bdbba0	79
10bdbc10	FUN_10bdbc10	79
10bdbc80	FUN_10bdbc80	79
10bdbcf0	FUN_10bdbcf0	79
10bdbd60	FUN_10bdbd60	79
10bdbdd0	FUN_10bdbdd0	79
10bdbe40	FUN_10bdbe40	79
10bdbeb0	FUN_10bdbeb0	79
10bdbf20	FUN_10bdbf20	79
10bdbf90	FUN_10bdbf90	18
10bdbfb0	FUN_10bdbfb0	30
10bdbfe0	FUN_10bdbfe0	30
10bdc010	FUN_10bdc010	30
10bdc040	FUN_10bdc040	31
10bdc070	FUN_10bdc070	31
10bdc0a0	FUN_10bdc0a0	31
10bdc0d0	FUN_10bdc0d0	31
10bdc100	FUN_10bdc100	3
10bdc110	FUN_10bdc110	3
10bdc120	FUN_10bdc120	3
10bdc130	FUN_10bdc130	3
10bdc140	FUN_10bdc140	3
10bdc150	FUN_10bdc150	3
10bdc160	FUN_10bdc160	3
10bdc170	FUN_10bdc170	11
10bdc180	FUN_10bdc180	11
10bdc190	FUN_10bdc190	11
10bdc1a0	FUN_10bdc1a0	11
10bdc1b0	FUN_10bdc1b0	11
10bdc1c0	FUN_10bdc1c0	11
10bdc1d0	FUN_10bdc1d0	11
10bdc1e0	FUN_10bdc1e0	11
10bdc1f0	FUN_10bdc1f0	11
10bdc200	FUN_10bdc200	6
10bdc210	FUN_10bdc210	6
10bdc220	FUN_10bdc220	6
10bdc230	FUN_10bdc230	83
10bdc2a0	FUN_10bdc2a0	83
10bdc310	FUN_10bdc310	83
10bdc380	FUN_10bdc380	83
10bdc3f0	FUN_10bdc3f0	83
10bdc460	FUN_10bdc460	83
10bdc4d0	FUN_10bdc4d0	83
10bdc540	FUN_10bdc540	83
10bdc5b0	FUN_10bdc5b0	83
10bdc620	FUN_10bdc620	9
10bdc630	FUN_10bdc630	33
10bdcf70	FUN_10bdcf70	11
10bdcf80	FUN_10bdcf80	3
10bdcf90	FUN_10bdcf90	3
10bde540	FUN_10bde540	13
10bde550	FUN_10bde550	13
10bde560	FUN_10bde560	13
10bde570	FUN_10bde570	13
10bde580	FUN_10bde580	3
10bde590	FUN_10bde590	11
10bde5a0	FUN_10bde5a0	11
10bde5b0	FUN_10bde5b0	11
10bde5c0	FUN_10bde5c0	11
10bde5d0	FUN_10bde5d0	11
10bde5e0	FUN_10bde5e0	11
10bde5f0	FUN_10bde5f0	11
10bde600	FUN_10bde600	11
10be04a0	FUN_10be04a0	9
10be04b0	FUN_10be04b0	9
10be04c0	FUN_10be04c0	22
10be04e0	FUN_10be04e0	27
10be0510	FUN_10be0510	9
10be11b0	FUN_10be11b0	6
10be11c0	FUN_10be11c0	6
10be1250	FUN_10be1250	6
10be2090	FUN_10be2090	11
10be20a0	FUN_10be20a0	11
10be20b0	FUN_10be20b0	11
10be20c0	FUN_10be20c0	11
10be20d0	FUN_10be20d0	11
10be20e0	FUN_10be20e0	11
10be20f0	FUN_10be20f0	11
10be2100	FUN_10be2100	11
10be2110	FUN_10be2110	11
10be2120	FUN_10be2120	11
10be2130	FUN_10be2130	11
10be2140	FUN_10be2140	11
10be2150	FUN_10be2150	4
10be2160	FUN_10be2160	12
10be2170	FUN_10be2170	12
10be2180	FUN_10be2180	12
10be2190	FUN_10be2190	12
10be21a0	FUN_10be21a0	12
10be21b0	FUN_10be21b0	12
10be21c0	FUN_10be21c0	12
10be21d0	FUN_10be21d0	12
10be8300	FUN_10be8300	49
10be8340	FUN_10be8340	6
10be9330	FUN_10be9330	7
10be9a80	FUN_10be9a80	6
10be9a90	FUN_10be9a90	6
10be9aa0	FUN_10be9aa0	6
10be9ab0	FUN_10be9ab0	6
10be9ac0	FUN_10be9ac0	6
10be9ad0	FUN_10be9ad0	6
10be9ae0	FUN_10be9ae0	6
10be9af0	FUN_10be9af0	6
10be9b00	FUN_10be9b00	6
10be9b10	FUN_10be9b10	6
10be9b20	FUN_10be9b20	6
10be9b30	FUN_10be9b30	6
10be9b40	FUN_10be9b40	6
10be9b50	FUN_10be9b50	6
10be9b60	FUN_10be9b60	6
10be9b70	FUN_10be9b70	6
10be9b80	FUN_10be9b80	6
10be9b90	FUN_10be9b90	6
10be9ba0	FUN_10be9ba0	6
10be9bb0	FUN_10be9bb0	6
10be9bc0	FUN_10be9bc0	6
10be9bd0	FUN_10be9bd0	6
10be9be0	FUN_10be9be0	6
10be9bf0	FUN_10be9bf0	6
10be9c00	FUN_10be9c00	6
10be9c10	FUN_10be9c10	6
10be9c20	FUN_10be9c20	6
10be9c30	FUN_10be9c30	6
10be9c40	FUN_10be9c40	5
10be9c50	FUN_10be9c50	5
10be9c60	FUN_10be9c60	5
10be9c70	FUN_10be9c70	5
10be9c80	FUN_10be9c80	5
10be9c90	FUN_10be9c90	5
10be9ca0	FUN_10be9ca0	5
10be9cb0	FUN_10be9cb0	5
10be9cc0	FUN_10be9cc0	5
10be9cd0	FUN_10be9cd0	5
10be9ce0	FUN_10be9ce0	5
10be9cf0	FUN_10be9cf0	5
10be9d00	FUN_10be9d00	5
10be9d10	FUN_10be9d10	3
10be9d20	FUN_10be9d20	36
10be9d50	FUN_10be9d50	36
10be9e40	FUN_10be9e40	40
10bea0f0	FUN_10bea0f0	28
10bea120	FUN_10bea120	28
10bea150	FUN_10bea150	20
10bec7c0	FUN_10bec7c0	32
10bedb40	FUN_10bedb40	6
10bedb50	FUN_10bedb50	6
10bedc80	FUN_10bedc80	78
10bedcf0	FUN_10bedcf0	16
10bee080	FUN_10bee080	3
10bee230	FUN_10bee230	6
10bee910	FUN_10bee910	43
10bee950	FUN_10bee950	26
10bee970	FUN_10bee970	26
10bee990	FUN_10bee990	26
10bee9b0	FUN_10bee9b0	26
10bee9d0	FUN_10bee9d0	26
10bee9f0	FUN_10bee9f0	83
10beea60	FUN_10beea60	12
10beea70	FUN_10beea70	6
10beea80	FUN_10beea80	6
10beeba0	FUN_10beeba0	16
10bf0410	FUN_10bf0410	65
10bf0580	FUN_10bf0580	3
10bf0590	FUN_10bf0590	7
10bf05a0	FUN_10bf05a0	3
10bf05b0	FUN_10bf05b0	8
10bf05c0	FUN_10bf05c0	3
10bf0990	FUN_10bf0990	26
10bf12c0	FUN_10bf12c0	6
10bf12d0	FUN_10bf12d0	6
10bf12e0	FUN_10bf12e0	7
10bf12f0	FUN_10bf12f0	3
10bf1300	FUN_10bf1300	3
10bf1310	FUN_10bf1310	3
10bf1560	FUN_10bf1560	28
10bf1590	FUN_10bf1590	28
10bf18a0	FUN_10bf18a0	10
10bf20f0	FUN_10bf20f0	26
10bf22e0	FUN_10bf22e0	3
10bf2760	FUN_10bf2760	8
10bf2770	FUN_10bf2770	3
10bf3650	FUN_10bf3650	58
10bf36a0	FUN_10bf36a0	22
10bf3780	FUN_10bf3780	18
10bf37a0	FUN_10bf37a0	25
10bf37c0	FUN_10bf37c0	25
10bf37e0	FUN_10bf37e0	18
10bf3800	FUN_10bf3800	25
10bf3820	FUN_10bf3820	25
10bf38d0	FUN_10bf38d0	13
10bf38e0	FUN_10bf38e0	22
10bf3900	FUN_10bf3900	5
10bf3910	FUN_10bf3910	5
10bf3920	FUN_10bf3920	13
10bf3930	FUN_10bf3930	22
10bf3950	FUN_10bf3950	5
10bf3960	FUN_10bf3960	5
10bf3970	FUN_10bf3970	60
10bf3a30	FUN_10bf3a30	3
10bf3a40	FUN_10bf3a40	3
10bf3a50	FUN_10bf3a50	3
10bf3a60	FUN_10bf3a60	13
10bf3a70	FUN_10bf3a70	13
10bf3a80	FUN_10bf3a80	13
10bf3a90	FUN_10bf3a90	13
10bf3aa0	FUN_10bf3aa0	13
10bf3ab0	FUN_10bf3ab0	13
10bf3ac0	FUN_10bf3ac0	3
10bf3ad0	FUN_10bf3ad0	3
10bf3ae0	FUN_10bf3ae0	3
10bf3af0	FUN_10bf3af0	3
10bf3b00	FUN_10bf3b00	18
10bf3b20	FUN_10bf3b20	18
10bf3d30	FUN_10bf3d30	51
10bf3e10	FUN_10bf3e10	15
10bf3e30	FUN_10bf3e30	15
10bf3e50	FUN_10bf3e50	26
10bf3ef0	FUN_10bf3ef0	7
10bf3f00	FUN_10bf3f00	7
10bf3f10	FUN_10bf3f10	7
10bf3f20	FUN_10bf3f20	5
10bf41b0	FUN_10bf41b0	5
10bf41c0	FUN_10bf41c0	5
10bf41d0	FUN_10bf41d0	5
10bf41e0	FUN_10bf41e0	5
10bf41f0	FUN_10bf41f0	5
10bf4200	FUN_10bf4200	5
10bf4210	FUN_10bf4210	5
10bf4220	FUN_10bf4220	5
10bf4230	FUN_10bf4230	5
10bf4240	FUN_10bf4240	5
10bf4250	FUN_10bf4250	5
10bf4260	FUN_10bf4260	5
10bf4270	FUN_10bf4270	5
10bf4280	FUN_10bf4280	52
10bf42d0	FUN_10bf42d0	14
10bf45d0	FUN_10bf45d0	15
10bf45f0	FUN_10bf45f0	15
10bf4850	FUN_10bf4850	5
10bf4860	FUN_10bf4860	5
10bf4870	FUN_10bf4870	5
10bf4880	FUN_10bf4880	5
10bf4890	FUN_10bf4890	5
10bf48a0	FUN_10bf48a0	5
10bf48b0	FUN_10bf48b0	5
10bf48c0	FUN_10bf48c0	5
10bf48d0	FUN_10bf48d0	5
10bf48e0	FUN_10bf48e0	5
10bf48f0	FUN_10bf48f0	6
10bf4d10	FUN_10bf4d10	18
10bf4d30	FUN_10bf4d30	18
10bf4ef0	FUN_10bf4ef0	11
10bf4f00	FUN_10bf4f00	11
10bf4f10	FUN_10bf4f10	11
10bf4f20	FUN_10bf4f20	11
10bf4f30	FUN_10bf4f30	11
10bf4f40	FUN_10bf4f40	11
10bf4f50	FUN_10bf4f50	11
10bf4f60	FUN_10bf4f60	11
10bf4f70	FUN_10bf4f70	16
10bf4f90	FUN_10bf4f90	16
10bf4fb0	FUN_10bf4fb0	9
10bf4fc0	FUN_10bf4fc0	13
10bf4fd0	FUN_10bf4fd0	14
10bf4ff0	FUN_10bf4ff0	14
10bf5010	FUN_10bf5010	13
10bf5020	FUN_10bf5020	23
10bf5040	FUN_10bf5040	23
10bf5060	FUN_10bf5060	3
10bf5070	FUN_10bf5070	3
10bf5080	FUN_10bf5080	18
10bf55e0	FUN_10bf55e0	18
10bf5600	FUN_10bf5600	11
10bf5610	FUN_10bf5610	11
10bf5620	FUN_10bf5620	24
10bf58f0	FUN_10bf58f0	3
10bf5900	FUN_10bf5900	3
10bf5e20	FUN_10bf5e20	18
10bf5e40	FUN_10bf5e40	14
10bf5e60	FUN_10bf5e60	14
10bf5e80	FUN_10bf5e80	14
10bf5ea0	FUN_10bf5ea0	14
10bf5ec0	FUN_10bf5ec0	14
10bf5ee0	FUN_10bf5ee0	14
10bf5f00	FUN_10bf5f00	14
10bf5f20	FUN_10bf5f20	14
10bf5f70	FUN_10bf5f70	6
10bf5f80	FUN_10bf5f80	6
10bf5f90	FUN_10bf5f90	6
10bf5fa0	FUN_10bf5fa0	6
10bf5fb0	FUN_10bf5fb0	6
10bf5fc0	FUN_10bf5fc0	6
10bf5fd0	FUN_10bf5fd0	9
10bf5fe0	FUN_10bf5fe0	9
10bf5ff0	FUN_10bf5ff0	9
10bf6000	FUN_10bf6000	9
10bf6010	FUN_10bf6010	9
10bf6020	FUN_10bf6020	10
10bf6030	FUN_10bf6030	10
10bf6040	FUN_10bf6040	19
10bf6bf0	FUN_10bf6bf0	3
10bf6c00	FUN_10bf6c00	3
10bf6c10	FUN_10bf6c10	3
10bf6c20	FUN_10bf6c20	3
10bf6c30	FUN_10bf6c30	3
10bf6c40	FUN_10bf6c40	3
10bf6c50	FUN_10bf6c50	3
10bf6c60	FUN_10bf6c60	3
10bf6c70	FUN_10bf6c70	3
10bf6c80	FUN_10bf6c80	3
10bf6c90	FUN_10bf6c90	3
10bf6ca0	FUN_10bf6ca0	3
10bf6cb0	FUN_10bf6cb0	3
10bf6cc0	FUN_10bf6cc0	3
10bf6cd0	FUN_10bf6cd0	3
10bf6ce0	FUN_10bf6ce0	3
10bf6df0	FUN_10bf6df0	5
10bf6e00	FUN_10bf6e00	13
10bf6e10	FUN_10bf6e10	13
10bf6e20	FUN_10bf6e20	13
10bf6e30	FUN_10bf6e30	13
10bf6e40	FUN_10bf6e40	3
10bf6e50	FUN_10bf6e50	3
10bf6e60	FUN_10bf6e60	3
10bf6e70	FUN_10bf6e70	3
10bf6f60	FUN_10bf6f60	3
10bf6f70	FUN_10bf6f70	3
10bf70e0	FUN_10bf70e0	11
10bf70f0	FUN_10bf70f0	11
10bf7100	FUN_10bf7100	6
10bf7110	FUN_10bf7110	6
10bf7280	FUN_10bf7280	14
10bf72a0	FUN_10bf72a0	14
10bf72c0	FUN_10bf72c0	13
10bf72d0	FUN_10bf72d0	13
10bf72e0	FUN_10bf72e0	12
10bf72f0	FUN_10bf72f0	12
10bf7300	FUN_10bf7300	11
10bf7310	FUN_10bf7310	11
10bf7570	FUN_10bf7570	43
10bf75b0	FUN_10bf75b0	43
10bf77d0	FUN_10bf77d0	14
10bf77f0	FUN_10bf77f0	3
10bf7800	FUN_10bf7800	13
10bf7890	FUN_10bf7890	4
10bf78a0	FUN_10bf78a0	4
10bf78f0	FUN_10bf78f0	108
10bf7e20	FUN_10bf7e20	12
10bf7e30	FUN_10bf7e30	12
10bf7e40	FUN_10bf7e40	12
10bf7e50	FUN_10bf7e50	4
10bf7e60	FUN_10bf7e60	11
10bf7e70	FUN_10bf7e70	11
10bf7e80	FUN_10bf7e80	11
10bf8860	FUN_10bf8860	16
10bf8880	FUN_10bf8880	6
10bf8ef0	FUN_10bf8ef0	6
10bf8f00	FUN_10bf8f00	6
10bf8f10	FUN_10bf8f10	6
10bf8f20	FUN_10bf8f20	6
10bf8f30	FUN_10bf8f30	6
10bf8f40	FUN_10bf8f40	6
10bf8f50	FUN_10bf8f50	6
10bf8f60	FUN_10bf8f60	6
10bf92e0	FUN_10bf92e0	5
10bf9a30	FUN_10bf9a30	4
10bf9a40	FUN_10bf9a40	9
10bf9a50	FUN_10bf9a50	9
10bf9a60	FUN_10bf9a60	4
10bfa220	FUN_10bfa220	54
10bfa270	FUN_10bfa270	22
10bfa340	FUN_10bfa340	18
10bfa360	FUN_10bfa360	25
10bfa380	FUN_10bfa380	25
10bfa3a0	FUN_10bfa3a0	22
10bfa3c0	FUN_10bfa3c0	5
10bfa3d0	FUN_10bfa3d0	5
10bfa3e0	FUN_10bfa3e0	56
10bfa430	FUN_10bfa430	3
10bfa440	FUN_10bfa440	13
10bfa450	FUN_10bfa450	13
10bfa460	FUN_10bfa460	13
10bfa470	FUN_10bfa470	3
10bfa480	FUN_10bfa480	3
10bfa490	FUN_10bfa490	18
10bfa580	FUN_10bfa580	51
10bfa5c0	FUN_10bfa5c0	15
10bfa5e0	FUN_10bfa5e0	26
10bfa600	FUN_10bfa600	7
10bfa610	FUN_10bfa610	5
10bfa890	FUN_10bfa890	5
10bfa8a0	FUN_10bfa8a0	5
10bfa8b0	FUN_10bfa8b0	5
10bfa8c0	FUN_10bfa8c0	5
10bfa8d0	FUN_10bfa8d0	5
10bfa8e0	FUN_10bfa8e0	5
10bfa8f0	FUN_10bfa8f0	48
10bfa940	FUN_10bfa940	15
10bfa9e0	FUN_10bfa9e0	5
10bfa9f0	FUN_10bfa9f0	5
10bfaa00	FUN_10bfaa00	5
10bfaa10	FUN_10bfaa10	5
10bfaa20	FUN_10bfaa20	5
10bfab30	FUN_10bfab30	16
10bfab50	FUN_10bfab50	18
10bfac40	FUN_10bfac40	11
10bfac50	FUN_10bfac50	11
10bfac60	FUN_10bfac60	11
10bfac70	FUN_10bfac70	11
10bfac80	FUN_10bfac80	16
10bfaca0	FUN_10bfaca0	13
10bfacb0	FUN_10bfacb0	14
10bfacd0	FUN_10bfacd0	23
10bfacf0	FUN_10bfacf0	3
10bfb320	FUN_10bfb320	11
10bfb4e0	FUN_10bfb4e0	3
10bfba50	FUN_10bfba50	14
10bfba70	FUN_10bfba70	14
10bfba90	FUN_10bfba90	14
10bfbab0	FUN_10bfbab0	14
10bfbb00	FUN_10bfbb00	3
10bfbb10	FUN_10bfbb10	7
10bfbb20	FUN_10bfbb20	6
10bfbb30	FUN_10bfbb30	6
10bfbb40	FUN_10bfbb40	6
10bfbb50	FUN_10bfbb50	6
10bfbb60	FUN_10bfbb60	6
10bfbb70	FUN_10bfbb70	9
10bfbb80	FUN_10bfbb80	9
10bfbb90	FUN_10bfbb90	9
10bfbba0	FUN_10bfbba0	9
10bfbbb0	FUN_10bfbbb0	10
10bfc1e0	FUN_10bfc1e0	3
10bfc1f0	FUN_10bfc1f0	3
10bfc200	FUN_10bfc200	3
10bfc210	FUN_10bfc210	3
10bfc220	FUN_10bfc220	3
10bfc230	FUN_10bfc230	3
10bfc2c0	FUN_10bfc2c0	3
10bfc2d0	FUN_10bfc2d0	3
10bfc350	FUN_10bfc350	3
10bfc410	FUN_10bfc410	11
10bfc420	FUN_10bfc420	6
10bfc500	FUN_10bfc500	14
10bfc520	FUN_10bfc520	13
10bfc530	FUN_10bfc530	12
10bfc540	FUN_10bfc540	11
10bfc550	FUN_10bfc550	43
10bfc670	FUN_10bfc670	14
10bfc690	FUN_10bfc690	13
10bfc6a0	FUN_10bfc6a0	19
10bfc6c0	FUN_10bfc6c0	4
10bfc8b0	FUN_10bfc8b0	12
10bfc8c0	FUN_10bfc8c0	11
10bfd8a0	FUN_10bfd8a0	6
10bfd8b0	FUN_10bfd8b0	6
10bfd8c0	FUN_10bfd8c0	6
10bfd8d0	FUN_10bfd8d0	6
10bfdae0	FUN_10bfdae0	5
10bfdaf0	FUN_10bfdaf0	3
10bfdb80	FUN_10bfdb80	28
10bfe110	FUN_10bfe110	9
10bfe290	FUN_10bfe290	91
10bfe310	FUN_10bfe310	26
10bfe330	FUN_10bfe330	43
10bfe370	FUN_10bfe370	25
10bfe390	FUN_10bfe390	26
10bfe3b0	FUN_10bfe3b0	26
10bfe3d0	FUN_10bfe3d0	78
10bfe440	FUN_10bfe440	78
10bfe4b0	FUN_10bfe4b0	6
10bfe4c0	FUN_10bfe4c0	6
10bfe570	FUN_10bfe570	16
10bfe590	FUN_10bfe590	16
10bfede0	FUN_10bfede0	3
10bfedf0	FUN_10bfedf0	7
10bfee00	FUN_10bfee00	3
10bfee10	FUN_10bfee10	7
10bfee20	FUN_10bfee20	3
10bfee30	FUN_10bfee30	3
10bfee40	FUN_10bfee40	3
10bfee50	FUN_10bfee50	3
10bfee60	FUN_10bfee60	3
10bfee70	FUN_10bfee70	3
10bff8b0	FUN_10bff8b0	9
10c00ac0	FUN_10c00ac0	6
10c00ad0	FUN_10c00ad0	6
10c00c20	FUN_10c00c20	3
10c00c30	FUN_10c00c30	3
10c00c40	FUN_10c00c40	3
10c00c50	FUN_10c00c50	3
10c00c60	FUN_10c00c60	3
10c00fd0	FUN_10c00fd0	28
10c01000	FUN_10c01000	28
10c01030	FUN_10c01030	28
10c01060	FUN_10c01060	28
10c01380	FUN_10c01380	25
10c013d0	FUN_10c013d0	26
10c013f0	FUN_10c013f0	5
10c017d0	FUN_10c017d0	7
10c018a0	FUN_10c018a0	5
10c019f0	FUN_10c019f0	5
10c01a00	FUN_10c01a00	5
10c01cb0	FUN_10c01cb0	5
10c01cc0	FUN_10c01cc0	5
10c01cd0	FUN_10c01cd0	5
10c01ce0	FUN_10c01ce0	6
10c01cf0	FUN_10c01cf0	5
10c01db0	FUN_10c01db0	21
10c01dd0	FUN_10c01dd0	11
10c01de0	FUN_10c01de0	9
10c01df0	FUN_10c01df0	11
10c01e00	FUN_10c01e00	9
10c01e10	FUN_10c01e10	23
10c01e30	FUN_10c01e30	3
10c01e40	FUN_10c01e40	23
10c02550	FUN_10c02550	14
10c02570	FUN_10c02570	14
10c02590	FUN_10c02590	3
10c025a0	FUN_10c025a0	3
10c025b0	FUN_10c025b0	3
10c025c0	FUN_10c025c0	3
10c025d0	FUN_10c025d0	6
10c025e0	FUN_10c025e0	6
10c028d0	FUN_10c028d0	49
10c02990	FUN_10c02990	3
10c02a30	FUN_10c02a30	3
10c02a40	FUN_10c02a40	3
10c02a50	FUN_10c02a50	3
10c02a60	FUN_10c02a60	3
10c02a70	FUN_10c02a70	13
10c02a80	FUN_10c02a80	3
10c02a90	FUN_10c02a90	6
10c02de0	FUN_10c02de0	11
10c02df0	FUN_10c02df0	9
10c02e70	FUN_10c02e70	12
10c03730	FUN_10c03730	6
10c03740	FUN_10c03740	7
10c03750	FUN_10c03750	6
10c03760	FUN_10c03760	6
10c03930	FUN_10c03930	3
10c03940	FUN_10c03940	3
10c03cc0	FUN_10c03cc0	28
10c03d90	FUN_10c03d90	9
10c04370	FUN_10c04370	43
10c043b0	FUN_10c043b0	83
10c061d0	FUN_10c061d0	3
10c061e0	FUN_10c061e0	3
10c061f0	FUN_10c061f0	7
10c06200	FUN_10c06200	7
10c06210	FUN_10c06210	3
10c06220	FUN_10c06220	3
10c06230	FUN_10c06230	3
10c06240	FUN_10c06240	3
10c06250	FUN_10c06250	16
10c07050	FUN_10c07050	3
10c071e0	FUN_10c071e0	14
10c0e540	FUN_10c0e540	11
10c10150	FUN_10c10150	4
10c10880	FUN_10c10880	21
10c108b0	FUN_10c108b0	8
10c146c0	FUN_10c146c0	33
10c14aa0	FUN_10c14aa0	7
10c15610	FUN_10c15610	3
10c15620	FUN_10c15620	3
10c15a70	FUN_10c15a70	28
10c15aa0	FUN_10c15aa0	28
10c16e40	FUN_10c16e40	7
10c16ee0	FUN_10c16ee0	91
10c16f60	FUN_10c16f60	26
10c16f80	FUN_10c16f80	6
10c17cc0	FUN_10c17cc0	3
10c17cd0	FUN_10c17cd0	7
10c17ce0	FUN_10c17ce0	3
10c1ec40	FUN_10c1ec40	7
10c1ec50	FUN_10c1ec50	7
10c1ec60	FUN_10c1ec60	21
10c1ed50	FUN_10c1ed50	6
10c1ede0	FUN_10c1ede0	7
10c1ef00	FUN_10c1ef00	7
10c20b10	FUN_10c20b10	3
10c20d10	FUN_10c20d10	28
10c20ed0	FUN_10c20ed0	18
10c21120	FUN_10c21120	91
10c211a0	FUN_10c211a0	91
10c21290	FUN_10c21290	3
10c21b80	FUN_10c21b80	28
10c21be0	FUN_10c21be0	25
10c21c00	FUN_10c21c00	22
10c21d60	FUN_10c21d60	18
10c21d80	FUN_10c21d80	25
10c21da0	FUN_10c21da0	25
10c21df0	FUN_10c21df0	22
10c21e10	FUN_10c21e10	5
10c21e20	FUN_10c21e20	5
10c21ef0	FUN_10c21ef0	26
10c21f10	FUN_10c21f10	3
10c21f20	FUN_10c21f20	13
10c21f30	FUN_10c21f30	13
10c21f40	FUN_10c21f40	13
10c21f50	FUN_10c21f50	3
10c21f60	FUN_10c21f60	3
10c22040	FUN_10c22040	18
10c226e0	FUN_10c226e0	15
10c227a0	FUN_10c227a0	7
10c227b0	FUN_10c227b0	7
10c227c0	FUN_10c227c0	5
10c22b10	FUN_10c22b10	5
10c22c60	FUN_10c22c60	5
10c22c70	FUN_10c22c70	5
10c22c80	FUN_10c22c80	5
10c22c90	FUN_10c22c90	5
10c22ca0	FUN_10c22ca0	5
10c22cb0	FUN_10c22cb0	5
10c234c0	FUN_10c234c0	15
10c23560	FUN_10c23560	5
10c23570	FUN_10c23570	5
10c23580	FUN_10c23580	5
10c23590	FUN_10c23590	5
10c235a0	FUN_10c235a0	5
10c235b0	FUN_10c235b0	5
10c235c0	FUN_10c235c0	5
10c235d0	FUN_10c235d0	5
10c238c0	FUN_10c238c0	18
10c239c0	FUN_10c239c0	11
10c239d0	FUN_10c239d0	11
10c239e0	FUN_10c239e0	16
10c23a00	FUN_10c23a00	23
10c23a20	FUN_10c23a20	14
10c23a40	FUN_10c23a40	21
10c23a60	FUN_10c23a60	11
10c23a70	FUN_10c23a70	11
10c23a80	FUN_10c23a80	23
10c23aa0	FUN_10c23aa0	23
10c23ac0	FUN_10c23ac0	3
10c23ad0	FUN_10c23ad0	3
10c23c00	FUN_10c23c00	23
10c23e10	FUN_10c23e10	11
10c24070	FUN_10c24070	3
10c24320	FUN_10c24320	14
10c24340	FUN_10c24340	14
10c24360	FUN_10c24360	14
10c24380	FUN_10c24380	14
10c246a0	FUN_10c246a0	12
10c246b0	FUN_10c246b0	3
10c246c0	FUN_10c246c0	6
10c246d0	FUN_10c246d0	6
10c246e0	FUN_10c246e0	3
10c246f0	FUN_10c246f0	3
10c24700	FUN_10c24700	9
10c24710	FUN_10c24710	9
10c24720	FUN_10c24720	6
10c24730	FUN_10c24730	6
10c24740	FUN_10c24740	10
10c24b50	FUN_10c24b50	49
10c24ca0	FUN_10c24ca0	3
10c24fb0	FUN_10c24fb0	3
10c24fc0	FUN_10c24fc0	3
10c24fd0	FUN_10c24fd0	3
10c24fe0	FUN_10c24fe0	3
10c24ff0	FUN_10c24ff0	3
10c25000	FUN_10c25000	3
10c25010	FUN_10c25010	3
10c25020	FUN_10c25020	3
10c25030	FUN_10c25030	3
10c25040	FUN_10c25040	3
10c250d0	FUN_10c250d0	4
10c250e0	FUN_10c250e0	4
10c25160	FUN_10c25160	3
10c25170	FUN_10c25170	3
10c25300	FUN_10c25300	11
10c25310	FUN_10c25310	6
10c25320	FUN_10c25320	6
10c25620	FUN_10c25620	14
10c25640	FUN_10c25640	13
10c25650	FUN_10c25650	12
10c25660	FUN_10c25660	11
10c25670	FUN_10c25670	43
10c25830	FUN_10c25830	11
10c25840	FUN_10c25840	19
10c25860	FUN_10c25860	4
10c26050	FUN_10c26050	27
10c26080	FUN_10c26080	9
10c26090	FUN_10c26090	68
10c26280	FUN_10c26280	21
10c262a0	FUN_10c262a0	18
10c263d0	FUN_10c263d0	11
10c26490	FUN_10c26490	18
10c264d0	FUN_10c264d0	18
10c26510	FUN_10c26510	18
10c26550	FUN_10c26550	18
10c26590	FUN_10c26590	18
10c265d0	FUN_10c265d0	12
10c27180	FUN_10c27180	6
10c27190	FUN_10c27190	6
10c271a0	FUN_10c271a0	6
10c271b0	FUN_10c271b0	6
10c271c0	FUN_10c271c0	6
10c271d0	FUN_10c271d0	6
10c273a0	FUN_10c273a0	20
10c27b30	FUN_10c27b30	4
10c27b40	FUN_10c27b40	9
10c27b50	FUN_10c27b50	4
10c28ec0	FUN_10c28ec0	91
10c28f40	FUN_10c28f40	6
10c28f80	FUN_10c28f80	16
10c293c0	FUN_10c293c0	65
10c29490	FUN_10c29490	3
10c294a0	FUN_10c294a0	3
10c294b0	FUN_10c294b0	3
10c2a5e0	FUN_10c2a5e0	6
10c2a5f0	FUN_10c2a5f0	7
10c2a660	FUN_10c2a660	3
10c2a7c0	FUN_10c2a7c0	28
10c2a920	FUN_10c2a920	25
10c2aa90	FUN_10c2aa90	3
10c2abe0	FUN_10c2abe0	18
10c2b170	FUN_10c2b170	7
10c2b180	FUN_10c2b180	7
10c2b1c0	FUN_10c2b1c0	5
10c2b460	FUN_10c2b460	13
10c2b620	FUN_10c2b620	3
10c2b630	FUN_10c2b630	36
10c2b720	FUN_10c2b720	5
10c2b730	FUN_10c2b730	5
10c2b750	FUN_10c2b750	5
10c2b770	FUN_10c2b770	5
10c2b860	FUN_10c2b860	9
10c2b870	FUN_10c2b870	21
10c2b890	FUN_10c2b890	23
10c2b8b0	FUN_10c2b8b0	3
10c2b8c0	FUN_10c2b8c0	23
10c2c090	FUN_10c2c090	12
10c2c0a0	FUN_10c2c0a0	3
10c2c0b0	FUN_10c2c0b0	7
10c2c0c0	FUN_10c2c0c0	7
10c2c0d0	FUN_10c2c0d0	3
10c2c220	FUN_10c2c220	49
10c2c260	FUN_10c2c260	49
10c2c3f0	FUN_10c2c3f0	3
10c2c450	FUN_10c2c450	3
10c2c460	FUN_10c2c460	3
10c2c470	FUN_10c2c470	3
10c2c480	FUN_10c2c480	3
10c2c490	FUN_10c2c490	3
10c2c4a0	FUN_10c2c4a0	3
10c2c4d0	FUN_10c2c4d0	3
10c2c4e0	FUN_10c2c4e0	3
10c2c4f0	FUN_10c2c4f0	6
10c2d860	FUN_10c2d860	9
10c2d870	FUN_10c2d870	9
10c311b0	FUN_10c311b0	52
10c324f0	FUN_10c324f0	6
10c32500	FUN_10c32500	6
10c32510	FUN_10c32510	6
10c32520	FUN_10c32520	6
10c32660	FUN_10c32660	5
10c32670	FUN_10c32670	3
10c32680	FUN_10c32680	36
10c32880	FUN_10c32880	28
10c32f90	FUN_10c32f90	9
10c34710	FUN_10c34710	22
10c34730	FUN_10c34730	32
10c34800	FUN_10c34800	18
10c34820	FUN_10c34820	25
10c34840	FUN_10c34840	25
10c34860	FUN_10c34860	17
10c34880	FUN_10c34880	22
10c348a0	FUN_10c348a0	5
10c348b0	FUN_10c348b0	5
10c348c0	FUN_10c348c0	21
10c348e0	FUN_10c348e0	34
10c34910	FUN_10c34910	91
10c34990	FUN_10c34990	91
10c34a10	FUN_10c34a10	26
10c34a80	FUN_10c34a80	18
10c34af0	FUN_10c34af0	3
10c34b00	FUN_10c34b00	13
10c34b10	FUN_10c34b10	13
10c34b20	FUN_10c34b20	13
10c34b30	FUN_10c34b30	3
10c34b40	FUN_10c34b40	3
10c34b50	FUN_10c34b50	18
10c34cb0	FUN_10c34cb0	15
10c34d50	FUN_10c34d50	7
10c34d60	FUN_10c34d60	5
10c35000	FUN_10c35000	5
10c35010	FUN_10c35010	5
10c35020	FUN_10c35020	5
10c35030	FUN_10c35030	5
10c35040	FUN_10c35040	5
10c35100	FUN_10c35100	29
10c351a0	FUN_10c351a0	15
10c35240	FUN_10c35240	5
10c35250	FUN_10c35250	5
10c35260	FUN_10c35260	5
10c35270	FUN_10c35270	5
10c35280	FUN_10c35280	5
10c35290	FUN_10c35290	5
10c35490	FUN_10c35490	16
10c354b0	FUN_10c354b0	18
10c354d0	FUN_10c354d0	10
10c355c0	FUN_10c355c0	11
10c355d0	FUN_10c355d0	11
10c355e0	FUN_10c355e0	16
10c35600	FUN_10c35600	17
10c35620	FUN_10c35620	23
10c35640	FUN_10c35640	14
10c35660	FUN_10c35660	23
10c35680	FUN_10c35680	3
10c35690	FUN_10c35690	12
10c35c10	FUN_10c35c10	11
10c35fe0	FUN_10c35fe0	3
10c36370	FUN_10c36370	72
10c363d0	FUN_10c363d0	65
10c36430	FUN_10c36430	65
10c36530	FUN_10c36530	14
10c36550	FUN_10c36550	14
10c365a0	FUN_10c365a0	7
10c365b0	FUN_10c365b0	3
10c365c0	FUN_10c365c0	7
10c365d0	FUN_10c365d0	3
10c365e0	FUN_10c365e0	8
10c365f0	FUN_10c365f0	3
10c36600	FUN_10c36600	6
10c36610	FUN_10c36610	6
10c36620	FUN_10c36620	9
10c36630	FUN_10c36630	9
10c36640	FUN_10c36640	10
10c36650	FUN_10c36650	18
10c366c0	FUN_10c366c0	18
10c36c30	FUN_10c36c30	8
10c36e00	FUN_10c36e00	3
10c36e10	FUN_10c36e10	3
10c36e20	FUN_10c36e20	3
10c36e30	FUN_10c36e30	3
10c36e40	FUN_10c36e40	3
10c36e50	FUN_10c36e50	3
10c36e60	FUN_10c36e60	4
10c36e70	FUN_10c36e70	4
10c36e80	FUN_10c36e80	3
10c36e90	FUN_10c36e90	3
10c36ea0	FUN_10c36ea0	4
10c36f30	FUN_10c36f30	7
10c36f40	FUN_10c36f40	4
10c36f50	FUN_10c36f50	4
10c36fd0	FUN_10c36fd0	3
10c37090	FUN_10c37090	11
10c370a0	FUN_10c370a0	6
10c370b0	FUN_10c370b0	26
10c370d0	FUN_10c370d0	10
10c371a0	FUN_10c371a0	14
10c371c0	FUN_10c371c0	13
10c371d0	FUN_10c371d0	12
10c371e0	FUN_10c371e0	11
10c371f0	FUN_10c371f0	43
10c376a0	FUN_10c376a0	4
10c376c0	FUN_10c376c0	68
10c37920	FUN_10c37920	16
10c37f20	FUN_10c37f20	4
10c381d0	FUN_10c381d0	6
10c381e0	FUN_10c381e0	6
10c381f0	FUN_10c381f0	6
10c38200	FUN_10c38200	6
10c38210	FUN_10c38210	3
10c38220	FUN_10c38220	3
10c38a10	FUN_10c38a10	28
10c38a40	FUN_10c38a40	28
10c38fd0	FUN_10c38fd0	9
10c39920	FUN_10c39920	26
10c399c0	FUN_10c399c0	26
10c399e0	FUN_10c399e0	26
10c39a00	FUN_10c39a00	78
10c39a70	FUN_10c39a70	78
10c39ae0	FUN_10c39ae0	16
10c3a560	FUN_10c3a560	3
10c3a570	FUN_10c3a570	7
10c3a580	FUN_10c3a580	3
10c3a590	FUN_10c3a590	7
10c3a5a0	FUN_10c3a5a0	3
10c3b250	FUN_10c3b250	3
10c3b260	FUN_10c3b260	3
10c3b6b0	FUN_10c3b6b0	28
10c3c020	FUN_10c3c020	22
10c3c310	FUN_10c3c310	18
10c3c330	FUN_10c3c330	25
10c3c350	FUN_10c3c350	25
10c3c370	FUN_10c3c370	18
10c3c390	FUN_10c3c390	25
10c3c3b0	FUN_10c3c3b0	25
10c3c3d0	FUN_10c3c3d0	18
10c3c3f0	FUN_10c3c3f0	25
10c3c410	FUN_10c3c410	25
10c3c430	FUN_10c3c430	18
10c3c450	FUN_10c3c450	25
10c3c470	FUN_10c3c470	25
10c3c490	FUN_10c3c490	25
10c3c510	FUN_10c3c510	11
10c3c520	FUN_10c3c520	11
10c3c5e0	FUN_10c3c5e0	13
10c3c5f0	FUN_10c3c5f0	13
10c3c600	FUN_10c3c600	22
10c3c620	FUN_10c3c620	18
10c3c640	FUN_10c3c640	5
10c3c650	FUN_10c3c650	5
10c3c660	FUN_10c3c660	5
10c3c670	FUN_10c3c670	5
10c3c680	FUN_10c3c680	5
10c3c690	FUN_10c3c690	5
10c3c6a0	FUN_10c3c6a0	5
10c3c6b0	FUN_10c3c6b0	5
10c3c6c0	FUN_10c3c6c0	11
10c3c6d0	FUN_10c3c6d0	13
10c3c6e0	FUN_10c3c6e0	13
10c3c6f0	FUN_10c3c6f0	22
10c3c710	FUN_10c3c710	22
10c3c730	FUN_10c3c730	22
10c3c750	FUN_10c3c750	18
10c3c890	FUN_10c3c890	25
10c3c910	FUN_10c3c910	20
10c3c930	FUN_10c3c930	20
10c3c950	FUN_10c3c950	20
10c3c970	FUN_10c3c970	20
10c3c990	FUN_10c3c990	20
10c3c9b0	FUN_10c3c9b0	20
10c3c9d0	FUN_10c3c9d0	20
10c3c9f0	FUN_10c3c9f0	20
10c3ca10	FUN_10c3ca10	20
10c3ca30	FUN_10c3ca30	20
10c3ca50	FUN_10c3ca50	20
10c3ca70	FUN_10c3ca70	20
10c3cae0	FUN_10c3cae0	18
10c3cb50	FUN_10c3cb50	18
10c3cb70	FUN_10c3cb70	3
10c3cb80	FUN_10c3cb80	3
10c3cb90	FUN_10c3cb90	3
10c3cba0	FUN_10c3cba0	3
10c3cbb0	FUN_10c3cbb0	3
10c3cbc0	FUN_10c3cbc0	3
10c3cbd0	FUN_10c3cbd0	3
10c3cd00	FUN_10c3cd00	13
10c3cd10	FUN_10c3cd10	13
10c3cd20	FUN_10c3cd20	13
10c3cd30	FUN_10c3cd30	13
10c3cd40	FUN_10c3cd40	13
10c3cd50	FUN_10c3cd50	13
10c3cd60	FUN_10c3cd60	13
10c3cd70	FUN_10c3cd70	13
10c3cd80	FUN_10c3cd80	13
10c3cd90	FUN_10c3cd90	13
10c3cda0	FUN_10c3cda0	13
10c3cdb0	FUN_10c3cdb0	13
10c3cdc0	FUN_10c3cdc0	113
10c3d060	FUN_10c3d060	3
10c3d070	FUN_10c3d070	3
10c3d080	FUN_10c3d080	3
10c3d090	FUN_10c3d090	3
10c3d0a0	FUN_10c3d0a0	3
10c3d0b0	FUN_10c3d0b0	3
10c3d0c0	FUN_10c3d0c0	3
10c3d0d0	FUN_10c3d0d0	3
10c3d0e0	FUN_10c3d0e0	3
10c3d200	FUN_10c3d200	18
10c3d220	FUN_10c3d220	18
10c3d240	FUN_10c3d240	18
10c3d260	FUN_10c3d260	18
10c3d920	FUN_10c3d920	41
10c3d9b0	FUN_10c3d9b0	41
10c3da30	FUN_10c3da30	15
10c3da50	FUN_10c3da50	15
10c3da70	FUN_10c3da70	15
10c3da90	FUN_10c3da90	15
10c3dab0	FUN_10c3dab0	15
10c3dad0	FUN_10c3dad0	27
10c3db00	FUN_10c3db00	15
10c3db40	FUN_10c3db40	7
10c3db50	FUN_10c3db50	7
10c3db60	FUN_10c3db60	7
10c3db70	FUN_10c3db70	7
10c3db80	FUN_10c3db80	7
10c3db90	FUN_10c3db90	7
10c3dba0	FUN_10c3dba0	7
10c3dbb0	FUN_10c3dbb0	7
10c3dbc0	FUN_10c3dbc0	7
10c3dc70	FUN_10c3dc70	5
10c3dc80	FUN_10c3dc80	5
10c3dc90	FUN_10c3dc90	5
10c3dca0	FUN_10c3dca0	5
10c3dfc0	FUN_10c3dfc0	7
10c3e030	FUN_10c3e030	5
10c3e0a0	FUN_10c3e0a0	5
10c3e0b0	FUN_10c3e0b0	5
10c3e0c0	FUN_10c3e0c0	5
10c3e0d0	FUN_10c3e0d0	5
10c3e0e0	FUN_10c3e0e0	5
10c3e0f0	FUN_10c3e0f0	5
10c3e100	FUN_10c3e100	5
10c3e110	FUN_10c3e110	5
10c3e120	FUN_10c3e120	5
10c3e130	FUN_10c3e130	5
10c3e140	FUN_10c3e140	5
10c3e150	FUN_10c3e150	5
10c3e160	FUN_10c3e160	5
10c3e170	FUN_10c3e170	5
10c3e180	FUN_10c3e180	5
10c3e190	FUN_10c3e190	5
10c3e1a0	FUN_10c3e1a0	5
10c3e1b0	FUN_10c3e1b0	5
10c3e1c0	FUN_10c3e1c0	5
10c3e1d0	FUN_10c3e1d0	5
10c3e1e0	FUN_10c3e1e0	5
10c3e1f0	FUN_10c3e1f0	5
10c3e200	FUN_10c3e200	5
10c3e210	FUN_10c3e210	5
10c3e220	FUN_10c3e220	5
10c3e230	FUN_10c3e230	5
10c3e240	FUN_10c3e240	13
10c3e250	FUN_10c3e250	13
10c3e260	FUN_10c3e260	19
10c3e2d0	FUN_10c3e2d0	19
10c3e3f0	FUN_10c3e3f0	3
10c3e400	FUN_10c3e400	14
10c3e420	FUN_10c3e420	3
10c3e440	FUN_10c3e440	12
10c3ec30	FUN_10c3ec30	15
10c3ec50	FUN_10c3ec50	15
10c3ec70	FUN_10c3ec70	15
10c3ec90	FUN_10c3ec90	15
10c3efb0	FUN_10c3efb0	5
10c3efc0	FUN_10c3efc0	5
10c3efd0	FUN_10c3efd0	5
10c3efe0	FUN_10c3efe0	5
10c3eff0	FUN_10c3eff0	5
10c3f000	FUN_10c3f000	5
10c3f010	FUN_10c3f010	5
10c3f020	FUN_10c3f020	5
10c3f030	FUN_10c3f030	5
10c3f040	FUN_10c3f040	5
10c3f050	FUN_10c3f050	5
10c3f060	FUN_10c3f060	5
10c3f070	FUN_10c3f070	5
10c3f080	FUN_10c3f080	5
10c3f090	FUN_10c3f090	5
10c3f0a0	FUN_10c3f0a0	5
10c3f0b0	FUN_10c3f0b0	5
10c3f0c0	FUN_10c3f0c0	5
10c3f0d0	FUN_10c3f0d0	5
10c3f0e0	FUN_10c3f0e0	5
10c3f0f0	FUN_10c3f0f0	5
10c3f100	FUN_10c3f100	5
10c3f110	FUN_10c3f110	5
10c3f120	FUN_10c3f120	5
10c3f130	FUN_10c3f130	5
10c3f140	FUN_10c3f140	5
10c3f150	FUN_10c3f150	5
10c3f160	FUN_10c3f160	5
10c3f170	FUN_10c3f170	5
10c3f180	FUN_10c3f180	5
10c3f190	FUN_10c3f190	5
10c3f1a0	FUN_10c3f1a0	5
10c3f1b0	FUN_10c3f1b0	11
10c3fc50	FUN_10c3fc50	5
10c3fc60	FUN_10c3fc60	5
10c3fd30	FUN_10c3fd30	18
10c3fd50	FUN_10c3fd50	18
10c3fd70	FUN_10c3fd70	18
10c3fd90	FUN_10c3fd90	18
10c400f0	FUN_10c400f0	11
10c40100	FUN_10c40100	11
10c40110	FUN_10c40110	11
10c40120	FUN_10c40120	11
10c40130	FUN_10c40130	11
10c40140	FUN_10c40140	11
10c40150	FUN_10c40150	11
10c40160	FUN_10c40160	11
10c40170	FUN_10c40170	11
10c40180	FUN_10c40180	11
10c40190	FUN_10c40190	11
10c401a0	FUN_10c401a0	11
10c401b0	FUN_10c401b0	11
10c401c0	FUN_10c401c0	11
10c401d0	FUN_10c401d0	11
10c401e0	FUN_10c401e0	16
10c40200	FUN_10c40200	16
10c40220	FUN_10c40220	16
10c40240	FUN_10c40240	16
10c402a0	FUN_10c402a0	9
10c402b0	FUN_10c402b0	9
10c402c0	FUN_10c402c0	13
10c402d0	FUN_10c402d0	13
10c402e0	FUN_10c402e0	13
10c402f0	FUN_10c402f0	13
10c40300	FUN_10c40300	14
10c40320	FUN_10c40320	14
10c40340	FUN_10c40340	14
10c40360	FUN_10c40360	14
10c40380	FUN_10c40380	23
10c403a0	FUN_10c403a0	23
10c403c0	FUN_10c403c0	23
10c403e0	FUN_10c403e0	23
10c40400	FUN_10c40400	23
10c40420	FUN_10c40420	3
10c40430	FUN_10c40430	3
10c40440	FUN_10c40440	3
10c40450	FUN_10c40450	3
10c40460	FUN_10c40460	3
10c40470	FUN_10c40470	18
10c40490	FUN_10c40490	18
10c404b0	FUN_10c404b0	18
10c404d0	FUN_10c404d0	18
10c40640	FUN_10c40640	11
10c408c0	FUN_10c408c0	13
10c40f90	FUN_10c40f90	11
10c40fa0	FUN_10c40fa0	11
10c40fb0	FUN_10c40fb0	11
10c40fc0	FUN_10c40fc0	11
10c40fd0	FUN_10c40fd0	24
10c40ff0	FUN_10c40ff0	24
10c41010	FUN_10c41010	24
10c41030	FUN_10c41030	24
10c415b0	FUN_10c415b0	3
10c415c0	FUN_10c415c0	3
10c415d0	FUN_10c415d0	3
10c415e0	FUN_10c415e0	3
10c41710	FUN_10c41710	10
10c41a10	FUN_10c41a10	11
10c41b80	FUN_10c41b80	18
10c41ba0	FUN_10c41ba0	18
10c41bc0	FUN_10c41bc0	18
10c41be0	FUN_10c41be0	18
10c41c00	FUN_10c41c00	14
10c41c20	FUN_10c41c20	14
10c41c40	FUN_10c41c40	14
10c41c60	FUN_10c41c60	14
10c41c80	FUN_10c41c80	14
10c41ca0	FUN_10c41ca0	14
10c41cc0	FUN_10c41cc0	14
10c41ce0	FUN_10c41ce0	14
10c41d00	FUN_10c41d00	14
10c41d20	FUN_10c41d20	14
10c41d70	FUN_10c41d70	6
10c41d80	FUN_10c41d80	6
10c41d90	FUN_10c41d90	6
10c41da0	FUN_10c41da0	6
10c41db0	FUN_10c41db0	6
10c41dc0	FUN_10c41dc0	6
10c41dd0	FUN_10c41dd0	6
10c41de0	FUN_10c41de0	6
10c41df0	FUN_10c41df0	6
10c41e00	FUN_10c41e00	6
10c41e10	FUN_10c41e10	6
10c41e20	FUN_10c41e20	6
10c41e30	FUN_10c41e30	6
10c41e40	FUN_10c41e40	22
10c41e60	FUN_10c41e60	9
10c41e70	FUN_10c41e70	9
10c41e80	FUN_10c41e80	9
10c41e90	FUN_10c41e90	9
10c41ea0	FUN_10c41ea0	9
10c41eb0	FUN_10c41eb0	9
10c41ec0	FUN_10c41ec0	9
10c41ed0	FUN_10c41ed0	9
10c41f50	FUN_10c41f50	10
10c41f60	FUN_10c41f60	10
10c41f70	FUN_10c41f70	10
10c41f80	FUN_10c41f80	10
10c420e0	FUN_10c420e0	18
10c42100	FUN_10c42100	18
10c42ec0	FUN_10c42ec0	3
10c42f70	FUN_10c42f70	5
10c42f80	FUN_10c42f80	5
10c42f90	FUN_10c42f90	5
10c436a0	FUN_10c436a0	3
10c436b0	FUN_10c436b0	3
10c436c0	FUN_10c436c0	3
10c436d0	FUN_10c436d0	3
10c436e0	FUN_10c436e0	3
10c436f0	FUN_10c436f0	3
10c43700	FUN_10c43700	3
10c43710	FUN_10c43710	3
10c43720	FUN_10c43720	3
10c43730	FUN_10c43730	3
10c43740	FUN_10c43740	3
10c43750	FUN_10c43750	3
10c43760	FUN_10c43760	3
10c43770	FUN_10c43770	3
10c43780	FUN_10c43780	3
10c43790	FUN_10c43790	3
10c437a0	FUN_10c437a0	3
10c437b0	FUN_10c437b0	3
10c437c0	FUN_10c437c0	3
10c437d0	FUN_10c437d0	3
10c437e0	FUN_10c437e0	3
10c437f0	FUN_10c437f0	3
10c43800	FUN_10c43800	3
10c43810	FUN_10c43810	3
10c43820	FUN_10c43820	3
10c43830	FUN_10c43830	3
10c43840	FUN_10c43840	3
10c43850	FUN_10c43850	3
10c43860	FUN_10c43860	3
10c43870	FUN_10c43870	3
10c43880	FUN_10c43880	3
10c43890	FUN_10c43890	3
10c438a0	FUN_10c438a0	3
10c438b0	FUN_10c438b0	3
10c438c0	FUN_10c438c0	3
10c438d0	FUN_10c438d0	3
10c43ae0	FUN_10c43ae0	13
10c43af0	FUN_10c43af0	13
10c43b00	FUN_10c43b00	13
10c43b10	FUN_10c43b10	13
10c43b20	FUN_10c43b20	13
10c43b30	FUN_10c43b30	30
10c43b60	FUN_10c43b60	3
10c43b70	FUN_10c43b70	3
10c43b80	FUN_10c43b80	3
10c43b90	FUN_10c43b90	3
10c43ba0	FUN_10c43ba0	3
10c43bb0	FUN_10c43bb0	3
10c43bc0	FUN_10c43bc0	3
10c43bd0	FUN_10c43bd0	3
10c43dd0	FUN_10c43dd0	3
10c43de0	FUN_10c43de0	3
10c43df0	FUN_10c43df0	3
10c43e00	FUN_10c43e00	3
10c43e10	FUN_10c43e10	3
10c440e0	FUN_10c440e0	11
10c440f0	FUN_10c440f0	11
10c44100	FUN_10c44100	11
10c44110	FUN_10c44110	11
10c44120	FUN_10c44120	8
10c44130	FUN_10c44130	6
10c44140	FUN_10c44140	6
10c44150	FUN_10c44150	6
10c44160	FUN_10c44160	6
10c44330	FUN_10c44330	55
10c443a0	FUN_10c443a0	55
10c444c0	FUN_10c444c0	14
10c444e0	FUN_10c444e0	14
10c44500	FUN_10c44500	14
10c44520	FUN_10c44520	14
10c44540	FUN_10c44540	13
10c44550	FUN_10c44550	13
10c44560	FUN_10c44560	13
10c44570	FUN_10c44570	13
10c44580	FUN_10c44580	3
10c44590	FUN_10c44590	3
10c445a0	FUN_10c445a0	12
10c445b0	FUN_10c445b0	12
10c445c0	FUN_10c445c0	12
10c445d0	FUN_10c445d0	12
10c445e0	FUN_10c445e0	11
10c445f0	FUN_10c445f0	11
10c44600	FUN_10c44600	11
10c44610	FUN_10c44610	11
10c44620	FUN_10c44620	4
10c44630	FUN_10c44630	4
10c44ec0	FUN_10c44ec0	43
10c44f00	FUN_10c44f00	43
10c44f40	FUN_10c44f40	43
10c44f80	FUN_10c44f80	43
10c45500	FUN_10c45500	3
10c45510	FUN_10c45510	3
10c45520	FUN_10c45520	3
10c45530	FUN_10c45530	3
10c456c0	FUN_10c456c0	4
10c456d0	FUN_10c456d0	4
10c456e0	FUN_10c456e0	4
10c456f0	FUN_10c456f0	4
10c45970	FUN_10c45970	59
10c459f0	FUN_10c459f0	59
10c45f50	FUN_10c45f50	12
10c45f60	FUN_10c45f60	11
10c45f70	FUN_10c45f70	4
10c45f80	FUN_10c45f80	4
10c45f90	FUN_10c45f90	4
10c45fa0	FUN_10c45fa0	4
10c45fb0	FUN_10c45fb0	11
10c462e0	FUN_10c462e0	16
10c46300	FUN_10c46300	16
10c46320	FUN_10c46320	16
10c46b70	FUN_10c46b70	21
10c46f50	FUN_10c46f50	7
10c46fc0	FUN_10c46fc0	6
10c46fd0	FUN_10c46fd0	6
10c46fe0	FUN_10c46fe0	6
10c46ff0	FUN_10c46ff0	6
10c47000	FUN_10c47000	6
10c47010	FUN_10c47010	6
10c47020	FUN_10c47020	6
10c47030	FUN_10c47030	6
10c47040	FUN_10c47040	6
10c47050	FUN_10c47050	6
10c47060	FUN_10c47060	6
10c47070	FUN_10c47070	6
10c47080	FUN_10c47080	6
10c47090	FUN_10c47090	6
10c470a0	FUN_10c470a0	6
10c470b0	FUN_10c470b0	6
10c470c0	FUN_10c470c0	6
10c470d0	FUN_10c470d0	6
10c47220	FUN_10c47220	5
10c47230	FUN_10c47230	5
10c47240	FUN_10c47240	11
10c47250	FUN_10c47250	5
10c47260	FUN_10c47260	5
10c475a0	FUN_10c475a0	9
10c475b0	FUN_10c475b0	9
10c475c0	FUN_10c475c0	9
10c475d0	FUN_10c475d0	9
10c47740	FUN_10c47740	3
10c478d0	FUN_10c478d0	3
10c4a2e0	FUN_10c4a2e0	5
10c4a5f0	FUN_10c4a5f0	10
10c4a600	FUN_10c4a600	12
10c4b8e0	FUN_10c4b8e0	3
10c4b8f0	FUN_10c4b8f0	7
10c4b900	FUN_10c4b900	8
10c4b910	FUN_10c4b910	4
10c4b920	FUN_10c4b920	4
10c4b930	FUN_10c4b930	4
10c4bf30	FUN_10c4bf30	8
10c4bf40	FUN_10c4bf40	4
10c4bf50	FUN_10c4bf50	7
10c4bf60	FUN_10c4bf60	26
10c4bf80	FUN_10c4bf80	10
10c4c4d0	FUN_10c4c4d0	16
10c4c950	FUN_10c4c950	32
10c4ca80	FUN_10c4ca80	7
10c4ca90	FUN_10c4ca90	7
10c4caa0	FUN_10c4caa0	9
10c4cab0	FUN_10c4cab0	7
10c4cac0	FUN_10c4cac0	7
10c4cad0	FUN_10c4cad0	9
10c4cae0	FUN_10c4cae0	13
10c4caf0	FUN_10c4caf0	13
10c4cb00	FUN_10c4cb00	16
10c4cb30	FUN_10c4cb30	4
10c4cb70	FUN_10c4cb70	7
10c4cb80	FUN_10c4cb80	10
10c4cb90	FUN_10c4cb90	7
10c4cf80	FUN_10c4cf80	3
10c4d090	FUN_10c4d090	28
10c4d0c0	FUN_10c4d0c0	28
10c4d5e0	FUN_10c4d5e0	24
10c4d9c0	FUN_10c4d9c0	6
10c4d9d0	FUN_10c4d9d0	6
10c4d9e0	FUN_10c4d9e0	6
10c4d9f0	FUN_10c4d9f0	6
10c4da00	FUN_10c4da00	6
10c4fed0	FUN_10c4fed0	4
10c4fee0	FUN_10c4fee0	4
10c4fef0	FUN_10c4fef0	4
10c4ff00	FUN_10c4ff00	4
10c52450	FUN_10c52450	8
10c52470	FUN_10c52470	7
10c525a0	FUN_10c525a0	7
10c52620	FUN_10c52620	7
10c52640	FUN_10c52640	8
10c52650	FUN_10c52650	6
10c52660	FUN_10c52660	6
10c52670	FUN_10c52670	6
10c52680	FUN_10c52680	6
10c52690	FUN_10c52690	6
10c53c60	FUN_10c53c60	28
10c53c90	FUN_10c53c90	28
10c53cc0	FUN_10c53cc0	28
10c53cf0	FUN_10c53cf0	28
10c53d20	FUN_10c53d20	28
10c54240	FUN_10c54240	6
10c54250	FUN_10c54250	6
10c54260	FUN_10c54260	6
10c54270	FUN_10c54270	6
10c55e50	FUN_10c55e50	4
10c55e60	FUN_10c55e60	4
10c57870	FUN_10c57870	7
10c57890	FUN_10c57890	7
10c578b0	FUN_10c578b0	7
10c578d0	FUN_10c578d0	7
10c57a90	FUN_10c57a90	8
10c57aa0	FUN_10c57aa0	6
10c57ab0	FUN_10c57ab0	6
10c57ac0	FUN_10c57ac0	6
10c57ad0	FUN_10c57ad0	6
10c58d20	FUN_10c58d20	28
10c58d50	FUN_10c58d50	28
10c58d80	FUN_10c58d80	28
10c58db0	FUN_10c58db0	28
10c59090	FUN_10c59090	6
10c59950	FUN_10c59950	4
10c5a530	FUN_10c5a530	7
10c5a700	FUN_10c5a700	8
10c5a710	FUN_10c5a710	6
10c5aee0	FUN_10c5aee0	28
10c5b0d0	FUN_10c5b0d0	16
10c5b620	FUN_10c5b620	65
10c5b750	FUN_10c5b750	3
10c5c910	FUN_10c5c910	8
10c5ca30	FUN_10c5ca30	10
10c5ca40	FUN_10c5ca40	10
10c5ca50	FUN_10c5ca50	10
10c5ca60	FUN_10c5ca60	10
10c5ca70	FUN_10c5ca70	10
10c5ca80	FUN_10c5ca80	10
10c5ca90	FUN_10c5ca90	10
10c5caa0	FUN_10c5caa0	10
10c5cab0	FUN_10c5cab0	10
10c5cac0	FUN_10c5cac0	10
10c5cad0	FUN_10c5cad0	10
10c5cae0	FUN_10c5cae0	10
10c5caf0	FUN_10c5caf0	10
10c5cb00	FUN_10c5cb00	10
10c5cb10	FUN_10c5cb10	10
10c5cb20	FUN_10c5cb20	10
10c5cb30	FUN_10c5cb30	10
10c5cb40	FUN_10c5cb40	10
10c5cd20	FUN_10c5cd20	3
10c5d1f0	FUN_10c5d1f0	28
10c5dc60	FUN_10c5dc60	18
10c5dc80	FUN_10c5dc80	22
10c5dca0	FUN_10c5dca0	18
10c5e090	FUN_10c5e090	13
10c5e0a0	FUN_10c5e0a0	13
10c5e0b0	FUN_10c5e0b0	3
10c5e600	FUN_10c5e600	15
10c5e6a0	FUN_10c5e6a0	5
10c5e820	FUN_10c5e820	5
10c5e830	FUN_10c5e830	5
10c5e840	FUN_10c5e840	5
10c5e850	FUN_10c5e850	5
10c5e920	FUN_10c5e920	15
10c5e940	FUN_10c5e940	15
10c5e960	FUN_10c5e960	5
10c5e970	FUN_10c5e970	5
10c5eac0	FUN_10c5eac0	18
10c5eb20	FUN_10c5eb20	11
10c5eb30	FUN_10c5eb30	11
10c5ebc0	FUN_10c5ebc0	11
10c5ebd0	FUN_10c5ebd0	11
10c5ebe0	FUN_10c5ebe0	16
10c5ec00	FUN_10c5ec00	3
10c5fa60	FUN_10c5fa60	3
10c5fac0	FUN_10c5fac0	14
10c5fae0	FUN_10c5fae0	14
10c5fb00	FUN_10c5fb00	14
10c5fb20	FUN_10c5fb20	14
10c5fc60	FUN_10c5fc60	3
10c5fc90	FUN_10c5fc90	6
10c5fca0	FUN_10c5fca0	6
10c5fcb0	FUN_10c5fcb0	6
10c5fcc0	FUN_10c5fcc0	6
10c5fcd0	FUN_10c5fcd0	6
10c5fce0	FUN_10c5fce0	6
10c5fcf0	FUN_10c5fcf0	6
10c5fd00	FUN_10c5fd00	6
10c5fea0	FUN_10c5fea0	3
10c5feb0	FUN_10c5feb0	3
10c5fec0	FUN_10c5fec0	3
10c5fed0	FUN_10c5fed0	3
10c5fee0	FUN_10c5fee0	3
10c5fef0	FUN_10c5fef0	3
10c5ff00	FUN_10c5ff00	3
10c5ff10	FUN_10c5ff10	3
10c601b0	FUN_10c601b0	79
10c60220	FUN_10c60220	30
10c60250	FUN_10c60250	31
10c60280	FUN_10c60280	3
10c60290	FUN_10c60290	11
10c602a0	FUN_10c602a0	83
10c60310	FUN_10c60310	13
10c60320	FUN_10c60320	10
10c603b0	FUN_10c603b0	20
10c603d0	FUN_10c603d0	20
10c61310	FUN_10c61310	28
10c614d0	FUN_10c614d0	8
10c61670	FUN_10c61670	11
10c61680	FUN_10c61680	11
10c620f0	FUN_10c620f0	4
10c62320	FUN_10c62320	4
10c62fa0	FUN_10c62fa0	8
10c62fb0	FUN_10c62fb0	8
10c62fc0	FUN_10c62fc0	6
10c62fd0	FUN_10c62fd0	6
10c62fe0	FUN_10c62fe0	5
10c62ff0	FUN_10c62ff0	8
10c647d0	FUN_10c647d0	4
10c647e0	FUN_10c647e0	6
10c64ef0	FUN_10c64ef0	48
10c64f30	FUN_10c64f30	5
10c676e0	FUN_10c676e0	22
10c67aa0	FUN_10c67aa0	7
10c68f80	FUN_10c68f80	3
10c69f10	FUN_10c69f10	46
10c6a150	FUN_10c6a150	21
10c6a170	FUN_10c6a170	21
10c6d1f0	FUN_10c6d1f0	6
10c6d230	FUN_10c6d230	9
10c6db30	FUN_10c6db30	6
10c6dd80	FUN_10c6dd80	7
10c6dd90	FUN_10c6dd90	7
10c6f730	FUN_10c6f730	17
10c6f750	FUN_10c6f750	15
10c6f770	FUN_10c6f770	15
10c6f930	FUN_10c6f930	7
10c70460	FUN_10c70460	25
10c70480	FUN_10c70480	25
10c704a0	FUN_10c704a0	25
10c704c0	FUN_10c704c0	13
10c704d0	FUN_10c704d0	25
10c705b0	FUN_10c705b0	19
10c705d0	FUN_10c705d0	11
10c705e0	FUN_10c705e0	13
10c705f0	FUN_10c705f0	47
10c70630	FUN_10c70630	16
10c706c0	FUN_10c706c0	25
10c706e0	FUN_10c706e0	25
10c70700	FUN_10c70700	83
10c70990	FUN_10c70990	3
10c709a0	FUN_10c709a0	3
10c71350	FUN_10c71350	3
10c71360	FUN_10c71360	3
10c71370	FUN_10c71370	3
10c71380	FUN_10c71380	3
10c71390	FUN_10c71390	21
10c713b0	FUN_10c713b0	15
10c713d0	FUN_10c713d0	25
10c713f0	FUN_10c713f0	26
10c71410	FUN_10c71410	26
10c71430	FUN_10c71430	28
10c714e0	FUN_10c714e0	33
10c71560	FUN_10c71560	33
10c71590	FUN_10c71590	3
10c715a0	FUN_10c715a0	7
10c715b0	FUN_10c715b0	7
10c715c0	FUN_10c715c0	7
10c715d0	FUN_10c715d0	7
10c715e0	FUN_10c715e0	7
10c715f0	FUN_10c715f0	7
10c71600	FUN_10c71600	7
10c71610	FUN_10c71610	7
10c71620	FUN_10c71620	7
10c71630	FUN_10c71630	13
10c72120	FUN_10c72120	23
10c72140	FUN_10c72140	11
10c72150	FUN_10c72150	3
10c72160	FUN_10c72160	3
10c72170	FUN_10c72170	14
10c72370	FUN_10c72370	5
10c72380	FUN_10c72380	5
10c72f60	FUN_10c72f60	13
10c72f70	FUN_10c72f70	13
10c72f80	FUN_10c72f80	19
10c73070	FUN_10c73070	5
10c73080	FUN_10c73080	5
10c73090	FUN_10c73090	5
10c730a0	FUN_10c730a0	5
10c73300	FUN_10c73300	5
10c73310	FUN_10c73310	5
10c73320	FUN_10c73320	5
10c73330	FUN_10c73330	5
10c73340	FUN_10c73340	5
10c73350	FUN_10c73350	5
10c73360	FUN_10c73360	5
10c73370	FUN_10c73370	5
10c73380	FUN_10c73380	5
10c735c0	FUN_10c735c0	18
10c735e0	FUN_10c735e0	19
10c73600	FUN_10c73600	19
10c73620	FUN_10c73620	12
10c73630	FUN_10c73630	22
10c73650	FUN_10c73650	23
10c73670	FUN_10c73670	9
10c73680	FUN_10c73680	12
10c73690	FUN_10c73690	12
10c736a0	FUN_10c736a0	9
10c736b0	FUN_10c736b0	9
10c737f0	FUN_10c737f0	15
10c738a0	FUN_10c738a0	5
10c738b0	FUN_10c738b0	5
10c738c0	FUN_10c738c0	5
10c738d0	FUN_10c738d0	5
10c738e0	FUN_10c738e0	5
10c738f0	FUN_10c738f0	5
10c73900	FUN_10c73900	5
10c73910	FUN_10c73910	5
10c73920	FUN_10c73920	5
10c73930	FUN_10c73930	6
10c73940	FUN_10c73940	6
10c73ad0	FUN_10c73ad0	5
10c73ae0	FUN_10c73ae0	5
10c73af0	FUN_10c73af0	5
10c73b50	FUN_10c73b50	19
10c74570	FUN_10c74570	16
10c74590	FUN_10c74590	9
10c74660	FUN_10c74660	37
10c74690	FUN_10c74690	23
10c74760	FUN_10c74760	11
10c74770	FUN_10c74770	11
10c74780	FUN_10c74780	11
10c74cf0	FUN_10c74cf0	37
10c74d20	FUN_10c74d20	9
10c74e30	FUN_10c74e30	58
10c74e80	FUN_10c74e80	21
10c74ea0	FUN_10c74ea0	21
10c74ec0	FUN_10c74ec0	21
10c74f80	FUN_10c74f80	23
10c74fa0	FUN_10c74fa0	23
10c74fc0	FUN_10c74fc0	23
10c74fe0	FUN_10c74fe0	23
10c75000	FUN_10c75000	3
10c75010	FUN_10c75010	3
10c75020	FUN_10c75020	3
10c752a0	FUN_10c752a0	93
10c753b0	FUN_10c753b0	20
10c754d0	FUN_10c754d0	23
10c754f0	FUN_10c754f0	23
10c75510	FUN_10c75510	23
10c759a0	FUN_10c759a0	13
10c759b0	FUN_10c759b0	16
10c76040	FUN_10c76040	25
10c76140	FUN_10c76140	3
10c76150	FUN_10c76150	3
10c76160	FUN_10c76160	3
10c766e0	FUN_10c766e0	29
10c76cd0	FUN_10c76cd0	12
10c76ce0	FUN_10c76ce0	12
10c76cf0	FUN_10c76cf0	15
10c76d10	FUN_10c76d10	15
10c76d30	FUN_10c76d30	7
10c76db0	FUN_10c76db0	3
10c76dc0	FUN_10c76dc0	14
10c76de0	FUN_10c76de0	5
10c76df0	FUN_10c76df0	11
10c76e00	FUN_10c76e00	9
10c76e10	FUN_10c76e10	9
10c76e20	FUN_10c76e20	9
10c76e80	FUN_10c76e80	38
10c76eb0	FUN_10c76eb0	14
10c76f50	FUN_10c76f50	23
10c76f70	FUN_10c76f70	7
10c76f80	FUN_10c76f80	9
10c76f90	FUN_10c76f90	9
10c76fa0	FUN_10c76fa0	9
10c76fb0	FUN_10c76fb0	11
10c76fc0	FUN_10c76fc0	11
10c76fd0	FUN_10c76fd0	11
10c76fe0	FUN_10c76fe0	11
10c77720	FUN_10c77720	8
10c77b00	FUN_10c77b00	27
10c77b30	FUN_10c77b30	8
10c77c20	FUN_10c77c20	8
10c78510	FUN_10c78510	8
10c78a00	FUN_10c78a00	13
10c78a10	FUN_10c78a10	16
10c78e00	FUN_10c78e00	8
10c79110	FUN_10c79110	30
10c79170	FUN_10c79170	49
10c791b0	FUN_10c791b0	49
10c791f0	FUN_10c791f0	62
10c79fe0	FUN_10c79fe0	12
10c7a300	FUN_10c7a300	3
10c7a310	FUN_10c7a310	3
10c7a320	FUN_10c7a320	3
10c7a330	FUN_10c7a330	3
10c7a340	FUN_10c7a340	46
10c7bb40	FUN_10c7bb40	39
10c7bc40	FUN_10c7bc40	7
10c7bc50	FUN_10c7bc50	22
10c7bd30	FUN_10c7bd30	14
10c7bda0	FUN_10c7bda0	26
10c7bdd0	FUN_10c7bdd0	3
10c7bde0	FUN_10c7bde0	4
10c7bdf0	FUN_10c7bdf0	3
10c7be00	FUN_10c7be00	3
10c7be10	FUN_10c7be10	3
10c7be20	FUN_10c7be20	3
10c7be30	FUN_10c7be30	3
10c7be40	FUN_10c7be40	3
10c7be50	FUN_10c7be50	3
10c7be60	FUN_10c7be60	3
10c7be70	FUN_10c7be70	3
10c7be80	FUN_10c7be80	4
10c7be90	FUN_10c7be90	4
10c7bea0	FUN_10c7bea0	4
10c7beb0	FUN_10c7beb0	3
10c7bec0	FUN_10c7bec0	3
10c7bed0	FUN_10c7bed0	3
10c7bee0	FUN_10c7bee0	3
10c7bef0	FUN_10c7bef0	3
10c7bf00	FUN_10c7bf00	3
10c7bf10	FUN_10c7bf10	3
10c7bf20	FUN_10c7bf20	3
10c7c080	FUN_10c7c080	3
10c7c090	FUN_10c7c090	4
10c7c0a0	FUN_10c7c0a0	4
10c7c0b0	FUN_10c7c0b0	31
10c7c2b0	FUN_10c7c2b0	27
10c7c500	FUN_10c7c500	50
10c7c540	FUN_10c7c540	5
10c7c550	FUN_10c7c550	8
10c7ccd0	FUN_10c7ccd0	8
10c7cde0	FUN_10c7cde0	4
10c7cdf0	FUN_10c7cdf0	16
10c7ce10	FUN_10c7ce10	3
10c7ce20	FUN_10c7ce20	3
10c7ce30	FUN_10c7ce30	3
10c7ce40	FUN_10c7ce40	4
10c7cf80	FUN_10c7cf80	6
10c7cf90	FUN_10c7cf90	6
10c7cfa0	FUN_10c7cfa0	6
10c7d090	FUN_10c7d090	10
10c7d0a0	FUN_10c7d0a0	7
10c7d0b0	FUN_10c7d0b0	4
10c7d0c0	FUN_10c7d0c0	4
10c7d3a0	FUN_10c7d3a0	4
10c7d930	FUN_10c7d930	44
10c7d9a0	FUN_10c7d9a0	46
10c7d9e0	FUN_10c7d9e0	44
10c7da50	FUN_10c7da50	46
10c7da90	FUN_10c7da90	3
10c7dfe0	FUN_10c7dfe0	9
10c7dff0	FUN_10c7dff0	9
10c7e000	FUN_10c7e000	22
10c7e020	FUN_10c7e020	3
10c7e310	FUN_10c7e310	24
10c7e530	FUN_10c7e530	13
10c7e550	FUN_10c7e550	3
10c7e940	FUN_10c7e940	6
10c7e950	FUN_10c7e950	6
10c7e9a0	FUN_10c7e9a0	7
10c7ea20	FUN_10c7ea20	17
10c7ea40	FUN_10c7ea40	14
10c7ea60	FUN_10c7ea60	3
10c7ea70	FUN_10c7ea70	3
10c7ea80	FUN_10c7ea80	6
10c7ea90	FUN_10c7ea90	6
10c7eaa0	FUN_10c7eaa0	6
10c7eab0	FUN_10c7eab0	6
10c7eac0	FUN_10c7eac0	6
10c7ead0	FUN_10c7ead0	6
10c7eae0	FUN_10c7eae0	6
10c7fb10	FUN_10c7fb10	3
10c7fc70	FUN_10c7fc70	28
10c7fca0	FUN_10c7fca0	20
10c7fcc0	FUN_10c7fcc0	9
10c7ffa0	FUN_10c7ffa0	5
10c7ffb0	FUN_10c7ffb0	5
10c7ffc0	FUN_10c7ffc0	23
10c7ffe0	FUN_10c7ffe0	6
10c7fff0	FUN_10c7fff0	22
10c80130	FUN_10c80130	24
10c81610	FUN_10c81610	4
10c83c20	FUN_10c83c20	13
10c83cd0	FUN_10c83cd0	6
10c83ec0	FUN_10c83ec0	13
10c83ed0	FUN_10c83ed0	44
10c83f40	FUN_10c83f40	44
10c84630	FUN_10c84630	53
10c84680	FUN_10c84680	60
10c846d0	FUN_10c846d0	22
10c846f0	FUN_10c846f0	22
10c84710	FUN_10c84710	22
10c84730	FUN_10c84730	22
10c848c0	FUN_10c848c0	18
10c848e0	FUN_10c848e0	25
10c84900	FUN_10c84900	25
10c84920	FUN_10c84920	18
10c84940	FUN_10c84940	25
10c84960	FUN_10c84960	25
10c84980	FUN_10c84980	22
10c849a0	FUN_10c849a0	22
10c849c0	FUN_10c849c0	5
10c849d0	FUN_10c849d0	5
10c849e0	FUN_10c849e0	5
10c849f0	FUN_10c849f0	5
10c84a00	FUN_10c84a00	55
10c84a50	FUN_10c84a50	62
10c84c70	FUN_10c84c70	3
10c84c80	FUN_10c84c80	3
10c84c90	FUN_10c84c90	3
10c84ca0	FUN_10c84ca0	13
10c84cb0	FUN_10c84cb0	13
10c84cc0	FUN_10c84cc0	13
10c84cd0	FUN_10c84cd0	13
10c84ce0	FUN_10c84ce0	13
10c84cf0	FUN_10c84cf0	13
10c84d00	FUN_10c84d00	3
10c84d10	FUN_10c84d10	3
10c84d20	FUN_10c84d20	3
10c84d30	FUN_10c84d30	3
10c84d40	FUN_10c84d40	18
10c84d60	FUN_10c84d60	18
10c854d0	FUN_10c854d0	15
10c854f0	FUN_10c854f0	15
10c85660	FUN_10c85660	5
10c85670	FUN_10c85670	7
10c85680	FUN_10c85680	7
10c85690	FUN_10c85690	7
10c856a0	FUN_10c856a0	152
10c85a40	FUN_10c85a40	5
10c85a50	FUN_10c85a50	5
10c85e30	FUN_10c85e30	8
10c86a60	FUN_10c86a60	5
10c86c30	FUN_10c86c30	92
10c86dc0	FUN_10c86dc0	8
10c87820	FUN_10c87820	5
10c87830	FUN_10c87830	5
10c87840	FUN_10c87840	5
10c87850	FUN_10c87850	5
10c87860	FUN_10c87860	5
10c87870	FUN_10c87870	5
10c87880	FUN_10c87880	5
10c87890	FUN_10c87890	5
10c878a0	FUN_10c878a0	5
10c878b0	FUN_10c878b0	5
10c878c0	FUN_10c878c0	5
10c878d0	FUN_10c878d0	5
10c878e0	FUN_10c878e0	5
10c878f0	FUN_10c878f0	5
10c87900	FUN_10c87900	50
10c87940	FUN_10c87940	57
10c87b00	FUN_10c87b00	86
10c87e80	FUN_10c87e80	15
10c87ea0	FUN_10c87ea0	15
10c880c0	FUN_10c880c0	5
10c880d0	FUN_10c880d0	5
10c880e0	FUN_10c880e0	5
10c880f0	FUN_10c880f0	5
10c88100	FUN_10c88100	5
10c88110	FUN_10c88110	5
10c88120	FUN_10c88120	5
10c88130	FUN_10c88130	5
10c88140	FUN_10c88140	5
10c88150	FUN_10c88150	5
10c88160	FUN_10c88160	5
10c88170	FUN_10c88170	5
10c88290	FUN_10c88290	31
10c88610	FUN_10c88610	14
10c88630	FUN_10c88630	16
10c88690	FUN_10c88690	18
10c886b0	FUN_10c886b0	18
10c88890	FUN_10c88890	11
10c888a0	FUN_10c888a0	11
10c888b0	FUN_10c888b0	11
10c888c0	FUN_10c888c0	11
10c888d0	FUN_10c888d0	11
10c888e0	FUN_10c888e0	11
10c888f0	FUN_10c888f0	11
10c88900	FUN_10c88900	11
10c88910	FUN_10c88910	16
10c88930	FUN_10c88930	16
10c88950	FUN_10c88950	23
10c88970	FUN_10c88970	23
10c88990	FUN_10c88990	14
10c889b0	FUN_10c889b0	14
10c889d0	FUN_10c889d0	23
10c889f0	FUN_10c889f0	23
10c88a10	FUN_10c88a10	3
10c88a20	FUN_10c88a20	3
10c89140	FUN_10c89140	42
10c89180	FUN_10c89180	11
10c89190	FUN_10c89190	11
10c891a0	FUN_10c891a0	49
10c89630	FUN_10c89630	3
10c89640	FUN_10c89640	3
10c89b10	FUN_10c89b10	72
10c89b70	FUN_10c89b70	72
10c89c70	FUN_10c89c70	65
10c89e80	FUN_10c89e80	14
10c89ea0	FUN_10c89ea0	14
10c89ec0	FUN_10c89ec0	14
10c89ee0	FUN_10c89ee0	14
10c89f00	FUN_10c89f00	14
10c89f20	FUN_10c89f20	14
10c89f40	FUN_10c89f40	14
10c89f60	FUN_10c89f60	14
10c89f80	FUN_10c89f80	14
10c89fa0	FUN_10c89fa0	14
10c8a020	FUN_10c8a020	7
10c8a030	FUN_10c8a030	7
10c8a040	FUN_10c8a040	3
10c8a050	FUN_10c8a050	3
10c8a060	FUN_10c8a060	6
10c8a070	FUN_10c8a070	6
10c8a080	FUN_10c8a080	6
10c8a090	FUN_10c8a090	6
10c8a0a0	FUN_10c8a0a0	6
10c8a0b0	FUN_10c8a0b0	6
10c8a0c0	FUN_10c8a0c0	6
10c8a0d0	FUN_10c8a0d0	6
10c8a0e0	FUN_10c8a0e0	6
10c8a0f0	FUN_10c8a0f0	6
10c8a100	FUN_10c8a100	9
10c8a110	FUN_10c8a110	9
10c8a140	FUN_10c8a140	9
10c8a170	FUN_10c8a170	9
10c8a180	FUN_10c8a180	9
10c8a190	FUN_10c8a190	9
10c8a1a0	FUN_10c8a1a0	9
10c8a1b0	FUN_10c8a1b0	9
10c8a1f0	FUN_10c8a1f0	10
10c8a200	FUN_10c8a200	10
10c8a9f0	FUN_10c8a9f0	54
10c8aa40	FUN_10c8aa40	54
10c8b310	FUN_10c8b310	3
10c8b320	FUN_10c8b320	3
10c8b330	FUN_10c8b330	3
10c8b340	FUN_10c8b340	3
10c8b350	FUN_10c8b350	3
10c8b360	FUN_10c8b360	3
10c8b370	FUN_10c8b370	3
10c8b380	FUN_10c8b380	3
10c8b390	FUN_10c8b390	3
10c8b3a0	FUN_10c8b3a0	3
10c8b3b0	FUN_10c8b3b0	3
10c8b3c0	FUN_10c8b3c0	3
10c8b4d0	FUN_10c8b4d0	13
10c8b4e0	FUN_10c8b4e0	13
10c8b4f0	FUN_10c8b4f0	30
10c8b520	FUN_10c8b520	4
10c8b530	FUN_10c8b530	4
10c8b540	FUN_10c8b540	4
10c8b550	FUN_10c8b550	4
10c8b640	FUN_10c8b640	3
10c8b650	FUN_10c8b650	3
10c8b660	FUN_10c8b660	3
10c8b670	FUN_10c8b670	3
10c8b7e0	FUN_10c8b7e0	11
10c8b7f0	FUN_10c8b7f0	11
10c8b800	FUN_10c8b800	6
10c8b810	FUN_10c8b810	6
10c8b940	FUN_10c8b940	14
10c8b960	FUN_10c8b960	14
10c8b980	FUN_10c8b980	13
10c8b990	FUN_10c8b990	13
10c8b9a0	FUN_10c8b9a0	12
10c8b9b0	FUN_10c8b9b0	12
10c8b9c0	FUN_10c8b9c0	11
10c8b9d0	FUN_10c8b9d0	11
10c8be00	FUN_10c8be00	43
10c8be40	FUN_10c8be40	43
10c8c090	FUN_10c8c090	14
10c8c0b0	FUN_10c8c0b0	14
10c8c0d0	FUN_10c8c0d0	13
10c8c0e0	FUN_10c8c0e0	13
10c8c1b0	FUN_10c8c1b0	4
10c8c1c0	FUN_10c8c1c0	4
10c8c8f0	FUN_10c8c8f0	68
10c8c950	FUN_10c8c950	68
10c8d1c0	FUN_10c8d1c0	12
10c8d1d0	FUN_10c8d1d0	12
10c8d1e0	FUN_10c8d1e0	11
10c8d1f0	FUN_10c8d1f0	11
10c8d200	FUN_10c8d200	11
10c8e010	FUN_10c8e010	4
10c91330	FUN_10c91330	32
10c91360	FUN_10c91360	38
10c91bb0	FUN_10c91bb0	6
10c91bc0	FUN_10c91bc0	6
10c91bd0	FUN_10c91bd0	6
10c91be0	FUN_10c91be0	6
10c91bf0	FUN_10c91bf0	6
10c91c00	FUN_10c91c00	6
10c91c10	FUN_10c91c10	6
10c91c20	FUN_10c91c20	6
10c92d50	FUN_10c92d50	5
10c92d60	FUN_10c92d60	5
10c92e10	FUN_10c92e10	28
10c931f0	FUN_10c931f0	9
10c93200	FUN_10c93200	9
10c93600	FUN_10c93600	26
10c93620	FUN_10c93620	78
10c93690	FUN_10c93690	25
10c936b0	FUN_10c936b0	25
10c936d0	FUN_10c936d0	31
10c980f0	FUN_10c980f0	4
10c9a700	FUN_10c9a700	20
10c9da20	FUN_10c9da20	25
10c9da40	FUN_10c9da40	22
10c9da60	FUN_10c9da60	33
10c9db10	FUN_10c9db10	78
10c9db80	FUN_10c9db80	3
10c9e050	FUN_10c9e050	7
10c9e060	FUN_10c9e060	7
10c9e070	FUN_10c9e070	169
10c9e8d0	FUN_10c9e8d0	8
10c9f380	FUN_10c9f380	5
10c9f390	FUN_10c9f390	3
10c9f6a0	FUN_10c9f6a0	60
10c9f810	FUN_10c9f810	8
10c9fe40	FUN_10c9fe40	5
10c9ffd0	FUN_10c9ffd0	5
10c9ffe0	FUN_10c9ffe0	5
10ca01f0	FUN_10ca01f0	15
10ca0210	FUN_10ca0210	5
10ca0220	FUN_10ca0220	5
10ca0230	FUN_10ca0230	5
10ca0240	FUN_10ca0240	5
10ca0250	FUN_10ca0250	5
10ca0330	FUN_10ca0330	5
10ca0340	FUN_10ca0340	5
10ca0350	FUN_10ca0350	46
10ca0600	FUN_10ca0600	21
10ca0620	FUN_10ca0620	11
10ca0630	FUN_10ca0630	11
10ca0640	FUN_10ca0640	25
10ca0660	FUN_10ca0660	23
10ca0680	FUN_10ca0680	3
10ca0690	FUN_10ca0690	49
10ca06d0	FUN_10ca06d0	23
10ca2320	FUN_10ca2320	60
10ca23e0	FUN_10ca23e0	15
10ca2400	FUN_10ca2400	4
10ca2410	FUN_10ca2410	3
10ca3160	FUN_10ca3160	63
10ca3280	FUN_10ca3280	3
10ca3290	FUN_10ca3290	3
10ca32a0	FUN_10ca32a0	3
10ca32b0	FUN_10ca32b0	3
10ca3310	FUN_10ca3310	3
10ca3320	FUN_10ca3320	6
10ca3330	FUN_10ca3330	43
10ca3620	FUN_10ca3620	3
10ca3e80	FUN_10ca3e80	11
10ca43a0	FUN_10ca43a0	23
10ca7760	FUN_10ca7760	16
10ca7780	FUN_10ca7780	9
10ca7a70	FUN_10ca7a70	12
10cb0f80	FUN_10cb0f80	7
10cb1a80	FUN_10cb1a80	11
10cb1aa0	FUN_10cb1aa0	7
10cb1c60	FUN_10cb1c60	11
10cb22a0	FUN_10cb22a0	6
10cb22b0	FUN_10cb22b0	6
10cb22d0	FUN_10cb22d0	7
10cb3940	FUN_10cb3940	28
10cb4fd0	FUN_10cb4fd0	7
10cb6c80	FUN_10cb6c80	24
10cb7400	FUN_10cb7400	11
10cb7670	FUN_10cb7670	23
10cb76c0	FUN_10cb76c0	7
10cb7940	FUN_10cb7940	7
10cb7950	FUN_10cb7950	4
10cb7960	FUN_10cb7960	7
10cb7970	FUN_10cb7970	31
10cb79a0	FUN_10cb79a0	7
10cb79b0	FUN_10cb79b0	7
10cb79d0	FUN_10cb79d0	26
10cb79f0	FUN_10cb79f0	26
10cb7a10	FUN_10cb7a10	26
10cb7a30	FUN_10cb7a30	26
10cb7a50	FUN_10cb7a50	26
10cb7b70	FUN_10cb7b70	16
10cb7dc0	FUN_10cb7dc0	3
10cb7dd0	FUN_10cb7dd0	3
10cb7de0	FUN_10cb7de0	3
10cb7df0	FUN_10cb7df0	3
10cb88a0	FUN_10cb88a0	3
10cb88b0	FUN_10cb88b0	3
10cb88c0	FUN_10cb88c0	3
10cb88d0	FUN_10cb88d0	3
10cb88e0	FUN_10cb88e0	28
10cb8910	FUN_10cb8910	28
10cb8940	FUN_10cb8940	28
10cb8970	FUN_10cb8970	28
10cb89a0	FUN_10cb89a0	22
10cb8ac0	FUN_10cb8ac0	22
10cb8b20	FUN_10cb8b20	13
10cb8bf0	FUN_10cb8bf0	5
10cb8d70	FUN_10cb8d70	5
10cb8e80	FUN_10cb8e80	15
10cb8ea0	FUN_10cb8ea0	5
10cb8eb0	FUN_10cb8eb0	5
10cb8ec0	FUN_10cb8ec0	6
10cb8f30	FUN_10cb8f30	16
10cb8f50	FUN_10cb8f50	18
10cb8f70	FUN_10cb8f70	11
10cb8f80	FUN_10cb8f80	11
10cb9010	FUN_10cb9010	11
10cb9020	FUN_10cb9020	11
10cb9540	FUN_10cb9540	14
10cb9560	FUN_10cb9560	14
10cb9690	FUN_10cb9690	6
10cb96a0	FUN_10cb96a0	6
10cb96b0	FUN_10cb96b0	6
10cb9cb0	FUN_10cb9cb0	3
10cb9cc0	FUN_10cb9cc0	3
10cb9cd0	FUN_10cb9cd0	3
10cb9ce0	FUN_10cb9ce0	3
10cb9cf0	FUN_10cb9cf0	3
10cba000	FUN_10cba000	30
10cba060	FUN_10cba060	3
10cba070	FUN_10cba070	11
10cba0f0	FUN_10cba0f0	11
10cba230	FUN_10cba230	11
10cba2b0	FUN_10cba2b0	4
10cba9d0	FUN_10cba9d0	39
10cbb120	FUN_10cbb120	4
10cbc1a0	FUN_10cbc1a0	67
10cbc200	FUN_10cbc200	6
10cbc580	FUN_10cbc580	6
10cbc590	FUN_10cbc590	6
10cbc5a0	FUN_10cbc5a0	5
10cbcad0	FUN_10cbcad0	3
10cbe3f0	FUN_10cbe3f0	16
10cbe7c0	FUN_10cbe7c0	3
10cc07a0	FUN_10cc07a0	25
10cc07f0	FUN_10cc07f0	3
10cc0800	FUN_10cc0800	18
10cc09d0	FUN_10cc09d0	7
10cc09e0	FUN_10cc09e0	5
10cc0a20	FUN_10cc0a20	13
10cc0a30	FUN_10cc0a30	36
10cc0a60	FUN_10cc0a60	5
10cc0a70	FUN_10cc0a70	6
10cc0d10	FUN_10cc0d10	16
10cc0d30	FUN_10cc0d30	23
10cc0d50	FUN_10cc0d50	3
10cc0d60	FUN_10cc0d60	23
10cc1250	FUN_10cc1250	11
10cc1900	FUN_10cc1900	12
10cc1910	FUN_10cc1910	4
10cc1920	FUN_10cc1920	7
10cc1930	FUN_10cc1930	4
10cc1940	FUN_10cc1940	3
10cc1950	FUN_10cc1950	3
10cc1c20	FUN_10cc1c20	49
10cc1cd0	FUN_10cc1cd0	3
10cc1ce0	FUN_10cc1ce0	3
10cc1cf0	FUN_10cc1cf0	3
10cc1d00	FUN_10cc1d00	3
10cc1d10	FUN_10cc1d10	3
10cc1d20	FUN_10cc1d20	3
10cc2010	FUN_10cc2010	9
10cc2020	FUN_10cc2020	6
10cc2090	FUN_10cc2090	4
10cc20a0	FUN_10cc20a0	4
10cc2250	FUN_10cc2250	7
10cc2460	FUN_10cc2460	7
10cc2470	FUN_10cc2470	7
10cc2480	FUN_10cc2480	4
10cc2490	FUN_10cc2490	7
10cc24a0	FUN_10cc24a0	7
10cc24b0	FUN_10cc24b0	7
10cc2880	FUN_10cc2880	5
10cc2890	FUN_10cc2890	7
10cc28a0	FUN_10cc28a0	4
10cc28b0	FUN_10cc28b0	7
10cc2a60	FUN_10cc2a60	4
10cc2a90	FUN_10cc2a90	4
10cc2aa0	FUN_10cc2aa0	4
10cc3290	FUN_10cc3290	6
10cc3350	FUN_10cc3350	6
10cc3360	FUN_10cc3360	6
10cc34a0	FUN_10cc34a0	36
10cc35f0	FUN_10cc35f0	28
10cc3620	FUN_10cc3620	28
10cc39d0	FUN_10cc39d0	12
10cc39e0	FUN_10cc39e0	10
10cc3a60	FUN_10cc3a60	10
10cc3a70	FUN_10cc3a70	9
10cc54b0	FUN_10cc54b0	25
10cc54d0	FUN_10cc54d0	25
10cc54f0	FUN_10cc54f0	91
10cc55d0	FUN_10cc55d0	3
10cc55e0	FUN_10cc55e0	3
10cc55f0	FUN_10cc55f0	18
10cc5610	FUN_10cc5610	18
10cc5990	FUN_10cc5990	7
10cc59a0	FUN_10cc59a0	7
10cc5a10	FUN_10cc5a10	5
10cc5a20	FUN_10cc5a20	5
10cc5a90	FUN_10cc5a90	5
10cc5aa0	FUN_10cc5aa0	5
10cc5ab0	FUN_10cc5ab0	13
10cc5ac0	FUN_10cc5ac0	13
10cc5ad0	FUN_10cc5ad0	3
10cc5ae0	FUN_10cc5ae0	3
10cc5af0	FUN_10cc5af0	36
10cc5b20	FUN_10cc5b20	36
10cc5b50	FUN_10cc5b50	5
10cc5b60	FUN_10cc5b60	5
10cc5b70	FUN_10cc5b70	5
10cc5b80	FUN_10cc5b80	5
10cc6d60	FUN_10cc6d60	11
10cc6d70	FUN_10cc6d70	11
10cc6d80	FUN_10cc6d80	11
10cc6d90	FUN_10cc6d90	11
10cc6da0	FUN_10cc6da0	23
10cc6dc0	FUN_10cc6dc0	23
10cc6de0	FUN_10cc6de0	3
10cc6df0	FUN_10cc6df0	3
10cc6e00	FUN_10cc6e00	23
10cc6e20	FUN_10cc6e20	23
10ccc6f0	FUN_10ccc6f0	14
10ccc710	FUN_10ccc710	14
10ccc730	FUN_10ccc730	14
10ccc750	FUN_10ccc750	14
10ccc770	FUN_10ccc770	4
10ccc780	FUN_10ccc780	4
10ccc790	FUN_10ccc790	4
10ccc7a0	FUN_10ccc7a0	4
10ccc7b0	FUN_10ccc7b0	4
10ccc7c0	FUN_10ccc7c0	4
10ccc7d0	FUN_10ccc7d0	4
10ccc7e0	FUN_10ccc7e0	4
10ccc7f0	FUN_10ccc7f0	4
10ccc800	FUN_10ccc800	3
10ccc810	FUN_10ccc810	3
10ccc820	FUN_10ccc820	3
10ccc830	FUN_10ccc830	3
10ccc840	FUN_10ccc840	6
10ccc850	FUN_10ccc850	6
10ccc860	FUN_10ccc860	6
10ccc870	FUN_10ccc870	6
10ccda60	FUN_10ccda60	49
10ccdaa0	FUN_10ccdaa0	49
10ccdbc0	FUN_10ccdbc0	3
10ccdbd0	FUN_10ccdbd0	3
10ccdbe0	FUN_10ccdbe0	3
10ccdbf0	FUN_10ccdbf0	3
10ccdc00	FUN_10ccdc00	3
10ccdc10	FUN_10ccdc10	3
10ccdc20	FUN_10ccdc20	3
10ccdc30	FUN_10ccdc30	3
10ccdc40	FUN_10ccdc40	3
10ccdc50	FUN_10ccdc50	3
10ccdc60	FUN_10ccdc60	3
10ccdc70	FUN_10ccdc70	3
10ccdc80	FUN_10ccdc80	3
10ccdc90	FUN_10ccdc90	3
10ccf000	FUN_10ccf000	11
10ccf010	FUN_10ccf010	11
10ccf400	FUN_10ccf400	9
10ccf410	FUN_10ccf410	9
10ccf420	FUN_10ccf420	6
10ccf430	FUN_10ccf430	6
10cd3250	FUN_10cd3250	12
10cd3260	FUN_10cd3260	12
10cd3710	FUN_10cd3710	4
10cd3750	FUN_10cd3750	28
10cd3780	FUN_10cd3780	28
10cd3ab0	FUN_10cd3ab0	7
10cd3ac0	FUN_10cd3ac0	7
10cd3b70	FUN_10cd3b70	28
10cd3ba0	FUN_10cd3ba0	4
10cd3bb0	FUN_10cd3bb0	28
10cd3be0	FUN_10cd3be0	7
10cd3bf0	FUN_10cd3bf0	7
10cd3c00	FUN_10cd3c00	7
10cd3c10	FUN_10cd3c10	7
10cd3c20	FUN_10cd3c20	4
10cd3c80	FUN_10cd3c80	4
10cd3f70	FUN_10cd3f70	54
10cd3fc0	FUN_10cd3fc0	54
10cd7b30	FUN_10cd7b30	6
10cd7b40	FUN_10cd7b40	6
10cd7b50	FUN_10cd7b50	6
10cd7b60	FUN_10cd7b60	6
10cd8790	FUN_10cd8790	36
10cd87c0	FUN_10cd87c0	36
10cd9330	FUN_10cd9330	123
10cd9920	FUN_10cd9920	9
10cdac90	FUN_10cdac90	5
10cdaca0	FUN_10cdaca0	6
10cdacb0	FUN_10cdacb0	6
10cdacc0	FUN_10cdacc0	6
10cdb290	FUN_10cdb290	10
10cdb2a0	FUN_10cdb2a0	12
10cdc410	FUN_10cdc410	8
10cdc420	FUN_10cdc420	4
10cdc430	FUN_10cdc430	4
10cdcbe0	FUN_10cdcbe0	8
10cdcbf0	FUN_10cdcbf0	4
10cdcc00	FUN_10cdcc00	7
10cdcc10	FUN_10cdcc10	26
10cdcc30	FUN_10cdcc30	10
10cdda80	FUN_10cdda80	16
10cddaa0	FUN_10cddaa0	7
10cddbd0	FUN_10cddbd0	4
10cddd50	FUN_10cddd50	6
10cddd60	FUN_10cddd60	6
10cddd70	FUN_10cddd70	6
10cdeea0	FUN_10cdeea0	28
10cdeed0	FUN_10cdeed0	28
10cdef00	FUN_10cdef00	28
10cdf020	FUN_10cdf020	24
10cdf670	FUN_10cdf670	16
10cdfcb0	FUN_10cdfcb0	3
10cdfd70	FUN_10cdfd70	8
10cdfd80	FUN_10cdfd80	16
10ce0050	FUN_10ce0050	7
10ce0080	FUN_10ce0080	31
10ce00b0	FUN_10ce00b0	49
10ce0330	FUN_10ce0330	41
10ce0a10	FUN_10ce0a10	3
10ce0aa0	FUN_10ce0aa0	28
10ce0b20	FUN_10ce0b20	6
10ce0b30	FUN_10ce0b30	6
10ce1a70	FUN_10ce1a70	6
10ce1a80	FUN_10ce1a80	6
10ce2120	FUN_10ce2120	28
10ce2150	FUN_10ce2150	28
10ce2210	FUN_10ce2210	6
10ce25f0	FUN_10ce25f0	4
10ce2920	FUN_10ce2920	4
10ce2970	FUN_10ce2970	6
10ce2bc0	FUN_10ce2bc0	28
10ce2c10	FUN_10ce2c10	25
10ce3020	FUN_10ce3020	7
10ce3030	FUN_10ce3030	5
10ce32d0	FUN_10ce32d0	5
10ce32e0	FUN_10ce32e0	5
10ce32f0	FUN_10ce32f0	5
10ce3300	FUN_10ce3300	6
10ce3310	FUN_10ce3310	5
10ce3320	FUN_10ce3320	21
10ce3340	FUN_10ce3340	23
10ce3360	FUN_10ce3360	3
10ce3370	FUN_10ce3370	23
10ce36f0	FUN_10ce36f0	12
10ce38f0	FUN_10ce38f0	49
10ce39e0	FUN_10ce39e0	3
10ce39f0	FUN_10ce39f0	3
10ce3a00	FUN_10ce3a00	3
10ce3a10	FUN_10ce3a10	3
10ce3a20	FUN_10ce3a20	3
10ce3a30	FUN_10ce3a30	6
10ce3d20	FUN_10ce3d20	9
10ce4520	FUN_10ce4520	6
10ce4530	FUN_10ce4530	6
10ce59e0	FUN_10ce59e0	9
10ce59f0	FUN_10ce59f0	22
10ce5ab0	FUN_10ce5ab0	18
10ce5ad0	FUN_10ce5ad0	25
10ce5af0	FUN_10ce5af0	25
10ce5b80	FUN_10ce5b80	22
10ce5ba0	FUN_10ce5ba0	5
10ce5bb0	FUN_10ce5bb0	5
10ce5c30	FUN_10ce5c30	26
10ce5c50	FUN_10ce5c50	3
10ce5c60	FUN_10ce5c60	13
10ce5c70	FUN_10ce5c70	13
10ce5c80	FUN_10ce5c80	13
10ce5c90	FUN_10ce5c90	3
10ce5ca0	FUN_10ce5ca0	3
10ce5cb0	FUN_10ce5cb0	18
10ce5e70	FUN_10ce5e70	15
10ce5f10	FUN_10ce5f10	7
10ce5f20	FUN_10ce5f20	5
10ce6190	FUN_10ce6190	5
10ce61a0	FUN_10ce61a0	5
10ce61b0	FUN_10ce61b0	5
10ce61c0	FUN_10ce61c0	5
10ce61d0	FUN_10ce61d0	5
10ce61e0	FUN_10ce61e0	5
10ce6430	FUN_10ce6430	15
10ce6520	FUN_10ce6520	5
10ce6530	FUN_10ce6530	5
10ce6540	FUN_10ce6540	5
10ce6550	FUN_10ce6550	5
10ce6560	FUN_10ce6560	5
10ce6570	FUN_10ce6570	5
10ce6580	FUN_10ce6580	5
10ce6590	FUN_10ce6590	6
10ce67a0	FUN_10ce67a0	18
10ce67c0	FUN_10ce67c0	10
10ce67d0	FUN_10ce67d0	10
10ce68b0	FUN_10ce68b0	11
10ce68c0	FUN_10ce68c0	11
10ce68d0	FUN_10ce68d0	11
10ce68e0	FUN_10ce68e0	16
10ce6900	FUN_10ce6900	13
10ce6910	FUN_10ce6910	14
10ce6930	FUN_10ce6930	23
10ce6950	FUN_10ce6950	3
10ce6960	FUN_10ce6960	12
10ce69f0	FUN_10ce69f0	12
10ce6eb0	FUN_10ce6eb0	11
10ce73b0	FUN_10ce73b0	3
10ce77a0	FUN_10ce77a0	14
10ce77c0	FUN_10ce77c0	14
10ce77e0	FUN_10ce77e0	14
10ce7800	FUN_10ce7800	14
10ce7850	FUN_10ce7850	8
10ce7860	FUN_10ce7860	8
10ce7870	FUN_10ce7870	4
10ce7880	FUN_10ce7880	4
10ce7890	FUN_10ce7890	3
10ce78a0	FUN_10ce78a0	6
10ce78b0	FUN_10ce78b0	6
10ce78c0	FUN_10ce78c0	9
10ce78d0	FUN_10ce78d0	9
10ce78e0	FUN_10ce78e0	10
10ce7e60	FUN_10ce7e60	8
10ce7e70	FUN_10ce7e70	8
10ce80a0	FUN_10ce80a0	3
10ce80b0	FUN_10ce80b0	3
10ce80c0	FUN_10ce80c0	3
10ce80d0	FUN_10ce80d0	3
10ce80e0	FUN_10ce80e0	3
10ce80f0	FUN_10ce80f0	3
10ce8100	FUN_10ce8100	4
10ce8110	FUN_10ce8110	4
10ce81a0	FUN_10ce81a0	7
10ce81b0	FUN_10ce81b0	7
10ce81c0	FUN_10ce81c0	13
10ce81d0	FUN_10ce81d0	3
10ce81e0	FUN_10ce81e0	3
10ce8260	FUN_10ce8260	3
10ce8320	FUN_10ce8320	11
10ce8330	FUN_10ce8330	6
10ce8340	FUN_10ce8340	26
10ce8360	FUN_10ce8360	26
10ce8380	FUN_10ce8380	10
10ce8390	FUN_10ce8390	10
10ce8490	FUN_10ce8490	14
10ce84b0	FUN_10ce84b0	13
10ce84c0	FUN_10ce84c0	12
10ce84d0	FUN_10ce84d0	11
10ce84e0	FUN_10ce84e0	43
10ce9490	FUN_10ce9490	4
10ce94c0	FUN_10ce94c0	68
10ce97c0	FUN_10ce97c0	12
10ce97d0	FUN_10ce97d0	11
10ceac10	FUN_10ceac10	25
10ceac30	FUN_10ceac30	4
10ceac40	FUN_10ceac40	4
10ceae50	FUN_10ceae50	6
10ceb400	FUN_10ceb400	6
10ceb410	FUN_10ceb410	6
10ceb420	FUN_10ceb420	6
10ceb430	FUN_10ceb430	6
10cebd30	FUN_10cebd30	28
10cebd60	FUN_10cebd60	28
10cec7a0	FUN_10cec7a0	9
10cee0c0	FUN_10cee0c0	3
10cee0d0	FUN_10cee0d0	5
10cee210	FUN_10cee210	5
10cee220	FUN_10cee220	5
10cee350	FUN_10cee350	10
10cee360	FUN_10cee360	12
10ceeb30	FUN_10ceeb30	67
10ceebc0	FUN_10ceebc0	67
10ceec20	FUN_10ceec20	7
10ceec30	FUN_10ceec30	8
10ceec40	FUN_10ceec40	4
10ceedd0	FUN_10ceedd0	8
10ceede0	FUN_10ceede0	3
10ceedf0	FUN_10ceedf0	3
10ceee00	FUN_10ceee00	4
10ceee10	FUN_10ceee10	7
10ceee70	FUN_10ceee70	26
10ceee90	FUN_10ceee90	10
10cef4d0	FUN_10cef4d0	63
10cefa40	FUN_10cefa40	25
10cefa60	FUN_10cefa60	16
10cefc10	FUN_10cefc10	4
10cf0920	FUN_10cf0920	7
10cf0b80	FUN_10cf0b80	28
10cf0bb0	FUN_10cf0bb0	38
10cf0f00	FUN_10cf0f00	15
10cf1290	FUN_10cf1290	7
10cf12a0	FUN_10cf12a0	68
10cf1300	FUN_10cf1300	61
10cf2c10	FUN_10cf2c10	5
10cf2d40	FUN_10cf2d40	3
10cf2d50	FUN_10cf2d50	10
10cf31b0	FUN_10cf31b0	65
10cf3210	FUN_10cf3210	65
10cf3270	FUN_10cf3270	3
10cf3280	FUN_10cf3280	3
10cf34b0	FUN_10cf34b0	27
10cf3a00	FUN_10cf3a00	22
10cf3a20	FUN_10cf3a20	18
10cf3a40	FUN_10cf3a40	18
10cf3a60	FUN_10cf3a60	3
10cf3a70	FUN_10cf3a70	3
10cf3b90	FUN_10cf3b90	118
10cf3c30	FUN_10cf3c30	13
10cf3c40	FUN_10cf3c40	5
10cf3c50	FUN_10cf3c50	3
10cf3c60	FUN_10cf3c60	19
10cf3c80	FUN_10cf3c80	5
10cf3c90	FUN_10cf3c90	86
10cf3d00	FUN_10cf3d00	5
10cf3d10	FUN_10cf3d10	5
10cf3f90	FUN_10cf3f90	5
10cf3fa0	FUN_10cf3fa0	5
10cf3fb0	FUN_10cf3fb0	5
10cf3fc0	FUN_10cf3fc0	19
10cf4360	FUN_10cf4360	65
10cf43c0	FUN_10cf43c0	60
10cf4410	FUN_10cf4410	130
10cf44c0	FUN_10cf44c0	14
10cf44e0	FUN_10cf44e0	14
10cf4500	FUN_10cf4500	3
10cf4a20	FUN_10cf4a20	3
10cf4a30	FUN_10cf4a30	33
10cf4a60	FUN_10cf4a60	43
10cf4aa0	FUN_10cf4aa0	13
10cf4ab0	FUN_10cf4ab0	11
10cf4b10	FUN_10cf4b10	13
10cf4b20	FUN_10cf4b20	13
10cf4b90	FUN_10cf4b90	11
10cf4ba0	FUN_10cf4ba0	11
10cf50f0	FUN_10cf50f0	22
10cf5240	FUN_10cf5240	7
10cf5320	FUN_10cf5320	119
10cf53e0	FUN_10cf53e0	6
10cf5b60	FUN_10cf5b60	71
10cf5c20	FUN_10cf5c20	4
10cf5c30	FUN_10cf5c30	3
10cf61c0	FUN_10cf61c0	6
10cf64f0	FUN_10cf64f0	28
10cf6590	FUN_10cf6590	12
10cf65e0	FUN_10cf65e0	16
10cf73d0	FUN_10cf73d0	3
10cf8c50	FUN_10cf8c50	3
10cf8d60	FUN_10cf8d60	28
10cf9050	FUN_10cf9050	21
10cf9090	FUN_10cf9090	21
10cfb1f0	FUN_10cfb1f0	6
10cfcd10	FUN_10cfcd10	6
10cfcd20	FUN_10cfcd20	7
10cfe540	FUN_10cfe540	39
10cfe760	FUN_10cfe760	22
10cfea50	FUN_10cfea50	3
10cfea60	FUN_10cfea60	7
10cfea70	FUN_10cfea70	152
10cff1e0	FUN_10cff1e0	93
10cff260	FUN_10cff260	8
10cffe90	FUN_10cffe90	5
10d00060	FUN_10d00060	92
10d001f0	FUN_10d001f0	8
10d006f0	FUN_10d006f0	5
10d00700	FUN_10d00700	40
10d00740	FUN_10d00740	40
10d00780	FUN_10d00780	5
10d00790	FUN_10d00790	6
10d007a0	FUN_10d007a0	6
10d008c0	FUN_10d008c0	31
10d00ab0	FUN_10d00ab0	16
10d00c20	FUN_10d00c20	11
10d00c30	FUN_10d00c30	11
10d02380	FUN_10d02380	65
10d023e0	FUN_10d023e0	7
10d023f0	FUN_10d023f0	3
10d02400	FUN_10d02400	3
10d02410	FUN_10d02410	3
10d02420	FUN_10d02420	3
10d02430	FUN_10d02430	3
10d02440	FUN_10d02440	3
10d02450	FUN_10d02450	18
10d02470	FUN_10d02470	14
10d02490	FUN_10d02490	14
10d02fd0	FUN_10d02fd0	3
10d02fe0	FUN_10d02fe0	3
10d03180	FUN_10d03180	11
10d032c0	FUN_10d032c0	25
10d03aa0	FUN_10d03aa0	16
10d03ac0	FUN_10d03ac0	16
10d03bb0	FUN_10d03bb0	12
10d04580	FUN_10d04580	13
10d05500	FUN_10d05500	6
10d05510	FUN_10d05510	6
10d06d10	FUN_10d06d10	3
10d06d20	FUN_10d06d20	3
10d06d30	FUN_10d06d30	3
10d07850	FUN_10d07850	28
10d07880	FUN_10d07880	28
10d078b0	FUN_10d078b0	28
10d078e0	FUN_10d078e0	28
10d07910	FUN_10d07910	28
10d07940	FUN_10d07940	28
10d07d80	FUN_10d07d80	10
10d07d90	FUN_10d07d90	38
10d08000	FUN_10d08000	26
10d08020	FUN_10d08020	43
10d08060	FUN_10d08060	43
10d08580	FUN_10d08580	16
10d085a0	FUN_10d085a0	16
10d09900	FUN_10d09900	3
10d09910	FUN_10d09910	3
10d09920	FUN_10d09920	3
10d0e030	FUN_10d0e030	7
10d102a0	FUN_10d102a0	3
10d102b0	FUN_10d102b0	3
10d102c0	FUN_10d102c0	3
10d10890	FUN_10d10890	28
10d11510	FUN_10d11510	43
10d11770	FUN_10d11770	26
10d118f0	FUN_10d118f0	6
10d11900	FUN_10d11900	6
10d11910	FUN_10d11910	6
10d11950	FUN_10d11950	16
10d12890	FUN_10d12890	3
10d12dc0	FUN_10d12dc0	8
10d13f90	FUN_10d13f90	6
10d13fa0	FUN_10d13fa0	6
10d13fb0	FUN_10d13fb0	6
10d14010	FUN_10d14010	24
10d14030	FUN_10d14030	27
10d14db0	FUN_10d14db0	3
10d14dc0	FUN_10d14dc0	3
10d150c0	FUN_10d150c0	28
10d150f0	FUN_10d150f0	20
10d15340	FUN_10d15340	25
10d15390	FUN_10d15390	5
10d153a0	FUN_10d153a0	40
10d153e0	FUN_10d153e0	40
10d154b0	FUN_10d154b0	23
10d154d0	FUN_10d154d0	3
10d154e0	FUN_10d154e0	23
10d160c0	FUN_10d160c0	13
10d16640	FUN_10d16640	3
10d16650	FUN_10d16650	3
10d16f70	FUN_10d16f70	16
10d16f90	FUN_10d16f90	16
10d17030	FUN_10d17030	4
10d18620	FUN_10d18620	14
10d186b0	FUN_10d186b0	3
10d186c0	FUN_10d186c0	44
10d187b0	FUN_10d187b0	7
10d194f0	FUN_10d194f0	28
10d19520	FUN_10d19520	28
10d19770	FUN_10d19770	27
10d19ae0	FUN_10d19ae0	40
10d1abe0	FUN_10d1abe0	3
10d1abf0	FUN_10d1abf0	3
10d1ac00	FUN_10d1ac00	3
10d1ac10	FUN_10d1ac10	3
10d1ac20	FUN_10d1ac20	3
10d1ac30	FUN_10d1ac30	3
10d1ac40	FUN_10d1ac40	3
10d1beb0	FUN_10d1beb0	16
10d1d440	FUN_10d1d440	3
10d1d450	FUN_10d1d450	3
10d1d460	FUN_10d1d460	3
10d1d470	FUN_10d1d470	3
10d1d480	FUN_10d1d480	3
10d1d490	FUN_10d1d490	3
10d1d5f0	FUN_10d1d5f0	28
10d1d620	FUN_10d1d620	28
10d1d650	FUN_10d1d650	28
10d1d680	FUN_10d1d680	28
10d1d6b0	FUN_10d1d6b0	28
10d1d6e0	FUN_10d1d6e0	28
10d1da40	FUN_10d1da40	83
10d1df50	FUN_10d1df50	7
10d20200	FUN_10d20200	85
10d22a90	FUN_10d22a90	6
10d23640	FUN_10d23640	4
10d238e0	FUN_10d238e0	18
10d23900	FUN_10d23900	22
10d239d0	FUN_10d239d0	18
10d23bb0	FUN_10d23bb0	22
10d23e00	FUN_10d23e00	22
10d23e20	FUN_10d23e20	43
10d23e60	FUN_10d23e60	78
10d24170	FUN_10d24170	13
10d24180	FUN_10d24180	13
10d24190	FUN_10d24190	3
10d24510	FUN_10d24510	15
10d24530	FUN_10d24530	15
10d25940	FUN_10d25940	3
10d259d0	FUN_10d259d0	5
10d259e0	FUN_10d259e0	5
10d25a70	FUN_10d25a70	5
10d25a80	FUN_10d25a80	5
10d25a90	FUN_10d25a90	5
10d25aa0	FUN_10d25aa0	5
10d25ab0	FUN_10d25ab0	13
10d25ac0	FUN_10d25ac0	13
10d25ad0	FUN_10d25ad0	3
10d25ae0	FUN_10d25ae0	15
10d25b00	FUN_10d25b00	15
10d25b20	FUN_10d25b20	5
10d25b30	FUN_10d25b30	5
10d25b40	FUN_10d25b40	5
10d25bd0	FUN_10d25bd0	5
10d25be0	FUN_10d25be0	5
10d25c70	FUN_10d25c70	5
10d260e0	FUN_10d260e0	5
10d26170	FUN_10d26170	35
10d261a0	FUN_10d261a0	31
10d26250	FUN_10d26250	16
10d26270	FUN_10d26270	16
10d262d0	FUN_10d262d0	18
10d262f0	FUN_10d262f0	3
10d26300	FUN_10d26300	3
10d26310	FUN_10d26310	3
10d26360	FUN_10d26360	11
10d263f0	FUN_10d263f0	11
10d26400	FUN_10d26400	16
10d26420	FUN_10d26420	3
10d27490	FUN_10d27490	19
10d274b0	FUN_10d274b0	19
10d27d30	FUN_10d27d30	14
10d27d50	FUN_10d27d50	14
10d27d80	FUN_10d27d80	7
10d27d90	FUN_10d27d90	3
10d27da0	FUN_10d27da0	3
10d27db0	FUN_10d27db0	6
10d28da0	FUN_10d28da0	5
10d28e40	FUN_10d28e40	3
10d28e50	FUN_10d28e50	3
10d28e60	FUN_10d28e60	3
10d28e70	FUN_10d28e70	3
10d28e80	FUN_10d28e80	3
10d28e90	FUN_10d28e90	3
10d28ea0	FUN_10d28ea0	3
10d28eb0	FUN_10d28eb0	3
10d29150	FUN_10d29150	5
10d29160	FUN_10d29160	79
10d291d0	FUN_10d291d0	31
10d29310	FUN_10d29310	3
10d29320	FUN_10d29320	11
10d29330	FUN_10d29330	83
10d29430	FUN_10d29430	13
10d29440	FUN_10d29440	3
10d29450	FUN_10d29450	10
10d29460	FUN_10d29460	4
10d298c0	FUN_10d298c0	11
10d2ac90	FUN_10d2ac90	6
10d2aca0	FUN_10d2aca0	6
10d2ae60	FUN_10d2ae60	3
10d2b0e0	FUN_10d2b0e0	3
10d2b4c0	FUN_10d2b4c0	28
10d2b4f0	FUN_10d2b4f0	28
10d2d7a0	FUN_10d2d7a0	43
10d2d7e0	FUN_10d2d7e0	26
10d2d800	FUN_10d2d800	43
10d2d840	FUN_10d2d840	91
10d2d8c0	FUN_10d2d8c0	43
10d2d900	FUN_10d2d900	83
10d2d970	FUN_10d2d970	3
10d2dc10	FUN_10d2dc10	7
10d2dc20	FUN_10d2dc20	3
10d2dcc0	FUN_10d2dcc0	24
10d2dd10	FUN_10d2dd10	5
10d2dd20	FUN_10d2dd20	18
10d2dd40	FUN_10d2dd40	20
10d2dd60	FUN_10d2dd60	12
10d2dea0	FUN_10d2dea0	12
10d2df50	FUN_10d2df50	16
10d30290	FUN_10d30290	31
10d302c0	FUN_10d302c0	3
10d302d0	FUN_10d302d0	7
10d302e0	FUN_10d302e0	3
10d302f0	FUN_10d302f0	3
10d30300	FUN_10d30300	3
10d30310	FUN_10d30310	3
10d30940	FUN_10d30940	30
10d30ac0	FUN_10d30ac0	21
10d381e0	FUN_10d381e0	7
10d39e30	FUN_10d39e30	3
10d39fc0	FUN_10d39fc0	28
10d39ff0	FUN_10d39ff0	28
10d3a910	FUN_10d3a910	29
10d3ac20	FUN_10d3ac20	20
10d3ac40	FUN_10d3ac40	24
10d3b410	FUN_10d3b410	3
10d3cb70	FUN_10d3cb70	28
10d3cd60	FUN_10d3cd60	43
10d3cda0	FUN_10d3cda0	43
10d3cde0	FUN_10d3cde0	6
10d3ce50	FUN_10d3ce50	16
10d3ce70	FUN_10d3ce70	16
10d3ce90	FUN_10d3ce90	16
10d3e5d0	FUN_10d3e5d0	3
10d3e5e0	FUN_10d3e5e0	3
10d3ede0	FUN_10d3ede0	6
10d3ff80	FUN_10d3ff80	6
10d41c50	FUN_10d41c50	3
10d41c60	FUN_10d41c60	3
10d41c70	FUN_10d41c70	3
10d420e0	FUN_10d420e0	28
10d42110	FUN_10d42110	28
10d42140	FUN_10d42140	28
10d422f0	FUN_10d422f0	21
10d42310	FUN_10d42310	21
10d42330	FUN_10d42330	78
10d423a0	FUN_10d423a0	40
10d423e0	FUN_10d423e0	40
10d43800	FUN_10d43800	7
10d44000	FUN_10d44000	16
10d44020	FUN_10d44020	16
10d499e0	FUN_10d499e0	28
10d49ef0	FUN_10d49ef0	11
10d49f00	FUN_10d49f00	91
10d49f80	FUN_10d49f80	91
10d4a000	FUN_10d4a000	26
10d4a2c0	FUN_10d4a2c0	40
10d4a300	FUN_10d4a300	40
10d4a340	FUN_10d4a340	40
10d4a380	FUN_10d4a380	40
10d4a3c0	FUN_10d4a3c0	6
10d4a510	FUN_10d4a510	16
10d4a5e0	FUN_10d4a5e0	16
10d4a600	FUN_10d4a600	16
10d4c310	FUN_10d4c310	65
10d4c450	FUN_10d4c450	3
10d4c460	FUN_10d4c460	7
10d4c470	FUN_10d4c470	7
10d4c480	FUN_10d4c480	3
10d4c490	FUN_10d4c490	3
10d4c4a0	FUN_10d4c4a0	3
10d4c4b0	FUN_10d4c4b0	3
10d4d8b0	FUN_10d4d8b0	16
10d4d8d0	FUN_10d4d8d0	16
10d4d8f0	FUN_10d4d8f0	16
10d4d910	FUN_10d4d910	16
10d4d930	FUN_10d4d930	9
10d507b0	FUN_10d507b0	7
10d507c0	FUN_10d507c0	6
10d51170	FUN_10d51170	3
10d51320	FUN_10d51320	28
10d51350	FUN_10d51350	28
10d51380	FUN_10d51380	28
10d513b0	FUN_10d513b0	28
10d513e0	FUN_10d513e0	28
10d51410	FUN_10d51410	28
10d51440	FUN_10d51440	28
10d515c0	FUN_10d515c0	10
10d52340	FUN_10d52340	7
10d52780	FUN_10d52780	25
10d52860	FUN_10d52860	78
10d52a00	FUN_10d52a00	23
10d52b20	FUN_10d52b20	23
10d52e50	FUN_10d52e50	7
10d52ec0	FUN_10d52ec0	5
10d530c0	FUN_10d530c0	5
10d530d0	FUN_10d530d0	14
10d530f0	FUN_10d530f0	14
10d53210	FUN_10d53210	40
10d53250	FUN_10d53250	5
10d53260	FUN_10d53260	5
10d53290	FUN_10d53290	5
10d532c0	FUN_10d532c0	6
10d533d0	FUN_10d533d0	5
10d53420	FUN_10d53420	21
10d53440	FUN_10d53440	11
10d53450	FUN_10d53450	11
10d53460	FUN_10d53460	23
10d53480	FUN_10d53480	3
10d53490	FUN_10d53490	23
10d53b30	FUN_10d53b30	42
10d54000	FUN_10d54000	14
10d54020	FUN_10d54020	14
10d54040	FUN_10d54040	15
10d54060	FUN_10d54060	3
10d54070	FUN_10d54070	3
10d54080	FUN_10d54080	6
10d54090	FUN_10d54090	6
10d54270	FUN_10d54270	63
10d54380	FUN_10d54380	3
10d54560	FUN_10d54560	3
10d54570	FUN_10d54570	3
10d54580	FUN_10d54580	3
10d54590	FUN_10d54590	3
10d545e0	FUN_10d545e0	3
10d545f0	FUN_10d545f0	6
10d549e0	FUN_10d549e0	11
10d549f0	FUN_10d549f0	23
10d54b70	FUN_10d54b70	12
10d55ca0	FUN_10d55ca0	85
10d55d10	FUN_10d55d10	6
10d56da0	FUN_10d56da0	47
10d57070	FUN_10d57070	6
10d57080	FUN_10d57080	6
10d58840	FUN_10d58840	40
10d58c20	FUN_10d58c20	23
10d58ca0	FUN_10d58ca0	26
10d58de0	FUN_10d58de0	6
10d58ed0	FUN_10d58ed0	16
10d58ef0	FUN_10d58ef0	16
10d59790	FUN_10d59790	7
10d597a0	FUN_10d597a0	3
10d597b0	FUN_10d597b0	3
10d5a500	FUN_10d5a500	6
10d5a7c0	FUN_10d5a7c0	7
10d5a7d0	FUN_10d5a7d0	7
10d5a980	FUN_10d5a980	3
10d5acb0	FUN_10d5acb0	28
10d5ace0	FUN_10d5ace0	28
10d5b2d0	FUN_10d5b2d0	25
10d5b3f0	FUN_10d5b3f0	29
10d5b420	FUN_10d5b420	27
10d5b770	FUN_10d5b770	7
10d5b780	FUN_10d5b780	150
10d5cd50	FUN_10d5cd50	5
10d5cf80	FUN_10d5cf80	92
10d5d6e0	FUN_10d5d6e0	5
10d5da20	FUN_10d5da20	42
10d5da60	FUN_10d5da60	5
10d5da70	FUN_10d5da70	5
10d5da80	FUN_10d5da80	5
10d5da90	FUN_10d5da90	31
10d5dac0	FUN_10d5dac0	16
10d5db50	FUN_10d5db50	21
10d5db70	FUN_10d5db70	23
10d5db90	FUN_10d5db90	3
10d5dba0	FUN_10d5dba0	23
10d5e550	FUN_10d5e550	3
10d5e560	FUN_10d5e560	3
10d5e8b0	FUN_10d5e8b0	49
10d5e9c0	FUN_10d5e9c0	3
10d5e9d0	FUN_10d5e9d0	3
10d5e9e0	FUN_10d5e9e0	3
10d5e9f0	FUN_10d5e9f0	3
10d5ea00	FUN_10d5ea00	3
10d5ea10	FUN_10d5ea10	6
10d5efc0	FUN_10d5efc0	9
10d5fbb0	FUN_10d5fbb0	35
10d5fc40	FUN_10d5fc40	6
10d5fc50	FUN_10d5fc50	6
10d602a0	FUN_10d602a0	3
10d602b0	FUN_10d602b0	3
10d602c0	FUN_10d602c0	42
10d60390	FUN_10d60390	28
10d603c0	FUN_10d603c0	28
10d635f0	FUN_10d635f0	3
10d63d90	FUN_10d63d90	6
10d63da0	FUN_10d63da0	6
10d63db0	FUN_10d63db0	6
10d63dc0	FUN_10d63dc0	6
10d64bc0	FUN_10d64bc0	3
10d64bd0	FUN_10d64bd0	3
10d64be0	FUN_10d64be0	7
10d64bf0	FUN_10d64bf0	3
10d670b0	FUN_10d670b0	6
10d670c0	FUN_10d670c0	6
10d670d0	FUN_10d670d0	6
10d670e0	FUN_10d670e0	6
10d67160	FUN_10d67160	7
10d67170	FUN_10d67170	7
10d67320	FUN_10d67320	3
10d67330	FUN_10d67330	3
10d677c0	FUN_10d677c0	28
10d677f0	FUN_10d677f0	28
10d67820	FUN_10d67820	20
10d68250	FUN_10d68250	18
10d68270	FUN_10d68270	25
10d68290	FUN_10d68290	22
10d682b0	FUN_10d682b0	18
10d68390	FUN_10d68390	22
10d683b0	FUN_10d683b0	27
10d683e0	FUN_10d683e0	26
10d68400	FUN_10d68400	78
10d68490	FUN_10d68490	13
10d684a0	FUN_10d684a0	13
10d684b0	FUN_10d684b0	3
10d68650	FUN_10d68650	15
10d686f0	FUN_10d686f0	5
10d68840	FUN_10d68840	5
10d68850	FUN_10d68850	5
10d68860	FUN_10d68860	5
10d68870	FUN_10d68870	5
10d68880	FUN_10d68880	5
10d68890	FUN_10d68890	22
10d68920	FUN_10d68920	15
10d68940	FUN_10d68940	15
10d68960	FUN_10d68960	5
10d68970	FUN_10d68970	5
10d68980	FUN_10d68980	5
10d68990	FUN_10d68990	6
10d689d0	FUN_10d689d0	26
10d689f0	FUN_10d689f0	26
10d68a10	FUN_10d68a10	9
10d68a20	FUN_10d68a20	18
10d68a80	FUN_10d68a80	11
10d68a90	FUN_10d68a90	11
10d68b20	FUN_10d68b20	11
10d68b30	FUN_10d68b30	16
10d68b50	FUN_10d68b50	3
10d69840	FUN_10d69840	19
10d69e50	FUN_10d69e50	42
10d69e90	FUN_10d69e90	14
10d69eb0	FUN_10d69eb0	14
10d69fc0	FUN_10d69fc0	3
10d69fd0	FUN_10d69fd0	3
10d6a850	FUN_10d6a850	3
10d6a860	FUN_10d6a860	3
10d6a870	FUN_10d6a870	3
10d6a880	FUN_10d6a880	3
10d6a890	FUN_10d6a890	3
10d6a8a0	FUN_10d6a8a0	3
10d6a8b0	FUN_10d6a8b0	3
10d6a8c0	FUN_10d6a8c0	3
10d6ab60	FUN_10d6ab60	79
10d6abd0	FUN_10d6abd0	3
10d6abe0	FUN_10d6abe0	11
10d6abf0	FUN_10d6abf0	83
10d6bb90	FUN_10d6bb90	8
10d6bba0	FUN_10d6bba0	11
10d6f0b0	FUN_10d6f0b0	6
10d6f2a0	FUN_10d6f2a0	7
10d6f370	FUN_10d6f370	11
10d6f390	FUN_10d6f390	6
10d6f3a0	FUN_10d6f3a0	6
10d71350	FUN_10d71350	3
10d73860	FUN_10d73860	4
10d741c0	FUN_10d741c0	26
10d743f0	FUN_10d743f0	5
10d74400	FUN_10d74400	5
10d74410	FUN_10d74410	5
10d74600	FUN_10d74600	16
10d74640	FUN_10d74640	10
10d74650	FUN_10d74650	10
10d74660	FUN_10d74660	10
10d74670	FUN_10d74670	12
10d74700	FUN_10d74700	12
10d74790	FUN_10d74790	12
10d75e50	FUN_10d75e50	7
10d75e60	FUN_10d75e60	7
10d75e70	FUN_10d75e70	7
10d75e80	FUN_10d75e80	3
10d75e90	FUN_10d75e90	7
10d75ea0	FUN_10d75ea0	8
10d75eb0	FUN_10d75eb0	8
10d75ec0	FUN_10d75ec0	8
10d75ed0	FUN_10d75ed0	4
10d75ee0	FUN_10d75ee0	4
10d75ef0	FUN_10d75ef0	4
10d75f00	FUN_10d75f00	3
10d765c0	FUN_10d765c0	8
10d765d0	FUN_10d765d0	8
10d765e0	FUN_10d765e0	8
10d765f0	FUN_10d765f0	4
10d76600	FUN_10d76600	4
10d76610	FUN_10d76610	4
10d76620	FUN_10d76620	7
10d76630	FUN_10d76630	7
10d76640	FUN_10d76640	7
10d76650	FUN_10d76650	26
10d76670	FUN_10d76670	26
10d76690	FUN_10d76690	26
10d766b0	FUN_10d766b0	10
10d766c0	FUN_10d766c0	10
10d766d0	FUN_10d766d0	10
10d77d60	FUN_10d77d60	16
10d77d80	FUN_10d77d80	16
10d77da0	FUN_10d77da0	16
10d77ef0	FUN_10d77ef0	4
10d77f00	FUN_10d77f00	4
10d77f10	FUN_10d77f10	4
10d798e0	FUN_10d798e0	11
10d7a3b0	FUN_10d7a3b0	3
10d7a440	FUN_10d7a440	28
10d7a470	FUN_10d7a470	28
10d7c050	FUN_10d7c050	43
10d7c090	FUN_10d7c090	43
10d7c0d0	FUN_10d7c0d0	43
10d7c110	FUN_10d7c110	43
10d7c150	FUN_10d7c150	43
10d7c190	FUN_10d7c190	43
10d7c1d0	FUN_10d7c1d0	43
10d7c210	FUN_10d7c210	43
10d7c250	FUN_10d7c250	43
10d7ca50	FUN_10d7ca50	16
10d7ca70	FUN_10d7ca70	16
10d821c0	FUN_10d821c0	51
10d82240	FUN_10d82240	7
10d82250	FUN_10d82250	4
10d82260	FUN_10d82260	4
10d82270	FUN_10d82270	4
10d82280	FUN_10d82280	4
10d82290	FUN_10d82290	3
10d83530	FUN_10d83530	4
10d83540	FUN_10d83540	7
10d83550	FUN_10d83550	4
10d835c0	FUN_10d835c0	7
10d83670	FUN_10d83670	7
10d83680	FUN_10d83680	7
10d83690	FUN_10d83690	4
10d836d0	FUN_10d836d0	4
10d836f0	FUN_10d836f0	4
10d83700	FUN_10d83700	7
10d83710	FUN_10d83710	7
10d83720	FUN_10d83720	10
10d83950	FUN_10d83950	4
10d83960	FUN_10d83960	7
10d83970	FUN_10d83970	4
10d839e0	FUN_10d839e0	4
10d839f0	FUN_10d839f0	4
10d83a00	FUN_10d83a00	4
10d83ac0	FUN_10d83ac0	7
10d83ae0	FUN_10d83ae0	4
10d83af0	FUN_10d83af0	7
10d83b00	FUN_10d83b00	4
10d83b70	FUN_10d83b70	4
10d83b80	FUN_10d83b80	7
10d86d20	FUN_10d86d20	3
10d86d30	FUN_10d86d30	3
10d86d40	FUN_10d86d40	3
10d86d50	FUN_10d86d50	3
10d86d60	FUN_10d86d60	3
10d86d70	FUN_10d86d70	3
10d86d80	FUN_10d86d80	3
10d86d90	FUN_10d86d90	3
10d86da0	FUN_10d86da0	3
10d86db0	FUN_10d86db0	3
10d86dc0	FUN_10d86dc0	3
10d87050	FUN_10d87050	28
10d87080	FUN_10d87080	28
10d870b0	FUN_10d870b0	28
10d870e0	FUN_10d870e0	28
10d87110	FUN_10d87110	28
10d87140	FUN_10d87140	28
10d87170	FUN_10d87170	28
10d871a0	FUN_10d871a0	28
10d871d0	FUN_10d871d0	28
10d87200	FUN_10d87200	28
10d87410	FUN_10d87410	24
10d87c10	FUN_10d87c10	6
10d87e60	FUN_10d87e60	13
10d87e70	FUN_10d87e70	13
10d87e80	FUN_10d87e80	13
10d87e90	FUN_10d87e90	13
10d87ea0	FUN_10d87ea0	13
10d87f70	FUN_10d87f70	26
10d87f90	FUN_10d87f90	43
10d87fd0	FUN_10d87fd0	83
10d88040	FUN_10d88040	16
10d880a0	FUN_10d880a0	16
10d88c80	FUN_10d88c80	3
10d88c90	FUN_10d88c90	3
10d88ca0	FUN_10d88ca0	3
10d88cb0	FUN_10d88cb0	3
10d88f50	FUN_10d88f50	25
10d892d0	FUN_10d892d0	3
10d892e0	FUN_10d892e0	3
10d892f0	FUN_10d892f0	3
10d89380	FUN_10d89380	28
10d893b0	FUN_10d893b0	28
10d8be20	FUN_10d8be20	78
10d8bef0	FUN_10d8bef0	6
10d8d120	FUN_10d8d120	7
10d8d130	FUN_10d8d130	7
10d8d140	FUN_10d8d140	3
10d8d150	FUN_10d8d150	3
10d8d160	FUN_10d8d160	3
10d8fa00	FUN_10d8fa00	25
10d8fa30	FUN_10d8fa30	19
10d90100	FUN_10d90100	6
10d90110	FUN_10d90110	3
10d905f0	FUN_10d905f0	20
10d90610	FUN_10d90610	20
10d907e0	FUN_10d907e0	26
10d90a00	FUN_10d90a00	3
10d91bc0	FUN_10d91bc0	3
10d93b40	FUN_10d93b40	43
10d94640	FUN_10d94640	3
10d94650	FUN_10d94650	3
10d94660	FUN_10d94660	3
10d97120	FUN_10d97120	7
10d971e0	FUN_10d971e0	3
10d971f0	FUN_10d971f0	3
10d97200	FUN_10d97200	3
10d97290	FUN_10d97290	28
10d972c0	FUN_10d972c0	28
10d972f0	FUN_10d972f0	28
10d97320	FUN_10d97320	26
10d97340	FUN_10d97340	26
10d97360	FUN_10d97360	16
10d97720	FUN_10d97720	7
10d97730	FUN_10d97730	3
10d97740	FUN_10d97740	3
10d97750	FUN_10d97750	3
10d98760	FUN_10d98760	4
10d9a3e0	FUN_10d9a3e0	3
10d9a3f0	FUN_10d9a3f0	3
10d9a620	FUN_10d9a620	10
10d9a8c0	FUN_10d9a8c0	26
10d9a9d0	FUN_10d9a9d0	78
10d9aa70	FUN_10d9aa70	6
10d9aa80	FUN_10d9aa80	6
10d9acf0	FUN_10d9acf0	16
10d9ad10	FUN_10d9ad10	16
10d9bdb0	FUN_10d9bdb0	3
10d9bdc0	FUN_10d9bdc0	3
10d9bdd0	FUN_10d9bdd0	3
10d9c740	FUN_10d9c740	9
10d9d940	FUN_10d9d940	6
10d9d950	FUN_10d9d950	6
10d9dec0	FUN_10d9dec0	3
10d9e070	FUN_10d9e070	28
10d9e0a0	FUN_10d9e0a0	28
10d9e0d0	FUN_10d9e0d0	20
10d9e440	FUN_10d9e440	65
10d9e4a0	FUN_10d9e4a0	3
10d9e730	FUN_10d9e730	18
10d9e750	FUN_10d9e750	18
10d9ead0	FUN_10d9ead0	3
10d9eae0	FUN_10d9eae0	3
10d9eb10	FUN_10d9eb10	13
10d9eb20	FUN_10d9eb20	13
10d9eb30	FUN_10d9eb30	3
10d9f030	FUN_10d9f030	15
10d9f0d0	FUN_10d9f0d0	7
10d9f0e0	FUN_10d9f0e0	13
10d9f0f0	FUN_10d9f0f0	13
10d9f100	FUN_10d9f100	5
10d9f140	FUN_10d9f140	13
10d9f150	FUN_10d9f150	5
10d9f160	FUN_10d9f160	5
10d9f170	FUN_10d9f170	5
10d9f180	FUN_10d9f180	5
10d9f190	FUN_10d9f190	5
10d9f230	FUN_10d9f230	15
10d9f250	FUN_10d9f250	15
10d9f360	FUN_10d9f360	5
10d9f370	FUN_10d9f370	5
10d9f380	FUN_10d9f380	5
10d9f390	FUN_10d9f390	5
10d9f3a0	FUN_10d9f3a0	5
10d9f510	FUN_10d9f510	18
10d9f570	FUN_10d9f570	11
10d9f580	FUN_10d9f580	11
10d9f610	FUN_10d9f610	11
10d9f620	FUN_10d9f620	11
10d9f630	FUN_10d9f630	16
10d9f650	FUN_10d9f650	3
10d9f660	FUN_10d9f660	18
10d9fbf0	FUN_10d9fbf0	14
10d9fc10	FUN_10d9fc10	14
10d9fc30	FUN_10d9fc30	14
10d9fc50	FUN_10d9fc50	14
10d9fc70	FUN_10d9fc70	6
10d9fc80	FUN_10d9fc80	6
10d9fc90	FUN_10d9fc90	6
10d9fca0	FUN_10d9fca0	6
10d9fcb0	FUN_10d9fcb0	6
10da00f0	FUN_10da00f0	5
10da0100	FUN_10da0100	3
10da0110	FUN_10da0110	3
10da0120	FUN_10da0120	3
10da0130	FUN_10da0130	3
10da0140	FUN_10da0140	3
10da0150	FUN_10da0150	3
10da0160	FUN_10da0160	3
10da0170	FUN_10da0170	3
10da0410	FUN_10da0410	79
10da0480	FUN_10da0480	30
10da04b0	FUN_10da04b0	31
10da04e0	FUN_10da04e0	11
10da04f0	FUN_10da04f0	83
10da0560	FUN_10da0560	9
10da0570	FUN_10da0570	11
10da06e0	FUN_10da06e0	13
10da06f0	FUN_10da06f0	3
10da07c0	FUN_10da07c0	11
10da07d0	FUN_10da07d0	4
10da1c10	FUN_10da1c10	73
10da1f20	FUN_10da1f20	6
10da1f30	FUN_10da1f30	6
10da1f40	FUN_10da1f40	5
10da1f50	FUN_10da1f50	25
10da1f70	FUN_10da1f70	43
10da1fb0	FUN_10da1fb0	26
10da1fd0	FUN_10da1fd0	16
10da2030	FUN_10da2030	26
10da2050	FUN_10da2050	23
10da2070	FUN_10da2070	3
10da2080	FUN_10da2080	23
10da2520	FUN_10da2520	3
10da2530	FUN_10da2530	3
10da3370	FUN_10da3370	3
10da3380	FUN_10da3380	3
10da3390	FUN_10da3390	3
10da33a0	FUN_10da33a0	3
10da34b0	FUN_10da34b0	28
10da3ee0	FUN_10da3ee0	25
10da4130	FUN_10da4130	26
10da4150	FUN_10da4150	12
10da4360	FUN_10da4360	12
10da4370	FUN_10da4370	5
10da4380	FUN_10da4380	5
10da4390	FUN_10da4390	5
10da43a0	FUN_10da43a0	5
10da43b0	FUN_10da43b0	6
10da43c0	FUN_10da43c0	6
10da43d0	FUN_10da43d0	6
10da4420	FUN_10da4420	5
10da47f0	FUN_10da47f0	3
10da4800	FUN_10da4800	10
10da49c0	FUN_10da49c0	23
10da5070	FUN_10da5070	34
10da5370	FUN_10da5370	18
10da53b0	FUN_10da53b0	5
10da5460	FUN_10da5460	3
10da5470	FUN_10da5470	3
10da5480	FUN_10da5480	8
10da5490	FUN_10da5490	8
10da5b40	FUN_10da5b40	6
10da5c80	FUN_10da5c80	8
10da5ca0	FUN_10da5ca0	4
10da5cb0	FUN_10da5cb0	7
10da5cd0	FUN_10da5cd0	26
10da5cf0	FUN_10da5cf0	26
10da5d10	FUN_10da5d10	76
10da5d70	FUN_10da5d70	10
10da6850	FUN_10da6850	32
10da68d0	FUN_10da68d0	17
10da6b60	FUN_10da6b60	17
10da73c0	FUN_10da73c0	6
10da7520	FUN_10da7520	3
10da7530	FUN_10da7530	3
10da7800	FUN_10da7800	28
10da7830	FUN_10da7830	28
10da7860	FUN_10da7860	11
10da7e50	FUN_10da7e50	16
10da8110	FUN_10da8110	3
10da8120	FUN_10da8120	3
10da8cc0	FUN_10da8cc0	7
10da8cd0	FUN_10da8cd0	3
10da8ce0	FUN_10da8ce0	28
10da8ed0	FUN_10da8ed0	7
10da8ee0	FUN_10da8ee0	7
10da94e0	FUN_10da94e0	7
10da94f0	FUN_10da94f0	7
10da97b0	FUN_10da97b0	7
10da97c0	FUN_10da97c0	7
10da9a60	FUN_10da9a60	12
10da9e10	FUN_10da9e10	18
10da9fe0	FUN_10da9fe0	7
10daa020	FUN_10daa020	5
10daa060	FUN_10daa060	5
10daa0a0	FUN_10daa0a0	13
10daa0b0	FUN_10daa0b0	3
10daa0c0	FUN_10daa0c0	36
10daa0f0	FUN_10daa0f0	5
10daa100	FUN_10daa100	5
10daa150	FUN_10daa150	11
10daa160	FUN_10daa160	11
10daa6f0	FUN_10daa6f0	14
10daa710	FUN_10daa710	14
10daa730	FUN_10daa730	3
10daa740	FUN_10daa740	7
10daa750	FUN_10daa750	3
10daa760	FUN_10daa760	3
10daa770	FUN_10daa770	3
10daa780	FUN_10daa780	6
10daa790	FUN_10daa790	6
10daa7d0	FUN_10daa7d0	49
10daa880	FUN_10daa880	3
10daa890	FUN_10daa890	3
10daa8a0	FUN_10daa8a0	3
10daa8b0	FUN_10daa8b0	3
10daa960	FUN_10daa960	7
10daa970	FUN_10daa970	7
10daaa30	FUN_10daaa30	11
10daab90	FUN_10daab90	9
10daaba0	FUN_10daaba0	11
10dab3e0	FUN_10dab3e0	12
10dab490	FUN_10dab490	24
10dac930	FUN_10dac930	6
10dac940	FUN_10dac940	6
10dadc30	FUN_10dadc30	3
10dadc40	FUN_10dadc40	36
10dadc70	FUN_10dadc70	20
10dadd60	FUN_10dadd60	9
10dae360	thunk_FUN_111a0cc0	5
10db1dc0	FUN_10db1dc0	16
10db1de0	FUN_10db1de0	48
10db1e20	FUN_10db1e20	47
10db1fe0	FUN_10db1fe0	4
10db1ff0	FUN_10db1ff0	40
10db2480	FUN_10db2480	20
10db24a0	FUN_10db24a0	25
10db24c0	FUN_10db24c0	22
10db24e0	FUN_10db24e0	22
10db2800	FUN_10db2800	20
10db2820	FUN_10db2820	25
10db2840	FUN_10db2840	11
10db2850	FUN_10db2850	11
10db2860	FUN_10db2860	22
10db2880	FUN_10db2880	22
10db28a0	FUN_10db28a0	11
10db28b0	FUN_10db28b0	11
10db28c0	FUN_10db28c0	22
10db28e0	FUN_10db28e0	27
10db2910	FUN_10db2910	22
10db2930	FUN_10db2930	27
10db2960	FUN_10db2960	11
10db2970	FUN_10db2970	11
10db2980	FUN_10db2980	13
10db2990	FUN_10db2990	13
10db2a60	FUN_10db2a60	5
10db2a70	FUN_10db2a70	5
10db2f20	FUN_10db2f20	7
10db2f30	FUN_10db2f30	7
10db2f40	FUN_10db2f40	5
10db2f50	FUN_10db2f50	5
10db2f60	FUN_10db2f60	22
10db2f80	FUN_10db2f80	22
10db2fa0	FUN_10db2fa0	22
10db2fc0	FUN_10db2fc0	22
10db2fe0	FUN_10db2fe0	15
10db3000	FUN_10db3000	15
10db3020	FUN_10db3020	5
10db3030	FUN_10db3030	5
10db3040	FUN_10db3040	5
10db3050	FUN_10db3050	5
10db3060	FUN_10db3060	5
10db3070	FUN_10db3070	5
10db3080	FUN_10db3080	5
10db3090	FUN_10db3090	5
10db30a0	FUN_10db30a0	11
10db30b0	FUN_10db30b0	11
10db30c0	FUN_10db30c0	5
10db30d0	FUN_10db30d0	5
10db30e0	FUN_10db30e0	5
10db30f0	FUN_10db30f0	18
10db3110	FUN_10db3110	18
10db3230	FUN_10db3230	13
10db3240	FUN_10db3240	13
10db3290	FUN_10db3290	19
10db3340	FUN_10db3340	19
10db3360	FUN_10db3360	19
10db3740	FUN_10db3740	18
10db37e0	FUN_10db37e0	3
10db37f0	FUN_10db37f0	3
10db3800	FUN_10db3800	3
10db3810	FUN_10db3810	3
10db3820	FUN_10db3820	3
10db3830	FUN_10db3830	3
10db3840	FUN_10db3840	3
10db3850	FUN_10db3850	3
10db3860	FUN_10db3860	3
10db3870	FUN_10db3870	3
10db3da0	FUN_10db3da0	79
10db3e10	FUN_10db3e10	79
10db3e80	FUN_10db3e80	11
10db3e90	FUN_10db3e90	11
10db3ea0	FUN_10db3ea0	83
10db3f10	FUN_10db3f10	83
10db4870	FUN_10db4870	8
10db5610	FUN_10db5610	7
10db5620	FUN_10db5620	10
10db5630	FUN_10db5630	6
10db5640	FUN_10db5640	6
10db5650	FUN_10db5650	6
10db5660	FUN_10db5660	6
10db5670	FUN_10db5670	16
10db5690	FUN_10db5690	25
10db5750	FUN_10db5750	5
10db5d70	FUN_10db5d70	7
10db5ee0	FUN_10db5ee0	5
10db60d0	FUN_10db60d0	5
10db60e0	FUN_10db60e0	5
10db6660	FUN_10db6660	5
10db6670	FUN_10db6670	5
10db6680	FUN_10db6680	5
10db6690	FUN_10db6690	5
10db66a0	FUN_10db66a0	14
10db66c0	FUN_10db66c0	16
10db6720	FUN_10db6720	21
10db6740	FUN_10db6740	11
10db6750	FUN_10db6750	9
10db6760	FUN_10db6760	11
10db6770	FUN_10db6770	9
10db6780	FUN_10db6780	23
10db67a0	FUN_10db67a0	3
10db67b0	FUN_10db67b0	23
10db6b10	FUN_10db6b10	28
10db8ec0	FUN_10db8ec0	14
10db8ee0	FUN_10db8ee0	14
10db8f00	FUN_10db8f00	15
10db8f20	FUN_10db8f20	3
10db8f30	FUN_10db8f30	3
10db8f40	FUN_10db8f40	7
10db8f50	FUN_10db8f50	3
10db8f60	FUN_10db8f60	3
10db8f70	FUN_10db8f70	3
10db8f80	FUN_10db8f80	3
10db8f90	FUN_10db8f90	6
10db8fa0	FUN_10db8fa0	6
10db8fb0	FUN_10db8fb0	21
10db8fd0	FUN_10db8fd0	17
10db8ff0	FUN_10db8ff0	17
10db98b0	FUN_10db98b0	63
10db99b0	FUN_10db99b0	3
10db99e0	FUN_10db99e0	3
10db99f0	FUN_10db99f0	3
10db9a00	FUN_10db9a00	3
10db9a10	FUN_10db9a10	3
10db9a20	FUN_10db9a20	13
10db9a30	FUN_10db9a30	3
10db9a40	FUN_10db9a40	6
10db9dc0	FUN_10db9dc0	3
10dbb6c0	FUN_10dbb6c0	11
10dbc200	FUN_10dbc200	8
10dbc210	FUN_10dbc210	8
10dbc220	FUN_10dbc220	23
10dbda00	FUN_10dbda00	12
10dc3df0	FUN_10dc3df0	4
10dc3e20	FUN_10dc3e20	8
10dc5650	FUN_10dc5650	4
10dc5660	FUN_10dc5660	7
10dc5710	FUN_10dc5710	4
10dc5720	FUN_10dc5720	40
10dc5910	FUN_10dc5910	40
10dc5950	FUN_10dc5950	4
10dc5960	FUN_10dc5960	4
10dc5c10	FUN_10dc5c10	4
10dc5cb0	FUN_10dc5cb0	40
10dc5cf0	FUN_10dc5cf0	7
10dc5d00	FUN_10dc5d00	4
10dc5d20	FUN_10dc5d20	4
10dc5d30	FUN_10dc5d30	4
10dc5d60	FUN_10dc5d60	40
10dc5da0	FUN_10dc5da0	25
10dc5dc0	FUN_10dc5dc0	5
10dc5f20	FUN_10dc5f20	4
10dc64c0	FUN_10dc64c0	40
10dc73c0	FUN_10dc73c0	25
10dc73e0	FUN_10dc73e0	24
10dc7520	FUN_10dc7520	6
10dc7530	FUN_10dc7530	6
10dc75f0	FUN_10dc75f0	3
10dc7730	thunk_FUN_111a0620	5
10dc7760	FUN_10dc7760	14
10dc7a50	FUN_10dc7a50	10
10dc7a60	FUN_10dc7a60	12
10dc7c30	FUN_10dc7c30	10
10dc7c40	FUN_10dc7c40	10
10dc7c80	FUN_10dc7c80	10
10dc9780	FUN_10dc9780	12
10dcbe10	FUN_10dcbe10	29
10dcdef0	FUN_10dcdef0	6
10dce020	FUN_10dce020	21
10dcef50	FUN_10dcef50	6
10dcfb50	FUN_10dcfb50	39
10dcfb80	FUN_10dcfb80	25
10dcfba0	FUN_10dcfba0	5
10dcfbb0	FUN_10dcfbb0	5
10dcfbc0	FUN_10dcfbc0	91
10dcfc40	FUN_10dcfc40	3
10dcfcb0	FUN_10dcfcb0	3
10dcfcc0	FUN_10dcfcc0	3
10dcfcd0	FUN_10dcfcd0	3
10dcfd90	FUN_10dcfd90	26
10dcff70	FUN_10dcff70	7
10dcff80	FUN_10dcff80	7
10dcff90	FUN_10dcff90	7
10dcffa0	FUN_10dcffa0	16
10dcfff0	FUN_10dcfff0	19
10dd0010	FUN_10dd0010	13
10dd0020	FUN_10dd0020	5
10dd0030	FUN_10dd0030	5
10dd00d0	FUN_10dd00d0	5
10dd00e0	FUN_10dd00e0	5
10dd00f0	FUN_10dd00f0	13
10dd0100	FUN_10dd0100	19
10dd0120	FUN_10dd0120	3
10dd0130	FUN_10dd0130	3
10dd0140	FUN_10dd0140	45
10dd0180	FUN_10dd0180	5
10dd0190	FUN_10dd0190	5
10dd01a0	FUN_10dd01a0	5
10dd01b0	FUN_10dd01b0	5
10dd0270	FUN_10dd0270	16
10dd02d0	FUN_10dd02d0	16
10dd03b0	FUN_10dd03b0	18
10dd03d0	FUN_10dd03d0	37
10dd0400	FUN_10dd0400	11
10dd0410	FUN_10dd0410	11
10dd0420	FUN_10dd0420	23
10dd0440	FUN_10dd0440	3
10dd0450	FUN_10dd0450	3
10dd0540	FUN_10dd0540	23
10dd1840	FUN_10dd1840	12
10dd1850	FUN_10dd1850	12
10dd1860	FUN_10dd1860	3
10dd1870	FUN_10dd1870	7
10dd1880	FUN_10dd1880	3
10dd1890	FUN_10dd1890	31
10dd18c0	FUN_10dd18c0	6
10dd18d0	FUN_10dd18d0	18
10dd18f0	FUN_10dd18f0	14
10dd1910	FUN_10dd1910	14
10dd1ac0	FUN_10dd1ac0	49
10dd1b70	FUN_10dd1b70	3
10dd1b80	FUN_10dd1b80	3
10dd1b90	FUN_10dd1b90	3
10dd1ba0	FUN_10dd1ba0	3
10dd1bb0	FUN_10dd1bb0	3
10dd1bc0	FUN_10dd1bc0	3
10dd1bd0	FUN_10dd1bd0	3
10dd1be0	FUN_10dd1be0	3
10dd1bf0	FUN_10dd1bf0	3
10dd1c00	FUN_10dd1c00	3
10dd1c10	FUN_10dd1c10	16
10dd1e30	FUN_10dd1e30	4
10dd1e40	FUN_10dd1e40	4
10dd1e50	FUN_10dd1e50	4
10dd1e60	FUN_10dd1e60	4
10dd1e70	FUN_10dd1e70	3
10dd1e80	FUN_10dd1e80	3
10dd2040	FUN_10dd2040	18
10dd2060	FUN_10dd2060	3
10dd22c0	FUN_10dd22c0	11
10dd2310	FUN_10dd2310	9
10dd2320	FUN_10dd2320	7
10dd2330	FUN_10dd2330	6
10dd26d0	FUN_10dd26d0	13
10dd26e0	FUN_10dd26e0	13
10dd33e0	FUN_10dd33e0	60
10dd3760	FUN_10dd3760	4
10dd5360	FUN_10dd5360	6
10dd5370	FUN_10dd5370	6
10dd5380	FUN_10dd5380	6
10dd5390	FUN_10dd5390	6
10dd57e0	FUN_10dd57e0	14
10dd5800	FUN_10dd5800	14
10dd5820	FUN_10dd5820	14
10dd5940	FUN_10dd5940	3
10dd5b60	FUN_10dd5b60	45
10dd5c20	FUN_10dd5c20	28
10dd5c50	FUN_10dd5c50	28
10dd5d80	FUN_10dd5d80	10
10dd5d90	FUN_10dd5d90	10
10dd5da0	FUN_10dd5da0	4
10dd5db0	FUN_10dd5db0	4
10dd5dc0	FUN_10dd5dc0	4
10dd5dd0	FUN_10dd5dd0	9
10dd5de0	FUN_10dd5de0	9
10dd5ef0	FUN_10dd5ef0	39
10dd5f20	FUN_10dd5f20	39
10dd5f50	FUN_10dd5f50	18
10dd5f70	FUN_10dd5f70	18
10dd5f90	FUN_10dd5f90	39
10dd5fc0	FUN_10dd5fc0	39
10dd5ff0	FUN_10dd5ff0	22
10dd6010	FUN_10dd6010	22
10dd6030	FUN_10dd6030	18
10dd6050	FUN_10dd6050	18
10dd63b0	FUN_10dd63b0	22
10dd63d0	FUN_10dd63d0	22
10dd63f0	FUN_10dd63f0	41
10dd6430	FUN_10dd6430	41
10dd6470	FUN_10dd6470	41
10dd64b0	FUN_10dd64b0	41
10dd6620	FUN_10dd6620	13
10dd6630	FUN_10dd6630	13
10dd6640	FUN_10dd6640	13
10dd6650	FUN_10dd6650	13
10dd6660	FUN_10dd6660	3
10dd6670	FUN_10dd6670	3
10dd68e0	FUN_10dd68e0	15
10dd6900	FUN_10dd6900	15
10dd6940	FUN_10dd6940	26
10dd6960	FUN_10dd6960	5
10dd6970	FUN_10dd6970	5
10dd69e0	FUN_10dd69e0	3
10dd6e70	FUN_10dd6e70	5
10dd6e80	FUN_10dd6e80	5
10dd6e90	FUN_10dd6e90	5
10dd6ea0	FUN_10dd6ea0	5
10dd6eb0	FUN_10dd6eb0	5
10dd6ec0	FUN_10dd6ec0	5
10dd6ed0	FUN_10dd6ed0	5
10dd6ee0	FUN_10dd6ee0	5
10dd6ef0	FUN_10dd6ef0	5
10dd6f00	FUN_10dd6f00	5
10dd6f10	FUN_10dd6f10	5
10dd7010	FUN_10dd7010	36
10dd7040	FUN_10dd7040	36
10dd7070	FUN_10dd7070	36
10dd70a0	FUN_10dd70a0	36
10dd70f0	FUN_10dd70f0	12
10dd7100	FUN_10dd7100	15
10dd7120	FUN_10dd7120	15
10dd7140	FUN_10dd7140	15
10dd7160	FUN_10dd7160	15
10dd7180	FUN_10dd7180	5
10dd7190	FUN_10dd7190	5
10dd71a0	FUN_10dd71a0	5
10dd71b0	FUN_10dd71b0	5
10dd71c0	FUN_10dd71c0	5
10dd71d0	FUN_10dd71d0	5
10dd71e0	FUN_10dd71e0	18
10dd7200	FUN_10dd7200	18
10dd72a0	FUN_10dd72a0	11
10dd72b0	FUN_10dd72b0	11
10dd72c0	FUN_10dd72c0	11
10dd72d0	FUN_10dd72d0	11
10dd73e0	FUN_10dd73e0	11
10dd73f0	FUN_10dd73f0	11
10dd7400	FUN_10dd7400	16
10dd7420	FUN_10dd7420	16
10dd7440	FUN_10dd7440	3
10dd7450	FUN_10dd7450	3
10dd7fc0	FUN_10dd7fc0	19
10dd7fe0	FUN_10dd7fe0	19
10dd85b0	FUN_10dd85b0	14
10dd85d0	FUN_10dd85d0	14
10dd85f0	FUN_10dd85f0	14
10dd9180	FUN_10dd9180	3
10dd9190	FUN_10dd9190	3
10dd91a0	FUN_10dd91a0	3
10dd91b0	FUN_10dd91b0	3
10dd91c0	FUN_10dd91c0	3
10dd91d0	FUN_10dd91d0	3
10dd91e0	FUN_10dd91e0	3
10dd91f0	FUN_10dd91f0	3
10dd9200	FUN_10dd9200	3
10dd9210	FUN_10dd9210	3
10dd9220	FUN_10dd9220	3
10dd9230	FUN_10dd9230	3
10dd9240	FUN_10dd9240	3
10dd9250	FUN_10dd9250	3
10dd9260	FUN_10dd9260	3
10dd9270	FUN_10dd9270	3
10dd97a0	FUN_10dd97a0	79
10dd9810	FUN_10dd9810	79
10dd9880	FUN_10dd9880	11
10dd9890	FUN_10dd9890	11
10dd98a0	FUN_10dd98a0	83
10dd9910	FUN_10dd9910	83
10dda680	FUN_10dda680	11
10dda690	FUN_10dda690	11
10ddbb10	FUN_10ddbb10	6
10ddbb20	FUN_10ddbb20	6
10ddbb30	FUN_10ddbb30	6
10ddbb40	FUN_10ddbb40	6
10ddbb50	FUN_10ddbb50	7
10ddd0b0	FUN_10ddd0b0	26
10ddd0d0	FUN_10ddd0d0	5
10ddd0e0	FUN_10ddd0e0	5
10ddd0f0	FUN_10ddd0f0	6
10ddd130	FUN_10ddd130	16
10dde950	FUN_10dde950	3
10dde960	FUN_10dde960	3
10dde970	FUN_10dde970	7
10dde980	FUN_10dde980	3
10dde990	FUN_10dde990	17
10ddef30	FUN_10ddef30	25
10de20f0	FUN_10de20f0	4
10de2120	FUN_10de2120	6
10de2130	FUN_10de2130	4
10de28d0	FUN_10de28d0	3
10de28e0	FUN_10de28e0	3
10de2a10	FUN_10de2a10	28
10de2cd0	FUN_10de2cd0	10
10de2d40	FUN_10de2d40	12
10de4610	FUN_10de4610	40
10de4650	FUN_10de4650	6
10de4940	FUN_10de4940	16
10de5730	FUN_10de5730	3
10de5740	FUN_10de5740	3
10de5750	FUN_10de5750	4
10de5760	FUN_10de5760	3
10de66f0	FUN_10de66f0	16
10de6de0	FUN_10de6de0	7
10de6e00	FUN_10de6e00	7
10de6e20	FUN_10de6e20	7
10de86b0	FUN_10de86b0	6
10de8930	FUN_10de8930	3
10de8940	FUN_10de8940	3
10de8b70	FUN_10de8b70	28
10de8ba0	FUN_10de8ba0	28
10de8bd0	FUN_10de8bd0	28
10de8c00	FUN_10de8c00	28
10de9050	FUN_10de9050	25
10de9110	FUN_10de9110	23
10de91d0	FUN_10de91d0	23
10de9b00	FUN_10de9b00	14
10de9b20	FUN_10de9b20	14
10de9c00	FUN_10de9c00	40
10de9c40	FUN_10de9c40	5
10de9c50	FUN_10de9c50	5
10de9c60	FUN_10de9c60	5
10de9c70	FUN_10de9c70	5
10de9c80	FUN_10de9c80	5
10de9c90	FUN_10de9c90	5
10de9ca0	FUN_10de9ca0	3
10de9cb0	FUN_10de9cb0	23
10de9da0	FUN_10de9da0	28
10de9df0	FUN_10de9df0	65
10de9fd0	FUN_10de9fd0	3
10de9fe0	FUN_10de9fe0	3
10dea430	FUN_10dea430	27
10dea4f0	FUN_10dea4f0	6
10dea500	FUN_10dea500	6
10deb680	FUN_10deb680	40
10deb6c0	FUN_10deb6c0	18
10deb6e0	FUN_10deb6e0	25
10deb700	FUN_10deb700	25
10deb720	FUN_10deb720	24
10deb740	FUN_10deb740	24
10deb760	FUN_10deb760	22
10deb780	FUN_10deb780	18
10deb870	FUN_10deb870	31
10deb8a0	FUN_10deb8a0	11
10deb8b0	FUN_10deb8b0	11
10deb980	FUN_10deb980	22
10deb9a0	FUN_10deb9a0	18
10deb9c0	FUN_10deb9c0	11
10deb9d0	FUN_10deb9d0	18
10debb10	FUN_10debb10	33
10debc00	FUN_10debc00	24
10debc20	FUN_10debc20	3
10debc30	FUN_10debc30	3
10debdc0	FUN_10debdc0	13
10debdd0	FUN_10debdd0	13
10debde0	FUN_10debde0	13
10debdf0	FUN_10debdf0	113
10dec080	FUN_10dec080	3
10dec090	FUN_10dec090	23
10dec0b0	FUN_10dec0b0	23
10dec0d0	FUN_10dec0d0	23
10dec180	FUN_10dec180	23
10dec1a0	FUN_10dec1a0	23
10dec950	FUN_10dec950	15
10dec9f0	FUN_10dec9f0	7
10deca00	FUN_10deca00	7
10deca10	FUN_10deca10	7
10deca20	FUN_10deca20	7
10ded3e0	FUN_10ded3e0	5
10ded3f0	FUN_10ded3f0	5
10ded400	FUN_10ded400	37
10ded510	FUN_10ded510	188
10ded8f0	FUN_10ded8f0	7
10dedcc0	FUN_10dedcc0	5
10dedcd0	FUN_10dedcd0	5
10dedce0	FUN_10dedce0	5
10dedcf0	FUN_10dedcf0	5
10dedd00	FUN_10dedd00	5
10dedd10	FUN_10dedd10	5
10dedd20	FUN_10dedd20	5
10dedd30	FUN_10dedd30	5
10dedd40	FUN_10dedd40	5
10dedd50	FUN_10dedd50	5
10dedd60	FUN_10dedd60	5
10dedd70	FUN_10dedd70	5
10dedd80	FUN_10dedd80	27
10dedde0	FUN_10dedde0	14
10dede00	FUN_10dede00	14
10dede20	FUN_10dede20	14
10dede40	FUN_10dede40	95
10dedf30	FUN_10dedf30	26
10dedf50	FUN_10dedf50	28
10dedf80	FUN_10dedf80	40
10dedfc0	FUN_10dedfc0	40
10dee000	FUN_10dee000	15
10dee020	FUN_10dee020	15
10dee040	FUN_10dee040	15
10dee060	FUN_10dee060	5
10dee070	FUN_10dee070	5
10dee080	FUN_10dee080	5
10dee090	FUN_10dee090	5
10dee0a0	FUN_10dee0a0	5
10dee0b0	FUN_10dee0b0	5
10dee0c0	FUN_10dee0c0	5
10dee0d0	FUN_10dee0d0	5
10dee0e0	FUN_10dee0e0	5
10dee0f0	FUN_10dee0f0	5
10dee100	FUN_10dee100	5
10dee110	FUN_10dee110	5
10dee120	FUN_10dee120	11
10dee130	FUN_10dee130	67
10dee190	FUN_10dee190	75
10dee1f0	FUN_10dee1f0	5
10dee200	FUN_10dee200	5
10dee210	FUN_10dee210	5
10dee220	FUN_10dee220	18
10dee240	FUN_10dee240	18
10dee2a0	FUN_10dee2a0	11
10dee2b0	FUN_10dee2b0	11
10dee380	FUN_10dee380	11
10dee390	FUN_10dee390	11
10dee3a0	FUN_10dee3a0	16
10dee3c0	FUN_10dee3c0	11
10dee3d0	FUN_10dee3d0	11
10dee3e0	FUN_10dee3e0	11
10dee3f0	FUN_10dee3f0	11
10dee400	FUN_10dee400	3
10dee410	FUN_10dee410	3
10dee420	FUN_10dee420	3
10dee5d0	FUN_10dee5d0	13
10dee5e0	FUN_10dee5e0	23
10dee600	FUN_10dee600	23
10def410	FUN_10def410	14
10def430	FUN_10def430	14
10def710	FUN_10def710	17
10def840	FUN_10def840	15
10def860	FUN_10def860	21
10def880	FUN_10def880	6
10def890	FUN_10def890	6
10def8a0	FUN_10def8a0	6
10def8b0	FUN_10def8b0	6
10deff00	FUN_10deff00	3
10deff10	FUN_10deff10	3
10deff20	FUN_10deff20	3
10deff30	FUN_10deff30	3
10deff40	FUN_10deff40	3
10deff50	FUN_10deff50	3
10deff60	FUN_10deff60	3
10deff70	FUN_10deff70	3
10deff80	FUN_10deff80	3
10deffa0	FUN_10deffa0	3
10deffb0	FUN_10deffb0	3
10deffc0	FUN_10deffc0	3
10df0260	FUN_10df0260	79
10df02d0	FUN_10df02d0	21
10df02f0	FUN_10df02f0	27
10df0320	FUN_10df0320	30
10df0350	FUN_10df0350	31
10df0380	FUN_10df0380	3
10df0390	FUN_10df0390	3
10df03a0	FUN_10df03a0	3
10df03b0	FUN_10df03b0	11
10df03c0	FUN_10df03c0	11
10df03d0	FUN_10df03d0	8
10df03e0	FUN_10df03e0	83
10df0520	FUN_10df0520	24
10df0540	FUN_10df0540	24
10df0560	FUN_10df0560	24
10df0580	FUN_10df0580	24
10df05a0	FUN_10df05a0	3
10df05b0	FUN_10df05b0	3
10df0650	FUN_10df0650	11
10df0660	FUN_10df0660	11
10df0670	FUN_10df0670	27
10df0ac0	FUN_10df0ac0	11
10df0ad0	FUN_10df0ad0	11
10df0ae0	FUN_10df0ae0	12
10df0af0	FUN_10df0af0	12
10df0b00	FUN_10df0b00	12
10df0b10	FUN_10df0b10	12
10df16e0	FUN_10df16e0	7
10df17a0	FUN_10df17a0	7
10df17b0	FUN_10df17b0	6
10df17c0	FUN_10df17c0	6
10df17d0	FUN_10df17d0	6
10df17e0	FUN_10df17e0	6
10df17f0	FUN_10df17f0	5
10df1800	FUN_10df1800	5
10df1810	FUN_10df1810	40
10df1850	FUN_10df1850	40
10df1b40	FUN_10df1b40	5
10df1b50	FUN_10df1b50	23
10df1b70	FUN_10df1b70	27
10df2100	FUN_10df2100	25
10df2120	FUN_10df2120	20
10df2140	FUN_10df2140	20
10df2340	FUN_10df2340	7
10df2380	FUN_10df2380	15
10df23a0	FUN_10df23a0	38
10df23d0	FUN_10df23d0	5
10df23e0	FUN_10df23e0	5
10df23f0	FUN_10df23f0	21
10df2410	FUN_10df2410	23
10df2430	FUN_10df2430	3
10df2440	FUN_10df2440	23
10df27b0	FUN_10df27b0	32
10df27e0	FUN_10df27e0	3
10df29a0	FUN_10df29a0	12
10df29b0	FUN_10df29b0	12
10df29c0	FUN_10df29c0	12
10df29d0	FUN_10df29d0	15
10df2bd0	FUN_10df2bd0	3
10df2be0	FUN_10df2be0	6
10df2c20	FUN_10df2c20	35
10df2c50	FUN_10df2c50	35
10df2c80	FUN_10df2c80	7
10df2c90	FUN_10df2c90	7
10df2ca0	FUN_10df2ca0	7
10df2d70	FUN_10df2d70	3
10df2d80	FUN_10df2d80	3
10df3ef0	FUN_10df3ef0	38
10df3fb0	FUN_10df3fb0	9
10df3fc0	FUN_10df3fc0	9
10df4820	FUN_10df4820	22
10df4910	FUN_10df4910	22
10df4930	FUN_10df4930	33
10df4a70	FUN_10df4a70	26
10df4a90	FUN_10df4a90	83
10df4b00	FUN_10df4b00	18
10df4e80	FUN_10df4e80	13
10df4ec0	FUN_10df4ec0	36
10df4ef0	FUN_10df4ef0	15
10df4f10	FUN_10df4f10	5
10df4f20	FUN_10df4f20	5
10df4f30	FUN_10df4f30	5
10df4f40	FUN_10df4f40	16
10df4fe0	FUN_10df4fe0	25
10df5000	FUN_10df5000	49
10dff830	FUN_10dff830	3
10dff840	FUN_10dff840	3
10dff850	FUN_10dff850	3
10e009e0	FUN_10e009e0	79
10e00a50	FUN_10e00a50	83
10e01d00	FUN_10e01d00	17
10e01df0	FUN_10e01df0	6
10e01e00	FUN_10e01e00	6
10e06aa0	FUN_10e06aa0	3
10e06ab0	FUN_10e06ab0	3
10e06ac0	FUN_10e06ac0	36
10e06b70	FUN_10e06b70	28
10e06ba0	FUN_10e06ba0	20
10e0a320	FUN_10e0a320	4
10e0b030	FUN_10e0b030	25
10e0b050	FUN_10e0b050	18
10e0b070	FUN_10e0b070	18
10e0b090	FUN_10e0b090	40
10e0b0d0	FUN_10e0b0d0	22
10e0b0f0	FUN_10e0b0f0	22
10e0b110	FUN_10e0b110	18
10e0b130	FUN_10e0b130	18
10e0b310	FUN_10e0b310	22
10e0b330	FUN_10e0b330	22
10e0b350	FUN_10e0b350	42
10e0b400	FUN_10e0b400	13
10e0b410	FUN_10e0b410	13
10e0b420	FUN_10e0b420	13
10e0b430	FUN_10e0b430	13
10e0b440	FUN_10e0b440	3
10e0b450	FUN_10e0b450	3
10e0b460	FUN_10e0b460	3
10e0b760	FUN_10e0b760	15
10e0b780	FUN_10e0b780	15
10e0b8e0	FUN_10e0b8e0	5
10e0b8f0	FUN_10e0b8f0	5
10e0bbc0	FUN_10e0bbc0	5
10e0bbd0	FUN_10e0bbd0	5
10e0bbe0	FUN_10e0bbe0	5
10e0bbf0	FUN_10e0bbf0	5
10e0bc00	FUN_10e0bc00	5
10e0bc10	FUN_10e0bc10	5
10e0bc20	FUN_10e0bc20	5
10e0bc30	FUN_10e0bc30	5
10e0bc40	FUN_10e0bc40	5
10e0bc50	FUN_10e0bc50	30
10e0bdd0	FUN_10e0bdd0	15
10e0bdf0	FUN_10e0bdf0	15
10e0be10	FUN_10e0be10	15
10e0be30	FUN_10e0be30	15
10e0be50	FUN_10e0be50	5
10e0be60	FUN_10e0be60	5
10e0be70	FUN_10e0be70	5
10e0be80	FUN_10e0be80	5
10e0be90	FUN_10e0be90	5
10e0bea0	FUN_10e0bea0	5
10e0beb0	FUN_10e0beb0	25
10e0bed0	FUN_10e0bed0	18
10e0bef0	FUN_10e0bef0	18
10e0c090	FUN_10e0c090	16
10e0c0b0	FUN_10e0c0b0	16
10e0c0d0	FUN_10e0c0d0	23
10e0c0f0	FUN_10e0c0f0	3
10e0c100	FUN_10e0c100	3
10e0c110	FUN_10e0c110	3
10e0c1c0	FUN_10e0c1c0	23
10e0c1e0	FUN_10e0c1e0	21
10e0c5f0	FUN_10e0c5f0	19
10e0ccb0	FUN_10e0ccb0	3
10e0ccc0	FUN_10e0ccc0	3
10e0ccd0	FUN_10e0ccd0	3
10e0cce0	FUN_10e0cce0	3
10e0ccf0	FUN_10e0ccf0	3
10e0cd00	FUN_10e0cd00	3
10e0cd10	FUN_10e0cd10	3
10e0cd20	FUN_10e0cd20	3
10e0cd30	FUN_10e0cd30	3
10e0cd40	FUN_10e0cd40	3
10e0cd50	FUN_10e0cd50	3
10e0cd60	FUN_10e0cd60	3
10e0cd70	FUN_10e0cd70	3
10e0cd80	FUN_10e0cd80	3
10e0cd90	FUN_10e0cd90	3
10e0cda0	FUN_10e0cda0	3
10e0cdb0	FUN_10e0cdb0	3
10e0cdc0	FUN_10e0cdc0	3
10e0cdd0	FUN_10e0cdd0	3
10e0d300	FUN_10e0d300	79
10e0d370	FUN_10e0d370	79
10e0d3e0	FUN_10e0d3e0	11
10e0d3f0	FUN_10e0d3f0	11
10e0d400	FUN_10e0d400	83
10e0d470	FUN_10e0d470	83
10e0ef90	FUN_10e0ef90	22
10e0efb0	FUN_10e0efb0	8
10e10ea0	FUN_10e10ea0	3
10e11f60	FUN_10e11f60	6
10e11f70	FUN_10e11f70	6
10e11f80	FUN_10e11f80	6
10e11f90	FUN_10e11f90	6
10e12090	FUN_10e12090	4
10e120c0	FUN_10e120c0	4
10e13720	FUN_10e13720	14
10e13740	FUN_10e13740	14
10e13760	FUN_10e13760	3
10e13770	FUN_10e13770	3
10e13780	FUN_10e13780	6
10e13790	FUN_10e13790	6
10e14310	FUN_10e14310	3
10e19860	FUN_10e19860	12
10e1ef30	FUN_10e1ef30	7
10e1ef40	FUN_10e1ef40	7
10e24e10	FUN_10e24e10	26
10e24e30	FUN_10e24e30	83
10e25160	FUN_10e25160	5
10e25170	FUN_10e25170	5
10e25180	FUN_10e25180	5
10e25190	FUN_10e25190	5
10e25420	FUN_10e25420	16
10e25440	FUN_10e25440	16
10e25460	FUN_10e25460	16
10e254a0	FUN_10e254a0	10
10e254b0	FUN_10e254b0	10
10e254c0	FUN_10e254c0	10
10e254d0	FUN_10e254d0	10
10e254e0	FUN_10e254e0	12
10e25570	FUN_10e25570	12
10e25600	FUN_10e25600	12
10e25690	FUN_10e25690	12
10e28cd0	FUN_10e28cd0	7
10e28ce0	FUN_10e28ce0	7
10e28cf0	FUN_10e28cf0	7
10e28d00	FUN_10e28d00	7
10e28d10	FUN_10e28d10	3
10e28d20	FUN_10e28d20	7
10e28d30	FUN_10e28d30	3
10e28d40	FUN_10e28d40	7
10e28d50	FUN_10e28d50	3
10e28d60	FUN_10e28d60	7
10e28d70	FUN_10e28d70	8
10e28d80	FUN_10e28d80	8
10e28d90	FUN_10e28d90	8
10e28da0	FUN_10e28da0	8
10e28db0	FUN_10e28db0	4
10e28dc0	FUN_10e28dc0	4
10e28dd0	FUN_10e28dd0	4
10e28de0	FUN_10e28de0	4
10e28df0	FUN_10e28df0	3
10e2a960	FUN_10e2a960	8
10e2a970	FUN_10e2a970	8
10e2a980	FUN_10e2a980	8
10e2a990	FUN_10e2a990	8
10e2a9a0	FUN_10e2a9a0	4
10e2a9b0	FUN_10e2a9b0	4
10e2a9c0	FUN_10e2a9c0	4
10e2a9d0	FUN_10e2a9d0	4
10e2a9e0	FUN_10e2a9e0	7
10e2a9f0	FUN_10e2a9f0	7
10e2aa00	FUN_10e2aa00	7
10e2aa10	FUN_10e2aa10	7
10e2aa20	FUN_10e2aa20	26
10e2aa40	FUN_10e2aa40	26
10e2aa60	FUN_10e2aa60	26
10e2aa80	FUN_10e2aa80	26
10e2aaa0	FUN_10e2aaa0	10
10e2aab0	FUN_10e2aab0	10
10e2aac0	FUN_10e2aac0	10
10e2aad0	FUN_10e2aad0	10
10e2f170	FUN_10e2f170	16
10e2f190	FUN_10e2f190	16
10e2f1b0	FUN_10e2f1b0	16
10e2f1d0	FUN_10e2f1d0	16
10e30000	FUN_10e30000	4
10e30980	FUN_10e30980	4
10e30990	FUN_10e30990	4
10e309a0	FUN_10e309a0	4
10e309b0	FUN_10e309b0	4
10e3cad0	FUN_10e3cad0	3
10e3e480	FUN_10e3e480	7
10e3e490	FUN_10e3e490	7
10e3e4a0	FUN_10e3e4a0	7
10e3f0d0	FUN_10e3f0d0	3
10e3f0e0	FUN_10e3f0e0	3
10e3f0f0	FUN_10e3f0f0	3
10e3f200	FUN_10e3f200	28
10e3f230	FUN_10e3f230	28
10e3f260	FUN_10e3f260	28
10e3f290	FUN_10e3f290	28
10e3f2c0	FUN_10e3f2c0	28
10e3f2f0	FUN_10e3f2f0	28
10e45dd0	FUN_10e45dd0	25
10e45df0	FUN_10e45df0	25
10e45e10	FUN_10e45e10	3
10e46230	FUN_10e46230	48
10e46500	FUN_10e46500	7
10e46510	FUN_10e46510	7
10e46520	FUN_10e46520	7
10e46530	FUN_10e46530	92
10e465b0	FUN_10e465b0	3
10e46690	FUN_10e46690	24
10e466b0	FUN_10e466b0	5
10e466c0	FUN_10e466c0	5
10e468e0	FUN_10e468e0	5
10e468f0	FUN_10e468f0	5
10e46900	FUN_10e46900	18
10e46920	FUN_10e46920	20
10e46940	FUN_10e46940	37
10e46af0	FUN_10e46af0	12
10e46b50	FUN_10e46b50	5
10e46b60	FUN_10e46b60	5
10e46b70	FUN_10e46b70	5
10e46b80	FUN_10e46b80	5
10e46b90	FUN_10e46b90	5
10e46ba0	FUN_10e46ba0	12
10e46bb0	FUN_10e46bb0	49
10e46d60	FUN_10e46d60	21
10e46d80	FUN_10e46d80	21
10e46da0	FUN_10e46da0	11
10e46db0	FUN_10e46db0	11
10e46dc0	FUN_10e46dc0	23
10e46de0	FUN_10e46de0	3
10e46eb0	FUN_10e46eb0	23
10e46ed0	FUN_10e46ed0	43
10e476a0	FUN_10e476a0	65
10e47700	FUN_10e47700	31
10e47790	FUN_10e47790	5
10e47800	FUN_10e47800	14
10e47820	FUN_10e47820	14
10e47840	FUN_10e47840	22
10e47860	FUN_10e47860	3
10e47870	FUN_10e47870	3
10e47880	FUN_10e47880	6
10e47890	FUN_10e47890	16
10e478b0	FUN_10e478b0	6
10e480d0	FUN_10e480d0	30
10e48100	FUN_10e48100	49
10e48140	FUN_10e48140	49
10e48370	FUN_10e48370	3
10e48380	FUN_10e48380	21
10e483e0	FUN_10e483e0	3
10e483f0	FUN_10e483f0	3
10e48400	FUN_10e48400	3
10e48410	FUN_10e48410	3
10e48420	FUN_10e48420	3
10e48430	FUN_10e48430	3
10e48440	FUN_10e48440	3
10e48450	FUN_10e48450	3
10e48460	FUN_10e48460	3
10e48470	FUN_10e48470	6
10e48480	FUN_10e48480	6
10e485b0	FUN_10e485b0	24
10e485d0	FUN_10e485d0	24
10e48b70	FUN_10e48b70	11
10e48d10	FUN_10e48d10	9
10e48d20	FUN_10e48d20	9
10e4a8b0	FUN_10e4a8b0	12
10e4dda0	FUN_10e4dda0	3
10e4e460	FUN_10e4e460	6
10e4e470	FUN_10e4e470	6
10e4e480	FUN_10e4e480	6
10e4e490	FUN_10e4e490	6
10e4f810	FUN_10e4f810	5
10e4fb10	FUN_10e4fb10	9
10e5a2e0	FUN_10e5a2e0	18
10e5a300	FUN_10e5a300	25
10e5a320	FUN_10e5a320	32
10e5a350	FUN_10e5a350	22
10e5a370	FUN_10e5a370	18
10e5a450	FUN_10e5a450	22
10e5a470	FUN_10e5a470	34
10e5a4a0	FUN_10e5a4a0	91
10e5a520	FUN_10e5a520	83
10e5a5b0	FUN_10e5a5b0	13
10e5a5c0	FUN_10e5a5c0	13
10e5a5d0	FUN_10e5a5d0	3
10e5ad50	FUN_10e5ad50	15
10e5adf0	FUN_10e5adf0	7
10e5ae00	FUN_10e5ae00	5
10e5af60	FUN_10e5af60	5
10e5b110	FUN_10e5b110	5
10e5b120	FUN_10e5b120	5
10e5b130	FUN_10e5b130	5
10e5b140	FUN_10e5b140	5
10e5b150	FUN_10e5b150	5
10e5b580	FUN_10e5b580	29
10e5b8f0	FUN_10e5b8f0	15
10e5b910	FUN_10e5b910	15
10e5b930	FUN_10e5b930	5
10e5b940	FUN_10e5b940	5
10e5b950	FUN_10e5b950	5
10e5b960	FUN_10e5b960	5
10e5b970	FUN_10e5b970	5
10e5b980	FUN_10e5b980	5
10e5b990	FUN_10e5b990	5
10e5b9a0	FUN_10e5b9a0	5
10e5b9b0	FUN_10e5b9b0	5
10e5b9c0	FUN_10e5b9c0	5
10e5b9d0	FUN_10e5b9d0	5
10e5b9e0	FUN_10e5b9e0	6
10e5b9f0	FUN_10e5b9f0	5
10e5bd90	FUN_10e5bd90	16
10e5beb0	FUN_10e5beb0	16
10e5bf90	FUN_10e5bf90	18
10e5bfb0	FUN_10e5bfb0	10
10e5bfc0	FUN_10e5bfc0	10
10e5bfd0	FUN_10e5bfd0	10
10e5bfe0	FUN_10e5bfe0	10
10e5bff0	FUN_10e5bff0	10
10e5c040	FUN_10e5c040	11
10e5c050	FUN_10e5c050	11
10e5c0e0	FUN_10e5c0e0	11
10e5c0f0	FUN_10e5c0f0	16
10e5c110	FUN_10e5c110	21
10e5c130	FUN_10e5c130	23
10e5c150	FUN_10e5c150	3
10e5c160	FUN_10e5c160	3
10e5c170	FUN_10e5c170	12
10e5c200	FUN_10e5c200	12
10e5c290	FUN_10e5c290	12
10e5c320	FUN_10e5c320	12
10e5c3b0	FUN_10e5c3b0	12
10e5c490	FUN_10e5c490	23
10e5d850	FUN_10e5d850	28
10e5da10	FUN_10e5da10	28
10e5e4e0	FUN_10e5e4e0	19
10e5f570	FUN_10e5f570	65
10e5f810	FUN_10e5f810	14
10e5f830	FUN_10e5f830	14
10e5f940	FUN_10e5f940	15
10e5f960	FUN_10e5f960	3
10e5f970	FUN_10e5f970	7
10e5f980	FUN_10e5f980	8
10e5f990	FUN_10e5f990	8
10e5f9a0	FUN_10e5f9a0	8
10e5f9b0	FUN_10e5f9b0	8
10e5f9c0	FUN_10e5f9c0	8
10e5f9d0	FUN_10e5f9d0	4
10e5f9e0	FUN_10e5f9e0	4
10e5f9f0	FUN_10e5f9f0	4
10e5fa00	FUN_10e5fa00	4
10e5fa10	FUN_10e5fa10	4
10e5fa20	FUN_10e5fa20	3
10e5fa30	FUN_10e5fa30	3
10e5fa40	FUN_10e5fa40	6
10e5fa50	FUN_10e5fa50	6
10e5fa60	FUN_10e5fa60	6
10e610f0	FUN_10e610f0	62
10e61230	FUN_10e61230	8
10e61240	FUN_10e61240	8
10e61250	FUN_10e61250	8
10e61260	FUN_10e61260	8
10e61270	FUN_10e61270	8
10e61690	FUN_10e61690	3
10e616a0	FUN_10e616a0	3
10e616b0	FUN_10e616b0	3
10e616c0	FUN_10e616c0	3
10e616d0	FUN_10e616d0	3
10e616e0	FUN_10e616e0	3
10e616f0	FUN_10e616f0	3
10e61700	FUN_10e61700	3
10e61710	FUN_10e61710	3
10e61720	FUN_10e61720	3
10e61730	FUN_10e61730	3
10e61740	FUN_10e61740	3
10e61750	FUN_10e61750	4
10e61760	FUN_10e61760	4
10e61770	FUN_10e61770	4
10e61780	FUN_10e61780	4
10e61790	FUN_10e61790	4
10e61a30	FUN_10e61a30	7
10e61a40	FUN_10e61a40	7
10e61a50	FUN_10e61a50	7
10e61a60	FUN_10e61a60	7
10e61a70	FUN_10e61a70	7
10e61af0	FUN_10e61af0	30
10e61b50	FUN_10e61b50	3
10e61b60	FUN_10e61b60	3
10e61b70	FUN_10e61b70	11
10e61b80	FUN_10e61b80	6
10e61b90	FUN_10e61b90	26
10e61bb0	FUN_10e61bb0	26
10e61bd0	FUN_10e61bd0	26
10e61bf0	FUN_10e61bf0	26
10e61c10	FUN_10e61c10	26
10e61ca0	FUN_10e61ca0	10
10e61cb0	FUN_10e61cb0	10
10e61cc0	FUN_10e61cc0	10
10e61cd0	FUN_10e61cd0	10
10e61ce0	FUN_10e61ce0	10
10e620f0	FUN_10e620f0	11
10e65eb0	FUN_10e65eb0	13
10e66b30	FUN_10e66b30	22
10e693a0	FUN_10e693a0	16
10e693c0	FUN_10e693c0	16
10e693e0	FUN_10e693e0	16
10e69400	FUN_10e69400	16
10e69420	FUN_10e69420	16
10e69680	FUN_10e69680	8
10e69690	FUN_10e69690	11
10e69d00	FUN_10e69d00	4
10e69d10	FUN_10e69d10	4
10e69d20	FUN_10e69d20	4
10e69d30	FUN_10e69d30	4
10e69d40	FUN_10e69d40	4
10e69e00	FUN_10e69e00	4
10e71450	FUN_10e71450	6
10e71480	FUN_10e71480	7
10e71490	FUN_10e71490	7
10e716f0	FUN_10e716f0	11
10e71700	FUN_10e71700	6
10e71710	FUN_10e71710	6
10e71720	FUN_10e71720	6
10e71730	FUN_10e71730	6
10e72170	FUN_10e72170	5
10e721a0	FUN_10e721a0	3
10e721b0	FUN_10e721b0	3
10e72e10	FUN_10e72e10	28
10e72e40	FUN_10e72e40	28
10e72e70	FUN_10e72e70	28
10e72ea0	FUN_10e72ea0	28
10e72ed0	FUN_10e72ed0	28
10e733b0	FUN_10e733b0	8
10e75660	FUN_10e75660	11
10e75700	FUN_10e75700	10
10e75710	FUN_10e75710	4
10e75720	FUN_10e75720	22
10e77f90	FUN_10e77f90	24
10e79210	FUN_10e79210	16
10e7fde0	FUN_10e7fde0	3
10e83090	FUN_10e83090	78
10e838f0	FUN_10e838f0	3
10e868c0	FUN_10e868c0	28
10e89f30	FUN_10e89f30	25
10e89f50	FUN_10e89f50	22
10e8a030	FUN_10e8a030	22
10e8a050	FUN_10e8a050	27
10e8a080	FUN_10e8a080	43
10e8a0c0	FUN_10e8a0c0	26
10e8a0e0	FUN_10e8a0e0	91
10e8a160	FUN_10e8a160	91
10e8a1e0	FUN_10e8a1e0	91
10e8a260	FUN_10e8a260	91
10e8a360	FUN_10e8a360	91
10e8a3e0	FUN_10e8a3e0	91
10e8a460	FUN_10e8a460	91
10e8a4e0	FUN_10e8a4e0	91
10e8a560	FUN_10e8a560	43
10e8a5a0	FUN_10e8a5a0	43
10e8add0	FUN_10e8add0	40
10e8ae10	FUN_10e8ae10	40
10e8ae50	FUN_10e8ae50	40
10e8ae90	FUN_10e8ae90	40
10e8aed0	FUN_10e8aed0	40
10e8af10	FUN_10e8af10	40
10e8af50	FUN_10e8af50	40
10e8af90	FUN_10e8af90	40
10e8afd0	FUN_10e8afd0	40
10e8b010	FUN_10e8b010	40
10e8b050	FUN_10e8b050	40
10e8b090	FUN_10e8b090	40
10e8b0d0	FUN_10e8b0d0	40
10e8b110	FUN_10e8b110	40
10e8b150	FUN_10e8b150	40
10e8b190	FUN_10e8b190	40
10e8b1d0	FUN_10e8b1d0	40
10e8b210	FUN_10e8b210	40
10e8b250	FUN_10e8b250	40
10e8b290	FUN_10e8b290	40
10e8b2d0	FUN_10e8b2d0	40
10e8b310	FUN_10e8b310	22
10e8b330	FUN_10e8b330	5
10e8b340	FUN_10e8b340	5
10e8b350	FUN_10e8b350	5
10e8b360	FUN_10e8b360	5
10e8b370	FUN_10e8b370	5
10e8b380	FUN_10e8b380	5
10e8b390	FUN_10e8b390	5
10e8b3a0	FUN_10e8b3a0	6
10e8b3b0	FUN_10e8b3b0	6
10e8b3c0	FUN_10e8b3c0	6
10e8bb40	FUN_10e8bb40	16
10e8be20	FUN_10e8be20	16
10e8bfc0	FUN_10e8bfc0	10
10e8bfd0	FUN_10e8bfd0	10
10e8bfe0	FUN_10e8bfe0	10
10e8bff0	FUN_10e8bff0	10
10e8c000	FUN_10e8c000	10
10e8c010	FUN_10e8c010	10
10e8c020	FUN_10e8c020	10
10e8c030	FUN_10e8c030	12
10e8c140	FUN_10e8c140	10
10e8c1d0	FUN_10e8c1d0	10
10e8c260	FUN_10e8c260	10
10e8c2f0	FUN_10e8c2f0	10
10e8c300	FUN_10e8c300	10
10e8c310	FUN_10e8c310	12
10e96930	FUN_10e96930	8
10e96940	FUN_10e96940	8
10e96950	FUN_10e96950	8
10e96960	FUN_10e96960	8
10e96970	FUN_10e96970	8
10e96980	FUN_10e96980	8
10e96990	FUN_10e96990	4
10e969a0	FUN_10e969a0	4
10e969b0	FUN_10e969b0	4
10e969c0	FUN_10e969c0	4
10e969d0	FUN_10e969d0	4
10e969e0	FUN_10e969e0	4
10e969f0	FUN_10e969f0	4
10e96a00	FUN_10e96a00	4
10e96a10	FUN_10e96a10	4
10e96a20	FUN_10e96a20	4
10e96a30	FUN_10e96a30	4
10e96a40	FUN_10e96a40	3
10e96a50	FUN_10e96a50	3
10e96a60	FUN_10e96a60	3
10e96a70	FUN_10e96a70	3
10e96a80	FUN_10e96a80	3
10e99970	FUN_10e99970	8
10e99980	FUN_10e99980	8
10e99990	FUN_10e99990	8
10e999a0	FUN_10e999a0	8
10e999b0	FUN_10e999b0	8
10e999c0	FUN_10e999c0	8
10e999d0	FUN_10e999d0	4
10e999e0	FUN_10e999e0	4
10e999f0	FUN_10e999f0	4
10e99a00	FUN_10e99a00	4
10e99a10	FUN_10e99a10	4
10e99a20	FUN_10e99a20	4
10e99a30	FUN_10e99a30	7
10e99a40	FUN_10e99a40	7
10e99a50	FUN_10e99a50	7
10e99a60	FUN_10e99a60	7
10e99a70	FUN_10e99a70	7
10e99a80	FUN_10e99a80	7
10e99a90	FUN_10e99a90	26
10e99ab0	FUN_10e99ab0	26
10e99ad0	FUN_10e99ad0	26
10e99af0	FUN_10e99af0	26
10e99b10	FUN_10e99b10	26
10e99b30	FUN_10e99b30	26
10e99b50	FUN_10e99b50	10
10e99b60	FUN_10e99b60	10
10e99b70	FUN_10e99b70	10
10e99b80	FUN_10e99b80	10
10e99b90	FUN_10e99b90	10
10e99ba0	FUN_10e99ba0	10
10e9c270	FUN_10e9c270	3
10e9d060	FUN_10e9d060	16
10e9d080	FUN_10e9d080	16
10e9d0a0	FUN_10e9d0a0	16
10e9d0c0	FUN_10e9d0c0	16
10e9d0e0	FUN_10e9d0e0	16
10e9d100	FUN_10e9d100	16
10e9d120	FUN_10e9d120	16
10e9d140	FUN_10e9d140	16
10e9d160	FUN_10e9d160	16
10e9d180	FUN_10e9d180	16
10e9d1a0	FUN_10e9d1a0	16
10e9d1c0	FUN_10e9d1c0	16
10e9d1e0	FUN_10e9d1e0	16
10e9d200	FUN_10e9d200	16
10e9d220	FUN_10e9d220	16
10e9d240	FUN_10e9d240	16
10e9d260	FUN_10e9d260	16
10e9d280	FUN_10e9d280	16
10e9d2a0	FUN_10e9d2a0	16
10e9d2c0	FUN_10e9d2c0	16
10e9d2e0	FUN_10e9d2e0	16
10e9d300	FUN_10e9d300	16
10e9d320	FUN_10e9d320	16
10e9d340	FUN_10e9d340	16
10e9d360	FUN_10e9d360	16
10e9d380	FUN_10e9d380	16
10e9d3a0	FUN_10e9d3a0	16
10e9d3c0	FUN_10e9d3c0	16
10e9d3e0	FUN_10e9d3e0	16
10e9d400	FUN_10e9d400	16
10e9d420	FUN_10e9d420	16
10e9d440	FUN_10e9d440	9
10e9d450	FUN_10e9d450	9
10e9db10	FUN_10e9db10	7
10e9df30	FUN_10e9df30	4
10e9df40	FUN_10e9df40	4
10e9df50	FUN_10e9df50	4
10e9df60	FUN_10e9df60	4
10e9df70	FUN_10e9df70	4
10e9df80	FUN_10e9df80	4
10ea2550	FUN_10ea2550	13
10ea2560	FUN_10ea2560	19
10ea2580	FUN_10ea2580	6
10ea2590	FUN_10ea2590	6
10ea25a0	FUN_10ea25a0	6
10ea25b0	FUN_10ea25b0	7
10ea25c0	FUN_10ea25c0	7
10ea25d0	FUN_10ea25d0	7
10ea25e0	FUN_10ea25e0	7
10ea28e0	FUN_10ea28e0	3
10ea28f0	FUN_10ea28f0	3
10ea5eb0	FUN_10ea5eb0	28
10ea5ee0	FUN_10ea5ee0	28
10ea5f10	FUN_10ea5f10	28
10ea5f40	FUN_10ea5f40	28
10ea5f70	FUN_10ea5f70	28
10ea5fa0	FUN_10ea5fa0	28
10ea5fd0	FUN_10ea5fd0	28
10ea6000	FUN_10ea6000	28
10ea6030	FUN_10ea6030	28
10ea6060	FUN_10ea6060	28
10ea6090	FUN_10ea6090	28
10ea60c0	FUN_10ea60c0	28
10ea60f0	FUN_10ea60f0	28
10ea6120	FUN_10ea6120	28
10ea6150	FUN_10ea6150	28
10ea6180	FUN_10ea6180	28
10ea61b0	FUN_10ea61b0	28
10ea61e0	FUN_10ea61e0	28
10ea6210	FUN_10ea6210	28
10ea6240	FUN_10ea6240	28
10ea6270	FUN_10ea6270	28
10ea62a0	FUN_10ea62a0	28
10ea62d0	FUN_10ea62d0	28
10ea6300	FUN_10ea6300	28
10ea6c40	FUN_10ea6c40	10
10ea6c50	FUN_10ea6c50	10
10ea6f70	FUN_10ea6f70	25
10ea6f90	FUN_10ea6f90	22
10ea6fd0	FUN_10ea6fd0	18
10ea7150	FUN_10ea7150	18
10ea7560	FUN_10ea7560	3
10ea7810	FUN_10ea7810	5
10ea7820	FUN_10ea7820	13
10ea7830	FUN_10ea7830	13
10ea7840	FUN_10ea7840	113
10ea78d0	FUN_10ea78d0	113
10ea7d10	FUN_10ea7d10	23
10ea7d30	FUN_10ea7d30	23
10ea7d50	FUN_10ea7d50	23
10ea8180	FUN_10ea8180	7
10ea8190	FUN_10ea8190	7
10ea9150	FUN_10ea9150	8
10ea98c0	FUN_10ea98c0	3
10ea9bf0	FUN_10ea9bf0	8
10ea9fe0	FUN_10ea9fe0	19
10eaa010	FUN_10eaa010	5
10eaa140	FUN_10eaa140	5
10eaa160	FUN_10eaa160	5
10eaa170	FUN_10eaa170	5
10eaa180	FUN_10eaa180	5
10eaa190	FUN_10eaa190	14
10eaa1b0	FUN_10eaa1b0	14
10eaa1d0	FUN_10eaa1d0	14
10eaa210	FUN_10eaa210	13
10eaa230	FUN_10eaa230	40
10eaa270	FUN_10eaa270	15
10eaa290	FUN_10eaa290	5
10eaa2a0	FUN_10eaa2a0	5
10eaa2b0	FUN_10eaa2b0	5
10eaa2c0	FUN_10eaa2c0	5
10eaa2d0	FUN_10eaa2d0	5
10eaa2e0	FUN_10eaa2e0	5
10eaa300	FUN_10eaa300	5
10eaa310	FUN_10eaa310	5
10eaa330	FUN_10eaa330	5
10eaa3e0	FUN_10eaa3e0	5
10eaa3f0	FUN_10eaa3f0	5
10eaa410	FUN_10eaa410	5
10eaa420	FUN_10eaa420	5
10eaa470	FUN_10eaa470	19
10eaa5a0	FUN_10eaa5a0	18
10eaa6a0	FUN_10eaa6a0	16
10eaa6c0	FUN_10eaa6c0	21
10eaa6e0	FUN_10eaa6e0	11
10eaa6f0	FUN_10eaa6f0	9
10eaa700	FUN_10eaa700	11
10eaa710	FUN_10eaa710	9
10eaa720	FUN_10eaa720	23
10eaa740	FUN_10eaa740	3
10eaa9f0	FUN_10eaa9f0	23
10eab5e0	FUN_10eab5e0	65
10eab640	FUN_10eab640	65
10eab6a0	FUN_10eab6a0	110
10eab730	FUN_10eab730	110
10eab9b0	FUN_10eab9b0	14
10eab9d0	FUN_10eab9d0	14
10eab9f0	FUN_10eab9f0	10
10eaba00	FUN_10eaba00	7
10eaba10	FUN_10eaba10	3
10eaba20	FUN_10eaba20	3
10eaba30	FUN_10eaba30	3
10eaba40	FUN_10eaba40	3
10eaba50	FUN_10eaba50	3
10eaba60	FUN_10eaba60	6
10eaba70	FUN_10eaba70	6
10eaba80	FUN_10eaba80	16
10eabb20	FUN_10eabb20	12
10eabb30	FUN_10eabb30	12
10eabca0	FUN_10eabca0	63
10eabda0	FUN_10eabda0	3
10eabe50	FUN_10eabe50	3
10eabe60	FUN_10eabe60	3
10eabe70	FUN_10eabe70	3
10eabe80	FUN_10eabe80	3
10eabe90	FUN_10eabe90	3
10eabea0	FUN_10eabea0	3
10eabeb0	FUN_10eabeb0	3
10eabec0	FUN_10eabec0	3
10eabed0	FUN_10eabed0	30
10eabf00	FUN_10eabf00	31
10eabfd0	FUN_10eabfd0	3
10eabfe0	FUN_10eabfe0	3
10eabff0	FUN_10eabff0	11
10eac000	FUN_10eac000	8
10eac010	FUN_10eac010	8
10eac020	FUN_10eac020	6
10eac030	FUN_10eac030	33
10eac2c0	FUN_10eac2c0	3
10eac2d0	FUN_10eac2d0	3
10eac4c0	FUN_10eac4c0	11
10eac4d0	FUN_10eac4d0	23
10eac7e0	FUN_10eac7e0	12
10eac7f0	FUN_10eac7f0	50
10ead0f0	FUN_10ead0f0	7
10ead1a0	FUN_10ead1a0	6
10ead1b0	FUN_10ead1b0	6
10ead1c0	FUN_10ead1c0	40
10ead500	FUN_10ead500	5
10ead510	FUN_10ead510	5
10eae190	FUN_10eae190	25
10eae560	FUN_10eae560	7
10eae670	FUN_10eae670	81
10eae790	FUN_10eae790	5
10eae7a0	FUN_10eae7a0	5
10eae7b0	FUN_10eae7b0	5
10eae7c0	FUN_10eae7c0	21
10eae7e0	FUN_10eae7e0	23
10eae800	FUN_10eae800	3
10eae900	FUN_10eae900	23
10eb0000	FUN_10eb0000	17
10eb0020	FUN_10eb0020	14
10eb0040	FUN_10eb0040	15
10eb01d0	FUN_10eb01d0	63
10eb02d0	FUN_10eb02d0	3
10eb02e0	FUN_10eb02e0	3
10eb02f0	FUN_10eb02f0	31
10eb0320	FUN_10eb0320	3
10eb0330	FUN_10eb0330	6
10eb0340	FUN_10eb0340	26
10eb0360	FUN_10eb0360	76
10eb03c0	FUN_10eb03c0	24
10eb03e0	FUN_10eb03e0	24
10eb0400	FUN_10eb0400	24
10eb0810	FUN_10eb0810	13
10eb0820	FUN_10eb0820	23
10eb0960	FUN_10eb0960	6
10eb0970	FUN_10eb0970	6
10eb0e90	FUN_10eb0e90	23
10eb0ff0	FUN_10eb0ff0	3
10eb1000	FUN_10eb1000	7
10eb1590	FUN_10eb1590	304
10eb18b0	FUN_10eb18b0	5
10eb18c0	FUN_10eb18c0	26
10eb18e0	FUN_10eb18e0	5
10eb18f0	FUN_10eb18f0	64
10eb1a30	FUN_10eb1a30	11
10eb1a40	FUN_10eb1a40	11
10eb1a50	FUN_10eb1a50	26
10eb28c0	FUN_10eb28c0	20
10eb29a0	FUN_10eb29a0	12
10eb29b0	FUN_10eb29b0	16
10eb2ab0	FUN_10eb2ab0	3
10eb2ac0	FUN_10eb2ac0	4
10eb2ad0	FUN_10eb2ad0	3
10eb3740	FUN_10eb3740	11
10eb3750	FUN_10eb3750	12
10eb3b20	FUN_10eb3b20	23
10eb3b40	FUN_10eb3b40	9
10eb42a0	FUN_10eb42a0	18
10eb42c0	FUN_10eb42c0	18
10eb42e0	FUN_10eb42e0	18
10eb4300	FUN_10eb4300	22
10eb4320	FUN_10eb4320	22
10eb4340	FUN_10eb4340	22
10eb4360	FUN_10eb4360	18
10eb4380	FUN_10eb4380	18
10eb43a0	FUN_10eb43a0	18
10eb48e0	FUN_10eb48e0	22
10eb4900	FUN_10eb4900	22
10eb4920	FUN_10eb4920	22
10eb4ba0	FUN_10eb4ba0	13
10eb4bb0	FUN_10eb4bb0	13
10eb4bc0	FUN_10eb4bc0	13
10eb4bd0	FUN_10eb4bd0	13
10eb4be0	FUN_10eb4be0	13
10eb4bf0	FUN_10eb4bf0	13
10eb4c00	FUN_10eb4c00	3
10eb4c10	FUN_10eb4c10	3
10eb4c20	FUN_10eb4c20	3
10eb51a0	FUN_10eb51a0	15
10eb51c0	FUN_10eb51c0	15
10eb51e0	FUN_10eb51e0	15
10eb53d0	FUN_10eb53d0	5
10eb53e0	FUN_10eb53e0	5
10eb53f0	FUN_10eb53f0	5
10eb5a00	FUN_10eb5a00	5
10eb5a10	FUN_10eb5a10	5
10eb5a20	FUN_10eb5a20	5
10eb5a30	FUN_10eb5a30	5
10eb5a40	FUN_10eb5a40	5
10eb5a50	FUN_10eb5a50	5
10eb5a60	FUN_10eb5a60	5
10eb5a70	FUN_10eb5a70	5
10eb5a80	FUN_10eb5a80	5
10eb5a90	FUN_10eb5a90	5
10eb5aa0	FUN_10eb5aa0	5
10eb5ab0	FUN_10eb5ab0	5
10eb5ac0	FUN_10eb5ac0	5
10eb5ad0	FUN_10eb5ad0	5
10eb5ae0	FUN_10eb5ae0	5
10eb5af0	FUN_10eb5af0	5
10eb5b00	FUN_10eb5b00	5
10eb5b10	FUN_10eb5b10	5
10eb5e90	FUN_10eb5e90	15
10eb5eb0	FUN_10eb5eb0	15
10eb5ed0	FUN_10eb5ed0	15
10eb5ef0	FUN_10eb5ef0	15
10eb5f10	FUN_10eb5f10	15
10eb5f30	FUN_10eb5f30	15
10eb5f50	FUN_10eb5f50	5
10eb5f60	FUN_10eb5f60	5
10eb5f70	FUN_10eb5f70	5
10eb5f80	FUN_10eb5f80	5
10eb5f90	FUN_10eb5f90	5
10eb5fa0	FUN_10eb5fa0	5
10eb5fb0	FUN_10eb5fb0	5
10eb5fc0	FUN_10eb5fc0	5
10eb5fd0	FUN_10eb5fd0	5
10eb5fe0	FUN_10eb5fe0	18
10eb6000	FUN_10eb6000	18
10eb6020	FUN_10eb6020	18
10eb6100	FUN_10eb6100	11
10eb6110	FUN_10eb6110	11
10eb6120	FUN_10eb6120	11
10eb62b0	FUN_10eb62b0	11
10eb62c0	FUN_10eb62c0	11
10eb62d0	FUN_10eb62d0	11
10eb62e0	FUN_10eb62e0	16
10eb6300	FUN_10eb6300	16
10eb6320	FUN_10eb6320	16
10eb6340	FUN_10eb6340	3
10eb6350	FUN_10eb6350	3
10eb6360	FUN_10eb6360	3
10eb6460	FUN_10eb6460	6
10eb6e10	FUN_10eb6e10	14
10eb6e30	FUN_10eb6e30	14
10eb6e50	FUN_10eb6e50	14
10eb6e70	FUN_10eb6e70	14
10eb6e90	FUN_10eb6e90	14
10eb6eb0	FUN_10eb6eb0	14
10eb73c0	FUN_10eb73c0	6
10eb73d0	FUN_10eb73d0	6
10eb73e0	FUN_10eb73e0	6
10eb73f0	FUN_10eb73f0	6
10eb7400	FUN_10eb7400	6
10eb7410	FUN_10eb7410	6
10eb7880	FUN_10eb7880	3
10eb7890	FUN_10eb7890	3
10eb78a0	FUN_10eb78a0	3
10eb78b0	FUN_10eb78b0	3
10eb78c0	FUN_10eb78c0	3
10eb78d0	FUN_10eb78d0	3
10eb78e0	FUN_10eb78e0	3
10eb78f0	FUN_10eb78f0	3
10eb7900	FUN_10eb7900	3
10eb7910	FUN_10eb7910	3
10eb7920	FUN_10eb7920	3
10eb7930	FUN_10eb7930	3
10eb7940	FUN_10eb7940	3
10eb7950	FUN_10eb7950	3
10eb7960	FUN_10eb7960	3
10eb7970	FUN_10eb7970	3
10eb7980	FUN_10eb7980	3
10eb7990	FUN_10eb7990	3
10eb79a0	FUN_10eb79a0	3
10eb79b0	FUN_10eb79b0	3
10eb79c0	FUN_10eb79c0	3
10eb79d0	FUN_10eb79d0	3
10eb79e0	FUN_10eb79e0	3
10eb79f0	FUN_10eb79f0	3
10eb81b0	FUN_10eb81b0	79
10eb8220	FUN_10eb8220	79
10eb8290	FUN_10eb8290	79
10eb8300	FUN_10eb8300	11
10eb8310	FUN_10eb8310	11
10eb8320	FUN_10eb8320	11
10eb8330	FUN_10eb8330	83
10eb83a0	FUN_10eb83a0	83
10eb8410	FUN_10eb8410	83
10eb88c0	FUN_10eb88c0	13
10eb8ac0	FUN_10eb8ac0	11
10eb8ad0	FUN_10eb8ad0	11
10eb8ae0	FUN_10eb8ae0	11
10eb97c0	FUN_10eb97c0	21
10eba280	FUN_10eba280	21
10eba2a0	FUN_10eba2a0	21
10eba4f0	FUN_10eba4f0	17
10ebb1e0	FUN_10ebb1e0	6
10ebb1f0	FUN_10ebb1f0	6
10ebb200	FUN_10ebb200	6
10ebb210	FUN_10ebb210	6
10ebb220	FUN_10ebb220	6
10ebb230	FUN_10ebb230	6
10ebb450	FUN_10ebb450	5
10ebb460	FUN_10ebb460	5
10ebb470	FUN_10ebb470	5
10ebc4a0	FUN_10ebc4a0	25
10ebc4c0	FUN_10ebc4c0	22
10ebc4e0	FUN_10ebc4e0	3
10ebc4f0	FUN_10ebc4f0	3
10ebc500	FUN_10ebc500	3
10ebc510	FUN_10ebc510	3
10ebca80	FUN_10ebca80	7
10ebca90	FUN_10ebca90	7
10ebcaa0	FUN_10ebcaa0	7
10ebcab0	FUN_10ebcab0	7
10ebcac0	FUN_10ebcac0	7
10ebcad0	FUN_10ebcad0	7
10ebdde0	FUN_10ebdde0	85
10ebe2a0	FUN_10ebe2a0	8
10ebeb80	FUN_10ebeb80	5
10ebed80	FUN_10ebed80	92
10ebef10	FUN_10ebef10	8
10ebef20	FUN_10ebef20	186
10ebf820	FUN_10ebf820	5
10ebf830	FUN_10ebf830	5
10ebf840	FUN_10ebf840	5
10ebf850	FUN_10ebf850	5
10ebf860	FUN_10ebf860	5
10ebf970	FUN_10ebf970	25
10ebf990	FUN_10ebf990	26
10ebf9b0	FUN_10ebf9b0	12
10ebfac0	FUN_10ebfac0	5
10ebfad0	FUN_10ebfad0	5
10ebfae0	FUN_10ebfae0	5
10ebfaf0	FUN_10ebfaf0	5
10ebfb00	FUN_10ebfb00	5
10ebfb70	FUN_10ebfb70	49
10ebfbb0	FUN_10ebfbb0	66
10ebfd30	FUN_10ebfd30	5
10ebfd40	FUN_10ebfd40	5
10ebfd50	FUN_10ebfd50	31
10ec0640	FUN_10ec0640	11
10ec0650	FUN_10ec0650	11
10ec0660	FUN_10ec0660	11
10ec0670	FUN_10ec0670	11
10ec0680	FUN_10ec0680	11
10ec0690	FUN_10ec0690	11
10ec06a0	FUN_10ec06a0	3
10ec06b0	FUN_10ec06b0	23
10ec2c70	FUN_10ec2c70	65
10ec2cd0	FUN_10ec2cd0	12
10ec2ce0	FUN_10ec2ce0	12
10ec2cf0	FUN_10ec2cf0	15
10ec2d10	FUN_10ec2d10	15
10ec2d30	FUN_10ec2d30	12
10ec2d40	FUN_10ec2d40	63
10ec2d90	FUN_10ec2d90	49
10ec2f10	FUN_10ec2f10	21
10ec2f30	FUN_10ec2f30	21
10ec2f50	FUN_10ec2f50	18
10ec2f70	FUN_10ec2f70	3
10ec2f80	FUN_10ec2f80	3
10ec34b0	FUN_10ec34b0	3
10ec34c0	FUN_10ec34c0	3
10ec34d0	FUN_10ec34d0	3
10ec34e0	FUN_10ec34e0	3
10ec3660	FUN_10ec3660	3
10ec6720	FUN_10ec6720	7
10ec6730	FUN_10ec6730	11
10ec6740	FUN_10ec6740	11
10ec6750	FUN_10ec6750	11
10ec6760	FUN_10ec6760	11
10ec6770	FUN_10ec6770	23
10ec6790	FUN_10ec6790	9
10ec6b40	FUN_10ec6b40	12
10ec6b50	FUN_10ec6b50	12
10ec6b60	FUN_10ec6b60	12
10ec6b70	FUN_10ec6b70	12
10ec6b80	FUN_10ec6b80	12
10ec6fa0	FUN_10ec6fa0	3
10ec6fb0	FUN_10ec6fb0	3
10ec7900	FUN_10ec7900	6
10ec7910	FUN_10ec7910	6
10ec7920	FUN_10ec7920	6
10ec7930	FUN_10ec7930	6
10eca4f0	FUN_10eca4f0	9
10eca500	FUN_10eca500	9
10eca510	FUN_10eca510	23
10eca530	FUN_10eca530	22
10eca550	FUN_10eca550	9
10ecfab0	FUN_10ecfab0	18
10ecfad0	FUN_10ecfad0	22
10ecfaf0	FUN_10ecfaf0	18
10ecfde0	FUN_10ecfde0	11
10ecfdf0	FUN_10ecfdf0	11
10ecfe00	FUN_10ecfe00	22
10ecfe20	FUN_10ecfe20	11
10ecfe30	FUN_10ecfe30	11
10ed0050	FUN_10ed0050	11
10ed0060	FUN_10ed0060	11
10ed0090	FUN_10ed0090	13
10ed00a0	FUN_10ed00a0	13
10ed00b0	FUN_10ed00b0	3
10ed0250	FUN_10ed0250	15
10ed0320	FUN_10ed0320	5
10ed0640	FUN_10ed0640	7
10ed0650	FUN_10ed0650	7
10ed0660	FUN_10ed0660	5
10ed0670	FUN_10ed0670	5
10ed0680	FUN_10ed0680	5
10ed0690	FUN_10ed0690	5
10ed06a0	FUN_10ed06a0	5
10ed0890	FUN_10ed0890	15
10ed08b0	FUN_10ed08b0	15
10ed08d0	FUN_10ed08d0	5
10ed08e0	FUN_10ed08e0	5
10ed08f0	FUN_10ed08f0	5
10ed0900	FUN_10ed0900	5
10ed0910	FUN_10ed0910	5
10ed0920	FUN_10ed0920	5
10ed0930	FUN_10ed0930	5
10ed0940	FUN_10ed0940	5
10ed0950	FUN_10ed0950	11
10ed0960	FUN_10ed0960	11
10ed0970	FUN_10ed0970	5
10ed0980	FUN_10ed0980	5
10ed0990	FUN_10ed0990	5
10ed09b0	FUN_10ed09b0	18
10ed0a90	FUN_10ed0a90	16
10ed0ab0	FUN_10ed0ab0	3
10ed0b10	FUN_10ed0b10	13
10ed0b20	FUN_10ed0b20	13
10ed1230	FUN_10ed1230	18
10ed1380	FUN_10ed1380	3
10ed1390	FUN_10ed1390	3
10ed13a0	FUN_10ed13a0	3
10ed13b0	FUN_10ed13b0	3
10ed13c0	FUN_10ed13c0	3
10ed13d0	FUN_10ed13d0	3
10ed13e0	FUN_10ed13e0	3
10ed13f0	FUN_10ed13f0	3
10ed1690	FUN_10ed1690	79
10ed1700	FUN_10ed1700	11
10ed1710	FUN_10ed1710	83
10ed40d0	FUN_10ed40d0	60
10ed98c0	FUN_10ed98c0	8
10edf310	FUN_10edf310	6
10edf320	FUN_10edf320	6
10edf330	FUN_10edf330	4
10edf3f0	FUN_10edf3f0	5
10edf4a0	FUN_10edf4a0	10
10edf4b0	FUN_10edf4b0	12
10edfaf0	FUN_10edfaf0	8
10edfb00	FUN_10edfb00	4
10edfd90	FUN_10edfd90	8
10edfda0	FUN_10edfda0	4
10edfdb0	FUN_10edfdb0	7
10edfdc0	FUN_10edfdc0	26
10edfde0	FUN_10edfde0	10
10ee0700	FUN_10ee0700	16
10ee0790	FUN_10ee0790	4
10ee0c90	FUN_10ee0c90	28
10ee1830	FUN_10ee1830	25
10ee1850	FUN_10ee1850	25
10ee1870	FUN_10ee1870	3
10ee18b0	FUN_10ee18b0	3
10ee18c0	FUN_10ee18c0	18
10ee1a30	FUN_10ee1a30	30
10ee1a60	FUN_10ee1a60	30
10ee1a90	FUN_10ee1a90	7
10ee1aa0	FUN_10ee1aa0	7
10ee1ab0	FUN_10ee1ab0	7
10ee1af0	FUN_10ee1af0	5
10ee1b00	FUN_10ee1b00	13
10ee1b40	FUN_10ee1b40	5
10ee1bb0	FUN_10ee1bb0	5
10ee1bc0	FUN_10ee1bc0	13
10ee1bd0	FUN_10ee1bd0	3
10ee1be0	FUN_10ee1be0	36
10ee1c40	FUN_10ee1c40	5
10ee1c50	FUN_10ee1c50	5
10ee1c60	FUN_10ee1c60	5
10ee1c70	FUN_10ee1c70	5
10ee1cc0	FUN_10ee1cc0	11
10ee1cd0	FUN_10ee1cd0	11
10ee1ce0	FUN_10ee1ce0	23
10ee1d00	FUN_10ee1d00	3
10ee1d90	FUN_10ee1d90	23
10ee21f0	FUN_10ee21f0	3
10ee2610	FUN_10ee2610	14
10ee2630	FUN_10ee2630	14
10ee2650	FUN_10ee2650	7
10ee2660	FUN_10ee2660	7
10ee2670	FUN_10ee2670	3
10ee2680	FUN_10ee2680	3
10ee2720	FUN_10ee2720	30
10ee2750	FUN_10ee2750	49
10ee2800	FUN_10ee2800	3
10ee2810	FUN_10ee2810	3
10ee2820	FUN_10ee2820	3
10ee2830	FUN_10ee2830	3
10ee2840	FUN_10ee2840	3
10ee2850	FUN_10ee2850	3
10ee2860	FUN_10ee2860	3
10ee2870	FUN_10ee2870	9
10ee2980	FUN_10ee2980	3
10ee2990	FUN_10ee2990	4
10ee29a0	FUN_10ee29a0	3
10ee2d50	FUN_10ee2d50	11
10ee30f0	FUN_10ee30f0	9
10ee4140	FUN_10ee4140	12
10ee49a0	FUN_10ee49a0	24
10ee7fb0	FUN_10ee7fb0	6
10ee7fc0	FUN_10ee7fc0	6
10ee8730	FUN_10ee8730	36
10ee8940	FUN_10ee8940	28
10ee8970	FUN_10ee8970	11
10ee8ab0	FUN_10ee8ab0	5
10eea570	FUN_10eea570	66
10eeb310	FUN_10eeb310	12
10eeb630	FUN_10eeb630	5
10eeb640	FUN_10eeb640	5
10eeb770	FUN_10eeb770	10
10eeb780	FUN_10eeb780	10
10eeb810	FUN_10eeb810	10
10eeb820	FUN_10eeb820	12
10eebf30	FUN_10eebf30	8
10eebf40	FUN_10eebf40	8
10eebf50	FUN_10eebf50	4
10eebf60	FUN_10eebf60	4
10eec230	FUN_10eec230	8
10eec240	FUN_10eec240	8
10eec250	FUN_10eec250	4
10eec260	FUN_10eec260	4
10eec270	FUN_10eec270	7
10eec280	FUN_10eec280	7
10eec290	FUN_10eec290	26
10eec2b0	FUN_10eec2b0	26
10eec2d0	FUN_10eec2d0	10
10eec2e0	FUN_10eec2e0	10
10eece60	FUN_10eece60	16
10eece80	FUN_10eece80	16
10eecea0	FUN_10eecea0	4
10eecef0	FUN_10eecef0	4
10eecf00	FUN_10eecf00	4
10eecf10	FUN_10eecf10	4
10eecf40	FUN_10eecf40	4
10eecf50	FUN_10eecf50	4
10eecf60	FUN_10eecf60	4
10eecf70	FUN_10eecf70	4
10eecfa0	FUN_10eecfa0	8
10eecfd0	FUN_10eecfd0	4
10eed610	FUN_10eed610	3
10eed6a0	FUN_10eed6a0	28
10eed6f0	FUN_10eed6f0	22
10eed810	FUN_10eed810	22
10eed860	FUN_10eed860	13
10eed8e0	FUN_10eed8e0	5
10eeda60	FUN_10eeda60	5
10eedaa0	FUN_10eedaa0	15
10eedac0	FUN_10eedac0	5
10eedad0	FUN_10eedad0	5
10eedae0	FUN_10eedae0	18
10eeddd0	FUN_10eeddd0	3
10eedde0	FUN_10eedde0	3
10eeddf0	FUN_10eeddf0	3
10eede00	FUN_10eede00	3
10eede10	FUN_10eede10	3
10eee0b0	FUN_10eee0b0	79
10eee120	FUN_10eee120	11
10eee130	FUN_10eee130	83
10eeea40	FUN_10eeea40	3
10eeec40	FUN_10eeec40	6
10eeec50	FUN_10eeec50	6
10eeec70	FUN_10eeec70	4
10eeed00	FUN_10eeed00	22
10eeee20	FUN_10eeee20	22
10eeee70	FUN_10eeee70	13
10eeeef0	FUN_10eeeef0	5
10eef070	FUN_10eef070	5
10eef0b0	FUN_10eef0b0	15
10eef0d0	FUN_10eef0d0	5
10eef0e0	FUN_10eef0e0	5
10eef0f0	FUN_10eef0f0	18
10eef460	FUN_10eef460	3
10eef470	FUN_10eef470	3
10eef480	FUN_10eef480	3
10eef490	FUN_10eef490	3
10eef4a0	FUN_10eef4a0	3
10eef740	FUN_10eef740	79
10eef7b0	FUN_10eef7b0	11
10eef7c0	FUN_10eef7c0	83
10ef09e0	FUN_10ef09e0	3
10ef0b80	FUN_10ef0b80	22
10ef10d0	FUN_10ef10d0	6
10ef10e0	FUN_10ef10e0	6
10ef1170	FUN_10ef1170	4
10ef1cf0	FUN_10ef1cf0	4
10ef2230	FUN_10ef2230	28
10ef2260	FUN_10ef2260	28
10ef22d0	FUN_10ef22d0	7
10ef4270	FUN_10ef4270	22
10ef4360	FUN_10ef4360	22
10ef4380	FUN_10ef4380	25
10ef43a0	FUN_10ef43a0	3
10ef43b0	FUN_10ef43b0	3
10ef43c0	FUN_10ef43c0	13
10ef4430	FUN_10ef4430	18
10ef4450	FUN_10ef4450	18
10ef47e0	FUN_10ef47e0	30
10ef4810	FUN_10ef4810	30
10ef4840	FUN_10ef4840	30
10ef4870	FUN_10ef4870	30
10ef48a0	FUN_10ef48a0	7
10ef48b0	FUN_10ef48b0	7
10ef48c0	FUN_10ef48c0	7
10ef48d0	FUN_10ef48d0	7
10ef48e0	FUN_10ef48e0	7
10ef48f0	FUN_10ef48f0	7
10ef4900	FUN_10ef4900	5
10ef49a0	FUN_10ef49a0	5
10ef49b0	FUN_10ef49b0	5
10ef49c0	FUN_10ef49c0	13
10ef49d0	FUN_10ef49d0	13
10ef4ba0	FUN_10ef4ba0	5
10ef4bb0	FUN_10ef4bb0	5
10ef4c50	FUN_10ef4c50	5
10ef4c60	FUN_10ef4c60	5
10ef4c70	FUN_10ef4c70	5
10ef4c80	FUN_10ef4c80	13
10ef4c90	FUN_10ef4c90	13
10ef4cd0	FUN_10ef4cd0	3
10ef4ce0	FUN_10ef4ce0	3
10ef4cf0	FUN_10ef4cf0	36
10ef4d20	FUN_10ef4d20	36
10ef4d50	FUN_10ef4d50	15
10ef4dd0	FUN_10ef4dd0	5
10ef4de0	FUN_10ef4de0	5
10ef4df0	FUN_10ef4df0	5
10ef4e00	FUN_10ef4e00	5
10ef4e10	FUN_10ef4e10	5
10ef4e20	FUN_10ef4e20	5
10ef4e30	FUN_10ef4e30	5
10ef4e40	FUN_10ef4e40	5
10ef4e50	FUN_10ef4e50	5
10ef4e60	FUN_10ef4e60	18
10ef4f00	FUN_10ef4f00	11
10ef4f10	FUN_10ef4f10	11
10ef4f20	FUN_10ef4f20	11
10ef4f30	FUN_10ef4f30	11
10ef5340	FUN_10ef5340	14
10ef5360	FUN_10ef5360	14
10ef5380	FUN_10ef5380	14
10ef53a0	FUN_10ef53a0	14
10ef5520	FUN_10ef5520	3
10ef5530	FUN_10ef5530	3
10ef5540	FUN_10ef5540	3
10ef5550	FUN_10ef5550	3
10ef5560	FUN_10ef5560	6
10ef5570	FUN_10ef5570	6
10ef5580	FUN_10ef5580	16
10ef55a0	FUN_10ef55a0	16
10ef5750	FUN_10ef5750	30
10ef5780	FUN_10ef5780	49
10ef57c0	FUN_10ef57c0	49
10ef5900	FUN_10ef5900	3
10ef5910	FUN_10ef5910	3
10ef5920	FUN_10ef5920	3
10ef5930	FUN_10ef5930	3
10ef5940	FUN_10ef5940	3
10ef5950	FUN_10ef5950	3
10ef5960	FUN_10ef5960	3
10ef5970	FUN_10ef5970	3
10ef5980	FUN_10ef5980	3
10ef5990	FUN_10ef5990	3
10ef59a0	FUN_10ef59a0	3
10ef5c40	FUN_10ef5c40	79
10ef5cb0	FUN_10ef5cb0	3
10ef5cc0	FUN_10ef5cc0	3
10ef5cd0	FUN_10ef5cd0	11
10ef5ce0	FUN_10ef5ce0	83
10ef5d50	FUN_10ef5d50	9
10ef5d60	FUN_10ef5d60	9
10ef5e90	FUN_10ef5e90	3
10ef5ea0	FUN_10ef5ea0	3
10ef62f0	FUN_10ef62f0	11
10ef6300	FUN_10ef6300	11
10ef6310	FUN_10ef6310	9
10ef6320	FUN_10ef6320	9
10ef6330	FUN_10ef6330	6
10ef7020	FUN_10ef7020	12
10ef7030	FUN_10ef7030	12
10ef7c70	FUN_10ef7c70	6
10ef7c80	FUN_10ef7c80	6
10ef7c90	FUN_10ef7c90	6
10ef7ca0	FUN_10ef7ca0	6
10ef7cb0	FUN_10ef7cb0	6
10ef7cc0	FUN_10ef7cc0	6
10ef8250	FUN_10ef8250	36
10ef86b0	FUN_10ef86b0	5
10ef86c0	FUN_10ef86c0	9
10ef9560	FUN_10ef9560	32
10ef9590	FUN_10ef9590	22
10ef9730	FUN_10ef9730	32
10ef9760	FUN_10ef9760	11
10ef9770	FUN_10ef9770	11
10ef9780	FUN_10ef9780	22
10ef97a0	FUN_10ef97a0	11
10ef97b0	FUN_10ef97b0	11
10ef97c0	FUN_10ef97c0	34
10ef97f0	FUN_10ef97f0	34
10ef9820	FUN_10ef9820	11
10ef9830	FUN_10ef9830	11
10ef9840	FUN_10ef9840	13
10ef98f0	FUN_10ef98f0	5
10ef9b70	FUN_10ef9b70	7
10ef9b80	FUN_10ef9b80	7
10ef9b90	FUN_10ef9b90	5
10ef9ba0	FUN_10ef9ba0	5
10ef9bb0	FUN_10ef9bb0	5
10ef9bc0	FUN_10ef9bc0	29
10ef9bf0	FUN_10ef9bf0	29
10ef9c20	FUN_10ef9c20	15
10ef9c40	FUN_10ef9c40	5
10ef9c50	FUN_10ef9c50	5
10ef9c60	FUN_10ef9c60	5
10ef9c70	FUN_10ef9c70	5
10ef9c80	FUN_10ef9c80	5
10ef9c90	FUN_10ef9c90	5
10ef9ca0	FUN_10ef9ca0	11
10ef9cb0	FUN_10ef9cb0	11
10ef9cc0	FUN_10ef9cc0	5
10ef9cd0	FUN_10ef9cd0	5
10ef9ce0	FUN_10ef9ce0	5
10ef9cf0	FUN_10ef9cf0	18
10ef9d10	FUN_10ef9d10	11
10ef9d20	FUN_10ef9d20	11
10ef9db0	FUN_10ef9db0	11
10ef9dc0	FUN_10ef9dc0	13
10ef9dd0	FUN_10ef9dd0	13
10ef9ea0	FUN_10ef9ea0	19
10ef9ec0	FUN_10ef9ec0	14
10ef9ee0	FUN_10ef9ee0	14
10efa0e0	FUN_10efa0e0	6
10efa0f0	FUN_10efa0f0	6
10efa250	FUN_10efa250	16
10efa270	FUN_10efa270	18
10efa2d0	FUN_10efa2d0	3
10efa2e0	FUN_10efa2e0	3
10efa2f0	FUN_10efa2f0	3
10efa300	FUN_10efa300	3
10efa310	FUN_10efa310	3
10efa5b0	FUN_10efa5b0	79
10efa620	FUN_10efa620	31
10efa650	FUN_10efa650	11
10efa660	FUN_10efa660	83
10efa900	FUN_10efa900	13
10efa910	FUN_10efa910	11
10efabc0	FUN_10efabc0	11
10efabd0	FUN_10efabd0	11
10efabe0	FUN_10efabe0	12
10f00ab0	FUN_10f00ab0	6
10f00ac0	FUN_10f00ac0	6
10f00ad0	FUN_10f00ad0	5
10f010d0	FUN_10f010d0	4
10f01540	FUN_10f01540	18
10f01560	FUN_10f01560	18
10f01580	FUN_10f01580	22
10f015a0	FUN_10f015a0	22
10f015c0	FUN_10f015c0	18
10f015e0	FUN_10f015e0	18
10f016b0	FUN_10f016b0	22
10f016d0	FUN_10f016d0	22
10f01890	FUN_10f01890	22
10f018b0	FUN_10f018b0	22
10f018f0	FUN_10f018f0	13
10f01900	FUN_10f01900	13
10f01910	FUN_10f01910	3
10f01cf0	FUN_10f01cf0	15
10f01d10	FUN_10f01d10	31
10f01d60	FUN_10f01d60	19
10f01d80	FUN_10f01d80	5
10f01d90	FUN_10f01d90	5
10f01da0	FUN_10f01da0	5
10f01db0	FUN_10f01db0	5
10f01e60	FUN_10f01e60	13
10f01f20	FUN_10f01f20	15
10f01f40	FUN_10f01f40	15
10f01f60	FUN_10f01f60	5
10f01f70	FUN_10f01f70	5
10f01f80	FUN_10f01f80	5
10f01f90	FUN_10f01f90	5
10f01fa0	FUN_10f01fa0	5
10f01fb0	FUN_10f01fb0	5
10f01fc0	FUN_10f01fc0	5
10f01fd0	FUN_10f01fd0	5
10f020e0	FUN_10f020e0	5
10f020f0	FUN_10f020f0	5
10f02100	FUN_10f02100	5
10f02110	FUN_10f02110	19
10f02130	FUN_10f02130	18
10f02230	FUN_10f02230	11
10f02240	FUN_10f02240	11
10f02350	FUN_10f02350	11
10f02360	FUN_10f02360	16
10f02380	FUN_10f02380	3
10f02390	FUN_10f02390	3
10f02e60	FUN_10f02e60	19
10f02ea0	FUN_10f02ea0	19
10f02fe0	FUN_10f02fe0	6
10f02ff0	FUN_10f02ff0	6
10f03000	FUN_10f03000	6
10f031a0	FUN_10f031a0	22
10f03290	FUN_10f03290	5
10f032a0	FUN_10f032a0	3
10f032b0	FUN_10f032b0	3
10f032c0	FUN_10f032c0	3
10f032d0	FUN_10f032d0	3
10f032e0	FUN_10f032e0	3
10f03810	FUN_10f03810	79
10f03880	FUN_10f03880	79
10f038f0	FUN_10f038f0	11
10f03900	FUN_10f03900	83
10f03970	FUN_10f03970	83
10f039e0	FUN_10f039e0	33
10f03a10	FUN_10f03a10	13
10f03a20	FUN_10f03a20	10
10f04810	FUN_10f04810	6
10f04820	FUN_10f04820	6
10f04830	FUN_10f04830	6
10f04840	FUN_10f04840	6
10f04d20	FUN_10f04d20	5
10f04db0	thunk_FUN_1145afb0	5
10f05dd0	FUN_10f05dd0	15
10f06420	FUN_10f06420	30
10f06450	FUN_10f06450	26
10f06470	FUN_10f06470	30
10f064a0	FUN_10f064a0	26
10f064c0	FUN_10f064c0	30
10f064f0	FUN_10f064f0	30
10f06520	FUN_10f06520	25
10f06540	FUN_10f06540	26
10f0b980	FUN_10f0b980	15
10f0d4c0	FUN_10f0d4c0	6
10f0d4d0	FUN_10f0d4d0	6
10f0fa00	FUN_10f0fa00	3
10f0fa10	FUN_10f0fa10	3
10f0fa20	FUN_10f0fa20	3
10f0fe30	FUN_10f0fe30	39
10f0fe60	FUN_10f0fe60	4
10f0fe70	FUN_10f0fe70	4
10f0fe80	FUN_10f0fe80	4
10f0fe90	FUN_10f0fe90	4
10f0fea0	FUN_10f0fea0	4
10f0feb0	FUN_10f0feb0	39
10f10f40	FUN_10f10f40	19
10f11510	FUN_10f11510	73
10f11570	FUN_10f11570	17
10f11590	FUN_10f11590	64
10f11710	FUN_10f11710	7
10f11c50	FUN_10f11c50	28
10f11f10	FUN_10f11f10	7
10f11f20	FUN_10f11f20	7
10f11f30	FUN_10f11f30	7
10f13630	FUN_10f13630	6
10f13860	FUN_10f13860	22
10f13ed0	FUN_10f13ed0	28
10f141b0	FUN_10f141b0	24
10f141d0	FUN_10f141d0	24
10f15900	FUN_10f15900	18
10f15920	FUN_10f15920	39
10f15950	FUN_10f15950	25
10f15970	FUN_10f15970	22
10f159a0	FUN_10f159a0	22
10f159c0	FUN_10f159c0	18
10f15b40	FUN_10f15b40	22
10f15c80	FUN_10f15c80	5
10f15c90	FUN_10f15c90	5
10f15d20	FUN_10f15d20	3
10f15d30	FUN_10f15d30	3
10f15d60	FUN_10f15d60	13
10f15d70	FUN_10f15d70	13
10f15db0	FUN_10f15db0	3
10f15dc0	FUN_10f15dc0	3
10f15dd0	FUN_10f15dd0	3
10f15e10	FUN_10f15e10	41
10f15f30	FUN_10f15f30	41
10f16460	FUN_10f16460	15
10f16540	FUN_10f16540	5
10f16550	FUN_10f16550	7
10f16560	FUN_10f16560	7
10f16570	FUN_10f16570	7
10f16580	FUN_10f16580	16
10f16610	FUN_10f16610	5
10f16650	FUN_10f16650	3
10f16660	FUN_10f16660	13
10f16880	FUN_10f16880	5
10f16890	FUN_10f16890	5
10f16920	FUN_10f16920	5
10f16960	FUN_10f16960	5
10f16970	FUN_10f16970	5
10f16980	FUN_10f16980	5
10f16990	FUN_10f16990	5
10f169a0	FUN_10f169a0	5
10f169b0	FUN_10f169b0	5
10f16ab0	FUN_10f16ab0	32
10f16b90	FUN_10f16b90	35
10f16be0	FUN_10f16be0	86
10f16ca0	FUN_10f16ca0	15
10f16cc0	FUN_10f16cc0	15
10f16d00	FUN_10f16d00	28
10f16d30	FUN_10f16d30	5
10f16d40	FUN_10f16d40	5
10f16d60	FUN_10f16d60	5
10f16d70	FUN_10f16d70	5
10f16d80	FUN_10f16d80	5
10f16dc0	FUN_10f16dc0	5
10f16e30	FUN_10f16e30	5
10f16e40	FUN_10f16e40	5
10f16e50	FUN_10f16e50	5
10f16ea0	FUN_10f16ea0	18
10f16ec0	FUN_10f16ec0	18
10f16ee0	FUN_10f16ee0	18
10f16f00	FUN_10f16f00	37
10f16f70	FUN_10f16f70	11
10f16f80	FUN_10f16f80	11
10f17010	FUN_10f17010	11
10f17020	FUN_10f17020	11
10f17030	FUN_10f17030	16
10f17050	FUN_10f17050	21
10f17070	FUN_10f17070	23
10f17090	FUN_10f17090	3
10f170a0	FUN_10f170a0	3
10f170b0	FUN_10f170b0	3
10f17110	FUN_10f17110	10
10f17200	FUN_10f17200	23
10f174b0	FUN_10f174b0	34
10f17d20	FUN_10f17d20	14
10f17d40	FUN_10f17d40	14
10f17d60	FUN_10f17d60	14
10f17d80	FUN_10f17d80	14
10f17ee0	FUN_10f17ee0	16
10f17f00	FUN_10f17f00	16
10f17f20	FUN_10f17f20	6
10f17f30	FUN_10f17f30	6
10f18360	FUN_10f18360	49
10f188c0	FUN_10f188c0	3
10f188d0	FUN_10f188d0	3
10f188f0	FUN_10f188f0	3
10f18900	FUN_10f18900	3
10f18910	FUN_10f18910	3
10f18920	FUN_10f18920	3
10f18930	FUN_10f18930	3
10f18940	FUN_10f18940	3
10f18950	FUN_10f18950	3
10f18960	FUN_10f18960	3
10f18970	FUN_10f18970	3
10f18980	FUN_10f18980	3
10f18990	FUN_10f18990	3
10f189a0	FUN_10f189a0	3
10f189b0	FUN_10f189b0	3
10f189c0	FUN_10f189c0	3
10f189d0	FUN_10f189d0	3
10f189e0	FUN_10f189e0	11
10f189f0	FUN_10f189f0	11
10f18a00	FUN_10f18a00	3
10f18f10	FUN_10f18f10	4
10f18f20	FUN_10f18f20	4
10f18f30	FUN_10f18f30	30
10f19010	FUN_10f19010	4
10f19020	FUN_10f19020	4
10f19030	FUN_10f19030	4
10f19040	FUN_10f19040	3
10f19050	FUN_10f19050	3
10f19060	FUN_10f19060	3
10f19070	FUN_10f19070	11
10f19080	FUN_10f19080	6
10f19090	FUN_10f19090	76
10f19550	FUN_10f19550	57
10f195a0	FUN_10f195a0	57
10f195f0	FUN_10f195f0	13
10f19600	FUN_10f19600	15
10f19620	FUN_10f19620	3
10f19630	FUN_10f19630	10
10f19640	FUN_10f19640	4
10f19c70	FUN_10f19c70	9
10f1a100	FUN_10f1a100	8
10f1a110	FUN_10f1a110	8
10f1a120	FUN_10f1a120	11
10f1a5c0	FUN_10f1a5c0	14
10f1a5e0	FUN_10f1a5e0	14
10f1a6e0	FUN_10f1a6e0	8
10f1a6f0	FUN_10f1a6f0	6
10f1a700	FUN_10f1a700	6
10f1a710	FUN_10f1a710	6
10f1a720	FUN_10f1a720	6
10f1a730	FUN_10f1a730	6
10f1a740	FUN_10f1a740	6
10f1ac00	FUN_10f1ac00	18
10f1ac20	FUN_10f1ac20	18
10f1ac40	FUN_10f1ac40	54
10f1ac90	FUN_10f1ac90	40
10f1acd0	FUN_10f1acd0	22
10f1acf0	FUN_10f1acf0	22
10f1ad10	FUN_10f1ad10	22
10f1ad30	FUN_10f1ad30	18
10f1ad50	FUN_10f1ad50	18
10f1b010	FUN_10f1b010	22
10f1b030	FUN_10f1b030	22
10f1b050	FUN_10f1b050	22
10f1b070	FUN_10f1b070	56
10f1b0c0	FUN_10f1b0c0	42
10f1b170	FUN_10f1b170	13
10f1b180	FUN_10f1b180	13
10f1b190	FUN_10f1b190	13
10f1b1a0	FUN_10f1b1a0	13
10f1b1b0	FUN_10f1b1b0	13
10f1b1c0	FUN_10f1b1c0	3
10f1b1d0	FUN_10f1b1d0	3
10f1b550	FUN_10f1b550	15
10f1b570	FUN_10f1b570	15
10f1b6e0	FUN_10f1b6e0	5
10f1b6f0	FUN_10f1b6f0	5
10f1b700	FUN_10f1b700	5
10f1bb40	FUN_10f1bb40	5
10f1bb50	FUN_10f1bb50	5
10f1bb60	FUN_10f1bb60	5
10f1bb70	FUN_10f1bb70	5
10f1bb80	FUN_10f1bb80	5
10f1bb90	FUN_10f1bb90	5
10f1bba0	FUN_10f1bba0	5
10f1bbb0	FUN_10f1bbb0	5
10f1bbc0	FUN_10f1bbc0	5
10f1bbd0	FUN_10f1bbd0	5
10f1bbe0	FUN_10f1bbe0	5
10f1bbf0	FUN_10f1bbf0	50
10f1bc30	FUN_10f1bc30	30
10f1bdc0	FUN_10f1bdc0	15
10f1bde0	FUN_10f1bde0	15
10f1be00	FUN_10f1be00	15
10f1be20	FUN_10f1be20	15
10f1be40	FUN_10f1be40	15
10f1be60	FUN_10f1be60	5
10f1be70	FUN_10f1be70	5
10f1be80	FUN_10f1be80	5
10f1be90	FUN_10f1be90	5
10f1bea0	FUN_10f1bea0	5
10f1beb0	FUN_10f1beb0	5
10f1bec0	FUN_10f1bec0	5
10f1bed0	FUN_10f1bed0	5
10f1bee0	FUN_10f1bee0	18
10f1bf00	FUN_10f1bf00	18
10f1bf20	FUN_10f1bf20	18
10f1c140	FUN_10f1c140	16
10f1c160	FUN_10f1c160	16
10f1c180	FUN_10f1c180	3
10f1c190	FUN_10f1c190	3
10f1c2d0	FUN_10f1c2d0	28
10f1c300	FUN_10f1c300	21
10f1c730	FUN_10f1c730	19
10f1c750	FUN_10f1c750	19
10f1d260	FUN_10f1d260	3
10f1d270	FUN_10f1d270	3
10f1d280	FUN_10f1d280	3
10f1d290	FUN_10f1d290	3
10f1d2a0	FUN_10f1d2a0	3
10f1d2b0	FUN_10f1d2b0	3
10f1d2c0	FUN_10f1d2c0	3
10f1d2d0	FUN_10f1d2d0	3
10f1d2e0	FUN_10f1d2e0	3
10f1d2f0	FUN_10f1d2f0	3
10f1d300	FUN_10f1d300	3
10f1d310	FUN_10f1d310	3
10f1d320	FUN_10f1d320	3
10f1d330	FUN_10f1d330	3
10f1d340	FUN_10f1d340	3
10f1d350	FUN_10f1d350	3
10f1d360	FUN_10f1d360	3
10f1d370	FUN_10f1d370	3
10f1d380	FUN_10f1d380	3
10f1d390	FUN_10f1d390	3
10f1d3a0	FUN_10f1d3a0	3
10f1db60	FUN_10f1db60	79
10f1dbd0	FUN_10f1dbd0	79
10f1dc40	FUN_10f1dc40	79
10f1dcb0	FUN_10f1dcb0	11
10f1dcc0	FUN_10f1dcc0	11
10f1dcd0	FUN_10f1dcd0	11
10f1dce0	FUN_10f1dce0	83
10f1dd50	FUN_10f1dd50	83
10f1ddc0	FUN_10f1ddc0	83
10f1fd10	FUN_10f1fd10	8
10f1fd20	FUN_10f1fd20	8
10f20a40	FUN_10f20a40	4
10f20af0	FUN_10f20af0	7
10f214e0	FUN_10f214e0	6
10f214f0	FUN_10f214f0	6
10f21500	FUN_10f21500	6
10f21510	FUN_10f21510	6
10f21520	FUN_10f21520	6
10f21530	FUN_10f21530	6
10f21740	FUN_10f21740	5
10f217d0	FUN_10f217d0	4
10f217e0	FUN_10f217e0	4
10f21ef0	FUN_10f21ef0	43
10f22970	FUN_10f22970	32
10f229a0	FUN_10f229a0	18
10f229c0	FUN_10f229c0	39
10f229f0	FUN_10f229f0	25
10f22a10	FUN_10f22a10	22
10f22a30	FUN_10f22a30	18
10f22b10	FUN_10f22b10	22
10f22b30	FUN_10f22b30	18
10f22b50	FUN_10f22b50	18
10f22b70	FUN_10f22b70	5
10f22b80	FUN_10f22b80	5
10f22b90	FUN_10f22b90	11
10f22ba0	FUN_10f22ba0	18
10f22ce0	FUN_10f22ce0	18
10f22e20	FUN_10f22e20	25
10f22e40	FUN_10f22e40	34
10f22e70	FUN_10f22e70	11
10f22e80	FUN_10f22e80	11
10f22e90	FUN_10f22e90	21
10f22eb0	FUN_10f22eb0	3
10f22ec0	FUN_10f22ec0	3
10f231b0	FUN_10f231b0	13
10f231c0	FUN_10f231c0	13
10f231d0	FUN_10f231d0	113
10f23260	FUN_10f23260	113
10f23740	FUN_10f23740	3
10f23750	FUN_10f23750	3
10f23760	FUN_10f23760	3
10f23770	FUN_10f23770	3
10f23880	FUN_10f23880	18
10f23c70	FUN_10f23c70	73
10f23cd0	FUN_10f23cd0	15
10f23d70	FUN_10f23d70	37
10f23da0	FUN_10f23da0	7
10f23db0	FUN_10f23db0	7
10f23dc0	FUN_10f23dc0	37
10f23df0	FUN_10f23df0	7
10f23e00	FUN_10f23e00	16
10f23e20	FUN_10f23e20	5
10f23e60	FUN_10f23e60	13
10f23e70	FUN_10f23e70	15
10f23fe0	FUN_10f23fe0	7
10f24020	FUN_10f24020	5
10f24030	FUN_10f24030	5
10f240d0	FUN_10f240d0	5
10f24110	FUN_10f24110	5
10f24120	FUN_10f24120	5
10f24130	FUN_10f24130	5
10f24140	FUN_10f24140	5
10f24150	FUN_10f24150	5
10f24160	FUN_10f24160	26
10f24180	FUN_10f24180	15
10f241d0	FUN_10f241d0	29
10f242a0	FUN_10f242a0	13
10f243a0	FUN_10f243a0	36
10f243d0	FUN_10f243d0	29
10f24400	FUN_10f24400	13
10f24410	FUN_10f24410	15
10f24430	FUN_10f24430	15
10f24500	FUN_10f24500	5
10f24510	FUN_10f24510	5
10f24520	FUN_10f24520	5
10f24530	FUN_10f24530	5
10f24540	FUN_10f24540	5
10f24550	FUN_10f24550	5
10f24560	FUN_10f24560	5
10f24570	FUN_10f24570	5
10f24580	FUN_10f24580	5
10f24590	FUN_10f24590	5
10f245a0	FUN_10f245a0	5
10f245b0	FUN_10f245b0	5
10f245c0	FUN_10f245c0	5
10f245d0	FUN_10f245d0	5
10f245e0	FUN_10f245e0	5
10f245f0	FUN_10f245f0	5
10f24600	FUN_10f24600	5
10f24610	FUN_10f24610	11
10f24620	FUN_10f24620	5
10f24630	FUN_10f24630	5
10f24640	FUN_10f24640	5
10f24650	FUN_10f24650	5
10f24890	FUN_10f24890	18
10f248b0	FUN_10f248b0	59
10f24900	FUN_10f24900	48
10f24940	FUN_10f24940	59
10f24990	FUN_10f24990	48
10f249d0	FUN_10f249d0	18
10f249f0	FUN_10f249f0	18
10f24a10	FUN_10f24a10	37
10f24a80	FUN_10f24a80	11
10f24b10	FUN_10f24b10	11
10f24ba0	FUN_10f24ba0	11
10f24bb0	FUN_10f24bb0	16
10f24bd0	FUN_10f24bd0	23
10f24bf0	FUN_10f24bf0	3
10f24c00	FUN_10f24c00	3
10f24c10	FUN_10f24c10	3
10f24fb0	FUN_10f24fb0	13
10f25040	FUN_10f25040	23
10f25980	FUN_10f25980	47
10f259c0	FUN_10f259c0	16
10f25b60	FUN_10f25b60	3
10f25b70	FUN_10f25b70	3
10f25cb0	FUN_10f25cb0	19
10f26270	FUN_10f26270	3
10f26280	FUN_10f26280	49
10f262c0	FUN_10f262c0	16
10f262e0	FUN_10f262e0	16
10f26300	FUN_10f26300	14
10f26320	FUN_10f26320	16
10f26340	FUN_10f26340	16
10f26360	FUN_10f26360	14
10f26380	FUN_10f26380	17
10f264c0	FUN_10f264c0	12
10f264d0	FUN_10f264d0	4
10f264e0	FUN_10f264e0	6
10f264f0	FUN_10f264f0	30
10f26520	FUN_10f26520	30
10f26550	FUN_10f26550	6
10f26560	FUN_10f26560	6
10f26570	FUN_10f26570	6
10f26580	FUN_10f26580	6
10f26590	FUN_10f26590	6
10f26780	FUN_10f26780	18
10f26c00	FUN_10f26c00	24
10f26c70	FUN_10f26c70	30
10f26ca0	FUN_10f26ca0	49
10f26d70	FUN_10f26d70	3
10f26d80	FUN_10f26d80	3
10f26d90	FUN_10f26d90	3
10f26da0	FUN_10f26da0	3
10f26db0	FUN_10f26db0	3
10f26dc0	FUN_10f26dc0	3
10f26dd0	FUN_10f26dd0	3
10f26de0	FUN_10f26de0	3
10f26df0	FUN_10f26df0	3
10f26e00	FUN_10f26e00	3
10f26e10	FUN_10f26e10	3
10f26e20	FUN_10f26e20	3
10f26e30	FUN_10f26e30	3
10f26e50	FUN_10f26e50	3
10f26e60	FUN_10f26e60	3
10f26e70	FUN_10f26e70	3
10f26e80	FUN_10f26e80	3
10f26e90	FUN_10f26e90	3
10f26ea0	FUN_10f26ea0	15
10f26ec0	FUN_10f26ec0	15
10f26ee0	FUN_10f26ee0	3
10f26ef0	FUN_10f26ef0	12
10f27390	FUN_10f27390	79
10f27400	FUN_10f27400	4
10f27410	FUN_10f27410	4
10f27420	FUN_10f27420	30
10f27450	FUN_10f27450	30
10f27480	FUN_10f27480	31
10f274b0	FUN_10f274b0	4
10f274c0	FUN_10f274c0	4
10f274d0	FUN_10f274d0	4
10f274e0	FUN_10f274e0	3
10f274f0	FUN_10f274f0	3
10f27500	FUN_10f27500	3
10f27510	FUN_10f27510	3
10f27520	FUN_10f27520	11
10f27530	FUN_10f27530	8
10f27540	FUN_10f27540	8
10f27550	FUN_10f27550	83
10f275c0	FUN_10f275c0	13
10f275d0	FUN_10f275d0	24
10f27850	FUN_10f27850	15
10f27870	FUN_10f27870	37
10f27bd0	FUN_10f27bd0	13
10f27be0	FUN_10f27be0	13
10f27bf0	FUN_10f27bf0	24
10f27e70	FUN_10f27e70	9
10f29d10	FUN_10f29d10	8
10f29d20	FUN_10f29d20	11
10f29d30	FUN_10f29d30	27
10f29d60	FUN_10f29d60	28
10f2b810	FUN_10f2b810	7
10f2b820	FUN_10f2b820	7
10f2b830	FUN_10f2b830	6
10f2b840	FUN_10f2b840	6
10f2b850	FUN_10f2b850	6
10f2b860	FUN_10f2b860	6
10f2b870	FUN_10f2b870	6
10f2b880	FUN_10f2b880	6
10f2bc70	FUN_10f2bc70	5
10f2bf10	FUN_10f2bf10	36
10f2ce10	FUN_10f2ce10	5
10f2ce20	FUN_10f2ce20	5
10f2ce30	FUN_10f2ce30	5
10f2ce90	FUN_10f2ce90	4
10f2cea0	FUN_10f2cea0	4
10f2ceb0	FUN_10f2ceb0	9
10f32820	FUN_10f32820	4
10f32830	FUN_10f32830	4
10f32840	FUN_10f32840	4
10f32850	FUN_10f32850	4
10f33c60	FUN_10f33c60	22
10f33c80	FUN_10f33c80	22
10f33ca0	FUN_10f33ca0	22
10f33cc0	FUN_10f33cc0	22
10f33ea0	FUN_10f33ea0	7
10f33f00	FUN_10f33f00	7
10f33f10	FUN_10f33f10	7
10f33f20	FUN_10f33f20	7
10f33f30	FUN_10f33f30	7
10f33f40	FUN_10f33f40	7
10f33f50	FUN_10f33f50	28
10f33f80	FUN_10f33f80	28
10f33fb0	FUN_10f33fb0	28
10f33fe0	FUN_10f33fe0	28
10f34010	FUN_10f34010	28
10f34040	FUN_10f34040	28
10f35920	FUN_10f35920	7
10f35930	FUN_10f35930	7
10f35940	FUN_10f35940	7
10f35950	FUN_10f35950	7
10f365a0	FUN_10f365a0	7
10f365b0	FUN_10f365b0	4
10f37310	FUN_10f37310	18
10f37330	FUN_10f37330	40
10f37370	FUN_10f37370	22
10f37390	FUN_10f37390	22
10f373b0	FUN_10f373b0	18
10f37590	FUN_10f37590	22
10f375b0	FUN_10f375b0	22
10f375d0	FUN_10f375d0	42
10f37660	FUN_10f37660	13
10f37670	FUN_10f37670	13
10f37680	FUN_10f37680	13
10f37690	FUN_10f37690	3
10f37880	FUN_10f37880	15
10f37940	FUN_10f37940	5
10f37950	FUN_10f37950	5
10f37c20	FUN_10f37c20	5
10f37c30	FUN_10f37c30	5
10f37c40	FUN_10f37c40	5
10f37c50	FUN_10f37c50	5
10f37c60	FUN_10f37c60	5
10f37c70	FUN_10f37c70	5
10f37c80	FUN_10f37c80	30
10f37d70	FUN_10f37d70	15
10f37d90	FUN_10f37d90	15
10f37db0	FUN_10f37db0	15
10f37dd0	FUN_10f37dd0	5
10f37de0	FUN_10f37de0	5
10f37df0	FUN_10f37df0	5
10f37e00	FUN_10f37e00	5
10f37e10	FUN_10f37e10	5
10f37e20	FUN_10f37e20	18
10f37e40	FUN_10f37e40	18
10f37fa0	FUN_10f37fa0	16
10f37fc0	FUN_10f37fc0	3
10f38020	FUN_10f38020	21
10f38040	FUN_10f38040	18
10f38320	FUN_10f38320	19
10f38a60	FUN_10f38a60	3
10f38a70	FUN_10f38a70	3
10f38a80	FUN_10f38a80	3
10f38a90	FUN_10f38a90	3
10f38aa0	FUN_10f38aa0	3
10f38ab0	FUN_10f38ab0	3
10f38ac0	FUN_10f38ac0	3
10f38ad0	FUN_10f38ad0	3
10f38ae0	FUN_10f38ae0	3
10f38af0	FUN_10f38af0	3
10f38b00	FUN_10f38b00	3
10f38b10	FUN_10f38b10	3
10f38b20	FUN_10f38b20	3
10f39050	FUN_10f39050	79
10f390c0	FUN_10f390c0	79
10f39130	FUN_10f39130	11
10f39140	FUN_10f39140	11
10f39150	FUN_10f39150	83
10f391c0	FUN_10f391c0	83
10f39d00	FUN_10f39d00	8
10f3be00	FUN_10f3be00	4
10f3c750	FUN_10f3c750	6
10f3c760	FUN_10f3c760	6
10f3c770	FUN_10f3c770	6
10f3c780	FUN_10f3c780	6
10f3c990	FUN_10f3c990	5
10f3ca20	FUN_10f3ca20	4
10f40170	FUN_10f40170	3
10f40570	FUN_10f40570	3
10f40580	FUN_10f40580	6
10f40a80	FUN_10f40a80	26
10f40aa0	FUN_10f40aa0	26
10f40ac0	FUN_10f40ac0	26
10f40ae0	FUN_10f40ae0	43
10f40b20	FUN_10f40b20	26
10f40c20	FUN_10f40c20	78
10f40c90	FUN_10f40c90	78
10f40d00	FUN_10f40d00	78
10f40d70	FUN_10f40d70	78
10f40de0	FUN_10f40de0	6
10f40df0	FUN_10f40df0	6
10f40e00	FUN_10f40e00	14
10f40ed0	FUN_10f40ed0	16
10f40ef0	FUN_10f40ef0	16
10f40f10	FUN_10f40f10	16
10f40f30	FUN_10f40f30	16
10f419c0	FUN_10f419c0	3
10f419d0	FUN_10f419d0	3
10f419e0	FUN_10f419e0	3
10f419f0	FUN_10f419f0	3
10f41a00	FUN_10f41a00	7
10f41a10	FUN_10f41a10	3
10f41b70	FUN_10f41b70	11
10f41b80	FUN_10f41b80	11
10f42040	FUN_10f42040	16
10f42060	FUN_10f42060	9
10f42070	FUN_10f42070	9
10f42080	FUN_10f42080	9
10f42090	FUN_10f42090	9
10f428a0	FUN_10f428a0	8
10f428b0	FUN_10f428b0	6
10f428c0	FUN_10f428c0	6
10f42d10	FUN_10f42d10	7
10f42d20	FUN_10f42d20	7
10f42d30	FUN_10f42d30	7
10f42d40	FUN_10f42d40	7
10f42d50	FUN_10f42d50	7
10f42d60	FUN_10f42d60	7
10f42d70	FUN_10f42d70	7
10f42d80	FUN_10f42d80	7
10f42d90	FUN_10f42d90	7
10f42e00	FUN_10f42e00	3
10f42e10	FUN_10f42e10	3
10f42e20	FUN_10f42e20	3
10f42e30	FUN_10f42e30	3
10f42e40	FUN_10f42e40	3
10f435d0	FUN_10f435d0	28
10f43600	FUN_10f43600	28
10f43630	FUN_10f43630	28
10f43660	FUN_10f43660	28
10f43930	FUN_10f43930	26
10f43a30	FUN_10f43a30	78
10f43b90	FUN_10f43b90	78
10f43c30	FUN_10f43c30	40
10f43c70	FUN_10f43c70	40
10f43d60	FUN_10f43d60	16
10f43dc0	FUN_10f43dc0	16
10f44e60	FUN_10f44e60	3
10f44e70	FUN_10f44e70	7
10f44e80	FUN_10f44e80	3
10f44e90	FUN_10f44e90	3
10f44ea0	FUN_10f44ea0	3
10f45850	FUN_10f45850	16
10f45870	FUN_10f45870	16
10f45890	FUN_10f45890	9
10f458a0	FUN_10f458a0	9
10f45de0	FUN_10f45de0	7
10f45f70	FUN_10f45f70	4
10f45fe0	FUN_10f45fe0	7
10f45ff0	FUN_10f45ff0	4
10f460d0	FUN_10f460d0	8
10f46be0	FUN_10f46be0	4
10f46bf0	FUN_10f46bf0	7
10f46c10	FUN_10f46c10	7
10f46c20	FUN_10f46c20	8
10f46c50	FUN_10f46c50	8
10f46c60	FUN_10f46c60	9
10f47890	FUN_10f47890	3
10f478a0	FUN_10f478a0	3
10f47e70	FUN_10f47e70	28
10f47ea0	FUN_10f47ea0	28
10f47ed0	FUN_10f47ed0	28
10f47f00	FUN_10f47f00	28
10f47f30	FUN_10f47f30	28
10f47f60	FUN_10f47f60	20
10f49340	FUN_10f49340	25
10f49360	FUN_10f49360	26
10f49770	FUN_10f49770	7
10f49780	FUN_10f49780	5
10f49a20	FUN_10f49a20	5
10f49a30	FUN_10f49a30	5
10f49a40	FUN_10f49a40	5
10f49a50	FUN_10f49a50	6
10f49a60	FUN_10f49a60	5
10f49be0	FUN_10f49be0	21
10f49c00	FUN_10f49c00	23
10f49c20	FUN_10f49c20	3
10f49c30	FUN_10f49c30	23
10f4ab50	FUN_10f4ab50	12
10f4ab60	FUN_10f4ab60	3
10f4ab70	FUN_10f4ab70	7
10f4ab80	FUN_10f4ab80	3
10f4ab90	FUN_10f4ab90	3
10f4b0b0	FUN_10f4b0b0	49
10f4b1a0	FUN_10f4b1a0	3
10f4b1b0	FUN_10f4b1b0	3
10f4b1c0	FUN_10f4b1c0	3
10f4b1d0	FUN_10f4b1d0	3
10f4b1e0	FUN_10f4b1e0	3
10f4b1f0	FUN_10f4b1f0	6
10f4b9b0	FUN_10f4b9b0	9
10f4be40	FUN_10f4be40	4
10f4be80	FUN_10f4be80	4
10f4be90	FUN_10f4be90	4
10f4bea0	FUN_10f4bea0	4
10f4c1c0	FUN_10f4c1c0	8
10f4c220	FUN_10f4c220	6
10f4c810	FUN_10f4c810	6
10f4c820	FUN_10f4c820	6
10f4c960	FUN_10f4c960	3
10f4cfb0	FUN_10f4cfb0	28
10f4d280	FUN_10f4d280	9
10f4d4c0	FUN_10f4d4c0	61
10f4d510	FUN_10f4d510	22
10f4d5f0	FUN_10f4d5f0	18
10f4d610	FUN_10f4d610	25
10f4d630	FUN_10f4d630	25
10f4d650	FUN_10f4d650	22
10f4d670	FUN_10f4d670	5
10f4d680	FUN_10f4d680	5
10f4d690	FUN_10f4d690	63
10f4d6e0	FUN_10f4d6e0	91
10f4d760	FUN_10f4d760	26
10f4d780	FUN_10f4d780	26
10f4d7a0	FUN_10f4d7a0	78
10f4d810	FUN_10f4d810	3
10f4d820	FUN_10f4d820	13
10f4d830	FUN_10f4d830	13
10f4d840	FUN_10f4d840	13
10f4d850	FUN_10f4d850	3
10f4d860	FUN_10f4d860	3
10f4d870	FUN_10f4d870	18
10f4d960	FUN_10f4d960	51
10f4d9a0	FUN_10f4d9a0	15
10f4d9c0	FUN_10f4d9c0	26
10f4d9e0	FUN_10f4d9e0	7
10f4d9f0	FUN_10f4d9f0	5
10f4dc90	FUN_10f4dc90	5
10f4dca0	FUN_10f4dca0	5
10f4dcb0	FUN_10f4dcb0	5
10f4dcc0	FUN_10f4dcc0	5
10f4dcd0	FUN_10f4dcd0	5
10f4dce0	FUN_10f4dce0	55
10f4dd40	FUN_10f4dd40	15
10f4dde0	FUN_10f4dde0	5
10f4ddf0	FUN_10f4ddf0	5
10f4de00	FUN_10f4de00	5
10f4de10	FUN_10f4de10	5
10f4de20	FUN_10f4de20	5
10f4df60	FUN_10f4df60	16
10f4dfa0	FUN_10f4dfa0	18
10f4e090	FUN_10f4e090	11
10f4e0a0	FUN_10f4e0a0	11
10f4e0b0	FUN_10f4e0b0	16
10f4e0d0	FUN_10f4e0d0	13
10f4e0e0	FUN_10f4e0e0	14
10f4e100	FUN_10f4e100	23
10f4e120	FUN_10f4e120	3
10f4e500	FUN_10f4e500	11
10f4e720	FUN_10f4e720	3
10f4eb80	FUN_10f4eb80	65
10f4ec50	FUN_10f4ec50	14
10f4ec70	FUN_10f4ec70	14
10f4ecc0	FUN_10f4ecc0	7
10f4ecd0	FUN_10f4ecd0	3
10f4ece0	FUN_10f4ece0	7
10f4ecf0	FUN_10f4ecf0	3
10f4ed00	FUN_10f4ed00	3
10f4ed10	FUN_10f4ed10	6
10f4ed20	FUN_10f4ed20	6
10f4ed30	FUN_10f4ed30	9
10f4ed40	FUN_10f4ed40	9
10f4ed50	FUN_10f4ed50	10
10f4f360	FUN_10f4f360	3
10f4f370	FUN_10f4f370	3
10f4f380	FUN_10f4f380	3
10f4f390	FUN_10f4f390	3
10f4f3a0	FUN_10f4f3a0	3
10f4f3b0	FUN_10f4f3b0	3
10f4f440	FUN_10f4f440	3
10f4f450	FUN_10f4f450	3
10f4f4d0	FUN_10f4f4d0	3
10f4f590	FUN_10f4f590	11
10f4f5a0	FUN_10f4f5a0	6
10f4f680	FUN_10f4f680	14
10f4f6a0	FUN_10f4f6a0	13
10f4f6b0	FUN_10f4f6b0	12
10f4f6c0	FUN_10f4f6c0	11
10f4f6d0	FUN_10f4f6d0	43
10f4f850	FUN_10f4f850	4
10f4f860	FUN_10f4f860	108
10f4fa40	FUN_10f4fa40	9
10f513d0	FUN_10f513d0	6
10f513e0	FUN_10f513e0	6
10f513f0	FUN_10f513f0	6
10f51400	FUN_10f51400	6
10f514f0	FUN_10f514f0	3
10f51500	FUN_10f51500	3
10f51640	FUN_10f51640	28
10f51de0	FUN_10f51de0	9
10f51ea0	FUN_10f51ea0	5
10f51f50	FUN_10f51f50	10
10f51f60	FUN_10f51f60	12
10f525a0	FUN_10f525a0	8
10f527e0	FUN_10f527e0	8
10f527f0	FUN_10f527f0	4
10f52800	FUN_10f52800	7
10f52810	FUN_10f52810	26
10f52830	FUN_10f52830	10
10f53110	FUN_10f53110	4
10f535d0	FUN_10f535d0	28
10f552a0	FUN_10f552a0	26
10f552c0	FUN_10f552c0	26
10f552e0	FUN_10f552e0	26
10f55300	FUN_10f55300	26
10f55320	FUN_10f55320	26
10f55340	FUN_10f55340	26
10f55360	FUN_10f55360	26
10f55380	FUN_10f55380	26
10f553a0	FUN_10f553a0	26
10f553c0	FUN_10f553c0	26
10f553e0	FUN_10f553e0	26
10f55530	FUN_10f55530	78
10f555a0	FUN_10f555a0	78
10f556f0	FUN_10f556f0	78
10f55760	FUN_10f55760	78
10f557d0	FUN_10f557d0	78
10f55840	FUN_10f55840	78
10f558b0	FUN_10f558b0	83
10f55920	FUN_10f55920	6
10f55930	FUN_10f55930	6
10f55940	FUN_10f55940	6
10f55950	FUN_10f55950	6
10f58020	FUN_10f58020	4
10f58030	FUN_10f58030	3
10f58040	FUN_10f58040	7
10f58050	FUN_10f58050	3
10f58060	FUN_10f58060	7
10f58070	FUN_10f58070	3
10f58080	FUN_10f58080	7
10f58090	FUN_10f58090	3
10f580a0	FUN_10f580a0	7
10f580b0	FUN_10f580b0	3
10f580c0	FUN_10f580c0	7
10f580d0	FUN_10f580d0	3
10f580e0	FUN_10f580e0	7
10f580f0	FUN_10f580f0	3
10f58100	FUN_10f58100	7
10f58110	FUN_10f58110	3
10f58120	FUN_10f58120	7
10f58130	FUN_10f58130	3
10f58140	FUN_10f58140	7
10f58150	FUN_10f58150	3
10f58160	FUN_10f58160	7
10f58170	FUN_10f58170	3
10f58180	FUN_10f58180	7
10f58190	FUN_10f58190	7
10f581a0	FUN_10f581a0	4
10f581b0	FUN_10f581b0	4
10f581c0	FUN_10f581c0	3
10f581d0	FUN_10f581d0	3
10f581e0	FUN_10f581e0	3
10f581f0	FUN_10f581f0	3
10f58200	FUN_10f58200	3
10f58210	FUN_10f58210	3
10f58220	FUN_10f58220	3
10f58230	FUN_10f58230	3
10f58240	FUN_10f58240	3
10f58250	FUN_10f58250	3
10f58260	FUN_10f58260	3
10f5e690	FUN_10f5e690	8
10f5e800	FUN_10f5e800	7
10f61560	FUN_10f61560	7
10f61580	FUN_10f61580	7
10f61880	FUN_10f61880	6
10f61890	FUN_10f61890	6
10f618a0	FUN_10f618a0	6
10f618b0	FUN_10f618b0	6
10f62040	FUN_10f62040	3
10f62050	FUN_10f62050	3
10f62060	FUN_10f62060	3
10f62070	FUN_10f62070	3
10f62080	FUN_10f62080	3
10f62090	FUN_10f62090	3
10f620a0	FUN_10f620a0	3
10f620b0	FUN_10f620b0	3
10f620c0	FUN_10f620c0	3
10f620d0	FUN_10f620d0	3
10f620e0	FUN_10f620e0	3
10f62da0	FUN_10f62da0	28
10f62dd0	FUN_10f62dd0	28
10f62e00	FUN_10f62e00	28
10f62e30	FUN_10f62e30	28
10f64be0	FUN_10f64be0	26
10f64c00	FUN_10f64c00	78
10f64d20	FUN_10f64d20	5
10f64d30	FUN_10f64d30	6
10f650e0	FUN_10f650e0	10
10f650f0	FUN_10f650f0	12
10f661f0	FUN_10f661f0	3
10f66200	FUN_10f66200	7
10f66210	FUN_10f66210	8
10f66220	FUN_10f66220	4
10f66230	FUN_10f66230	4
10f666b0	FUN_10f666b0	8
10f666c0	FUN_10f666c0	4
10f666d0	FUN_10f666d0	7
10f666e0	FUN_10f666e0	26
10f66700	FUN_10f66700	10
10f66d70	FUN_10f66d70	16
10f66f40	FUN_10f66f40	7
10f675b0	FUN_10f675b0	4
10f676d0	FUN_10f676d0	6
10f678e0	FUN_10f678e0	3
10f68420	FUN_10f68420	28
10f68450	FUN_10f68450	28
10f68480	FUN_10f68480	28
10f692e0	FUN_10f692e0	25
10f69c80	FUN_10f69c80	16
10f69ca0	FUN_10f69ca0	16
10f6a920	FUN_10f6a920	28
10f6b160	FUN_10f6b160	18
10f6b180	FUN_10f6b180	32
10f6b1b0	FUN_10f6b1b0	22
10f6b1d0	FUN_10f6b1d0	18
10f6b2b0	FUN_10f6b2b0	22
10f6b2d0	FUN_10f6b2d0	34
10f6b320	FUN_10f6b320	13
10f6b330	FUN_10f6b330	13
10f6b340	FUN_10f6b340	3
10f6b4f0	FUN_10f6b4f0	15
10f6b590	FUN_10f6b590	5
10f6b6f0	FUN_10f6b6f0	5
10f6b700	FUN_10f6b700	5
10f6b710	FUN_10f6b710	5
10f6b720	FUN_10f6b720	5
10f6b730	FUN_10f6b730	5
10f6b740	FUN_10f6b740	5
10f6b750	FUN_10f6b750	29
10f6b8a0	FUN_10f6b8a0	15
10f6b8c0	FUN_10f6b8c0	15
10f6b8e0	FUN_10f6b8e0	5
10f6b8f0	FUN_10f6b8f0	5
10f6b900	FUN_10f6b900	5
10f6b940	FUN_10f6b940	16
10f6b960	FUN_10f6b960	18
10f6b9c0	FUN_10f6b9c0	11
10f6b9d0	FUN_10f6b9d0	11
10f6ba60	FUN_10f6ba60	11
10f6ba70	FUN_10f6ba70	11
10f6ba80	FUN_10f6ba80	16
10f6baa0	FUN_10f6baa0	3
10f6bd70	FUN_10f6bd70	19
10f6c040	FUN_10f6c040	65
10f6c0a0	FUN_10f6c0a0	14
10f6c0c0	FUN_10f6c0c0	14
10f6c1d0	FUN_10f6c1d0	3
10f6c1e0	FUN_10f6c1e0	6
10f6c1f0	FUN_10f6c1f0	6
10f6c7f0	FUN_10f6c7f0	3
10f6c800	FUN_10f6c800	3
10f6c810	FUN_10f6c810	3
10f6c820	FUN_10f6c820	3
10f6c830	FUN_10f6c830	3
10f6c840	FUN_10f6c840	3
10f6c850	FUN_10f6c850	3
10f6c860	FUN_10f6c860	3
10f6cb70	FUN_10f6cb70	30
10f6cbd0	FUN_10f6cbd0	3
10f6cbe0	FUN_10f6cbe0	11
10f6cc60	FUN_10f6cc60	11
10f6d0d0	FUN_10f6d0d0	13
10f6d300	FUN_10f6d300	11
10f6d810	FUN_10f6d810	7
10f6d820	FUN_10f6d820	7
10f6d830	FUN_10f6d830	6
10f6d840	FUN_10f6d840	6
10f6d850	FUN_10f6d850	5
10f6e500	FUN_10f6e500	4
10f6e560	FUN_10f6e560	25
10f6ee90	FUN_10f6ee90	7
10f6f380	FUN_10f6f380	12
10f6f4c0	FUN_10f6f4c0	5
10f6f7c0	FUN_10f6f7c0	12
10f6f7d0	FUN_10f6f7d0	5
10f6f7f0	FUN_10f6f7f0	5
10f6f800	FUN_10f6f800	5
10f6f820	FUN_10f6f820	5
10f6f830	FUN_10f6f830	5
10f6f9f0	FUN_10f6f9f0	5
10f6fa00	FUN_10f6fa00	5
10f6fda0	FUN_10f6fda0	3
10f6fdb0	FUN_10f6fdb0	3
10f6fdc0	FUN_10f6fdc0	10
10f6fdd0	FUN_10f6fdd0	10
10f6fed0	FUN_10f6fed0	12
10f70ca0	FUN_10f70ca0	34
10f710f0	FUN_10f710f0	18
10f71140	FUN_10f71140	3
10f71150	FUN_10f71150	8
10f71160	FUN_10f71160	8
10f71170	FUN_10f71170	4
10f71180	FUN_10f71180	3
10f719d0	FUN_10f719d0	8
10f719e0	FUN_10f719e0	8
10f71a10	FUN_10f71a10	4
10f71a20	FUN_10f71a20	4
10f71a30	FUN_10f71a30	7
10f71a40	FUN_10f71a40	7
10f71a70	FUN_10f71a70	26
10f71a90	FUN_10f71a90	26
10f71ab0	FUN_10f71ab0	76
10f71b10	FUN_10f71b10	76
10f71b70	FUN_10f71b70	10
10f71b80	FUN_10f71b80	10
10f72480	FUN_10f72480	16
10f72560	FUN_10f72560	21
10f72580	FUN_10f72580	24
10f725b0	FUN_10f725b0	4
10f725c0	FUN_10f725c0	4
10f725d0	FUN_10f725d0	4
10f725e0	FUN_10f725e0	28
10f72610	FUN_10f72610	28
10f73410	FUN_10f73410	7
10f73630	FUN_10f73630	3
10f736d0	FUN_10f736d0	28
10f73700	FUN_10f73700	28
10f741b0	FUN_10f741b0	83
10f75900	FUN_10f75900	4
10f75910	FUN_10f75910	21
10f76300	FUN_10f76300	24
10f76bb0	FUN_10f76bb0	4
10f76bc0	FUN_10f76bc0	4
10f76be0	FUN_10f76be0	4
10f76bf0	FUN_10f76bf0	4
10f76d20	FUN_10f76d20	6
10f76f90	FUN_10f76f90	13
10f76fa0	FUN_10f76fa0	13
10f76fb0	FUN_10f76fb0	13
10f77120	FUN_10f77120	13
10f77130	FUN_10f77130	13
10f77280	FUN_10f77280	13
10f77290	FUN_10f77290	13
10f77360	FUN_10f77360	6
10f78130	FUN_10f78130	6
10f790e0	FUN_10f790e0	7
10f79d60	FUN_10f79d60	4
10f79d70	FUN_10f79d70	6
10f79ef0	FUN_10f79ef0	7
10f7a4b0	FUN_10f7a4b0	28
10f7b9a0	FUN_10f7b9a0	18
10f7b9c0	FUN_10f7b9c0	22
10f7b9e0	FUN_10f7b9e0	18
10f7ba00	FUN_10f7ba00	22
10f7baf0	FUN_10f7baf0	22
10f7bb30	FUN_10f7bb30	13
10f7bb40	FUN_10f7bb40	13
10f7bb50	FUN_10f7bb50	3
10f7bf90	FUN_10f7bf90	15
10f7c110	FUN_10f7c110	5
10f7c120	FUN_10f7c120	5
10f7c130	FUN_10f7c130	5
10f7c140	FUN_10f7c140	5
10f7c150	FUN_10f7c150	5
10f7c200	FUN_10f7c200	15
10f7c220	FUN_10f7c220	15
10f7c240	FUN_10f7c240	5
10f7c250	FUN_10f7c250	5
10f7c260	FUN_10f7c260	5
10f7c270	FUN_10f7c270	5
10f7c280	FUN_10f7c280	5
10f7c6a0	FUN_10f7c6a0	18
10f7c700	FUN_10f7c700	11
10f7c790	FUN_10f7c790	11
10f7c7a0	FUN_10f7c7a0	16
10f7c7c0	FUN_10f7c7c0	3
10f7e2b0	FUN_10f7e2b0	14
10f7e2d0	FUN_10f7e2d0	14
10f7e2f0	FUN_10f7e2f0	4
10f7e300	FUN_10f7e300	4
10f7e310	FUN_10f7e310	6
10f7ec30	FUN_10f7ec30	5
10f7ec40	FUN_10f7ec40	3
10f7ec50	FUN_10f7ec50	3
10f7ec60	FUN_10f7ec60	3
10f7ec70	FUN_10f7ec70	3
10f7ec80	FUN_10f7ec80	3
10f7ec90	FUN_10f7ec90	3
10f7eca0	FUN_10f7eca0	3
10f7ecb0	FUN_10f7ecb0	3
10f7ef50	FUN_10f7ef50	5
10f7ef60	FUN_10f7ef60	79
10f7efd0	FUN_10f7efd0	31
10f7f000	FUN_10f7f000	11
10f7f010	FUN_10f7f010	83
10f7f5b0	FUN_10f7f5b0	13
10f7f750	FUN_10f7f750	11
10f80580	FUN_10f80580	4
10f80590	FUN_10f80590	4
10f80720	FUN_10f80720	6
10f80730	FUN_10f80730	6
10f81ad0	FUN_10f81ad0	18
10f81b90	FUN_10f81b90	13
10f81ba0	FUN_10f81ba0	13
10f81bb0	FUN_10f81bb0	3
10f81d50	FUN_10f81d50	15
10f81df0	FUN_10f81df0	5
10f81e00	FUN_10f81e00	5
10f81f60	FUN_10f81f60	5
10f81f70	FUN_10f81f70	5
10f81f80	FUN_10f81f80	5
10f821e0	FUN_10f821e0	18
10f82200	FUN_10f82200	10
10f82210	FUN_10f82210	11
10f82220	FUN_10f82220	11
10f82230	FUN_10f82230	16
10f82250	FUN_10f82250	3
10f82260	FUN_10f82260	12
10f82c10	FUN_10f82c10	3
10f82c70	FUN_10f82c70	3
10f82d10	FUN_10f82d10	3
10f82e80	FUN_10f82e80	3
10f82ee0	FUN_10f82ee0	3
10f83130	FUN_10f83130	3
10f83170	FUN_10f83170	14
10f83190	FUN_10f83190	14
10f831b0	FUN_10f831b0	7
10f831c0	FUN_10f831c0	8
10f831d0	FUN_10f831d0	4
10f831e0	FUN_10f831e0	4
10f831f0	FUN_10f831f0	6
10f83200	FUN_10f83200	6
10f83210	FUN_10f83210	9
10f83220	FUN_10f83220	9
10f83920	FUN_10f83920	8
10f83930	FUN_10f83930	3
10f83940	FUN_10f83940	3
10f83950	FUN_10f83950	3
10f83960	FUN_10f83960	3
10f83970	FUN_10f83970	4
10f83980	FUN_10f83980	7
10f83990	FUN_10f83990	3
10f839a0	FUN_10f839a0	26
10f839c0	FUN_10f839c0	10
10f83ad0	FUN_10f83ad0	38
10f83b00	FUN_10f83b00	13
10f83b10	FUN_10f83b10	11
10f83f30	FUN_10f83f30	7
10f83f40	FUN_10f83f40	7
10f83fc0	FUN_10f83fc0	7
10f84080	FUN_10f84080	7
10f84090	FUN_10f84090	7
10f840a0	FUN_10f840a0	7
10f84150	FUN_10f84150	7
10f84160	FUN_10f84160	7
10f84220	FUN_10f84220	8
10f84230	FUN_10f84230	4
10f84240	FUN_10f84240	7
10f84250	FUN_10f84250	7
10f84260	FUN_10f84260	7
10f84270	FUN_10f84270	7
10f84280	FUN_10f84280	7
10f86020	FUN_10f86020	96
10f86130	FUN_10f86130	6
10f86140	FUN_10f86140	6
10f86150	FUN_10f86150	7
10f86450	FUN_10f86450	7
10f86460	FUN_10f86460	7
10f86660	FUN_10f86660	24
10f86680	FUN_10f86680	4
10f866a0	FUN_10f866a0	7
10f86820	FUN_10f86820	7
10f86830	FUN_10f86830	7
10f86840	FUN_10f86840	70
10f868a0	FUN_10f868a0	70
10f86900	FUN_10f86900	70
10f86a00	FUN_10f86a00	18
10f86a20	FUN_10f86a20	25
10f86a40	FUN_10f86a40	25
10f86a60	FUN_10f86a60	5
10f86a70	FUN_10f86a70	5
10f86a80	FUN_10f86a80	22
10f86aa0	FUN_10f86aa0	3
10f86ab0	FUN_10f86ab0	3
10f86ac0	FUN_10f86ac0	13
10f86ad0	FUN_10f86ad0	13
10f86ae0	FUN_10f86ae0	13
10f86af0	FUN_10f86af0	3
10f86b00	FUN_10f86b00	3
10f86b10	FUN_10f86b10	18
10f86cb0	FUN_10f86cb0	15
10f86d50	FUN_10f86d50	7
10f86d60	FUN_10f86d60	7
10f86d70	FUN_10f86d70	5
10f870a0	FUN_10f870a0	5
10f870b0	FUN_10f870b0	5
10f870c0	FUN_10f870c0	5
10f870d0	FUN_10f870d0	5
10f870e0	FUN_10f870e0	5
10f870f0	FUN_10f870f0	5
10f87100	FUN_10f87100	5
10f87110	FUN_10f87110	27
10f87420	FUN_10f87420	15
10f87540	FUN_10f87540	5
10f87550	FUN_10f87550	5
10f87560	FUN_10f87560	5
10f87570	FUN_10f87570	5
10f87580	FUN_10f87580	5
10f87590	FUN_10f87590	5
10f875a0	FUN_10f875a0	5
10f878f0	FUN_10f878f0	18
10f879e0	FUN_10f879e0	11
10f879f0	FUN_10f879f0	11
10f87a00	FUN_10f87a00	11
10f87a10	FUN_10f87a10	11
10f87a20	FUN_10f87a20	16
10f87a40	FUN_10f87a40	13
10f87a50	FUN_10f87a50	14
10f87a70	FUN_10f87a70	23
10f87a90	FUN_10f87a90	3
10f87aa0	FUN_10f87aa0	18
10f87af0	FUN_10f87af0	33
10f87c10	FUN_10f87c10	11
10f87c20	FUN_10f87c20	24
10f886b0	FUN_10f886b0	39
10f88830	FUN_10f88830	3
10f88950	FUN_10f88950	18
10f88970	FUN_10f88970	14
10f88990	FUN_10f88990	14
10f889b0	FUN_10f889b0	96
10f88a30	FUN_10f88a30	14
10f88a50	FUN_10f88a50	14
10f88a70	FUN_10f88a70	96
10f88af0	FUN_10f88af0	6
10f88b00	FUN_10f88b00	6
10f88b10	FUN_10f88b10	6
10f88b20	FUN_10f88b20	6
10f88b30	FUN_10f88b30	9
10f88b40	FUN_10f88b40	9
10f88b50	FUN_10f88b50	10
10f890b0	FUN_10f890b0	5
10f892c0	FUN_10f892c0	3
10f892d0	FUN_10f892d0	3
10f892e0	FUN_10f892e0	3
10f892f0	FUN_10f892f0	3
10f89300	FUN_10f89300	3
10f89310	FUN_10f89310	3
10f893a0	FUN_10f893a0	13
10f893b0	FUN_10f893b0	13
10f893c0	FUN_10f893c0	3
10f893d0	FUN_10f893d0	3
10f89450	FUN_10f89450	3
10f89510	FUN_10f89510	11
10f89520	FUN_10f89520	6
10f895c0	FUN_10f895c0	14
10f895e0	FUN_10f895e0	13
10f895f0	FUN_10f895f0	12
10f89600	FUN_10f89600	11
10f89860	FUN_10f89860	43
10f89990	FUN_10f89990	3
10f899f0	FUN_10f899f0	4
10f89c10	FUN_10f89c10	12
10f89c20	FUN_10f89c20	4
10f89c30	FUN_10f89c30	11
10f89c40	FUN_10f89c40	16
10f89c70	FUN_10f89c70	6
10f89c80	FUN_10f89c80	6
10f89c90	FUN_10f89c90	6
10f89ca0	FUN_10f89ca0	6
10f89cb0	FUN_10f89cb0	5
10f89cc0	FUN_10f89cc0	9
10f89d50	FUN_10f89d50	25
10f89da0	FUN_10f89da0	3
10f89db0	FUN_10f89db0	18
10f89f80	FUN_10f89f80	7
10f89fc0	FUN_10f89fc0	5
10f8a000	FUN_10f8a000	5
10f8a010	FUN_10f8a010	13
10f8a020	FUN_10f8a020	3
10f8a030	FUN_10f8a030	36
10f8a060	FUN_10f8a060	5
10f8a070	FUN_10f8a070	5
10f8a650	FUN_10f8a650	11
10f8a660	FUN_10f8a660	11
10f8a670	FUN_10f8a670	23
10f8a690	FUN_10f8a690	3
10f8a6a0	FUN_10f8a6a0	23
10f8bce0	FUN_10f8bce0	14
10f8bd00	FUN_10f8bd00	14
10f8bd20	FUN_10f8bd20	4
10f8bd30	FUN_10f8bd30	4
10f8bd40	FUN_10f8bd40	3
10f8bd50	FUN_10f8bd50	3
10f8bd60	FUN_10f8bd60	6
10f8bd70	FUN_10f8bd70	6
10f8c230	FUN_10f8c230	49
10f8c2e0	FUN_10f8c2e0	3
10f8c2f0	FUN_10f8c2f0	3
10f8c300	FUN_10f8c300	3
10f8c310	FUN_10f8c310	3
10f8c320	FUN_10f8c320	3
10f8c330	FUN_10f8c330	3
10f8c340	FUN_10f8c340	3
10f8c890	FUN_10f8c890	11
10f8c920	FUN_10f8c920	9
10f8c930	FUN_10f8c930	6
10f8cb60	FUN_10f8cb60	12
10f8ce90	FUN_10f8ce90	21
10f8ceb0	FUN_10f8ceb0	24
10f8cf00	FUN_10f8cf00	7
10f8cf10	FUN_10f8cf10	4
10f8cf20	FUN_10f8cf20	4
10f8cf30	FUN_10f8cf30	7
10f8cf40	FUN_10f8cf40	28
10f8cf70	FUN_10f8cf70	28
10f8e030	FUN_10f8e030	6
10f8e040	FUN_10f8e040	6
10f8e3e0	FUN_10f8e3e0	36
10f8ea50	FUN_10f8ea50	13
10f8ea80	FUN_10f8ea80	9
10f931e0	FUN_10f931e0	16
10f96c30	FUN_10f96c30	5
10f96d50	FUN_10f96d50	4
10f99410	FUN_10f99410	13
10f99440	FUN_10f99440	32
10f99470	FUN_10f99470	18
10f99490	FUN_10f99490	18
10f994b0	FUN_10f994b0	22
10f994d0	FUN_10f994d0	53
10f99520	FUN_10f99520	22
10f99540	FUN_10f99540	22
10f99560	FUN_10f99560	18
10f99580	FUN_10f99580	18
10f99730	FUN_10f99730	22
10f99750	FUN_10f99750	22
10f99770	FUN_10f99770	34
10f997a0	FUN_10f997a0	55
10f997f0	FUN_10f997f0	3
10f99840	FUN_10f99840	13
10f99850	FUN_10f99850	13
10f99860	FUN_10f99860	13
10f99870	FUN_10f99870	13
10f99880	FUN_10f99880	3
10f99890	FUN_10f99890	3
10f998a0	FUN_10f998a0	118
10f99c00	FUN_10f99c00	73
10f99c60	FUN_10f99c60	15
10f99c80	FUN_10f99c80	15
10f99dd0	FUN_10f99dd0	5
10f99de0	FUN_10f99de0	5
10f99df0	FUN_10f99df0	5
10f9a0e0	FUN_10f9a0e0	5
10f9a0f0	FUN_10f9a0f0	5
10f9a100	FUN_10f9a100	5
10f9a110	FUN_10f9a110	5
10f9a120	FUN_10f9a120	5
10f9a130	FUN_10f9a130	5
10f9a140	FUN_10f9a140	5
10f9a150	FUN_10f9a150	5
10f9a160	FUN_10f9a160	5
10f9a170	FUN_10f9a170	5
10f9a180	FUN_10f9a180	5
10f9a190	FUN_10f9a190	43
10f9a1d0	FUN_10f9a1d0	29
10f9a310	FUN_10f9a310	86
10f9a460	FUN_10f9a460	15
10f9a480	FUN_10f9a480	15
10f9a4a0	FUN_10f9a4a0	15
10f9a4c0	FUN_10f9a4c0	15
10f9a4e0	FUN_10f9a4e0	5
10f9a4f0	FUN_10f9a4f0	5
10f9a500	FUN_10f9a500	5
10f9a510	FUN_10f9a510	5
10f9a520	FUN_10f9a520	5
10f9a530	FUN_10f9a530	5
10f9a6b0	FUN_10f9a6b0	18
10f9a6d0	FUN_10f9a6d0	18
10f9a770	FUN_10f9a770	11
10f9a780	FUN_10f9a780	11
10f9a890	FUN_10f9a890	11
10f9a8a0	FUN_10f9a8a0	11
10f9a8b0	FUN_10f9a8b0	11
10f9a8c0	FUN_10f9a8c0	11
10f9a8d0	FUN_10f9a8d0	16
10f9a8f0	FUN_10f9a8f0	16
10f9a910	FUN_10f9a910	3
10f9a920	FUN_10f9a920	3
10f9aa60	FUN_10f9aa60	35
10f9b230	FUN_10f9b230	19
10f9b250	FUN_10f9b250	19
10f9b770	FUN_10f9b770	65
10f9b7d0	FUN_10f9b7d0	120
10f9b870	FUN_10f9b870	14
10f9b890	FUN_10f9b890	14
10f9b8b0	FUN_10f9b8b0	14
10f9b8d0	FUN_10f9b8d0	14
10f9bb10	FUN_10f9bb10	6
10f9bb20	FUN_10f9bb20	6
10f9bb30	FUN_10f9bb30	6
10f9bb40	FUN_10f9bb40	6
10f9ce40	FUN_10f9ce40	3
10f9ce50	FUN_10f9ce50	3
10f9ce60	FUN_10f9ce60	3
10f9ce70	FUN_10f9ce70	3
10f9ce80	FUN_10f9ce80	3
10f9ce90	FUN_10f9ce90	3
10f9cea0	FUN_10f9cea0	3
10f9ceb0	FUN_10f9ceb0	3
10f9cec0	FUN_10f9cec0	3
10f9ced0	FUN_10f9ced0	3
10f9cee0	FUN_10f9cee0	3
10f9cef0	FUN_10f9cef0	3
10f9cf00	FUN_10f9cf00	3
10f9cf10	FUN_10f9cf10	3
10f9cf20	FUN_10f9cf20	3
10f9cf30	FUN_10f9cf30	3
10f9d540	FUN_10f9d540	30
10f9d570	FUN_10f9d570	30
10f9d600	FUN_10f9d600	3
10f9d610	FUN_10f9d610	3
10f9d620	FUN_10f9d620	11
10f9d630	FUN_10f9d630	11
10f9d720	FUN_10f9d720	13
10f9d730	FUN_10f9d730	11
10f9dbd0	FUN_10f9dbd0	13
10f9fd10	FUN_10f9fd10	11
10fa01a0	FUN_10fa01a0	7
10fa01b0	FUN_10fa01b0	7
10fa3520	FUN_10fa3520	6
10fa3530	FUN_10fa3530	6
10fa3540	FUN_10fa3540	6
10fa3550	FUN_10fa3550	6
10fa36c0	FUN_10fa36c0	5
10fa36d0	FUN_10fa36d0	5
10fa40e0	FUN_10fa40e0	4
10faa9d0	FUN_10faa9d0	22
10faa9f0	FUN_10faa9f0	22
10faaa10	FUN_10faaa10	22
10faaa30	FUN_10faaa30	22
10faaa50	FUN_10faaa50	53
10faaaa0	FUN_10faaaa0	53
10faaaf0	FUN_10faaaf0	67
10faab50	FUN_10faab50	53
10faae80	FUN_10faae80	18
10faaea0	FUN_10faaea0	25
10faaec0	FUN_10faaec0	25
10faaee0	FUN_10faaee0	18
10faaf00	FUN_10faaf00	25
10faaf20	FUN_10faaf20	25
10faaf40	FUN_10faaf40	18
10faaf60	FUN_10faaf60	25
10faaf80	FUN_10faaf80	25
10faafa0	FUN_10faafa0	22
10faafc0	FUN_10faafc0	22
10faafe0	FUN_10faafe0	22
10fab000	FUN_10fab000	22
10fab020	FUN_10fab020	5
10fab030	FUN_10fab030	5
10fab040	FUN_10fab040	5
10fab050	FUN_10fab050	5
10fab060	FUN_10fab060	5
10fab070	FUN_10fab070	5
10fab080	FUN_10fab080	55
10fab0d0	FUN_10fab0d0	55
10fab120	FUN_10fab120	69
10fab180	FUN_10fab180	55
10fab1d0	FUN_10fab1d0	78
10fab240	FUN_10fab240	3
10fab250	FUN_10fab250	3
10fab260	FUN_10fab260	3
10fab270	FUN_10fab270	3
10fab280	FUN_10fab280	13
10fab290	FUN_10fab290	13
10fab2a0	FUN_10fab2a0	13
10fab2b0	FUN_10fab2b0	13
10fab2c0	FUN_10fab2c0	13
10fab2d0	FUN_10fab2d0	13
10fab2e0	FUN_10fab2e0	13
10fab2f0	FUN_10fab2f0	13
10fab300	FUN_10fab300	13
10fab310	FUN_10fab310	13
10fab320	FUN_10fab320	13
10fab330	FUN_10fab330	3
10fab340	FUN_10fab340	3
10fab350	FUN_10fab350	3
10fab360	FUN_10fab360	3
10fab370	FUN_10fab370	3
10fab380	FUN_10fab380	3
10fab390	FUN_10fab390	3
10fab3a0	FUN_10fab3a0	3
10fab3b0	FUN_10fab3b0	18
10fab3d0	FUN_10fab3d0	18
10fab3f0	FUN_10fab3f0	18
10fab410	FUN_10fab410	18
10fab8f0	FUN_10fab8f0	51
10faba10	FUN_10faba10	15
10faba30	FUN_10faba30	15
10faba50	FUN_10faba50	15
10faba70	FUN_10faba70	15
10fabbf0	FUN_10fabbf0	26
10fabcc0	FUN_10fabcc0	7
10fabcd0	FUN_10fabcd0	7
10fabce0	FUN_10fabce0	7
10fabcf0	FUN_10fabcf0	7
10fabd00	FUN_10fabd00	5
10fabd10	FUN_10fabd10	5
10fabd20	FUN_10fabd20	5
10fabd30	FUN_10fabd30	5
10faca40	FUN_10faca40	5
10faca50	FUN_10faca50	5
10faca60	FUN_10faca60	5
10faca70	FUN_10faca70	5
10faca80	FUN_10faca80	5
10faca90	FUN_10faca90	5
10facaa0	FUN_10facaa0	5
10facab0	FUN_10facab0	5
10facac0	FUN_10facac0	5
10facad0	FUN_10facad0	5
10facae0	FUN_10facae0	5
10facaf0	FUN_10facaf0	5
10facb00	FUN_10facb00	5
10facb10	FUN_10facb10	5
10facb20	FUN_10facb20	5
10facb30	FUN_10facb30	5
10facb40	FUN_10facb40	5
10facb50	FUN_10facb50	5
10facb60	FUN_10facb60	5
10facb70	FUN_10facb70	5
10facb80	FUN_10facb80	5
10facb90	FUN_10facb90	5
10facba0	FUN_10facba0	5
10facbb0	FUN_10facbb0	5
10facbc0	FUN_10facbc0	5
10facbd0	FUN_10facbd0	5
10facbe0	FUN_10facbe0	5
10facbf0	FUN_10facbf0	5
10facc00	FUN_10facc00	5
10facc10	FUN_10facc10	5
10facc20	FUN_10facc20	5
10facce0	FUN_10facce0	43
10facd20	FUN_10facd20	43
10facd60	FUN_10facd60	78
10facdd0	FUN_10facdd0	43
10fad3a0	FUN_10fad3a0	15
10fad3c0	FUN_10fad3c0	15
10fad3e0	FUN_10fad3e0	15
10fad400	FUN_10fad400	15
10fad820	FUN_10fad820	5
10fad830	FUN_10fad830	5
10fad840	FUN_10fad840	5
10fad850	FUN_10fad850	5
10fad860	FUN_10fad860	5
10fad870	FUN_10fad870	5
10fad880	FUN_10fad880	5
10fad890	FUN_10fad890	5
10fad8a0	FUN_10fad8a0	5
10fad8b0	FUN_10fad8b0	5
10fad8c0	FUN_10fad8c0	5
10fad8d0	FUN_10fad8d0	5
10fad8e0	FUN_10fad8e0	5
10fad8f0	FUN_10fad8f0	5
10fad900	FUN_10fad900	5
10fad910	FUN_10fad910	5
10fad920	FUN_10fad920	5
10fad930	FUN_10fad930	5
10fad940	FUN_10fad940	5
10fadce0	FUN_10fadce0	16
10fadd70	FUN_10fadd70	16
10fade00	FUN_10fade00	16
10fade90	FUN_10fade90	16
10faded0	FUN_10faded0	18
10fadef0	FUN_10fadef0	18
10fadf10	FUN_10fadf10	18
10fadf30	FUN_10fadf30	18
10fae1f0	FUN_10fae1f0	11
10fae200	FUN_10fae200	11
10fae210	FUN_10fae210	11
10fae220	FUN_10fae220	11
10fae230	FUN_10fae230	11
10fae240	FUN_10fae240	11
10fae250	FUN_10fae250	11
10fae260	FUN_10fae260	11
10fae270	FUN_10fae270	11
10fae280	FUN_10fae280	11
10fae290	FUN_10fae290	11
10fae2a0	FUN_10fae2a0	11
10fae2b0	FUN_10fae2b0	11
10fae2c0	FUN_10fae2c0	11
10fae2d0	FUN_10fae2d0	11
10fae2e0	FUN_10fae2e0	11
10fae2f0	FUN_10fae2f0	16
10fae310	FUN_10fae310	16
10fae330	FUN_10fae330	16
10fae350	FUN_10fae350	23
10fae370	FUN_10fae370	23
10fae390	FUN_10fae390	23
10fae3b0	FUN_10fae3b0	14
10fae3d0	FUN_10fae3d0	14
10fae3f0	FUN_10fae3f0	14
10fae410	FUN_10fae410	14
10fae430	FUN_10fae430	23
10fae450	FUN_10fae450	23
10fae470	FUN_10fae470	23
10fae490	FUN_10fae490	3
10fae4a0	FUN_10fae4a0	3
10fae4b0	FUN_10fae4b0	3
10fae8b0	FUN_10fae8b0	35
10fae970	FUN_10fae970	35
10faea50	FUN_10faea50	42
10faea90	FUN_10faea90	35
10faf610	FUN_10faf610	11
10faf620	FUN_10faf620	11
10faf630	FUN_10faf630	11
10faf640	FUN_10faf640	11
10fafd90	FUN_10fafd90	3
10fafda0	FUN_10fafda0	3
10fafdb0	FUN_10fafdb0	3
10fafdc0	FUN_10fafdc0	3
10fb0a10	FUN_10fb0a10	72
10fb0a70	FUN_10fb0a70	72
10fb0ad0	FUN_10fb0ad0	11
10fb0ae0	FUN_10fb0ae0	72
10fb0b40	FUN_10fb0b40	65
10fb0ba0	FUN_10fb0ba0	65
10fb0c00	FUN_10fb0c00	65
10fb0c60	FUN_10fb0c60	120
10fb0d00	FUN_10fb0d00	120
10fb0e60	FUN_10fb0e60	120
10fb0f00	FUN_10fb0f00	14
10fb0f20	FUN_10fb0f20	14
10fb0f40	FUN_10fb0f40	14
10fb0f60	FUN_10fb0f60	14
10fb0f80	FUN_10fb0f80	14
10fb0fa0	FUN_10fb0fa0	14
10fb0fc0	FUN_10fb0fc0	14
10fb0fe0	FUN_10fb0fe0	14
10fb1000	FUN_10fb1000	14
10fb1020	FUN_10fb1020	14
10fb1040	FUN_10fb1040	14
10fb1060	FUN_10fb1060	14
10fb1080	FUN_10fb1080	14
10fb10a0	FUN_10fb10a0	14
10fb10c0	FUN_10fb10c0	14
10fb10e0	FUN_10fb10e0	14
10fb11f0	FUN_10fb11f0	7
10fb1200	FUN_10fb1200	7
10fb1210	FUN_10fb1210	7
10fb1220	FUN_10fb1220	7
10fb1230	FUN_10fb1230	3
10fb1240	FUN_10fb1240	3
10fb1250	FUN_10fb1250	3
10fb1260	FUN_10fb1260	6
10fb1270	FUN_10fb1270	6
10fb1280	FUN_10fb1280	6
10fb1290	FUN_10fb1290	6
10fb12a0	FUN_10fb12a0	6
10fb12b0	FUN_10fb12b0	6
10fb12c0	FUN_10fb12c0	6
10fb12d0	FUN_10fb12d0	6
10fb12e0	FUN_10fb12e0	6
10fb12f0	FUN_10fb12f0	6
10fb1300	FUN_10fb1300	6
10fb1310	FUN_10fb1310	6
10fb1320	FUN_10fb1320	6
10fb1330	FUN_10fb1330	6
10fb1340	FUN_10fb1340	6
10fb1350	FUN_10fb1350	6
10fb1360	FUN_10fb1360	6
10fb1370	FUN_10fb1370	6
10fb1380	FUN_10fb1380	6
10fb1390	FUN_10fb1390	6
10fb13a0	FUN_10fb13a0	6
10fb13b0	FUN_10fb13b0	6
10fb13e0	FUN_10fb13e0	9
10fb1410	FUN_10fb1410	9
10fb1440	FUN_10fb1440	9
10fb1450	FUN_10fb1450	9
10fb1460	FUN_10fb1460	9
10fb1470	FUN_10fb1470	9
10fb1480	FUN_10fb1480	9
10fb1490	FUN_10fb1490	9
10fb14a0	FUN_10fb14a0	9
10fb14b0	FUN_10fb14b0	9
10fb14c0	FUN_10fb14c0	9
10fb14d0	FUN_10fb14d0	9
10fb14e0	FUN_10fb14e0	10
10fb14f0	FUN_10fb14f0	10
10fb1500	FUN_10fb1500	10
10fb1510	FUN_10fb1510	10
10fb2ab0	FUN_10fb2ab0	54
10fb2b00	FUN_10fb2b00	54
10fb2b50	FUN_10fb2b50	54
10fb2ba0	FUN_10fb2ba0	54
10fb32f0	FUN_10fb32f0	3
10fb3300	FUN_10fb3300	3
10fb3310	FUN_10fb3310	3
10fb3320	FUN_10fb3320	3
10fb3330	FUN_10fb3330	3
10fb3340	FUN_10fb3340	3
10fb3350	FUN_10fb3350	3
10fb3360	FUN_10fb3360	3
10fb3370	FUN_10fb3370	3
10fb3380	FUN_10fb3380	3
10fb3390	FUN_10fb3390	3
10fb33a0	FUN_10fb33a0	3
10fb33b0	FUN_10fb33b0	3
10fb33c0	FUN_10fb33c0	3
10fb33d0	FUN_10fb33d0	3
10fb33e0	FUN_10fb33e0	3
10fb33f0	FUN_10fb33f0	3
10fb3400	FUN_10fb3400	3
10fb3410	FUN_10fb3410	3
10fb3420	FUN_10fb3420	3
10fb3430	FUN_10fb3430	3
10fb3440	FUN_10fb3440	3
10fb3450	FUN_10fb3450	3
10fb3460	FUN_10fb3460	3
10fb3670	FUN_10fb3670	13
10fb3680	FUN_10fb3680	13
10fb3690	FUN_10fb3690	13
10fb36a0	FUN_10fb36a0	13
10fb36b0	FUN_10fb36b0	4
10fb36c0	FUN_10fb36c0	4
10fb36d0	FUN_10fb36d0	4
10fb36e0	FUN_10fb36e0	4
10fb36f0	FUN_10fb36f0	4
10fb3700	FUN_10fb3700	4
10fb3710	FUN_10fb3710	4
10fb38e0	FUN_10fb38e0	3
10fb38f0	FUN_10fb38f0	3
10fb3900	FUN_10fb3900	3
10fb3910	FUN_10fb3910	3
10fb3920	FUN_10fb3920	3
10fb3930	FUN_10fb3930	3
10fb3940	FUN_10fb3940	3
10fb3950	FUN_10fb3950	3
10fb3c20	FUN_10fb3c20	11
10fb3c30	FUN_10fb3c30	11
10fb3c40	FUN_10fb3c40	11
10fb3c50	FUN_10fb3c50	11
10fb3c60	FUN_10fb3c60	6
10fb3c70	FUN_10fb3c70	6
10fb3c80	FUN_10fb3c80	6
10fb3c90	FUN_10fb3c90	6
10fb3e90	FUN_10fb3e90	14
10fb3eb0	FUN_10fb3eb0	14
10fb3ed0	FUN_10fb3ed0	14
10fb3ef0	FUN_10fb3ef0	14
10fb3f10	FUN_10fb3f10	13
10fb3f20	FUN_10fb3f20	13
10fb3f30	FUN_10fb3f30	13
10fb3f40	FUN_10fb3f40	13
10fb3f50	FUN_10fb3f50	12
10fb3f60	FUN_10fb3f60	12
10fb3f70	FUN_10fb3f70	12
10fb3f80	FUN_10fb3f80	12
10fb3f90	FUN_10fb3f90	11
10fb3fa0	FUN_10fb3fa0	11
10fb3fb0	FUN_10fb3fb0	11
10fb3fc0	FUN_10fb3fc0	11
10fb44d0	FUN_10fb44d0	48
10fb45e0	FUN_10fb45e0	43
10fb4620	FUN_10fb4620	43
10fb4660	FUN_10fb4660	43
10fb46a0	FUN_10fb46a0	43
10fb6750	FUN_10fb6750	14
10fb6770	FUN_10fb6770	14
10fb6790	FUN_10fb6790	14
10fb67b0	FUN_10fb67b0	14
10fb67d0	FUN_10fb67d0	13
10fb67e0	FUN_10fb67e0	13
10fb67f0	FUN_10fb67f0	13
10fb6800	FUN_10fb6800	13
10fb6990	FUN_10fb6990	4
10fb69a0	FUN_10fb69a0	4
10fb69b0	FUN_10fb69b0	4
10fb69c0	FUN_10fb69c0	4
10fb6fb0	FUN_10fb6fb0	68
10fb7010	FUN_10fb7010	68
10fb7100	FUN_10fb7100	68
10fb85b0	FUN_10fb85b0	8
10fb85c0	FUN_10fb85c0	8
10fb85d0	FUN_10fb85d0	12
10fb85e0	FUN_10fb85e0	12
10fb85f0	FUN_10fb85f0	12
10fb8600	FUN_10fb8600	12
10fb8610	FUN_10fb8610	12
10fb8620	FUN_10fb8620	11
10fb8630	FUN_10fb8630	11
10fb8640	FUN_10fb8640	11
10fb8650	FUN_10fb8650	11
10fbc970	FUN_10fbc970	7
10fbca70	FUN_10fbca70	6
10fbca80	FUN_10fbca80	6
10fbca90	FUN_10fbca90	6
10fbcaa0	FUN_10fbcaa0	6
10fbcab0	FUN_10fbcab0	6
10fbcac0	FUN_10fbcac0	6
10fbcad0	FUN_10fbcad0	6
10fbcae0	FUN_10fbcae0	6
10fbcaf0	FUN_10fbcaf0	6
10fbcb00	FUN_10fbcb00	6
10fbcb10	FUN_10fbcb10	6
10fbcb20	FUN_10fbcb20	6
10fbcb30	FUN_10fbcb30	6
10fbcb40	FUN_10fbcb40	6
10fbcb50	FUN_10fbcb50	6
10fbcb60	FUN_10fbcb60	6
10fbce40	FUN_10fbce40	5
10fbce50	FUN_10fbce50	5
10fbce60	FUN_10fbce60	5
10fbce70	FUN_10fbce70	5
10fbce80	FUN_10fbce80	5
10fbce90	FUN_10fbce90	5
10fbcf20	FUN_10fbcf20	28
10fbcf50	FUN_10fbcf50	28
10fbcf80	FUN_10fbcf80	28
10fc0740	FUN_10fc0740	4
10fc0750	FUN_10fc0750	4
10fc0760	FUN_10fc0760	4
10fc0770	FUN_10fc0770	4
10fc0780	FUN_10fc0780	9
10fc0790	FUN_10fc0790	9
10fc07a0	FUN_10fc07a0	9
10fc07b0	FUN_10fc07b0	9
10fc07c0	FUN_10fc07c0	4
10fc07d0	FUN_10fc07d0	4
10fc07e0	FUN_10fc07e0	4
10fc07f0	FUN_10fc07f0	4
10fc0860	FUN_10fc0860	18
10fc0880	FUN_10fc0880	53
10fc08d0	FUN_10fc08d0	22
10fc08f0	FUN_10fc08f0	18
10fc09e0	FUN_10fc09e0	22
10fc0a00	FUN_10fc0a00	55
10fc0a70	FUN_10fc0a70	13
10fc0a80	FUN_10fc0a80	13
10fc0a90	FUN_10fc0a90	3
10fc0c60	FUN_10fc0c60	15
10fc0d30	FUN_10fc0d30	5
10fc0ea0	FUN_10fc0ea0	5
10fc0eb0	FUN_10fc0eb0	5
10fc0ec0	FUN_10fc0ec0	5
10fc0ed0	FUN_10fc0ed0	5
10fc0ee0	FUN_10fc0ee0	5
10fc0ef0	FUN_10fc0ef0	5
10fc0f00	FUN_10fc0f00	43
10fc10c0	FUN_10fc10c0	15
10fc10e0	FUN_10fc10e0	15
10fc1100	FUN_10fc1100	5
10fc1110	FUN_10fc1110	5
10fc1120	FUN_10fc1120	5
10fc12a0	FUN_10fc12a0	18
10fc1300	FUN_10fc1300	11
10fc1310	FUN_10fc1310	11
10fc13a0	FUN_10fc13a0	11
10fc13b0	FUN_10fc13b0	11
10fc13c0	FUN_10fc13c0	16
10fc13e0	FUN_10fc13e0	3
10fc14d0	FUN_10fc14d0	35
10fc1e70	FUN_10fc1e70	19
10fc2380	FUN_10fc2380	120
10fc2420	FUN_10fc2420	14
10fc2440	FUN_10fc2440	14
10fc2560	FUN_10fc2560	6
10fc2570	FUN_10fc2570	6
10fc2580	FUN_10fc2580	6
10fc2590	FUN_10fc2590	6
10fc32a0	FUN_10fc32a0	3
10fc32b0	FUN_10fc32b0	3
10fc32c0	FUN_10fc32c0	3
10fc32d0	FUN_10fc32d0	3
10fc32e0	FUN_10fc32e0	3
10fc32f0	FUN_10fc32f0	3
10fc3300	FUN_10fc3300	3
10fc3310	FUN_10fc3310	3
10fc3620	FUN_10fc3620	30
10fc3680	FUN_10fc3680	3
10fc3690	FUN_10fc3690	11
10fc3710	FUN_10fc3710	11
10fc3d40	FUN_10fc3d40	13
10fc59a0	FUN_10fc59a0	11
10fc5b20	FUN_10fc5b20	7
10fc5b30	FUN_10fc5b30	7
10fc9440	FUN_10fc9440	6
10fc9450	FUN_10fc9450	6
10fc95c0	FUN_10fc95c0	5
10fc95d0	FUN_10fc95d0	5
10fc9f70	FUN_10fc9f70	4
10fca4c0	FUN_10fca4c0	25
10fcbbb0	FUN_10fcbbb0	78
10fcbc20	FUN_10fcbc20	16
10fcceb0	FUN_10fcceb0	28
10fcd6c0	FUN_10fcd6c0	25
10fcd6e0	FUN_10fcd6e0	26
10fcdaf0	FUN_10fcdaf0	7
10fcdb00	FUN_10fcdb00	5
10fcdda0	FUN_10fcdda0	5
10fcddb0	FUN_10fcddb0	5
10fcddc0	FUN_10fcddc0	5
10fcddd0	FUN_10fcddd0	5
10fcdf40	FUN_10fcdf40	21
10fcdf60	FUN_10fcdf60	23
10fcdf80	FUN_10fcdf80	3
10fcdf90	FUN_10fcdf90	23
10fce5f0	FUN_10fce5f0	65
10fce650	FUN_10fce650	12
10fce660	FUN_10fce660	3
10fce7f0	FUN_10fce7f0	49
10fce8e0	FUN_10fce8e0	3
10fce8f0	FUN_10fce8f0	3
10fce900	FUN_10fce900	3
10fce910	FUN_10fce910	3
10fce920	FUN_10fce920	3
10fce930	FUN_10fce930	6
10fcec50	FUN_10fcec50	9
10fcf400	FUN_10fcf400	6
10fcf410	FUN_10fcf410	6
10fcf670	FUN_10fcf670	26
10fcf690	FUN_10fcf690	43
10fcf6d0	FUN_10fcf6d0	40
10fcf710	FUN_10fcf710	40
10fcf750	FUN_10fcf750	40
10fcf840	FUN_10fcf840	16
10fd0e50	FUN_10fd0e50	7
10fd0e60	FUN_10fd0e60	3
10fd1790	FUN_10fd1790	16
10fd17b0	FUN_10fd17b0	16
10fd17d0	FUN_10fd17d0	16
10fd25b0	FUN_10fd25b0	3
10fd2d90	FUN_10fd2d90	28
10fd2dc0	FUN_10fd2dc0	28
10fd2df0	FUN_10fd2df0	28
10fd2e20	FUN_10fd2e20	28
10fd3020	FUN_10fd3020	43
10fd30c0	FUN_10fd30c0	16
10fd96d0	FUN_10fd96d0	3
10fdd590	FUN_10fdd590	3
10fddfb0	FUN_10fddfb0	28
10fde870	FUN_10fde870	25
10fde890	FUN_10fde890	22
10fde8b0	FUN_10fde8b0	20
10fde900	FUN_10fde900	3
10fded30	FUN_10fded30	7
10fded40	FUN_10fded40	7
10fdf050	FUN_10fdf050	229
10fdf170	FUN_10fdf170	90
10fdf210	FUN_10fdf210	93
10fdf290	FUN_10fdf290	92
10fdf310	FUN_10fdf310	8
10fdf580	FUN_10fdf580	5
10fdf690	FUN_10fdf690	42
10fdf6d0	FUN_10fdf6d0	61
10fdf720	FUN_10fdf720	8
10fdf730	FUN_10fdf730	87
10fdfb20	FUN_10fdfb20	5
10fdfc70	FUN_10fdfc70	5
10fdfc80	FUN_10fdfc80	5
10fdfd20	FUN_10fdfd20	3
10fe0070	FUN_10fe0070	5
10fe0080	FUN_10fe0080	5
10fe0090	FUN_10fe0090	5
10fe00a0	FUN_10fe00a0	5
10fe00b0	FUN_10fe00b0	19
10fe00d0	FUN_10fe00d0	5
10fe00e0	FUN_10fe00e0	31
10fe01d0	FUN_10fe01d0	21
10fe01f0	FUN_10fe01f0	11
10fe0200	FUN_10fe0200	11
10fe0210	FUN_10fe0210	23
10fe0230	FUN_10fe0230	3
10fe0240	FUN_10fe0240	23
10fe07e0	FUN_10fe07e0	3
10fe0bb0	FUN_10fe0bb0	65
10fe0c10	FUN_10fe0c10	12
10fe0c20	FUN_10fe0c20	7
10fe0c30	FUN_10fe0c30	3
10fe0c40	FUN_10fe0c40	18
10fe0c60	FUN_10fe0c60	14
10fe0c80	FUN_10fe0c80	14
10fe10e0	FUN_10fe10e0	49
10fe11d0	FUN_10fe11d0	3
10fe11e0	FUN_10fe11e0	3
10fe11f0	FUN_10fe11f0	3
10fe1200	FUN_10fe1200	3
10fe1210	FUN_10fe1210	13
10fe1220	FUN_10fe1220	13
10fe1230	FUN_10fe1230	3
10fe1240	FUN_10fe1240	6
10fe14b0	FUN_10fe14b0	3
10fe14c0	FUN_10fe14c0	3
10fe15b0	FUN_10fe15b0	11
10fe15c0	FUN_10fe15c0	9
10fe15d0	FUN_10fe15d0	25
10fe23c0	FUN_10fe23c0	13
10fe23d0	FUN_10fe23d0	13
10fe24a0	FUN_10fe24a0	7
10fe2770	FUN_10fe2770	4
10fe2780	FUN_10fe2780	4
10fe2810	FUN_10fe2810	24
10fe34d0	FUN_10fe34d0	6
10fe34e0	FUN_10fe34e0	6
10fe36f0	FUN_10fe36f0	28
10fe4530	FUN_10fe4530	5
10fe4590	FUN_10fe4590	10
10fe45a0	FUN_10fe45a0	9
10fe45b0	FUN_10fe45b0	38
10fe64a0	FUN_10fe64a0	6
10fe6850	FUN_10fe6850	3
10fe6860	FUN_10fe6860	7
10fe6870	FUN_10fe6870	3
10fe6d10	FUN_10fe6d10	6
10fe6d90	FUN_10fe6d90	3
10fe6f60	FUN_10fe6f60	28
10fe8770	FUN_10fe8770	18
10fe8790	FUN_10fe8790	25
10fe87b0	FUN_10fe87b0	25
10fe87d0	FUN_10fe87d0	22
10fe88a0	FUN_10fe88a0	18
10fe8940	FUN_10fe8940	22
10fe8a60	FUN_10fe8a60	22
10fe8d20	FUN_10fe8d20	83
10fe8f70	FUN_10fe8f70	22
10fe9030	FUN_10fe9030	13
10fe9040	FUN_10fe9040	13
10fe9050	FUN_10fe9050	3
10fe93a0	FUN_10fe93a0	23
10fe9d00	FUN_10fe9d00	73
10fe9d60	FUN_10fe9d60	15
10fe9d80	FUN_10fe9d80	15
10fe9da0	FUN_10fe9da0	7
10fe9db0	FUN_10fe9db0	7
10fe9dc0	FUN_10fe9dc0	148
10fea280	FUN_10fea280	92
10feac80	FUN_10feac80	11
10feae80	FUN_10feae80	92
10feb010	FUN_10feb010	181
10feb5d0	FUN_10feb5d0	5
10feb5e0	FUN_10feb5e0	5
10feb870	FUN_10feb870	5
10feb8c0	FUN_10feb8c0	5
10feb8d0	FUN_10feb8d0	5
10feb8e0	FUN_10feb8e0	5
10feb8f0	FUN_10feb8f0	5
10feb900	FUN_10feb900	5
10feb940	FUN_10feb940	40
10feb980	FUN_10feb980	13
10feb990	FUN_10feb990	14
10febad0	FUN_10febad0	3
10febbc0	FUN_10febbc0	40
10febca0	FUN_10febca0	15
10febcc0	FUN_10febcc0	15
10febce0	FUN_10febce0	5
10febcf0	FUN_10febcf0	5
10febd00	FUN_10febd00	5
10febd10	FUN_10febd10	5
10febd20	FUN_10febd20	5
10febd30	FUN_10febd30	5
10febd40	FUN_10febd40	5
10febd90	FUN_10febd90	5
10febda0	FUN_10febda0	5
10febdb0	FUN_10febdb0	5
10febe00	FUN_10febe00	5
10febe10	FUN_10febe10	5
10febe20	FUN_10febe20	5
10febe30	FUN_10febe30	6
10febe40	FUN_10febe40	6
10fec030	FUN_10fec030	5
10fec040	FUN_10fec040	5
10fec140	FUN_10fec140	16
10fec210	FUN_10fec210	16
10fec230	FUN_10fec230	16
10fec270	FUN_10fec270	18
10fec2d0	FUN_10fec2d0	11
10fec360	FUN_10fec360	11
10fec370	FUN_10fec370	16
10fec390	FUN_10fec390	21
10fec3b0	FUN_10fec3b0	21
10fec3d0	FUN_10fec3d0	11
10fec3e0	FUN_10fec3e0	11
10fec3f0	FUN_10fec3f0	23
10fec410	FUN_10fec410	23
10fec430	FUN_10fec430	3
10fec440	FUN_10fec440	3
10fec450	FUN_10fec450	3
10fec460	FUN_10fec460	9
10fec4c0	FUN_10fec4c0	23
10fec4e0	FUN_10fec4e0	23
10fed4e0	FUN_10fed4e0	18
10fed790	FUN_10fed790	19
10fed7b0	FUN_10fed7b0	19
10fee250	FUN_10fee250	3
10fee2d0	FUN_10fee2d0	65
10fee490	FUN_10fee490	16
10fee4b0	FUN_10fee4b0	12
10fee4c0	FUN_10fee4c0	7
10fee4d0	FUN_10fee4d0	3
10fee4e0	FUN_10fee4e0	7
10fee4f0	FUN_10fee4f0	3
10fee500	FUN_10fee500	3
10fee510	FUN_10fee510	7
10fee520	FUN_10fee520	3
10fee530	FUN_10fee530	7
10fee540	FUN_10fee540	7
10fee550	FUN_10fee550	7
10fee5b0	FUN_10fee5b0	3
10fee5c0	FUN_10fee5c0	3
10fee5d0	FUN_10fee5d0	3
10fee5e0	FUN_10fee5e0	18
10fee680	FUN_10fee680	18
10feeb30	FUN_10feeb30	14
10feeb50	FUN_10feeb50	14
10feef50	FUN_10feef50	49
10feef90	FUN_10feef90	49
10fef2d0	FUN_10fef2d0	5
10fef320	FUN_10fef320	3
10fef330	FUN_10fef330	3
10fef340	FUN_10fef340	3
10fef350	FUN_10fef350	3
10fef360	FUN_10fef360	3
10fef370	FUN_10fef370	3
10fef380	FUN_10fef380	3
10fef390	FUN_10fef390	3
10fef3a0	FUN_10fef3a0	3
10fef3b0	FUN_10fef3b0	3
10fef3c0	FUN_10fef3c0	3
10fef3d0	FUN_10fef3d0	3
10fef3e0	FUN_10fef3e0	3
10fef3f0	FUN_10fef3f0	3
10fef400	FUN_10fef400	3
10fef410	FUN_10fef410	3
10fef6b0	FUN_10fef6b0	5
10fef6c0	FUN_10fef6c0	79
10fef7b0	FUN_10fef7b0	3
10fef7c0	FUN_10fef7c0	3
10fef7d0	FUN_10fef7d0	11
10fef7e0	FUN_10fef7e0	6
10fef7f0	FUN_10fef7f0	6
10fef800	FUN_10fef800	83
10fef870	FUN_10fef870	92
10fef8f0	FUN_10fef8f0	58
10fefe40	FUN_10fefe40	3
10fefe50	FUN_10fefe50	3
10ff07c0	FUN_10ff07c0	11
10ff0bf0	FUN_10ff0bf0	9
10ff0c00	FUN_10ff0c00	9
10ff0da0	FUN_10ff0da0	16
10ff13e0	FUN_10ff13e0	8
10ff6de0	FUN_10ff6de0	7
10ff6df0	FUN_10ff6df0	7
10ff6e50	FUN_10ff6e50	7
10ff6e60	FUN_10ff6e60	7
10ff6e70	FUN_10ff6e70	7
10ff6fb0	FUN_10ff6fb0	6
10ff6fc0	FUN_10ff6fc0	6
10ff6fd0	FUN_10ff6fd0	6
10ff6fe0	FUN_10ff6fe0	6
10ff6ff0	FUN_10ff6ff0	6
10ff7000	FUN_10ff7000	6
10ff83a0	FUN_10ff83a0	3
10ff83b0	FUN_10ff83b0	3
10ff83c0	FUN_10ff83c0	3
10ff83d0	FUN_10ff83d0	3
10ff83e0	FUN_10ff83e0	3
10ff83f0	FUN_10ff83f0	40
10ff8750	FUN_10ff8750	28
10ff8780	FUN_10ff8780	28
10ff87b0	FUN_10ff87b0	28
10ff87e0	FUN_10ff87e0	28
10ff8810	FUN_10ff8810	20
10ff8a50	FUN_10ff8a50	9
10ff8a60	FUN_10ff8a60	6
10ff8a70	FUN_10ff8a70	9
10ff8e70	FUN_10ff8e70	22
10ff8f70	FUN_10ff8f70	23
10ff8f90	FUN_10ff8f90	3
10ff8fa0	FUN_10ff8fa0	3
10ff9320	FUN_10ff9320	7
10ff9330	FUN_10ff9330	7
10ff9340	FUN_10ff9340	145
10ff9ce0	FUN_10ff9ce0	244
10ff9e20	FUN_10ff9e20	8
10ffa2e0	FUN_10ffa2e0	11
10ffa2f0	FUN_10ffa2f0	3
10ffa4e0	FUN_10ffa4e0	46
10ffa5d0	FUN_10ffa5d0	8
10ffab90	FUN_10ffab90	5
10ffaba0	FUN_10ffaba0	5
10ffabb0	FUN_10ffabb0	14
10ffabd0	FUN_10ffabd0	20
10ffabf0	FUN_10ffabf0	12
10ffac00	FUN_10ffac00	5
10ffac90	FUN_10ffac90	12
10ffad50	FUN_10ffad50	11
10ffad60	FUN_10ffad60	11
10ffaf10	FUN_10ffaf10	18
10ffafc0	FUN_10ffafc0	65
10ffb020	FUN_10ffb020	31
10ffb150	FUN_10ffb150	195
10ffb250	FUN_10ffb250	12
10ffb260	FUN_10ffb260	12
10ffb270	FUN_10ffb270	7
10ffb280	FUN_10ffb280	3
10ffb290	FUN_10ffb290	21
10ffb300	FUN_10ffb300	32
10ffb430	FUN_10ffb430	21
10ffb450	FUN_10ffb450	3
10ffb480	FUN_10ffb480	11
10ffb650	FUN_10ffb650	12
10ffbb10	FUN_10ffbb10	7
10ffbb20	FUN_10ffbb20	7
10ffc060	FUN_10ffc060	9
10ffd310	FUN_10ffd310	26
10ffd530	FUN_10ffd530	6
10ffd620	FUN_10ffd620	3
10ffd630	FUN_10ffd630	7
10ffd640	FUN_10ffd640	7
10ffdee0	FUN_10ffdee0	21
10ffe1b0	FUN_10ffe1b0	21
10ffe1d0	FUN_10ffe1d0	6
10ffe1e0	FUN_10ffe1e0	3
10ffe1f0	FUN_10ffe1f0	20
10fff2a0	FUN_10fff2a0	6
10fff8b0	FUN_10fff8b0	3
11002b30	FUN_11002b30	6
11002fb0	FUN_11002fb0	3
11003170	FUN_11003170	28
110031a0	FUN_110031a0	4
110031f0	FUN_110031f0	7
11003200	FUN_11003200	7
11004580	FUN_11004580	4
11004590	FUN_11004590	4
110045a0	FUN_110045a0	4
110045b0	FUN_110045b0	4
110045c0	FUN_110045c0	4
11005b20	FUN_11005b20	4
11005b30	FUN_11005b30	4
11006ef0	FUN_11006ef0	24
11006f10	FUN_11006f10	24
11006f30	FUN_11006f30	24
11006f50	FUN_11006f50	24
11007950	FUN_11007950	5
11007a00	FUN_11007a00	9
11007a10	FUN_11007a10	10
11007a20	FUN_11007a20	12
11008040	FUN_11008040	8
11008260	FUN_11008260	8
11008270	FUN_11008270	4
11008280	FUN_11008280	7
11008290	FUN_11008290	26
110082b0	FUN_110082b0	10
11009ae0	FUN_11009ae0	4
1100bac0	FUN_1100bac0	28
1100d320	FUN_1100d320	3
1100d6c0	FUN_1100d6c0	4
1100d6d0	FUN_1100d6d0	4
1100d7f0	FUN_1100d7f0	4
1100d800	FUN_1100d800	5
1100d950	FUN_1100d950	22
1100d970	FUN_1100d970	43
1100d9b0	FUN_1100d9b0	91
1100dab0	FUN_1100dab0	26
1100dad0	FUN_1100dad0	3
1100dae0	FUN_1100dae0	7
1100daf0	FUN_1100daf0	152
1100e260	FUN_1100e260	93
1100e380	FUN_1100e380	8
1100efb0	FUN_1100efb0	5
1100f180	FUN_1100f180	92
1100f310	FUN_1100f310	8
1100f810	FUN_1100f810	5
1100f930	FUN_1100f930	31
1100fa70	FUN_1100fa70	16
110107e0	FUN_110107e0	7
110107f0	FUN_110107f0	3
11010800	FUN_11010800	18
11010820	FUN_11010820	14
11010840	FUN_11010840	14
11010e50	FUN_11010e50	3
11010e60	FUN_11010e60	3
11012f30	FUN_11012f30	9
11013330	FUN_11013330	3
11015890	FUN_11015890	7
11016d60	FUN_11016d60	11
11016d80	FUN_11016d80	38
11017890	FUN_11017890	6
11017e90	FUN_11017e90	4
11018150	FUN_11018150	4
11018180	FUN_11018180	6
11018190	FUN_11018190	7
110181d0	FUN_110181d0	7
110181e0	FUN_110181e0	7
11018200	FUN_11018200	7
11018510	FUN_11018510	28
110185e0	FUN_110185e0	20
11018600	FUN_11018600	20
11018620	FUN_11018620	20
110186c0	FUN_110186c0	33
110186f0	FUN_110186f0	15
11018710	FUN_11018710	5
11018720	FUN_11018720	5
11018730	FUN_11018730	6
11018770	FUN_11018770	20
11018790	FUN_11018790	20
110187b0	FUN_110187b0	20
11018800	FUN_11018800	16
11018820	FUN_11018820	25
11018840	FUN_11018840	49
11018bb0	FUN_11018bb0	7
11018bc0	FUN_11018bc0	3
11018bd0	FUN_11018bd0	16
11018da0	FUN_11018da0	8
11019250	FUN_11019250	6
11019260	FUN_11019260	6
11019280	FUN_11019280	6
11019470	FUN_11019470	3
110195a0	FUN_110195a0	28
11019760	FUN_11019760	3
1101aff0	FUN_1101aff0	16
1101b6a0	FUN_1101b6a0	7
1101b6b0	FUN_1101b6b0	7
1101b6c0	FUN_1101b6c0	3
1101b6d0	FUN_1101b6d0	3
1101b970	FUN_1101b970	4
1101bbb0	FUN_1101bbb0	8
1101c240	FUN_1101c240	28
1101d0a0	FUN_1101d0a0	7
1101d0b0	FUN_1101d0b0	3
1101d680	FUN_1101d680	21
1101df10	FUN_1101df10	8
11020ac0	FUN_11020ac0	8
11022000	FUN_11022000	3
11022400	FUN_11022400	8
11022940	FUN_11022940	18
11022960	FUN_11022960	25
11022980	FUN_11022980	22
110229a0	FUN_110229a0	20
110229c0	FUN_110229c0	22
110229e0	FUN_110229e0	18
11022ac0	FUN_11022ac0	22
11022ae0	FUN_11022ae0	22
11022d80	FUN_11022d80	26
11022da0	FUN_11022da0	26
11022dc0	FUN_11022dc0	26
11023220	FUN_11023220	78
11023290	FUN_11023290	3
110232c0	FUN_110232c0	13
110232d0	FUN_110232d0	13
110232e0	FUN_110232e0	3
11023830	FUN_11023830	15
11023850	FUN_11023850	15
11023870	FUN_11023870	7
11023880	FUN_11023880	7
11023890	FUN_11023890	152
11023c30	FUN_11023c30	5
11024040	FUN_11024040	93
110240c0	FUN_110240c0	8
11024cf0	FUN_11024cf0	5
11024ec0	FUN_11024ec0	92
11025050	FUN_11025050	8
11025660	FUN_11025660	5
110257b0	FUN_110257b0	5
110257c0	FUN_110257c0	5
110257d0	FUN_110257d0	5
110257e0	FUN_110257e0	5
110257f0	FUN_110257f0	5
11025800	FUN_11025800	5
11025810	FUN_11025810	22
110258c0	FUN_110258c0	3
11025990	FUN_11025990	15
110259b0	FUN_110259b0	15
110259d0	FUN_110259d0	5
110259e0	FUN_110259e0	5
110259f0	FUN_110259f0	5
11025a00	FUN_11025a00	5
11025a10	FUN_11025a10	5
11025a20	FUN_11025a20	5
11025a30	FUN_11025a30	5
11025a40	FUN_11025a40	6
11025a50	FUN_11025a50	6
11025b70	FUN_11025b70	5
11025b80	FUN_11025b80	31
11026040	FUN_11026040	16
110260a0	FUN_110260a0	16
11026100	FUN_11026100	16
11026270	FUN_11026270	18
110262d0	FUN_110262d0	11
110262e0	FUN_110262e0	11
11026370	FUN_11026370	11
11026380	FUN_11026380	16
110263a0	FUN_110263a0	21
110263c0	FUN_110263c0	11
110263d0	FUN_110263d0	11
110263e0	FUN_110263e0	23
11026400	FUN_11026400	3
11026410	FUN_11026410	3
11026470	FUN_11026470	23
11027180	FUN_11027180	19
110271a0	FUN_110271a0	19
110277d0	FUN_110277d0	65
11027830	FUN_11027830	14
11027850	FUN_11027850	14
11027960	FUN_11027960	12
11027970	FUN_11027970	7
11027980	FUN_11027980	3
11027990	FUN_11027990	3
110279a0	FUN_110279a0	3
110279b0	FUN_110279b0	7
110279c0	FUN_110279c0	4
110279d0	FUN_110279d0	4
110279e0	FUN_110279e0	3
110279f0	FUN_110279f0	3
11027a00	FUN_11027a00	3
11027a10	FUN_11027a10	18
11027a30	FUN_11027a30	14
11027a50	FUN_11027a50	14
110282e0	FUN_110282e0	49
110283f0	FUN_110283f0	3
11028400	FUN_11028400	3
11028410	FUN_11028410	3
11028420	FUN_11028420	3
11028430	FUN_11028430	3
11028440	FUN_11028440	3
11028450	FUN_11028450	3
11028460	FUN_11028460	3
11028470	FUN_11028470	3
11028480	FUN_11028480	3
11028490	FUN_11028490	3
110284a0	FUN_110284a0	3
11028740	FUN_11028740	79
110287b0	FUN_110287b0	3
110287c0	FUN_110287c0	11
110287d0	FUN_110287d0	6
110287e0	FUN_110287e0	83
11028ab0	FUN_11028ab0	3
11028ac0	FUN_11028ac0	3
11028dd0	FUN_11028dd0	11
11029350	FUN_11029350	9
11029360	FUN_11029360	25
1102ae00	FUN_1102ae00	20
1102aec0	FUN_1102aec0	11
1102aed0	FUN_1102aed0	12
1102af40	FUN_1102af40	13
1102afb0	FUN_1102afb0	7
1102afd0	FUN_1102afd0	7
1102afe0	FUN_1102afe0	7
1102b000	FUN_1102b000	10
1102b250	FUN_1102b250	4
1102b510	FUN_1102b510	15
1102b5f0	FUN_1102b5f0	7
1102b600	FUN_1102b600	8
1102c400	FUN_1102c400	90
1102d480	FUN_1102d480	164
1102d550	FUN_1102d550	6
1102d560	FUN_1102d560	6
1102d930	FUN_1102d930	6
1102d940	FUN_1102d940	6
1102d950	FUN_1102d950	6
1102d960	FUN_1102d960	6
1102db00	FUN_1102db00	3
1102db10	FUN_1102db10	3
1102db20	FUN_1102db20	3
1102e250	FUN_1102e250	28
1102e280	FUN_1102e280	28
1102e2b0	FUN_1102e2b0	28
1102e2e0	FUN_1102e2e0	28
1102e310	FUN_1102e310	28
1102e340	FUN_1102e340	28
1102e560	FUN_1102e560	24
1102e640	FUN_1102e640	10
1102e650	FUN_1102e650	9
1102e660	FUN_1102e660	38
1102ea40	FUN_1102ea40	26
1102ea60	FUN_1102ea60	78
1102ead0	FUN_1102ead0	40
1102eb10	FUN_1102eb10	40
1102eb50	FUN_1102eb50	40
1102eb90	FUN_1102eb90	6
1102ec50	FUN_1102ec50	16
1102f960	FUN_1102f960	3
11030380	FUN_11030380	16
110303a0	FUN_110303a0	16
110303c0	FUN_110303c0	16
110303e0	FUN_110303e0	9
110314a0	FUN_110314a0	15
110314c0	FUN_110314c0	16
11032370	FUN_11032370	8
11032b10	FUN_11032b10	6
11032c60	FUN_11032c60	7
11032c70	FUN_11032c70	7
11032c80	FUN_11032c80	7
11032f70	FUN_11032f70	3
110336e0	FUN_110336e0	28
11033710	FUN_11033710	28
11033740	FUN_11033740	28
11033770	FUN_11033770	28
110337a0	FUN_110337a0	28
110359b0	FUN_110359b0	10
11038ad0	FUN_11038ad0	20
11038af0	FUN_11038af0	10
11038b30	FUN_11038b30	25
110390d0	FUN_110390d0	45
11039110	FUN_11039110	39
11039170	FUN_11039170	3
110393f0	FUN_110393f0	3
110394a0	FUN_110394a0	3
11039a50	FUN_11039a50	58
11039aa0	FUN_11039aa0	57
11039af0	FUN_11039af0	27
11039b20	FUN_11039b20	3
11039ec0	FUN_11039ec0	3
11039f90	FUN_11039f90	10
1103c870	FUN_1103c870	5
1103c8f0	FUN_1103c8f0	14
1103c980	FUN_1103c980	14
1103ca80	FUN_1103ca80	10
1103ca90	FUN_1103ca90	12
1103da70	FUN_1103da70	71
1103dad0	FUN_1103dad0	71
1103db60	FUN_1103db60	3
1103db70	FUN_1103db70	3
1103db80	FUN_1103db80	7
1103db90	FUN_1103db90	3
1103dba0	FUN_1103dba0	8
1103dbb0	FUN_1103dbb0	3
1103dbc0	FUN_1103dbc0	4
1103dea0	FUN_1103dea0	8
1103deb0	FUN_1103deb0	4
1103dec0	FUN_1103dec0	7
1103ded0	FUN_1103ded0	26
1103def0	FUN_1103def0	10
1103f5b0	FUN_1103f5b0	4
1103f5c0	FUN_1103f5c0	4
1103f5d0	FUN_1103f5d0	40
1103f610	FUN_1103f610	40
1103f720	FUN_1103f720	4
1103f730	FUN_1103f730	4
1103fa70	FUN_1103fa70	4
11040e60	FUN_11040e60	17
110414f0	FUN_110414f0	7
11041500	FUN_11041500	7
11041bf0	FUN_11041bf0	28
11041ca0	FUN_11041ca0	26
11041cc0	FUN_11041cc0	26
11041dc0	FUN_11041dc0	45
11041e00	FUN_11041e00	45
11041e40	FUN_11041e40	78
11041eb0	FUN_11041eb0	3
11041ec0	FUN_11041ec0	16
11041ef0	FUN_11041ef0	11
11041f00	FUN_11041f00	11
11041f10	FUN_11041f10	30
11041f40	FUN_11041f40	30
11041f70	FUN_11041f70	30
11041fa0	FUN_11041fa0	30
11041fd0	FUN_11041fd0	16
11041ff0	FUN_11041ff0	16
11042010	FUN_11042010	5
11042020	FUN_11042020	5
11042030	FUN_11042030	5
11042040	FUN_11042040	5
11042080	FUN_11042080	5
110421f0	FUN_110421f0	5
11042200	FUN_11042200	5
11042210	FUN_11042210	16
11042230	FUN_11042230	16
11042270	FUN_11042270	16
11042290	FUN_11042290	16
110422b0	FUN_110422b0	16
110422d0	FUN_110422d0	45
11042310	FUN_11042310	18
11042330	FUN_11042330	16
11042350	FUN_11042350	45
11042390	FUN_11042390	16
11042a80	FUN_11042a80	3
11042a90	FUN_11042a90	3
11042aa0	FUN_11042aa0	7
11042cf0	FUN_11042cf0	16
11042d30	FUN_11042d30	11
11042d40	FUN_11042d40	11
11042d50	FUN_11042d50	11
11042d60	FUN_11042d60	21
11042d80	FUN_11042d80	16
11042e80	FUN_11042e80	21
11042ea0	FUN_11042ea0	11
11042eb0	FUN_11042eb0	21
11042ed0	FUN_11042ed0	21
11042f20	FUN_11042f20	17
11042f40	FUN_11042f40	11
11043030	FUN_11043030	21
11043050	FUN_11043050	21
11043070	FUN_11043070	17
11043090	FUN_11043090	21
110430b0	FUN_110430b0	11
110430c0	FUN_110430c0	21
110430e0	FUN_110430e0	21
110431e0	FUN_110431e0	8
110435b0	FUN_110435b0	3
110444f0	FUN_110444f0	4
11045060	FUN_11045060	4
110452c0	FUN_110452c0	4
1104d480	FUN_1104d480	48
1104faf0	FUN_1104faf0	3
1104fb00	FUN_1104fb00	3
1104fb10	FUN_1104fb10	3
1104fb20	FUN_1104fb20	28
1104fb50	FUN_1104fb50	20
11051ae0	FUN_11051ae0	91
11051ec0	FUN_11051ec0	83
11052020	FUN_11052020	21
11054e00	FUN_11054e00	37
11054e30	FUN_11054e30	16
11055f50	FUN_11055f50	26
11055fc0	FUN_11055fc0	16
11055fe0	FUN_11055fe0	9
110569f0	FUN_110569f0	36
11056a20	FUN_11056a20	12
11056a30	FUN_11056a30	3
11056a40	FUN_11056a40	7
11056a50	FUN_11056a50	7
11056a60	FUN_11056a60	3
11056a70	FUN_11056a70	3
11056a80	FUN_11056a80	18
11056aa0	FUN_11056aa0	14
11056ac0	FUN_11056ac0	14
11056dd0	FUN_11056dd0	11
11056fc0	FUN_11056fc0	11
11056fd0	FUN_11056fd0	21
11056ff0	FUN_11056ff0	21
11057010	FUN_11057010	21
11057130	FUN_11057130	3
11057570	FUN_11057570	25
1105b3d0	FUN_1105b3d0	13
1105b7b0	FUN_1105b7b0	22
1105be60	FUN_1105be60	4
1105be70	FUN_1105be70	7
1105d8d0	FUN_1105d8d0	3
1105d960	FUN_1105d960	28
1105daa0	FUN_1105daa0	47
1105dce0	FUN_1105dce0	10
1105dd10	FUN_1105dd10	10
1105f180	FUN_1105f180	6
1105f810	FUN_1105f810	4
11060550	FUN_11060550	7
11060640	FUN_11060640	7
11060990	FUN_11060990	6
11060e50	FUN_11060e50	28
11061510	FUN_11061510	6
11061d60	FUN_11061d60	7
11061dd0	FUN_11061dd0	6
110620e0	FUN_110620e0	28
11062180	FUN_11062180	6
11062ca0	FUN_11062ca0	7
11062cb0	FUN_11062cb0	7
11062cc0	FUN_11062cc0	7
11062d10	FUN_11062d10	4
11062d50	FUN_11062d50	6
11062d60	FUN_11062d60	8
11063070	FUN_11063070	28
11064600	FUN_11064600	33
11064f80	FUN_11064f80	4
11066760	FUN_11066760	40
110668c0	thunk_FUN_1128f470	5
11066c40	FUN_11066c40	6
11067060	FUN_11067060	6
11067450	FUN_11067450	6
11067a60	FUN_11067a60	4
11067cf0	FUN_11067cf0	7
11067d30	FUN_11067d30	7
11067d40	FUN_11067d40	7
11067e00	FUN_11067e00	7
11067e30	FUN_11067e30	6
110681c0	FUN_110681c0	28
110698e0	FUN_110698e0	15
11069cd0	FUN_11069cd0	9
1106b240	FUN_1106b240	23
1106b280	FUN_1106b280	46
1106b470	FUN_1106b470	35
1106b660	FUN_1106b660	12
1106d6e0	FUN_1106d6e0	7
1106df50	FUN_1106df50	7
1106e660	FUN_1106e660	7
1106e670	FUN_1106e670	21
1106f130	FUN_1106f130	8
1106f340	FUN_1106f340	23
1106f360	FUN_1106f360	22
1106f3e0	FUN_1106f3e0	28
1106f410	FUN_1106f410	33
1106f440	FUN_1106f440	7
1106f450	FUN_1106f450	21
1106fe00	FUN_1106fe00	54
1106fe50	FUN_1106fe50	25
1106fe70	FUN_1106fe70	25
1106fe90	FUN_1106fe90	18
1106feb0	FUN_1106feb0	18
1106fed0	FUN_1106fed0	18
1106fef0	FUN_1106fef0	18
1106ff10	FUN_1106ff10	25
1106ff30	FUN_1106ff30	25
1106ff50	FUN_1106ff50	25
1106ff70	FUN_1106ff70	22
1106ff90	FUN_1106ff90	22
1106ffb0	FUN_1106ffb0	22
1106ffd0	FUN_1106ffd0	22
1106fff0	FUN_1106fff0	22
11070170	FUN_11070170	18
11070190	FUN_11070190	18
110701b0	FUN_110701b0	18
110701d0	FUN_110701d0	18
110704a0	FUN_110704a0	54
110705c0	FUN_110705c0	22
110705e0	FUN_110705e0	22
11070600	FUN_11070600	22
11070620	FUN_11070620	22
11070640	FUN_11070640	22
11070660	FUN_11070660	22
11070680	FUN_11070680	22
110706a0	FUN_110706a0	56
110706f0	FUN_110706f0	56
11070810	FUN_11070810	3
110708a0	FUN_110708a0	13
110708b0	FUN_110708b0	13
110708c0	FUN_110708c0	13
110708d0	FUN_110708d0	13
110708e0	FUN_110708e0	13
110708f0	FUN_110708f0	13
11070900	FUN_11070900	13
11070910	FUN_11070910	13
11070980	FUN_11070980	3
11070990	FUN_11070990	3
110709a0	FUN_110709a0	3
110709b0	FUN_110709b0	3
110709c0	FUN_110709c0	3
110709d0	FUN_110709d0	3
11071000	FUN_11071000	48
11071040	FUN_11071040	48
11071080	FUN_11071080	48
110710c0	FUN_110710c0	48
11071100	FUN_11071100	48
11071140	FUN_11071140	18
11071160	FUN_11071160	18
11071180	FUN_11071180	48
110711c0	FUN_110711c0	48
11071200	FUN_11071200	48
11071240	FUN_11071240	48
11072560	FUN_11072560	15
11072580	FUN_11072580	15
110725a0	FUN_110725a0	15
110725c0	FUN_110725c0	15
110725e0	FUN_110725e0	15
11072600	FUN_11072600	15
11072780	FUN_11072780	7
11072790	FUN_11072790	7
110727a0	FUN_110727a0	7
110727b0	FUN_110727b0	7
110727c0	FUN_110727c0	7
11072c60	FUN_11072c60	5
11072cd0	FUN_11072cd0	37
11072d00	FUN_11072d00	37
11072e40	FUN_11072e40	85
11072eb0	FUN_11072eb0	98
11072f30	FUN_11072f30	98
11073030	FUN_11073030	98
110730b0	FUN_110730b0	98
11073130	FUN_11073130	98
11073260	FUN_11073260	8
11073bf0	FUN_11073bf0	5
11073e10	FUN_11073e10	98
11073fc0	FUN_11073fc0	8
110747d0	FUN_110747d0	5
110747e0	FUN_110747e0	5
110747f0	FUN_110747f0	5
11074800	FUN_11074800	5
11074c80	FUN_11074c80	5
11074c90	FUN_11074c90	5
11074ca0	FUN_11074ca0	5
11074cb0	FUN_11074cb0	5
11074cc0	FUN_11074cc0	5
11074cd0	FUN_11074cd0	5
11074ce0	FUN_11074ce0	5
11074cf0	FUN_11074cf0	5
11074d00	FUN_11074d00	5
11074d10	FUN_11074d10	5
11074d20	FUN_11074d20	5
11074d30	FUN_11074d30	5
11074d40	FUN_11074d40	5
11074d50	FUN_11074d50	5
11074d60	FUN_11074d60	5
11074d70	FUN_11074d70	5
11074d80	FUN_11074d80	5
11074d90	FUN_11074d90	5
11074da0	FUN_11074da0	5
11074db0	FUN_11074db0	5
11074dc0	FUN_11074dc0	5
11074dd0	FUN_11074dd0	5
11074de0	FUN_11074de0	5
11074df0	FUN_11074df0	5
11074e00	FUN_11074e00	5
11074e10	FUN_11074e10	5
11074e20	FUN_11074e20	5
11074e30	FUN_11074e30	5
11074e40	FUN_11074e40	13
11074e50	FUN_11074e50	13
11074e60	FUN_11074e60	13
11074e70	FUN_11074e70	13
11074e80	FUN_11074e80	48
11074ec0	FUN_11074ec0	48
11074f00	FUN_11074f00	37
11074f30	FUN_11074f30	37
11074f60	FUN_11074f60	37
11074f90	FUN_11074f90	37
11074fc0	FUN_11074fc0	37
11074ff0	FUN_11074ff0	37
11075020	FUN_11075020	37
11075050	FUN_11075050	37
11075080	FUN_11075080	35
110750b0	FUN_110750b0	35
110750e0	FUN_110750e0	3
110750f0	FUN_110750f0	3
110759a0	FUN_110759a0	36
110759d0	FUN_110759d0	36
11075c00	FUN_11075c00	15
11075c20	FUN_11075c20	15
11075c40	FUN_11075c40	15
11075c60	FUN_11075c60	15
11075c80	FUN_11075c80	15
11075ca0	FUN_11075ca0	15
11075cc0	FUN_11075cc0	15
11075ce0	FUN_11075ce0	15
11075d00	FUN_11075d00	5
11075d10	FUN_11075d10	5
11075d20	FUN_11075d20	5
11075d30	FUN_11075d30	5
11075d40	FUN_11075d40	5
11075d50	FUN_11075d50	5
11075d60	FUN_11075d60	5
11075d70	FUN_11075d70	5
11075d80	FUN_11075d80	5
11075d90	FUN_11075d90	5
11075da0	FUN_11075da0	5
11075db0	FUN_11075db0	5
11075dc0	FUN_11075dc0	5
11075dd0	FUN_11075dd0	5
11075de0	FUN_11075de0	5
11075df0	FUN_11075df0	5
11075e00	FUN_11075e00	5
11075e10	FUN_11075e10	5
11075e20	FUN_11075e20	5
11075e30	FUN_11075e30	5
11075e40	FUN_11075e40	5
11075e50	FUN_11075e50	5
11075e60	FUN_11075e60	5
11075e70	FUN_11075e70	5
11075e80	FUN_11075e80	5
11075e90	FUN_11075e90	5
11075ea0	FUN_11075ea0	5
11075eb0	FUN_11075eb0	5
11075ec0	FUN_11075ec0	6
11075ed0	FUN_11075ed0	6
11075ee0	FUN_11075ee0	6
11075ef0	FUN_11075ef0	6
11075f00	FUN_11075f00	6
110764d0	FUN_110764d0	5
110764e0	FUN_110764e0	5
110764f0	FUN_110764f0	5
11076500	FUN_11076500	31
11076850	FUN_11076850	14
11076870	FUN_11076870	14
11076890	FUN_11076890	10
110768a0	FUN_110768a0	49
11076950	FUN_11076950	14
110769e0	FUN_110769e0	49
11076a90	FUN_11076a90	14
11076b20	FUN_11076b20	14
11076b60	FUN_11076b60	18
11076b80	FUN_11076b80	18
11076ba0	FUN_11076ba0	18
11076bc0	FUN_11076bc0	18
11076ce0	FUN_11076ce0	11
11076cf0	FUN_11076cf0	11
11076d00	FUN_11076d00	11
11076d10	FUN_11076d10	11
11076d20	FUN_11076d20	11
11076f30	FUN_11076f30	11
11076f40	FUN_11076f40	11
11076f50	FUN_11076f50	11
11076f60	FUN_11076f60	11
11076f70	FUN_11076f70	11
11076f80	FUN_11076f80	16
11076fa0	FUN_11076fa0	16
11076fc0	FUN_11076fc0	16
11076fe0	FUN_11076fe0	16
11077000	FUN_11077000	21
11077020	FUN_11077020	21
11077040	FUN_11077040	11
11077050	FUN_11077050	11
11077060	FUN_11077060	11
11077070	FUN_11077070	9
11077080	FUN_11077080	11
11077090	FUN_11077090	9
110770a0	FUN_110770a0	11
110770b0	FUN_110770b0	11
110770c0	FUN_110770c0	11
110770d0	FUN_110770d0	9
110770e0	FUN_110770e0	11
110770f0	FUN_110770f0	9
11077100	FUN_11077100	23
11077120	FUN_11077120	23
11077140	FUN_11077140	23
11077160	FUN_11077160	23
11077180	FUN_11077180	23
110771a0	FUN_110771a0	3
110771b0	FUN_110771b0	3
110771c0	FUN_110771c0	3
110771d0	FUN_110771d0	3
110771e0	FUN_110771e0	3
110771f0	FUN_110771f0	3
11077200	FUN_11077200	3
11077210	FUN_11077210	3
11077220	FUN_11077220	3
11077370	FUN_11077370	23
11077390	FUN_11077390	23
110773b0	FUN_110773b0	23
110773d0	FUN_110773d0	23
110773f0	FUN_110773f0	23
11077410	FUN_11077410	75
11077470	FUN_11077470	28
11077540	FUN_11077540	17
110776b0	FUN_110776b0	13
110776c0	FUN_110776c0	11
11077710	FUN_11077710	5
11078ec0	FUN_11078ec0	19
11078ee0	FUN_11078ee0	19
11079080	FUN_11079080	19
110790a0	FUN_110790a0	19
1107a120	FUN_1107a120	71
1107a180	FUN_1107a180	71
1107a1e0	FUN_1107a1e0	71
1107a2b0	FUN_1107a2b0	17
1107a2d0	FUN_1107a2d0	14
1107a2f0	FUN_1107a2f0	14
1107a310	FUN_1107a310	14
1107a330	FUN_1107a330	14
1107a350	FUN_1107a350	14
1107a370	FUN_1107a370	14
1107a390	FUN_1107a390	14
1107a3b0	FUN_1107a3b0	14
1107a3d0	FUN_1107a3d0	14
1107a3f0	FUN_1107a3f0	14
1107a410	FUN_1107a410	14
1107a690	FUN_1107a690	12
1107a6a0	FUN_1107a6a0	12
1107a6b0	FUN_1107a6b0	12
1107a6c0	FUN_1107a6c0	12
1107a6d0	FUN_1107a6d0	12
1107a6e0	FUN_1107a6e0	12
1107a6f0	FUN_1107a6f0	12
1107a700	FUN_1107a700	12
1107a710	FUN_1107a710	12
1107a720	FUN_1107a720	12
1107a730	FUN_1107a730	3
1107a740	FUN_1107a740	7
1107a750	FUN_1107a750	3
1107a760	FUN_1107a760	7
1107a770	FUN_1107a770	3
1107a780	FUN_1107a780	7
1107a790	FUN_1107a790	3
1107a7a0	FUN_1107a7a0	3
1107a7b0	FUN_1107a7b0	4
1107a7c0	FUN_1107a7c0	3
1107a7d0	FUN_1107a7d0	3
1107a7e0	FUN_1107a7e0	3
1107a7f0	FUN_1107a7f0	3
1107a800	FUN_1107a800	3
1107a810	FUN_1107a810	6
1107a820	FUN_1107a820	6
1107a830	FUN_1107a830	6
1107a840	FUN_1107a840	3
1107a850	FUN_1107a850	3
1107a860	FUN_1107a860	3
1107a870	FUN_1107a870	3
1107a880	FUN_1107a880	3
1107a890	FUN_1107a890	3
1107a940	FUN_1107a940	6
1107a950	FUN_1107a950	6
1107a960	FUN_1107a960	6
1107a970	FUN_1107a970	16
1107a990	FUN_1107a990	16
1107a9b0	FUN_1107a9b0	6
1107a9c0	FUN_1107a9c0	16
1107a9e0	FUN_1107a9e0	18
1107aa00	FUN_1107aa00	18
1107aa20	FUN_1107aa20	18
1107aaa0	FUN_1107aaa0	14
1107ab20	FUN_1107ab20	18
1107ab40	FUN_1107ab40	18
1107ab60	FUN_1107ab60	14
1107ab80	FUN_1107ab80	14
1107aba0	FUN_1107aba0	14
1107abc0	FUN_1107abc0	14
1107abe0	FUN_1107abe0	14
1107ac00	FUN_1107ac00	14
1107ba30	FUN_1107ba30	49
1107ba70	FUN_1107ba70	49
1107bab0	FUN_1107bab0	49
1107baf0	FUN_1107baf0	49
1107be40	FUN_1107be40	3
1107be50	FUN_1107be50	3
1107be60	FUN_1107be60	3
1107be70	FUN_1107be70	3
1107be80	FUN_1107be80	3
1107bfa0	FUN_1107bfa0	5
1107bfb0	FUN_1107bfb0	5
1107bfc0	FUN_1107bfc0	5
1107c330	FUN_1107c330	3
1107c340	FUN_1107c340	3
1107c350	FUN_1107c350	3
1107c360	FUN_1107c360	3
1107c370	FUN_1107c370	3
1107c380	FUN_1107c380	3
1107c390	FUN_1107c390	3
1107c3a0	FUN_1107c3a0	3
1107c3b0	FUN_1107c3b0	3
1107c3c0	FUN_1107c3c0	3
1107c3d0	FUN_1107c3d0	3
1107c3e0	FUN_1107c3e0	3
1107c3f0	FUN_1107c3f0	3
1107c400	FUN_1107c400	3
1107c410	FUN_1107c410	3
1107c420	FUN_1107c420	3
1107c430	FUN_1107c430	3
1107c440	FUN_1107c440	3
1107c450	FUN_1107c450	3
1107c460	FUN_1107c460	3
1107c470	FUN_1107c470	3
1107c480	FUN_1107c480	3
1107c490	FUN_1107c490	3
1107c4a0	FUN_1107c4a0	3
1107c4b0	FUN_1107c4b0	3
1107c4c0	FUN_1107c4c0	3
1107c4d0	FUN_1107c4d0	3
1107c4e0	FUN_1107c4e0	3
1107c4f0	FUN_1107c4f0	3
1107c500	FUN_1107c500	3
1107c510	FUN_1107c510	3
1107c520	FUN_1107c520	3
1107c530	FUN_1107c530	3
1107c540	FUN_1107c540	3
1107c550	FUN_1107c550	3
1107c560	FUN_1107c560	3
1107c570	FUN_1107c570	3
1107c580	FUN_1107c580	3
1107c590	FUN_1107c590	3
1107c5a0	FUN_1107c5a0	3
1107c5b0	FUN_1107c5b0	3
1107c5c0	FUN_1107c5c0	3
1107c5d0	FUN_1107c5d0	3
1107c5e0	FUN_1107c5e0	3
1107c5f0	FUN_1107c5f0	3
1107c600	FUN_1107c600	3
1107c610	FUN_1107c610	3
1107c620	FUN_1107c620	3
1107d070	FUN_1107d070	5
1107d080	FUN_1107d080	5
1107d090	FUN_1107d090	5
1107d0a0	FUN_1107d0a0	79
1107d110	FUN_1107d110	79
1107d1f0	FUN_1107d1f0	79
1107d260	FUN_1107d260	13
1107d270	FUN_1107d270	13
1107d280	FUN_1107d280	13
1107d290	FUN_1107d290	30
1107d2f0	FUN_1107d2f0	3
1107d300	FUN_1107d300	3
1107d310	FUN_1107d310	3
1107d320	FUN_1107d320	3
1107d330	FUN_1107d330	3
1107d340	FUN_1107d340	3
1107d350	FUN_1107d350	11
1107d360	FUN_1107d360	11
1107d370	FUN_1107d370	11
1107d380	FUN_1107d380	11
1107d390	FUN_1107d390	6
1107d3a0	FUN_1107d3a0	6
1107d3b0	FUN_1107d3b0	83
1107d420	FUN_1107d420	83
1107d500	FUN_1107d500	83
1107dca0	FUN_1107dca0	24
1107dec0	FUN_1107dec0	24
1107dee0	FUN_1107dee0	11
1107def0	FUN_1107def0	3
1107df00	FUN_1107df00	3
1107df10	FUN_1107df10	3
1107df20	FUN_1107df20	3
1107df70	FUN_1107df70	65
1107ebf0	FUN_1107ebf0	35
1107ecd0	FUN_1107ecd0	4
1107f180	FUN_1107f180	13
1107f190	FUN_1107f190	11
1107f1a0	FUN_1107f1a0	11
1107f1b0	FUN_1107f1b0	11
1107f1c0	FUN_1107f1c0	11
1107f1d0	FUN_1107f1d0	11
1107f260	FUN_1107f260	4
1107f5f0	FUN_1107f5f0	9
1107f600	FUN_1107f600	9
1107f610	FUN_1107f610	9
1107f620	FUN_1107f620	9
1107f860	FUN_1107f860	7
1107f870	FUN_1107f870	11
1107f910	FUN_1107f910	8
1107fa30	FUN_1107fa30	56
1107fb80	FUN_1107fb80	4
11080620	FUN_11080620	11
11080630	FUN_11080630	11
11080640	FUN_11080640	11
11080650	FUN_11080650	11
11080660	FUN_11080660	12
11080670	FUN_11080670	12
11080680	FUN_11080680	12
11080690	FUN_11080690	12
110806a0	FUN_110806a0	12
11080f00	FUN_11080f00	7
11081100	FUN_11081100	14
110815e0	FUN_110815e0	5
11081640	FUN_11081640	4
110816d0	FUN_110816d0	45
110818c0	FUN_110818c0	16
11081be0	FUN_11081be0	5
11081da0	FUN_11081da0	5
11082870	FUN_11082870	43
11083360	FUN_11083360	80
110833d0	FUN_110833d0	8
110833e0	FUN_110833e0	7
11083680	FUN_11083680	24
110836a0	FUN_110836a0	24
11087b40	FUN_11087b40	29
11087b70	FUN_11087b70	34
11088cd0	FUN_11088cd0	4
11088fa0	FUN_11088fa0	27
11088fd0	FUN_11088fd0	7
11089900	FUN_11089900	19
11089920	FUN_11089920	21
11089bf0	FUN_11089bf0	51
11089cc0	FUN_11089cc0	19
1108a060	FUN_1108a060	23
1108a2b0	FUN_1108a2b0	41
1108b1c0	FUN_1108b1c0	20
1108bfd0	FUN_1108bfd0	21
1108bff0	FUN_1108bff0	21
11090e10	FUN_11090e10	7
11091990	FUN_11091990	23
11092ac0	FUN_11092ac0	4
11092ad0	FUN_11092ad0	4
11092b00	FUN_11092b00	7
11092b20	FUN_11092b20	10
11092b30	FUN_11092b30	7
11092b40	FUN_11092b40	7
110931e0	FUN_110931e0	52
110932b0	FUN_110932b0	13
11093430	FUN_11093430	65
11093d90	FUN_11093d90	7
11093da0	FUN_11093da0	6
11093db0	FUN_11093db0	6
11093dc0	FUN_11093dc0	6
11093dd0	FUN_11093dd0	6
11093de0	FUN_11093de0	6
11093df0	FUN_11093df0	6
11093e00	FUN_11093e00	6
11093e10	FUN_11093e10	6
11093e20	FUN_11093e20	6
11093e30	FUN_11093e30	6
11093e40	FUN_11093e40	6
11093e50	FUN_11093e50	6
11093e60	FUN_11093e60	6
11093e70	FUN_11093e70	6
11093e80	FUN_11093e80	6
11093e90	FUN_11093e90	6
11093f00	FUN_11093f00	81
110942b0	FUN_110942b0	46
11094570	FUN_11094570	18
11094750	FUN_11094750	4
110955f0	FUN_110955f0	7
11095610	FUN_11095610	5
11095720	FUN_11095720	36
11095750	FUN_11095750	36
110958f0	FUN_110958f0	11
110965f0	FUN_110965f0	15
11096610	FUN_11096610	8
110969e0	FUN_110969e0	84
11096a50	FUN_11096a50	13
11096a60	FUN_11096a60	24
11096b50	FUN_11096b50	13
11096b60	FUN_11096b60	9
11096b90	FUN_11096b90	13
11096ba0	FUN_11096ba0	10
11096bb0	FUN_11096bb0	13
11096bc0	FUN_11096bc0	13
11097110	FUN_11097110	24
11097160	FUN_11097160	13
110974d0	FUN_110974d0	13
11097550	FUN_11097550	8
11097560	FUN_11097560	13
110977c0	FUN_110977c0	10
11097810	FUN_11097810	13
11097850	FUN_11097850	13
11097890	FUN_11097890	13
110978b0	FUN_110978b0	13
110978d0	FUN_110978d0	13
110978e0	FUN_110978e0	13
11097920	FUN_11097920	4
11097930	FUN_11097930	9
11097940	FUN_11097940	9
11097950	FUN_11097950	9
11097960	FUN_11097960	9
11097970	FUN_11097970	9
11097980	FUN_11097980	9
11097aa0	FUN_11097aa0	8
11097cd0	FUN_11097cd0	68
11097d30	FUN_11097d30	3
110984f0	FUN_110984f0	18
11098510	FUN_11098510	22
11098530	FUN_11098530	18
11098630	FUN_11098630	54
11098680	FUN_11098680	22
110986a0	FUN_110986a0	56
11098710	FUN_11098710	13
11098720	FUN_11098720	13
11098730	FUN_11098730	3
11098920	FUN_11098920	15
110989f0	FUN_110989f0	5
11098a00	FUN_11098a00	37
11098d30	FUN_11098d30	5
11098d40	FUN_11098d40	5
11098d50	FUN_11098d50	5
11098d60	FUN_11098d60	5
11098d70	FUN_11098d70	5
11098d80	FUN_11098d80	48
11098e60	FUN_11098e60	15
11098e80	FUN_11098e80	15
11098ea0	FUN_11098ea0	5
11098eb0	FUN_11098eb0	5
11098ec0	FUN_11098ec0	5
11098ed0	FUN_11098ed0	18
11098f30	FUN_11098f30	11
11098f40	FUN_11098f40	11
11098fd0	FUN_11098fd0	11
11098fe0	FUN_11098fe0	16
11099000	FUN_11099000	3
11099440	FUN_11099440	14
11099460	FUN_11099460	14
110999f0	FUN_110999f0	22
1109b4e0	FUN_1109b4e0	52
1109b530	FUN_1109b530	51
1109b590	FUN_1109b590	3
1109b5a0	FUN_1109b5a0	3
1109b5b0	FUN_1109b5b0	3
1109b5c0	FUN_1109b5c0	3
1109b5d0	FUN_1109b5d0	3
1109b5e0	FUN_1109b5e0	3
1109b5f0	FUN_1109b5f0	3
1109b600	FUN_1109b600	3
1109b610	FUN_1109b610	3
1109b620	FUN_1109b620	3
1109b8c0	FUN_1109b8c0	79
1109b930	FUN_1109b930	3
1109b940	FUN_1109b940	11
1109b950	FUN_1109b950	83
1109ba20	FUN_1109ba20	18
1109bf70	FUN_1109bf70	11
1109bf80	FUN_1109bf80	56
1109bfd0	FUN_1109bfd0	56
1109c2c0	FUN_1109c2c0	17
1109c380	FUN_1109c380	6
1109c390	FUN_1109c390	6
1109c3a0	FUN_1109c3a0	6
1109c3b0	FUN_1109c3b0	4
1109cc50	FUN_1109cc50	26
1109ce30	FUN_1109ce30	7
1109ce40	FUN_1109ce40	5
1109ce80	FUN_1109ce80	19
1109cea0	FUN_1109cea0	45
1109cee0	FUN_1109cee0	5
1109cef0	FUN_1109cef0	6
1109cf00	FUN_1109cf00	6
1109cf20	FUN_1109cf20	6
1109cf90	FUN_1109cf90	10
1109cfd0	FUN_1109cfd0	9
1109d5d0	FUN_1109d5d0	3
1109daa0	FUN_1109daa0	3
1109dcc0	FUN_1109dcc0	49
1109dd70	FUN_1109dd70	3
1109dd80	FUN_1109dd80	3
1109dd90	FUN_1109dd90	3
1109df90	FUN_1109df90	9
1109e190	FUN_1109e190	11
1109e3c0	FUN_1109e3c0	34
1109eff0	FUN_1109eff0	10
1109f0e0	FUN_1109f0e0	24
1109f800	FUN_1109f800	19
110a01e0	FUN_110a01e0	7
110a01f0	FUN_110a01f0	22
110a08f0	FUN_110a08f0	36
110a0d60	FUN_110a0d60	21
110a0e60	FUN_110a0e60	61
110a0eb0	FUN_110a0eb0	3
110a10e0	FUN_110a10e0	7
110a13b0	FUN_110a13b0	6
110a13c0	FUN_110a13c0	6
110a2700	FUN_110a2700	45
110a2bf0	FUN_110a2bf0	52
110a2e20	FUN_110a2e20	51
110a3040	FUN_110a3040	24
110a3060	FUN_110a3060	24
110a3270	FUN_110a3270	15
110a3f20	FUN_110a3f20	10
110a3fb0	FUN_110a3fb0	22
110a5c30	FUN_110a5c30	20
110a5c50	FUN_110a5c50	25
110a5c70	FUN_110a5c70	18
110a5c90	FUN_110a5c90	22
110a5cb0	FUN_110a5cb0	22
110a5ea0	FUN_110a5ea0	18
110a5ec0	FUN_110a5ec0	25
110a5ee0	FUN_110a5ee0	25
110a5f00	FUN_110a5f00	18
110a5f20	FUN_110a5f20	25
110a5f40	FUN_110a5f40	25
110a5f60	FUN_110a5f60	18
110a5f80	FUN_110a5f80	25
110a5fa0	FUN_110a5fa0	25
110a5fc0	FUN_110a5fc0	54
110a6010	FUN_110a6010	17
110a6030	FUN_110a6030	17
110a6050	FUN_110a6050	22
110a6070	FUN_110a6070	22
110a6090	FUN_110a6090	11
110a60a0	FUN_110a60a0	11
110a60b0	FUN_110a60b0	5
110a60c0	FUN_110a60c0	5
110a60d0	FUN_110a60d0	5
110a60e0	FUN_110a60e0	5
110a60f0	FUN_110a60f0	5
110a6100	FUN_110a6100	5
110a6110	FUN_110a6110	11
110a6120	FUN_110a6120	21
110a6140	FUN_110a6140	21
110a6160	FUN_110a6160	22
110a6180	FUN_110a6180	56
110a61d0	FUN_110a61d0	25
110a6250	FUN_110a6250	16
110a6270	FUN_110a6270	3
110a6280	FUN_110a6280	3
110a6290	FUN_110a6290	3
110a62a0	FUN_110a62a0	13
110a62b0	FUN_110a62b0	13
110a62c0	FUN_110a62c0	13
110a62d0	FUN_110a62d0	13
110a62e0	FUN_110a62e0	13
110a62f0	FUN_110a62f0	13
110a6300	FUN_110a6300	13
110a6310	FUN_110a6310	13
110a6320	FUN_110a6320	13
110a6330	FUN_110a6330	13
110a6370	FUN_110a6370	3
110a6380	FUN_110a6380	3
110a6390	FUN_110a6390	3
110a63a0	FUN_110a63a0	3
110a63b0	FUN_110a63b0	3
110a63c0	FUN_110a63c0	3
110a63d0	FUN_110a63d0	3
110a63e0	FUN_110a63e0	3
110a64b0	FUN_110a64b0	18
110a64d0	FUN_110a64d0	18
110a64f0	FUN_110a64f0	18
110a6510	FUN_110a6510	18
110a6530	FUN_110a6530	18
110a6990	FUN_110a6990	41
110a6ab0	FUN_110a6ab0	41
110a6af0	FUN_110a6af0	41
110a6b30	FUN_110a6b30	15
110a6b50	FUN_110a6b50	15
110a6b70	FUN_110a6b70	15
110a6b90	FUN_110a6b90	15
110a6bb0	FUN_110a6bb0	15
110a6c80	FUN_110a6c80	15
110a6ca0	FUN_110a6ca0	15
110a6cc0	FUN_110a6cc0	7
110a6cd0	FUN_110a6cd0	7
110a6ce0	FUN_110a6ce0	7
110a6cf0	FUN_110a6cf0	7
110a6d00	FUN_110a6d00	5
110a6d10	FUN_110a6d10	5
110a7200	FUN_110a7200	7
110a7210	FUN_110a7210	5
110a7250	FUN_110a7250	5
110a7260	FUN_110a7260	5
110a7270	FUN_110a7270	5
110a7280	FUN_110a7280	5
110a7290	FUN_110a7290	5
110a72a0	FUN_110a72a0	5
110a72b0	FUN_110a72b0	5
110a72c0	FUN_110a72c0	5
110a72d0	FUN_110a72d0	5
110a72e0	FUN_110a72e0	5
110a72f0	FUN_110a72f0	5
110a7300	FUN_110a7300	5
110a7310	FUN_110a7310	5
110a7320	FUN_110a7320	5
110a7330	FUN_110a7330	5
110a7340	FUN_110a7340	5
110a7350	FUN_110a7350	5
110a7360	FUN_110a7360	5
110a7370	FUN_110a7370	5
110a7380	FUN_110a7380	5
110a7390	FUN_110a7390	5
110a73a0	FUN_110a73a0	5
110a73b0	FUN_110a73b0	5
110a73c0	FUN_110a73c0	5
110a73d0	FUN_110a73d0	5
110a73e0	FUN_110a73e0	13
110a73f0	FUN_110a73f0	13
110a7400	FUN_110a7400	48
110a7440	FUN_110a7440	22
110a7460	FUN_110a7460	23
110a7480	FUN_110a7480	3
110a7530	FUN_110a7530	3
110a7540	FUN_110a7540	3
110a7550	FUN_110a7550	36
110a7580	FUN_110a7580	36
110a7650	FUN_110a7650	15
110a7670	FUN_110a7670	15
110a7930	FUN_110a7930	5
110a7940	FUN_110a7940	5
110a7950	FUN_110a7950	5
110a7960	FUN_110a7960	5
110a7970	FUN_110a7970	5
110a7980	FUN_110a7980	5
110a7990	FUN_110a7990	5
110a79a0	FUN_110a79a0	5
110a79b0	FUN_110a79b0	5
110a79c0	FUN_110a79c0	5
110a79d0	FUN_110a79d0	5
110a79e0	FUN_110a79e0	5
110a79f0	FUN_110a79f0	5
110a7a00	FUN_110a7a00	5
110a7a10	FUN_110a7a10	5
110a7a20	FUN_110a7a20	5
110a7a30	FUN_110a7a30	5
110a7a40	FUN_110a7a40	5
110a7a50	FUN_110a7a50	5
110a7a60	FUN_110a7a60	5
110a7a70	FUN_110a7a70	11
110a7a80	FUN_110a7a80	6
110a7a90	FUN_110a7a90	6
110a7aa0	FUN_110a7aa0	6
110a7ab0	FUN_110a7ab0	6
110a7ac0	FUN_110a7ac0	5
110a7ad0	FUN_110a7ad0	5
110a7ae0	FUN_110a7ae0	5
110a7ee0	FUN_110a7ee0	18
110a7f00	FUN_110a7f00	18
110a7f20	FUN_110a7f20	18
110a8260	FUN_110a8260	11
110a8270	FUN_110a8270	9
110a8280	FUN_110a8280	11
110a8290	FUN_110a8290	9
110a82a0	FUN_110a82a0	11
110a82b0	FUN_110a82b0	9
110a82c0	FUN_110a82c0	11
110a82d0	FUN_110a82d0	9
110a82e0	FUN_110a82e0	11
110a82f0	FUN_110a82f0	9
110a8300	FUN_110a8300	11
110a8310	FUN_110a8310	9
110a8320	FUN_110a8320	11
110a8330	FUN_110a8330	11
110a8340	FUN_110a8340	9
110a8350	FUN_110a8350	11
110a8360	FUN_110a8360	9
110a8370	FUN_110a8370	11
110a8380	FUN_110a8380	9
110a8390	FUN_110a8390	11
110a83a0	FUN_110a83a0	11
110a83b0	FUN_110a83b0	11
110a83c0	FUN_110a83c0	16
110a83e0	FUN_110a83e0	16
110a8400	FUN_110a8400	16
110a8420	FUN_110a8420	16
110a8440	FUN_110a8440	17
110a8460	FUN_110a8460	17
110a8480	FUN_110a8480	23
110a84a0	FUN_110a84a0	23
110a84c0	FUN_110a84c0	13
110a84d0	FUN_110a84d0	14
110a84f0	FUN_110a84f0	14
110a8510	FUN_110a8510	14
110a8530	FUN_110a8530	23
110a8550	FUN_110a8550	23
110a8570	FUN_110a8570	23
110a8590	FUN_110a8590	23
110a85b0	FUN_110a85b0	3
110a85c0	FUN_110a85c0	3
110a85d0	FUN_110a85d0	3
110a85e0	FUN_110a85e0	3
110a85f0	FUN_110a85f0	3
110a86c0	FUN_110a86c0	13
110a8a30	FUN_110a8a30	23
110a8a50	FUN_110a8a50	27
110a8cf0	FUN_110a8cf0	25
110a9150	FUN_110a9150	25
110a9590	FUN_110a9590	18
110a95b0	FUN_110a95b0	39
110a95e0	FUN_110a95e0	11
110a95f0	FUN_110a95f0	11
110a9aa0	FUN_110a9aa0	19
110a9ac0	FUN_110a9ac0	3
110a9ad0	FUN_110a9ad0	3
110a9ae0	FUN_110a9ae0	3
110aa280	FUN_110aa280	3
110aa590	FUN_110aa590	14
110aa5b0	FUN_110aa5b0	14
110aa5d0	FUN_110aa5d0	14
110aa5f0	FUN_110aa5f0	14
110aa610	FUN_110aa610	14
110aa630	FUN_110aa630	14
110aa650	FUN_110aa650	14
110aa670	FUN_110aa670	14
110aa690	FUN_110aa690	14
110aa6b0	FUN_110aa6b0	14
110aa730	FUN_110aa730	12
110aa740	FUN_110aa740	12
110aa750	FUN_110aa750	6
110aa760	FUN_110aa760	6
110aa770	FUN_110aa770	6
110aa780	FUN_110aa780	6
110aa790	FUN_110aa790	6
110aa7a0	FUN_110aa7a0	6
110aa7b0	FUN_110aa7b0	6
110aa7c0	FUN_110aa7c0	6
110aa7d0	FUN_110aa7d0	6
110aa7e0	FUN_110aa7e0	6
110aa7f0	FUN_110aa7f0	6
110aa800	FUN_110aa800	6
110aa810	FUN_110aa810	6
110aa820	FUN_110aa820	6
110aa830	FUN_110aa830	9
110aa840	FUN_110aa840	9
110aa870	FUN_110aa870	9
110aa8a0	FUN_110aa8a0	9
110aa8b0	FUN_110aa8b0	9
110aa8c0	FUN_110aa8c0	9
110aa8d0	FUN_110aa8d0	9
110aa8e0	FUN_110aa8e0	9
110aa8f0	FUN_110aa8f0	10
110aa900	FUN_110aa900	10
110aa910	FUN_110aa910	23
110ab4f0	FUN_110ab4f0	49
110ab800	FUN_110ab800	3
110ab810	FUN_110ab810	54
110abdd0	FUN_110abdd0	3
110abde0	FUN_110abde0	3
110abdf0	FUN_110abdf0	3
110abe00	FUN_110abe00	3
110abe10	FUN_110abe10	3
110abe20	FUN_110abe20	3
110abe30	FUN_110abe30	3
110abe40	FUN_110abe40	3
110abe50	FUN_110abe50	3
110abe60	FUN_110abe60	3
110abe70	FUN_110abe70	3
110abe80	FUN_110abe80	3
110abe90	FUN_110abe90	3
110abea0	FUN_110abea0	3
110abeb0	FUN_110abeb0	3
110abec0	FUN_110abec0	3
110abed0	FUN_110abed0	4
110abee0	FUN_110abee0	4
110abef0	FUN_110abef0	4
110abf00	FUN_110abf00	3
110abf10	FUN_110abf10	3
110abf20	FUN_110abf20	3
110abf30	FUN_110abf30	3
110abf40	FUN_110abf40	3
110abf50	FUN_110abf50	3
110abf60	FUN_110abf60	3
110abf70	FUN_110abf70	3
110abf80	FUN_110abf80	3
110ac090	FUN_110ac090	13
110ac0a0	FUN_110ac0a0	13
110ac0b0	FUN_110ac0b0	13
110ac0c0	FUN_110ac0c0	13
110ac0d0	FUN_110ac0d0	4
110ac0e0	FUN_110ac0e0	4
110ac0f0	FUN_110ac0f0	4
110ac100	FUN_110ac100	3
110ac110	FUN_110ac110	3
110ac200	FUN_110ac200	3
110ac210	FUN_110ac210	3
110ac220	FUN_110ac220	3
110ac230	FUN_110ac230	3
110ac240	FUN_110ac240	3
110ac400	FUN_110ac400	11
110ac410	FUN_110ac410	11
110ac420	FUN_110ac420	6
110ac430	FUN_110ac430	6
110ac440	FUN_110ac440	6
110ac5a0	FUN_110ac5a0	55
110ac610	FUN_110ac610	55
110ac660	FUN_110ac660	55
110ac720	FUN_110ac720	38
110ac7e0	FUN_110ac7e0	14
110ac800	FUN_110ac800	14
110ac820	FUN_110ac820	13
110ac830	FUN_110ac830	13
110ac840	FUN_110ac840	12
110ac850	FUN_110ac850	12
110ac860	FUN_110ac860	11
110ac870	FUN_110ac870	11
110ac880	FUN_110ac880	11
110ac920	FUN_110ac920	38
110ac950	FUN_110ac950	43
110ac990	FUN_110ac990	43
110ac9d0	FUN_110ac9d0	27
110aca10	FUN_110aca10	56
110acaf0	FUN_110acaf0	14
110acc20	FUN_110acc20	19
110acfd0	FUN_110acfd0	56
110ad1f0	FUN_110ad1f0	14
110ad210	FUN_110ad210	13
110ad220	FUN_110ad220	13
110ad340	FUN_110ad340	125
110ad990	FUN_110ad990	36
110ad9f0	FUN_110ad9f0	4
110ada00	FUN_110ada00	4
110adc90	FUN_110adc90	92
110add10	FUN_110add10	66
110ae0d0	FUN_110ae0d0	9
110ae490	FUN_110ae490	4
110ae5c0	FUN_110ae5c0	68
110ae650	FUN_110ae650	59
110ae6a0	FUN_110ae6a0	10
110ae6b0	FUN_110ae6b0	4
110ae6c0	FUN_110ae6c0	3
110ae6d0	FUN_110ae6d0	3
110aee90	FUN_110aee90	3
110aeea0	FUN_110aeea0	8
110aeeb0	FUN_110aeeb0	12
110aeec0	FUN_110aeec0	12
110aeed0	FUN_110aeed0	12
110aeee0	FUN_110aeee0	11
110aeef0	FUN_110aeef0	11
110aef00	FUN_110aef00	11
110aef10	FUN_110aef10	11
110aef20	FUN_110aef20	7
110aef30	FUN_110aef30	4
110af100	FUN_110af100	4
110af110	FUN_110af110	7
110af2a0	FUN_110af2a0	51
110af2e0	FUN_110af2e0	7
110b00c0	FUN_110b00c0	63
110b0110	FUN_110b0110	52
110b0160	FUN_110b0160	45
110b01a0	FUN_110b01a0	53
110b0260	FUN_110b0260	15
110b0280	FUN_110b0280	57
110b02d0	FUN_110b02d0	4
110b02e0	FUN_110b02e0	4
110b03c0	FUN_110b03c0	100
110b0440	FUN_110b0440	8
110b0450	FUN_110b0450	4
110b0530	FUN_110b0530	4
110b0540	FUN_110b0540	4
110b0cb0	FUN_110b0cb0	4
110b0cc0	FUN_110b0cc0	24
110b2380	FUN_110b2380	4
110b2390	FUN_110b2390	8
110b2400	FUN_110b2400	8
110b3800	FUN_110b3800	42
110b39e0	FUN_110b39e0	6
110b39f0	FUN_110b39f0	6
110b3a00	FUN_110b3a00	6
110b3a10	FUN_110b3a10	6
110b3a20	FUN_110b3a20	6
110b3a30	FUN_110b3a30	6
110b3a40	FUN_110b3a40	6
110b3a50	FUN_110b3a50	6
110b3a60	FUN_110b3a60	6
110b3a70	FUN_110b3a70	6
110b3a80	FUN_110b3a80	6
110b3a90	FUN_110b3a90	6
110b3aa0	FUN_110b3aa0	4
110b3ab0	FUN_110b3ab0	4
110b4250	FUN_110b4250	5
110b4260	FUN_110b4260	5
110b4270	FUN_110b4270	5
110b4280	FUN_110b4280	5
110b4350	FUN_110b4350	36
110b4380	FUN_110b4380	36
110b4940	FUN_110b4940	46
110b4a60	FUN_110b4a60	13
110b4a70	FUN_110b4a70	3
110b4a80	FUN_110b4a80	4
110b4a90	FUN_110b4a90	10
110b4b40	FUN_110b4b40	10
110b4c70	FUN_110b4c70	10
110b4c80	FUN_110b4c80	9
110b4c90	FUN_110b4c90	9
110b4ca0	FUN_110b4ca0	9
110b4cb0	FUN_110b4cb0	9
110b4cc0	FUN_110b4cc0	4
110b4ea0	FUN_110b4ea0	4
110b4f30	FUN_110b4f30	119
110b5460	FUN_110b5460	45
110b54a0	FUN_110b54a0	6
110b54b0	FUN_110b54b0	6
110b54c0	FUN_110b54c0	6
110b59a0	FUN_110b59a0	4
110b5ed0	FUN_110b5ed0	4
110b5ee0	FUN_110b5ee0	62
110b60b0	FUN_110b60b0	4
110b60d0	FUN_110b60d0	4
110b6120	FUN_110b6120	4
110b6130	FUN_110b6130	6
110b6140	FUN_110b6140	6
110b6150	FUN_110b6150	6
110b6160	FUN_110b6160	6
110b6170	FUN_110b6170	6
110bc880	FUN_110bc880	39
110bfab0	FUN_110bfab0	12
110bfae0	FUN_110bfae0	6
110bfaf0	FUN_110bfaf0	6
110bfc00	FUN_110bfc00	14
110bfd00	FUN_110bfd00	10
110c0b60	FUN_110c0b60	71
110c0bc0	FUN_110c0bc0	3
110c0bd0	FUN_110c0bd0	7
110c0be0	FUN_110c0be0	3
110c0bf0	FUN_110c0bf0	3
110c0c00	FUN_110c0c00	7
110c0c10	FUN_110c0c10	3
110c0c20	FUN_110c0c20	4
110c0c30	FUN_110c0c30	4
110c0c40	FUN_110c0c40	3
110c0c50	FUN_110c0c50	3
110c1c40	FUN_110c1c40	81
110c1cb0	FUN_110c1cb0	3
110c1e40	FUN_110c1e40	16
110c2110	FUN_110c2110	9
110c2120	FUN_110c2120	7
110c2140	FUN_110c2140	9
110c2150	FUN_110c2150	7
110c39a0	FUN_110c39a0	7
110c39b0	FUN_110c39b0	7
110c39c0	FUN_110c39c0	7
110c39d0	FUN_110c39d0	7
110c3c60	FUN_110c3c60	12
110c3d00	FUN_110c3d00	5
110c3fd0	FUN_110c3fd0	10
110c3fe0	FUN_110c3fe0	13
110c44c0	FUN_110c44c0	55
110c4690	FUN_110c4690	24
110c4840	FUN_110c4840	108
110c48d0	FUN_110c48d0	10
110c4aa0	FUN_110c4aa0	12
110c4b30	FUN_110c4b30	63
110c5160	FUN_110c5160	18
110c5180	FUN_110c5180	22
110c51a0	FUN_110c51a0	18
110c5450	FUN_110c5450	54
110c54a0	FUN_110c54a0	22
110c54c0	FUN_110c54c0	33
110c55a0	FUN_110c55a0	56
110c5610	FUN_110c5610	13
110c5620	FUN_110c5620	13
110c5630	FUN_110c5630	3
110c5870	FUN_110c5870	15
110c5970	FUN_110c5970	5
110c5980	FUN_110c5980	37
110c5de0	FUN_110c5de0	5
110c5df0	FUN_110c5df0	5
110c5e00	FUN_110c5e00	5
110c5e10	FUN_110c5e10	5
110c5e20	FUN_110c5e20	5
110c5e30	FUN_110c5e30	5
110c5e40	FUN_110c5e40	5
110c5ee0	FUN_110c5ee0	48
110c6020	FUN_110c6020	15
110c6040	FUN_110c6040	15
110c6060	FUN_110c6060	15
110c60e0	FUN_110c60e0	5
110c60f0	FUN_110c60f0	5
110c6100	FUN_110c6100	5
110c6110	FUN_110c6110	5
110c6120	FUN_110c6120	6
110c6140	FUN_110c6140	6
110c6150	FUN_110c6150	5
110c6160	FUN_110c6160	14
110c6180	FUN_110c6180	14
110c61a0	FUN_110c61a0	14
110c6230	FUN_110c6230	14
110c6250	FUN_110c6250	14
110c6270	FUN_110c6270	14
110c6290	FUN_110c6290	14
110c62b0	FUN_110c62b0	14
110c62d0	FUN_110c62d0	14
110c62f0	FUN_110c62f0	14
110c6310	FUN_110c6310	14
110c6330	FUN_110c6330	14
110c6350	FUN_110c6350	14
110c6370	FUN_110c6370	14
110c6580	FUN_110c6580	18
110c65e0	FUN_110c65e0	11
110c65f0	FUN_110c65f0	11
110c6680	FUN_110c6680	11
110c6690	FUN_110c6690	11
110c66a0	FUN_110c66a0	16
110c66c0	FUN_110c66c0	25
110c66e0	FUN_110c66e0	3
110c6740	FUN_110c6740	49
110c6780	FUN_110c6780	68
110c67e0	FUN_110c67e0	13
110c8a00	FUN_110c8a00	14
110c8a20	FUN_110c8a20	14
110c8bf0	FUN_110c8bf0	3
110c8c00	FUN_110c8c00	3
110c8c10	FUN_110c8c10	3
110c8c20	FUN_110c8c20	7
110c8c30	FUN_110c8c30	3
110c8c40	FUN_110c8c40	3
110c8c50	FUN_110c8c50	3
110c8c60	FUN_110c8c60	3
110c8c70	FUN_110c8c70	3
110c8c80	FUN_110c8c80	3
110c8c90	FUN_110c8c90	3
110c8ca0	FUN_110c8ca0	3
110c8cb0	FUN_110c8cb0	3
110c8cc0	FUN_110c8cc0	3
110c8cd0	FUN_110c8cd0	3
110c8ce0	FUN_110c8ce0	3
110c8cf0	FUN_110c8cf0	3
110c8d00	FUN_110c8d00	3
110c8d10	FUN_110c8d10	3
110c8d20	FUN_110c8d20	3
110c8d30	FUN_110c8d30	3
110c8d40	FUN_110c8d40	3
110c8d50	FUN_110c8d50	3
110c8d60	FUN_110c8d60	3
110c8d70	FUN_110c8d70	3
110c8d80	FUN_110c8d80	3
110c8d90	FUN_110c8d90	3
110c8da0	FUN_110c8da0	3
110c8db0	FUN_110c8db0	3
110c8dc0	FUN_110c8dc0	6
110c8dd0	FUN_110c8dd0	6
110c8de0	FUN_110c8de0	6
110c90c0	FUN_110c90c0	8
110c9140	FUN_110c9140	8
110c9560	FUN_110c9560	3
110c9570	FUN_110c9570	3
110c9580	FUN_110c9580	3
110c9590	FUN_110c9590	3
110c95a0	FUN_110c95a0	3
110c95b0	FUN_110c95b0	3
110c95c0	FUN_110c95c0	3
110c98d0	FUN_110c98d0	13
110c98e0	FUN_110c98e0	30
110c9940	FUN_110c9940	3
110c9950	FUN_110c9950	11
110c99d0	FUN_110c99d0	11
110ca030	FUN_110ca030	13
110ca2c0	FUN_110ca2c0	4
110ca2d0	FUN_110ca2d0	4
110ca770	FUN_110ca770	4
110cb2b0	FUN_110cb2b0	12
110cb2c0	FUN_110cb2c0	11
110cb2d0	FUN_110cb2d0	11
110cb2e0	FUN_110cb2e0	11
110cc060	FUN_110cc060	3
110cdcc0	FUN_110cdcc0	7
110d26c0	FUN_110d26c0	38
110d2eb0	FUN_110d2eb0	10
110d30b0	FUN_110d30b0	27
110d3d40	FUN_110d3d40	7
110d3d50	FUN_110d3d50	7
110d3d60	FUN_110d3d60	7
110d3d70	FUN_110d3d70	7
110d3d80	FUN_110d3d80	7
110d3d90	FUN_110d3d90	7
110d3da0	FUN_110d3da0	7
110d3db0	FUN_110d3db0	7
110d3dc0	FUN_110d3dc0	7
110d3dd0	FUN_110d3dd0	7
110d3de0	FUN_110d3de0	7
110d3df0	FUN_110d3df0	7
110d3e00	FUN_110d3e00	7
110d3e10	FUN_110d3e10	7
110d5330	FUN_110d5330	7
110d5340	FUN_110d5340	7
110d5350	FUN_110d5350	7
110d5360	FUN_110d5360	7
110d5370	FUN_110d5370	7
110d5380	FUN_110d5380	7
110d5390	FUN_110d5390	7
110d53a0	FUN_110d53a0	7
110d53b0	FUN_110d53b0	7
110d53c0	FUN_110d53c0	7
110d53d0	FUN_110d53d0	7
110d53e0	FUN_110d53e0	7
110d53f0	FUN_110d53f0	7
110d5400	FUN_110d5400	7
110d5420	FUN_110d5420	7
110d5940	FUN_110d5940	27
110d5970	FUN_110d5970	27
110d59a0	FUN_110d59a0	27
110d59f0	FUN_110d59f0	27
110d5a20	FUN_110d5a20	27
110d5a50	FUN_110d5a50	27
110d5d60	FUN_110d5d60	6
110d5d70	FUN_110d5d70	6
110d5d80	FUN_110d5d80	32
110d60a0	FUN_110d60a0	59
110d60f0	FUN_110d60f0	59
110d6140	FUN_110d6140	59
110d61d0	FUN_110d61d0	59
110d6220	FUN_110d6220	59
110d62c0	FUN_110d62c0	61
110d6eb0	FUN_110d6eb0	5
110d6ec0	FUN_110d6ec0	5
110d7b00	FUN_110d7b00	43
110d8490	FUN_110d8490	10
110d8990	FUN_110d8990	21
110d9280	FUN_110d9280	7
110d9b80	FUN_110d9b80	14
110d9f30	FUN_110d9f30	3
110d9f40	FUN_110d9f40	7
110d9f50	FUN_110d9f50	3
110da670	FUN_110da670	8
110db320	FUN_110db320	12
110dba10	FUN_110dba10	12
110dbda0	FUN_110dbda0	7
110dc730	FUN_110dc730	3
110dca80	FUN_110dca80	4
110dca90	FUN_110dca90	3
110dcaa0	FUN_110dcaa0	4
110dcab0	FUN_110dcab0	3
110dcf90	FUN_110dcf90	7
110dcfa0	FUN_110dcfa0	7
110dcfb0	FUN_110dcfb0	7
110dcfc0	FUN_110dcfc0	7
110dcfd0	FUN_110dcfd0	7
110dcfe0	FUN_110dcfe0	7
110dcff0	FUN_110dcff0	3
110dd000	FUN_110dd000	4
110dd700	FUN_110dd700	5
110ddca0	FUN_110ddca0	11
110de310	FUN_110de310	11
110de400	FUN_110de400	23
110de690	FUN_110de690	7
110defe0	FUN_110defe0	4
110df000	FUN_110df000	11
110df010	FUN_110df010	50
110df050	FUN_110df050	4
110dfac0	FUN_110dfac0	7
110dfad0	FUN_110dfad0	7
110dfae0	FUN_110dfae0	7
110dfaf0	FUN_110dfaf0	4
110dfb00	FUN_110dfb00	11
110dfb10	FUN_110dfb10	7
110e1d70	FUN_110e1d70	23
110e1ee0	FUN_110e1ee0	19
110e1f70	FUN_110e1f70	8
110e2260	FUN_110e2260	4
110e2270	FUN_110e2270	4
110e2cb0	FUN_110e2cb0	7
110e2cc0	FUN_110e2cc0	7
110e2ef0	FUN_110e2ef0	8
110e2f90	FUN_110e2f90	17
110e35f0	FUN_110e35f0	8
110e3610	FUN_110e3610	13
110e3620	FUN_110e3620	13
110e3690	FUN_110e3690	12
110e3bd0	FUN_110e3bd0	4
110e3be0	FUN_110e3be0	4
110e3c30	FUN_110e3c30	59
110e3c80	FUN_110e3c80	8
110e3d30	FUN_110e3d30	8
110e43c0	FUN_110e43c0	4
110e60d0	FUN_110e60d0	7
110e7b20	FUN_110e7b20	28
110e7b50	FUN_110e7b50	24
110e7b70	FUN_110e7b70	24
110e83c0	FUN_110e83c0	3
110e8630	FUN_110e8630	27
110e88c0	FUN_110e88c0	7
110e88d0	FUN_110e88d0	3
110e88e0	FUN_110e88e0	5
110e88f0	FUN_110e88f0	17
110e8910	FUN_110e8910	20
110e8930	FUN_110e8930	25
110e8950	FUN_110e8950	42
110e8990	FUN_110e8990	15
110e93c0	FUN_110e93c0	31
110e93f0	FUN_110e93f0	45
110e9af0	FUN_110e9af0	21
110e9dd0	FUN_110e9dd0	8
110eb920	FUN_110eb920	44
110eb9c0	FUN_110eb9c0	42
110ed9a0	FUN_110ed9a0	42
110ede90	FUN_110ede90	18
110edeb0	FUN_110edeb0	22
110eded0	FUN_110eded0	18
110edfd0	FUN_110edfd0	22
110ee010	FUN_110ee010	13
110ee020	FUN_110ee020	13
110ee030	FUN_110ee030	3
110ee190	FUN_110ee190	15
110ee1b0	FUN_110ee1b0	26
110ee1d0	FUN_110ee1d0	5
110ee1e0	FUN_110ee1e0	37
110ee360	FUN_110ee360	5
110ee370	FUN_110ee370	5
110ee380	FUN_110ee380	5
110ee390	FUN_110ee390	5
110ee3a0	FUN_110ee3a0	48
110ee3f0	FUN_110ee3f0	15
110ee410	FUN_110ee410	15
110ee430	FUN_110ee430	5
110ee440	FUN_110ee440	5
110ee450	FUN_110ee450	5
110ee460	FUN_110ee460	6
110ee470	FUN_110ee470	6
110ee480	FUN_110ee480	6
110ee500	FUN_110ee500	14
110ee520	FUN_110ee520	18
110ee580	FUN_110ee580	11
110ee590	FUN_110ee590	11
110ee620	FUN_110ee620	11
110ee630	FUN_110ee630	16
110ee650	FUN_110ee650	3
110f06f0	FUN_110f06f0	71
110f0750	FUN_110f0750	14
110f0770	FUN_110f0770	14
110f08c0	FUN_110f08c0	12
110f08d0	FUN_110f08d0	3
110f08e0	FUN_110f08e0	6
110f08f0	FUN_110f08f0	6
110f0900	FUN_110f0900	6
110f0e30	FUN_110f0e30	3
110f0e40	FUN_110f0e40	3
110f0e50	FUN_110f0e50	3
110f0e60	FUN_110f0e60	3
110f0e70	FUN_110f0e70	3
110f0e80	FUN_110f0e80	3
110f0e90	FUN_110f0e90	3
110f0ea0	FUN_110f0ea0	3
110f1140	FUN_110f1140	79
110f11b0	FUN_110f11b0	31
110f11e0	FUN_110f11e0	11
110f11f0	FUN_110f11f0	83
110f17e0	FUN_110f17e0	13
110f24f0	FUN_110f24f0	11
110f3c60	FUN_110f3c60	7
110f3c70	FUN_110f3c70	6
110f3c80	FUN_110f3c80	6
110f4950	FUN_110f4950	26
110f4af0	FUN_110f4af0	10
110f5de0	FUN_110f5de0	7
110f6440	FUN_110f6440	3
110f6590	FUN_110f6590	36
110f6630	FUN_110f6630	3
110f6ab0	FUN_110f6ab0	3
110f6b10	FUN_110f6b10	28
110f74a0	FUN_110f74a0	11
110f74b0	FUN_110f74b0	11
110f74c0	FUN_110f74c0	11
110f74d0	FUN_110f74d0	11
110f7b10	FUN_110f7b10	19
110f8640	FUN_110f8640	6
110f8650	FUN_110f8650	6
110f9090	FUN_110f9090	41
110f9690	FUN_110f9690	3
110f9a10	FUN_110f9a10	4
110f9a20	FUN_110f9a20	4
110f9f20	FUN_110f9f20	7
110fcf40	FUN_110fcf40	3
110fcf50	FUN_110fcf50	7
110fcf60	FUN_110fcf60	7
110fcf80	FUN_110fcf80	7
110fd090	FUN_110fd090	16
110fd0b0	FUN_110fd0b0	7
110fd270	FUN_110fd270	14
110fd530	FUN_110fd530	37
110fe390	FUN_110fe390	26
110fec20	FUN_110fec20	46
11100200	FUN_11100200	4
111002b0	FUN_111002b0	7
111002c0	FUN_111002c0	4
11100350	FUN_11100350	8
11100600	FUN_11100600	18
111018e0	FUN_111018e0	16
11101970	FUN_11101970	13
11101ac0	FUN_11101ac0	8
11101b60	FUN_11101b60	24
11101b80	FUN_11101b80	24
11101ba0	FUN_11101ba0	24
11101f50	FUN_11101f50	13
11101f70	FUN_11101f70	13
11102060	FUN_11102060	8
11102070	FUN_11102070	12
11102080	FUN_11102080	8
11102090	FUN_11102090	8
11102300	FUN_11102300	4
11102310	FUN_11102310	4
11102320	FUN_11102320	10
111030a0	FUN_111030a0	3
111030b0	FUN_111030b0	7
111030c0	FUN_111030c0	3
11104620	FUN_11104620	4
11104630	FUN_11104630	3
11104640	FUN_11104640	4
11104650	FUN_11104650	4
111046d0	FUN_111046d0	10
11104780	FUN_11104780	3
11106f70	FUN_11106f70	7
11107030	FUN_11107030	38
11107a20	FUN_11107a20	127
11107e80	FUN_11107e80	25
11107ea0	FUN_11107ea0	25
11107ec0	FUN_11107ec0	18
11107ee0	FUN_11107ee0	25
11107f00	FUN_11107f00	22
11107f20	FUN_11107f20	22
11107f40	FUN_11107f40	27
11107f70	FUN_11107f70	22
11107f90	FUN_11107f90	18
11108070	FUN_11108070	22
11108090	FUN_11108090	29
111080c0	FUN_111080c0	3
111080d0	FUN_111080d0	3
111080e0	FUN_111080e0	3
111083a0	FUN_111083a0	13
111083b0	FUN_111083b0	13
111084c0	FUN_111084c0	3
111084d0	FUN_111084d0	3
111084e0	FUN_111084e0	3
11108590	FUN_11108590	48
111085d0	FUN_111085d0	48
11108610	FUN_11108610	18
11108630	FUN_11108630	48
11108b00	FUN_11108b00	118
11108ba0	FUN_11108ba0	118
11108d90	FUN_11108d90	15
11108db0	FUN_11108db0	15
11108dd0	FUN_11108dd0	7
11108de0	FUN_11108de0	5
11108df0	FUN_11108df0	5
11108e00	FUN_11108e00	7
11108e10	FUN_11108e10	7
11108e20	FUN_11108e20	5
11108e60	FUN_11108e60	3
11108f90	FUN_11108f90	5
11108fa0	FUN_11108fa0	5
11109180	FUN_11109180	5
11109190	FUN_11109190	5
111091a0	FUN_111091a0	5
111091b0	FUN_111091b0	5
111091c0	FUN_111091c0	5
111091d0	FUN_111091d0	5
111091e0	FUN_111091e0	5
111091f0	FUN_111091f0	5
11109200	FUN_11109200	17
11109220	FUN_11109220	20
11109240	FUN_11109240	13
11109250	FUN_11109250	29
11109280	FUN_11109280	37
111092b0	FUN_111092b0	37
111092e0	FUN_111092e0	37
11109310	FUN_11109310	3
111093a0	FUN_111093a0	26
111093c0	FUN_111093c0	86
11109430	FUN_11109430	86
111094a0	FUN_111094a0	36
11109530	FUN_11109530	15
11109550	FUN_11109550	15
11109570	FUN_11109570	5
11109580	FUN_11109580	5
11109590	FUN_11109590	5
111095a0	FUN_111095a0	5
111095b0	FUN_111095b0	5
111095c0	FUN_111095c0	5
111095d0	FUN_111095d0	5
111095e0	FUN_111095e0	6
111095f0	FUN_111095f0	6
11109600	FUN_11109600	6
11109610	FUN_11109610	6
11109620	FUN_11109620	6
11109630	FUN_11109630	6
11109640	FUN_11109640	6
11109650	FUN_11109650	6
11109660	FUN_11109660	6
11109670	FUN_11109670	5
11109680	FUN_11109680	15
111098e0	FUN_111098e0	49
11109920	FUN_11109920	10
11109970	FUN_11109970	18
111099d0	FUN_111099d0	11
111099e0	FUN_111099e0	11
11109a70	FUN_11109a70	11
11109a80	FUN_11109a80	11
11109a90	FUN_11109a90	16
11109ab0	FUN_11109ab0	21
11109ad0	FUN_11109ad0	11
11109ae0	FUN_11109ae0	23
11109b00	FUN_11109b00	23
11109b20	FUN_11109b20	23
11109b40	FUN_11109b40	3
11109b50	FUN_11109b50	3
11109b60	FUN_11109b60	3
11109b70	FUN_11109b70	3
11109bd0	FUN_11109bd0	23
11109bf0	FUN_11109bf0	23
11109c10	FUN_11109c10	23
1110b360	FUN_1110b360	19
1110b380	FUN_1110b380	19
1110bb50	FUN_1110bb50	31
1110bc20	FUN_1110bc20	31
1110bc60	FUN_1110bc60	14
1110bc80	FUN_1110bc80	14
1110bca0	FUN_1110bca0	14
1110bcc0	FUN_1110bcc0	14
1110bce0	FUN_1110bce0	14
1110c4f0	FUN_1110c4f0	14
1110c510	FUN_1110c510	14
1110c530	FUN_1110c530	14
1110c550	FUN_1110c550	14
1110c570	FUN_1110c570	14
1110c590	FUN_1110c590	17
1110c5b0	FUN_1110c5b0	17
1110c6c0	FUN_1110c6c0	12
1110c6d0	FUN_1110c6d0	12
1110c6e0	FUN_1110c6e0	3
1110c6f0	FUN_1110c6f0	4
1110c700	FUN_1110c700	4
1110c710	FUN_1110c710	4
1110c720	FUN_1110c720	4
1110c730	FUN_1110c730	4
1110c740	FUN_1110c740	4
1110c750	FUN_1110c750	4
1110c760	FUN_1110c760	4
1110c770	FUN_1110c770	4
1110c780	FUN_1110c780	4
1110c790	FUN_1110c790	4
1110c7a0	FUN_1110c7a0	4
1110c7b0	FUN_1110c7b0	3
1110c7c0	FUN_1110c7c0	6
1110c7d0	FUN_1110c7d0	6
1110c7e0	FUN_1110c7e0	3
1110c8c0	FUN_1110c8c0	6
1110d6c0	FUN_1110d6c0	44
1110d9f0	FUN_1110d9f0	49
1110da30	FUN_1110da30	49
1110dcc0	FUN_1110dcc0	3
1110dcd0	FUN_1110dcd0	21
1110dcf0	FUN_1110dcf0	3
1110dd00	FUN_1110dd00	3
1110e5f0	FUN_1110e5f0	3
1110e600	FUN_1110e600	3
1110e610	FUN_1110e610	3
1110e620	FUN_1110e620	3
1110e630	FUN_1110e630	3
1110e640	FUN_1110e640	3
1110e650	FUN_1110e650	3
1110e660	FUN_1110e660	3
1110e670	FUN_1110e670	3
1110e680	FUN_1110e680	3
1110e690	FUN_1110e690	3
1110e6a0	FUN_1110e6a0	3
1110e6b0	FUN_1110e6b0	3
1110e6c0	FUN_1110e6c0	3
1110e6d0	FUN_1110e6d0	3
1110e6e0	FUN_1110e6e0	3
1110e6f0	FUN_1110e6f0	3
1110e700	FUN_1110e700	3
1110ea10	FUN_1110ea10	30
1110ea70	FUN_1110ea70	3
1110ea80	FUN_1110ea80	3
1110ea90	FUN_1110ea90	3
1110eaa0	FUN_1110eaa0	11
1110eab0	FUN_1110eab0	6
1110ef20	FUN_1110ef20	13
1110ef30	FUN_1110ef30	13
1110f0f0	FUN_1110f0f0	14
1110f160	FUN_1110f160	13
1110f170	FUN_1110f170	13
1110f180	FUN_1110f180	11
1110f4d0	FUN_1110f4d0	9
1110f4e0	FUN_1110f4e0	9
1110f7e0	FUN_1110f7e0	69
1110fc70	FUN_1110fc70	69
1110ff90	FUN_1110ff90	11
1110ffa0	FUN_1110ffa0	11
1110ffb0	FUN_1110ffb0	12
11110b80	FUN_11110b80	3
11111560	FUN_11111560	4
11111630	FUN_11111630	27
11111bf0	FUN_11111bf0	7
11111c20	FUN_11111c20	7
11111c30	FUN_11111c30	7
11111c40	FUN_11111c40	7
11111c50	FUN_11111c50	7
11111c60	FUN_11111c60	7
11111c70	FUN_11111c70	7
11111c80	FUN_11111c80	7
11111c90	FUN_11111c90	7
111122a0	FUN_111122a0	71
11112320	FUN_11112320	7
11112350	FUN_11112350	24
11113820	FUN_11113820	108
11113bf0	FUN_11113bf0	8
11114970	FUN_11114970	10
111155a0	FUN_111155a0	11
111158a0	FUN_111158a0	55
111158f0	FUN_111158f0	7
11115900	FUN_11115900	8
11115910	FUN_11115910	7
111161d0	FUN_111161d0	33
11116200	FUN_11116200	6
11116210	FUN_11116210	6
11116220	FUN_11116220	6
11116230	FUN_11116230	6
11116240	FUN_11116240	6
11116250	FUN_11116250	6
11116a70	FUN_11116a70	88
11117520	FUN_11117520	81
11117620	FUN_11117620	80
111178e0	FUN_111178e0	24
11117900	FUN_11117900	5
11119130	FUN_11119130	5
11119140	FUN_11119140	36
11119500	FUN_11119500	100
1111b160	FUN_1111b160	70
1111b240	FUN_1111b240	21
1111b4e0	FUN_1111b4e0	13
1111b4f0	FUN_1111b4f0	10
1111c160	FUN_1111c160	21
1111c180	FUN_1111c180	21
1111c3c0	FUN_1111c3c0	63
1111c410	FUN_1111c410	21
1111c670	FUN_1111c670	13
1111c6d0	FUN_1111c6d0	9
1111c6e0	FUN_1111c6e0	19
1111c7a0	FUN_1111c7a0	8
1111c8d0	FUN_1111c8d0	69
1111d1d0	FUN_1111d1d0	11
1111d1e0	FUN_1111d1e0	9
1111d220	FUN_1111d220	5
1111d230	FUN_1111d230	15
1111d250	FUN_1111d250	15
1111d270	FUN_1111d270	5
1111d3c0	FUN_1111d3c0	23
1111d6d0	FUN_1111d6d0	3
1111d830	FUN_1111d830	3
1111d850	FUN_1111d850	40
1111d960	FUN_1111d960	16
1111d980	FUN_1111d980	9
1111d990	FUN_1111d990	29
1111d9d0	FUN_1111d9d0	25
1111d9f0	FUN_1111d9f0	22
1111da10	FUN_1111da10	85
1111da80	FUN_1111da80	11
1111da90	FUN_1111da90	11
1111db80	FUN_1111db80	18
1111dba0	FUN_1111dba0	25
1111dbc0	FUN_1111dbc0	25
1111dbe0	FUN_1111dbe0	13
1111dbf0	FUN_1111dbf0	22
1111dc10	FUN_1111dc10	5
1111dc20	FUN_1111dc20	5
1111dc30	FUN_1111dc30	11
1111dc40	FUN_1111dc40	13
1111dc50	FUN_1111dc50	87
1111dcc0	FUN_1111dcc0	19
1111dce0	FUN_1111dce0	40
1111dd20	FUN_1111dd20	3
1111dd30	FUN_1111dd30	3
1111dd40	FUN_1111dd40	13
1111dd50	FUN_1111dd50	13
1111dd60	FUN_1111dd60	13
1111dda0	FUN_1111dda0	3
1111ddb0	FUN_1111ddb0	3
1111ddc0	FUN_1111ddc0	3
1111ddd0	FUN_1111ddd0	18
1111ddf0	FUN_1111ddf0	18
1111e060	FUN_1111e060	30
1111e090	FUN_1111e090	30
1111e0c0	FUN_1111e0c0	51
1111e100	FUN_1111e100	15
1111e120	FUN_1111e120	26
1111e140	FUN_1111e140	7
1111e150	FUN_1111e150	7
1111e160	FUN_1111e160	7
1111e170	FUN_1111e170	7
1111e180	FUN_1111e180	5
1111e1c0	FUN_1111e1c0	3
1111e1d0	FUN_1111e1d0	5
1111e1e0	FUN_1111e1e0	13
1111e1f0	FUN_1111e1f0	19
1111e4c0	FUN_1111e4c0	7
1111e4d0	FUN_1111e4d0	5
1111e510	FUN_1111e510	5
1111e520	FUN_1111e520	5
1111e530	FUN_1111e530	5
1111e540	FUN_1111e540	5
1111e550	FUN_1111e550	5
1111e560	FUN_1111e560	5
1111e570	FUN_1111e570	5
1111e580	FUN_1111e580	5
1111e590	FUN_1111e590	5
1111e5a0	FUN_1111e5a0	13
1111e5b0	FUN_1111e5b0	79
1111e620	FUN_1111e620	3
1111e640	FUN_1111e640	36
1111e670	FUN_1111e670	131
1111e720	FUN_1111e720	15
1111e7f0	FUN_1111e7f0	5
1111e800	FUN_1111e800	5
1111e810	FUN_1111e810	5
1111e820	FUN_1111e820	5
1111e830	FUN_1111e830	5
1111e840	FUN_1111e840	5
1111e850	FUN_1111e850	5
1111e860	FUN_1111e860	5
1111e870	FUN_1111e870	5
1111e880	FUN_1111e880	11
1111e890	FUN_1111e890	6
1111e8a0	FUN_1111e8a0	6
1111e8b0	FUN_1111e8b0	5
1111e8c0	FUN_1111e8c0	5
1111e8d0	FUN_1111e8d0	5
1111e8e0	FUN_1111e8e0	19
1111ea60	FUN_1111ea60	18
1111eb50	FUN_1111eb50	11
1111eb60	FUN_1111eb60	9
1111eb70	FUN_1111eb70	11
1111eb80	FUN_1111eb80	9
1111eb90	FUN_1111eb90	11
1111eba0	FUN_1111eba0	9
1111ebb0	FUN_1111ebb0	11
1111ebc0	FUN_1111ebc0	16
1111ebe0	FUN_1111ebe0	9
1111ebf0	FUN_1111ebf0	13
1111ec00	FUN_1111ec00	14
1111ec20	FUN_1111ec20	11
1111ec30	FUN_1111ec30	9
1111ec40	FUN_1111ec40	11
1111ec50	FUN_1111ec50	9
1111ec60	FUN_1111ec60	23
1111ec80	FUN_1111ec80	23
1111eca0	FUN_1111eca0	3
1111ecb0	FUN_1111ecb0	3
1111ecf0	FUN_1111ecf0	13
1111edd0	FUN_1111edd0	23
1111f230	FUN_1111f230	39
1111f260	FUN_1111f260	53
1111f2b0	FUN_1111f2b0	15
1111f2d0	FUN_1111f2d0	11
1111f440	FUN_1111f440	3
1111fb20	FUN_1111fb20	45
1111fb60	FUN_1111fb60	14
1111fb80	FUN_1111fb80	14
1111fba0	FUN_1111fba0	14
1111fc20	FUN_1111fc20	14
1111fc40	FUN_1111fc40	14
1111fc60	FUN_1111fc60	14
1111fcb0	FUN_1111fcb0	4
1111fcc0	FUN_1111fcc0	4
1111fcd0	FUN_1111fcd0	6
1111fce0	FUN_1111fce0	6
1111fcf0	FUN_1111fcf0	6
1111fd00	FUN_1111fd00	6
1111fd10	FUN_1111fd10	6
1111fd20	FUN_1111fd20	3
1111fd30	FUN_1111fd30	3
1111fd40	FUN_1111fd40	9
1111fd70	FUN_1111fd70	9
1111fd80	FUN_1111fd80	9
1111fd90	FUN_1111fd90	6
1111fda0	FUN_1111fda0	6
1111fdb0	FUN_1111fdb0	10
1111fdc0	FUN_1111fdc0	19
1111fde0	FUN_1111fde0	40
11120400	FUN_11120400	49
11120530	FUN_11120530	3
111205f0	FUN_111205f0	3
11120600	FUN_11120600	54
11120890	FUN_11120890	3
111208a0	FUN_111208a0	3
111208b0	FUN_111208b0	3
111208c0	FUN_111208c0	3
111208d0	FUN_111208d0	3
111208e0	FUN_111208e0	3
111208f0	FUN_111208f0	3
11120900	FUN_11120900	3
11120910	FUN_11120910	3
11120920	FUN_11120920	3
11120930	FUN_11120930	3
11120940	FUN_11120940	3
11120950	FUN_11120950	3
11120960	FUN_11120960	3
111209f0	FUN_111209f0	13
11120a00	FUN_11120a00	3
11120a10	FUN_11120a10	3
11120a90	FUN_11120a90	3
11120aa0	FUN_11120aa0	3
11120ab0	FUN_11120ab0	3
11120b70	FUN_11120b70	11
11120b80	FUN_11120b80	6
11120b90	FUN_11120b90	9
11120ba0	FUN_11120ba0	45
11120db0	FUN_11120db0	14
11120dd0	FUN_11120dd0	13
11120de0	FUN_11120de0	12
11120df0	FUN_11120df0	11
11120e90	FUN_11120e90	48
11120ed0	FUN_11120ed0	43
11120f10	FUN_11120f10	3
111216a0	FUN_111216a0	14
111216c0	FUN_111216c0	13
111216d0	FUN_111216d0	11
111216e0	FUN_111216e0	30
11121710	FUN_11121710	4
11121f70	FUN_11121f70	9
11121fb0	FUN_11121fb0	108
111223c0	FUN_111223c0	19
11122490	FUN_11122490	8
111224a0	FUN_111224a0	8
111224b0	FUN_111224b0	12
111224c0	FUN_111224c0	11
111224d0	FUN_111224d0	12
11122510	FUN_11122510	42
111228b0	FUN_111228b0	14
111228d0	FUN_111228d0	40
11122f70	FUN_11122f70	7
111232d0	FUN_111232d0	7
11123f50	FUN_11123f50	6
11123f60	FUN_11123f60	6
11123f70	FUN_11123f70	6
11123f80	FUN_11123f80	6
11123f90	FUN_11123f90	6
11123fa0	FUN_11123fa0	6
11124610	FUN_11124610	5
11124620	FUN_11124620	36
11124650	FUN_11124650	4
11124720	FUN_11124720	24
11124740	FUN_11124740	24
111248f0	FUN_111248f0	4
11124900	FUN_11124900	9
11125c10	FUN_11125c10	18
11125d00	FUN_11125d00	49
11125e30	FUN_11125e30	25
11125e50	FUN_11125e50	3
111260f0	FUN_111260f0	48
11126130	FUN_11126130	48
11126170	FUN_11126170	48
111263b0	FUN_111263b0	7
111263c0	FUN_111263c0	7
111263d0	FUN_111263d0	98
11126450	FUN_11126450	3
11126460	FUN_11126460	24
11126480	FUN_11126480	5
11126630	FUN_11126630	5
11126640	FUN_11126640	5
11126650	FUN_11126650	18
11126670	FUN_11126670	20
11126690	FUN_11126690	37
111266c0	FUN_111266c0	37
11126770	FUN_11126770	12
111267e0	FUN_111267e0	5
111267f0	FUN_111267f0	5
11126810	FUN_11126810	5
11126820	FUN_11126820	12
11126830	FUN_11126830	49
111268e0	FUN_111268e0	14
11126900	FUN_11126900	10
11126910	FUN_11126910	14
11126930	FUN_11126930	21
11126950	FUN_11126950	11
11126960	FUN_11126960	11
11126970	FUN_11126970	23
11126990	FUN_11126990	3
111269a0	FUN_111269a0	23
11126a70	FUN_11126a70	6
11127010	FUN_11127010	71
11127070	FUN_11127070	31
111270a0	FUN_111270a0	14
111270c0	FUN_111270c0	14
111270e0	FUN_111270e0	12
111270f0	FUN_111270f0	3
11127100	FUN_11127100	3
11127110	FUN_11127110	3
11127120	FUN_11127120	7
11127130	FUN_11127130	3
11127140	FUN_11127140	3
11127150	FUN_11127150	3
11127160	FUN_11127160	3
11127170	FUN_11127170	6
11127180	FUN_11127180	6
111274c0	FUN_111274c0	30
111274f0	FUN_111274f0	49
111276b0	FUN_111276b0	3
111276c0	FUN_111276c0	21
11127700	FUN_11127700	3
11127710	FUN_11127710	3
11127720	FUN_11127720	3
11127730	FUN_11127730	3
11127740	FUN_11127740	3
11127750	FUN_11127750	6
111278b0	FUN_111278b0	24
111278d0	FUN_111278d0	24
11127a30	FUN_11127a30	16
11127c80	FUN_11127c80	11
11127c90	FUN_11127c90	9
11128140	FUN_11128140	12
111287a0	FUN_111287a0	3
11128920	FUN_11128920	4
11128fc0	FUN_11128fc0	7
11128fd0	FUN_11128fd0	7
11128fe0	FUN_11128fe0	7
11129030	FUN_11129030	6
11129040	FUN_11129040	6
111295f0	FUN_111295f0	7
1112a200	FUN_1112a200	47
1112a560	FUN_1112a560	13
1112a570	FUN_1112a570	10
1112a580	FUN_1112a580	9
1112ad30	FUN_1112ad30	25
1112ad80	FUN_1112ad80	3
1112ad90	FUN_1112ad90	18
1112af60	FUN_1112af60	7
1112af70	FUN_1112af70	5
1112afb0	FUN_1112afb0	13
1112afc0	FUN_1112afc0	3
1112afd0	FUN_1112afd0	36
1112b000	FUN_1112b000	5
1112b010	FUN_1112b010	10
1112b020	FUN_1112b020	23
1112b040	FUN_1112b040	3
1112b050	FUN_1112b050	23
1112b4d0	FUN_1112b4d0	12
1112b4e0	FUN_1112b4e0	3
1112b7a0	FUN_1112b7a0	21
1112b7c0	FUN_1112b7c0	49
1112b870	FUN_1112b870	3
1112b880	FUN_1112b880	3
1112b890	FUN_1112b890	3
1112b8a0	FUN_1112b8a0	3
1112b8b0	FUN_1112b8b0	3
1112b8c0	FUN_1112b8c0	3
1112bc10	FUN_1112bc10	9
1112be00	FUN_1112be00	20
1112c020	FUN_1112c020	7
1112c030	FUN_1112c030	7
1112c040	FUN_1112c040	6
1112c050	FUN_1112c050	6
1112c170	FUN_1112c170	5
1112c250	FUN_1112c250	36
1112c300	FUN_1112c300	5
1112c330	FUN_1112c330	5
1112c340	FUN_1112c340	8
1112c420	FUN_1112c420	62
1112c4d0	FUN_1112c4d0	9
1112c540	FUN_1112c540	19
1112c560	FUN_1112c560	13
1112c570	FUN_1112c570	15
1112c590	FUN_1112c590	5
1112c5a0	FUN_1112c5a0	5
1112c5b0	FUN_1112c5b0	6
1112c5c0	FUN_1112c5c0	6
1112c5d0	FUN_1112c5d0	6
1112d620	FUN_1112d620	4
1112d630	FUN_1112d630	4
1112d640	FUN_1112d640	4
1112d650	FUN_1112d650	23
1112e720	FUN_1112e720	3
1112ef40	FUN_1112ef40	14
1112ef60	FUN_1112ef60	3
1112f2e0	FUN_1112f2e0	3
1112fd80	FUN_1112fd80	3
1112fd90	FUN_1112fd90	5
1112fda0	FUN_1112fda0	5
1112fdb0	FUN_1112fdb0	5
1112fdc0	FUN_1112fdc0	5
1112fdd0	FUN_1112fdd0	5
1112fde0	FUN_1112fde0	5
111301f0	FUN_111301f0	13
11130200	FUN_11130200	9
11130210	FUN_11130210	53
11131540	FUN_11131540	25
11131560	FUN_11131560	25
11131600	FUN_11131600	58
11131650	FUN_11131650	27
11131920	FUN_11131920	7
11131960	FUN_11131960	5
11131ab0	FUN_11131ab0	47
11131b60	FUN_11131b60	42
11131ba0	FUN_11131ba0	5
11131bb0	FUN_11131bb0	5
11131bc0	FUN_11131bc0	5
11131bd0	FUN_11131bd0	21
11131bf0	FUN_11131bf0	23
11131c10	FUN_11131c10	3
11131ca0	FUN_11131ca0	23
11132080	FUN_11132080	17
111323f0	FUN_111323f0	15
11132410	FUN_11132410	15
111327e0	FUN_111327e0	30
11132810	FUN_11132810	62
11132930	FUN_11132930	3
11132940	FUN_11132940	3
11132950	FUN_11132950	3
11132960	FUN_11132960	3
11132970	FUN_11132970	3
11132980	FUN_11132980	6
11132a30	FUN_11132a30	24
11132a50	FUN_11132a50	24
11132a70	FUN_11132a70	24
11132b20	FUN_11132b20	22
11132b90	FUN_11132b90	4
11132c00	FUN_11132c00	4
11133ce0	FUN_11133ce0	6
11133cf0	FUN_11133cf0	6
11133d10	FUN_11133d10	42
111342e0	FUN_111342e0	5
111342f0	FUN_111342f0	22
111354a0	FUN_111354a0	17
11136220	FUN_11136220	14
11136240	FUN_11136240	4
11136250	FUN_11136250	4
111365b0	FUN_111365b0	13
111365c0	FUN_111365c0	3
11136860	FUN_11136860	7
11136ae0	FUN_11136ae0	7
111370e0	FUN_111370e0	24
11137100	FUN_11137100	24
11139620	FUN_11139620	4
11139630	FUN_11139630	4
1113a550	FUN_1113a550	7
1113a560	FUN_1113a560	4
1113a880	FUN_1113a880	39
1113b530	FUN_1113b530	11
1113bae0	FUN_1113bae0	18
1113beb0	FUN_1113beb0	11
1113bf30	FUN_1113bf30	33
1113bf60	FUN_1113bf60	6
1113bf70	FUN_1113bf70	6
1113c360	FUN_1113c360	8
1113c440	FUN_1113c440	33
1113cfa0	FUN_1113cfa0	24
1113cfc0	FUN_1113cfc0	6
1113cfd0	FUN_1113cfd0	6
1113cfe0	FUN_1113cfe0	6
1113d140	FUN_1113d140	49
1113d210	FUN_1113d210	22
1113da40	FUN_1113da40	17
1113da70	FUN_1113da70	3
1113dbd0	FUN_1113dbd0	4
1113e410	FUN_1113e410	49
1113e540	FUN_1113e540	8
1113e550	FUN_1113e550	6
1113f0a0	FUN_1113f0a0	17
1113f0c0	FUN_1113f0c0	24
1113f550	FUN_1113f550	11
11140ac0	FUN_11140ac0	111
11142870	FUN_11142870	4
11142880	FUN_11142880	4
11142890	FUN_11142890	4
111428a0	FUN_111428a0	4
111428b0	FUN_111428b0	4
111428c0	FUN_111428c0	4
111428d0	FUN_111428d0	4
11143720	FUN_11143720	7
11143730	FUN_11143730	7
11143740	FUN_11143740	7
11143750	FUN_11143750	7
11143760	FUN_11143760	7
11143770	FUN_11143770	7
11143780	FUN_11143780	7
11143790	FUN_11143790	7
111437a0	FUN_111437a0	7
11147d80	FUN_11147d80	13
11147f90	FUN_11147f90	25
11147fe0	FUN_11147fe0	3
11148010	FUN_11148010	7
11148020	FUN_11148020	5
11148080	FUN_11148080	23
111480a0	FUN_111480a0	3
111480b0	FUN_111480b0	23
11148400	FUN_11148400	13
11148f60	FUN_11148f60	3
11148f70	FUN_11148f70	3
11148f80	FUN_11148f80	3
11148f90	FUN_11148f90	3
11148fa0	FUN_11148fa0	3
111495d0	FUN_111495d0	23
111495f0	FUN_111495f0	6
11149c70	FUN_11149c70	107
11149d00	FUN_11149d00	93
1114a1d0	FUN_1114a1d0	11
1114a1f0	FUN_1114a1f0	6
1114a200	FUN_1114a200	6
1114a820	FUN_1114a820	25
1114a870	FUN_1114a870	3
1114a880	FUN_1114a880	18
1114aa50	FUN_1114aa50	7
1114aa60	FUN_1114aa60	5
1114aaa0	FUN_1114aaa0	13
1114aab0	FUN_1114aab0	36
1114aae0	FUN_1114aae0	5
1114aaf0	FUN_1114aaf0	6
1114ab00	FUN_1114ab00	5
1114ab10	FUN_1114ab10	23
1114ab30	FUN_1114ab30	3
1114ab40	FUN_1114ab40	23
1114ae00	FUN_1114ae00	29
1114b030	FUN_1114b030	3
1114b390	FUN_1114b390	49
1114b440	FUN_1114b440	3
1114b450	FUN_1114b450	3
1114b460	FUN_1114b460	3
1114b470	FUN_1114b470	3
1114b480	FUN_1114b480	3
1114b490	FUN_1114b490	3
1114b5a0	FUN_1114b5a0	3
1114b5b0	FUN_1114b5b0	4
1114b650	FUN_1114b650	9
1114b660	FUN_1114b660	6
1114b9b0	FUN_1114b9b0	4
1114b9c0	FUN_1114b9c0	7
1114ba20	FUN_1114ba20	7
1114be60	FUN_1114be60	6
1114be70	FUN_1114be70	6
1114c740	FUN_1114c740	36
1114d500	FUN_1114d500	19
1114d520	FUN_1114d520	9
1114d7a0	FUN_1114d7a0	42
1114d7e0	FUN_1114d7e0	43
1114de20	FUN_1114de20	4
1114de40	FUN_1114de40	7
1114de50	FUN_1114de50	13
1114de60	FUN_1114de60	7
1114de70	FUN_1114de70	4
1114df00	FUN_1114df00	9
1114eda0	FUN_1114eda0	12
1114edb0	FUN_1114edb0	6
11150130	FUN_11150130	4
111504b0	FUN_111504b0	4
111504c0	FUN_111504c0	7
11150780	FUN_11150780	4
11150b80	FUN_11150b80	7
11150b90	FUN_11150b90	4
11150e10	FUN_11150e10	9
11150e20	FUN_11150e20	65
11151990	FUN_11151990	68
111519f0	FUN_111519f0	68
11151a50	FUN_11151a50	68
11151c60	FUN_11151c60	79
11151cd0	FUN_11151cd0	117
11152210	FUN_11152210	32
11152300	FUN_11152300	15
11152370	FUN_11152370	10
111532e0	FUN_111532e0	4
11153ff0	FUN_11153ff0	8
11154000	FUN_11154000	8
11154010	FUN_11154010	7
11154020	FUN_11154020	8
11154030	FUN_11154030	8
11157c80	FUN_11157c80	24
11157ca0	FUN_11157ca0	24
111583f0	FUN_111583f0	30
11158579	FUN_11158579	5
11158950	FUN_11158950	25
111589a0	FUN_111589a0	3
111589b0	FUN_111589b0	18
111589d0	FUN_111589d0	18
11158c10	FUN_11158c10	7
11158c20	FUN_11158c20	5
11158c60	FUN_11158c60	5
11158c70	FUN_11158c70	13
11158c80	FUN_11158c80	13
11158cf0	FUN_11158cf0	5
11158d00	FUN_11158d00	5
11158d10	FUN_11158d10	5
11158d20	FUN_11158d20	11
11158d30	FUN_11158d30	11
11158d40	FUN_11158d40	23
11158d60	FUN_11158d60	3
11158d70	FUN_11158d70	23
11159620	FUN_11159620	14
11159640	FUN_11159640	14
11159660	FUN_11159660	12
11159670	FUN_11159670	3
11159680	FUN_11159680	3
11159690	FUN_11159690	6
111596a0	FUN_111596a0	16
11159a90	FUN_11159a90	49
11159b40	FUN_11159b40	3
11159b50	FUN_11159b50	3
11159b60	FUN_11159b60	3
11159b70	FUN_11159b70	3
11159b80	FUN_11159b80	3
11159b90	FUN_11159b90	3
11159ba0	FUN_11159ba0	3
11159d60	FUN_11159d60	11
11159de0	FUN_11159de0	9
11159e30	FUN_11159e30	6
1115b2d0	FUN_1115b2d0	12
1115b2e0	FUN_1115b2e0	10
1115b300	FUN_1115b300	4
1115b310	FUN_1115b310	30
1115b4b0	FUN_1115b4b0	6
1115b4c0	FUN_1115b4c0	6
1115bb00	FUN_1115bb00	3
1115bf80	FUN_1115bf80	9
1115cb70	FUN_1115cb70	74
1115cf10	FUN_1115cf10	25
1115d080	FUN_1115d080	14
1115d0a0	FUN_1115d0a0	48
1115d0e0	FUN_1115d0e0	48
1115d120	FUN_1115d120	48
1115d310	FUN_1115d310	7
1115d320	FUN_1115d320	98
1115d5b0	FUN_1115d5b0	5
1115d800	FUN_1115d800	5
1115d810	FUN_1115d810	11
1115d820	FUN_1115d820	37
1115d850	FUN_1115d850	37
1115d880	FUN_1115d880	37
1115d990	FUN_1115d990	5
1115d9a0	FUN_1115d9a0	5
1115d9b0	FUN_1115d9b0	5
1115d9c0	FUN_1115d9c0	5
1115d9d0	FUN_1115d9d0	49
1115da10	FUN_1115da10	14
1115da30	FUN_1115da30	21
1115da50	FUN_1115da50	11
1115da60	FUN_1115da60	11
1115da70	FUN_1115da70	23
1115da90	FUN_1115da90	3
1115db60	FUN_1115db60	23
1115e300	FUN_1115e300	71
1115e360	FUN_1115e360	12
1115e370	FUN_1115e370	3
1115e380	FUN_1115e380	3
1115e390	FUN_1115e390	18
1115e3b0	FUN_1115e3b0	14
1115e3d0	FUN_1115e3d0	14
1115e6a0	FUN_1115e6a0	49
1115e790	FUN_1115e790	3
1115e7a0	FUN_1115e7a0	3
1115e7c0	FUN_1115e7c0	3
1115e7d0	FUN_1115e7d0	3
1115e7e0	FUN_1115e7e0	6
1115eb50	FUN_1115eb50	3
1115ec20	FUN_1115ec20	11
1115ed10	FUN_1115ed10	9
1115f300	FUN_1115f300	19
1115f320	FUN_1115f320	12
1115f550	FUN_1115f550	4
1115f560	FUN_1115f560	4
1115fe90	FUN_1115fe90	10
1115fea0	FUN_1115fea0	10
1115feb0	FUN_1115feb0	10
1115fec0	FUN_1115fec0	10
1115fed0	FUN_1115fed0	8
1115fee0	FUN_1115fee0	28
1115ff10	FUN_1115ff10	18
1115ff30	FUN_1115ff30	35
1115ff60	FUN_1115ff60	8
1115ff70	FUN_1115ff70	8
1115ffb0	FUN_1115ffb0	8
1115ffc0	FUN_1115ffc0	8
11160000	FUN_11160000	24
11160020	FUN_11160020	36
111600f0	FUN_111600f0	6
11160100	FUN_11160100	6
111616d0	FUN_111616d0	130
11161d70	FUN_11161d70	9
11161d80	FUN_11161d80	7
111626e0	FUN_111626e0	30
11162710	FUN_11162710	27
11162bf0	FUN_11162bf0	3
11162de0	FUN_11162de0	3
11162df0	FUN_11162df0	3
11162e00	FUN_11162e00	4
11162e10	FUN_11162e10	4
11162ed0	FUN_11162ed0	8
11163120	FUN_11163120	7
11163130	FUN_11163130	7
11163140	FUN_11163140	18
11163160	FUN_11163160	14
11163180	FUN_11163180	7
111631b0	FUN_111631b0	7
11163e30	FUN_11163e30	25
11163eb0	FUN_11163eb0	24
11164010	FUN_11164010	49
11165f40	FUN_11165f40	4
111662c0	FUN_111662c0	4
11166340	FUN_11166340	7
11166350	FUN_11166350	7
11166380	FUN_11166380	4
111663b0	FUN_111663b0	4
111663c0	FUN_111663c0	4
11166e30	FUN_11166e30	21
11167240	FUN_11167240	7
11168140	FUN_11168140	7
11169400	FUN_11169400	8
11169410	FUN_11169410	8
11169420	FUN_11169420	8
11169450	FUN_11169450	13
11169460	FUN_11169460	39
11169490	FUN_11169490	42
111694d0	FUN_111694d0	52
11169520	FUN_11169520	52
11169570	FUN_11169570	24
11169590	FUN_11169590	24
111695b0	FUN_111695b0	42
111695f0	FUN_111695f0	42
11169630	FUN_11169630	9
11169640	FUN_11169640	13
11169650	FUN_11169650	7
111697d0	FUN_111697d0	7
111699d0	FUN_111699d0	54
11169a20	FUN_11169a20	22
11169af0	FUN_11169af0	18
11169b10	FUN_11169b10	25
11169b30	FUN_11169b30	25
11169b50	FUN_11169b50	22
11169b70	FUN_11169b70	5
11169b80	FUN_11169b80	5
11169b90	FUN_11169b90	56
11169be0	FUN_11169be0	3
11169bf0	FUN_11169bf0	13
11169c00	FUN_11169c00	13
11169c10	FUN_11169c10	13
11169c20	FUN_11169c20	3
11169c30	FUN_11169c30	3
11169c40	FUN_11169c40	18
11169e50	FUN_11169e50	15
11169f20	FUN_11169f20	7
11169f30	FUN_11169f30	5
1116a1c0	FUN_1116a1c0	5
1116a1d0	FUN_1116a1d0	5
1116a1e0	FUN_1116a1e0	5
1116a1f0	FUN_1116a1f0	5
1116a200	FUN_1116a200	5
1116a210	FUN_1116a210	5
1116a220	FUN_1116a220	5
1116a230	FUN_1116a230	48
1116a450	FUN_1116a450	15
1116a550	FUN_1116a550	5
1116a560	FUN_1116a560	5
1116a570	FUN_1116a570	5
1116a580	FUN_1116a580	5
1116a590	FUN_1116a590	5
1116a700	FUN_1116a700	18
1116a7f0	FUN_1116a7f0	11
1116a800	FUN_1116a800	9
1116a810	FUN_1116a810	11
1116a820	FUN_1116a820	9
1116a830	FUN_1116a830	11
1116a840	FUN_1116a840	9
1116a850	FUN_1116a850	11
1116a860	FUN_1116a860	16
1116a880	FUN_1116a880	13
1116a890	FUN_1116a890	14
1116a8b0	FUN_1116a8b0	23
1116a8d0	FUN_1116a8d0	3
1116ae50	FUN_1116ae50	11
1116b060	FUN_1116b060	3
1116b540	FUN_1116b540	14
1116b560	FUN_1116b560	14
1116b580	FUN_1116b580	14
1116b5a0	FUN_1116b5a0	14
1116b5f0	FUN_1116b5f0	6
1116b600	FUN_1116b600	6
1116b610	FUN_1116b610	6
1116b620	FUN_1116b620	6
1116b630	FUN_1116b630	6
1116b640	FUN_1116b640	9
1116b650	FUN_1116b650	9
1116b660	FUN_1116b660	10
1116bcc0	FUN_1116bcc0	54
1116bfd0	FUN_1116bfd0	3
1116bfe0	FUN_1116bfe0	3
1116bff0	FUN_1116bff0	3
1116c000	FUN_1116c000	3
1116c010	FUN_1116c010	3
1116c020	FUN_1116c020	3
1116c0b0	FUN_1116c0b0	13
1116c0c0	FUN_1116c0c0	3
1116c0d0	FUN_1116c0d0	3
1116c150	FUN_1116c150	3
1116c160	FUN_1116c160	3
1116c220	FUN_1116c220	11
1116c230	FUN_1116c230	6
1116c2d0	FUN_1116c2d0	14
1116c2f0	FUN_1116c2f0	13
1116c300	FUN_1116c300	12
1116c310	FUN_1116c310	11
1116c520	FUN_1116c520	43
1116c640	FUN_1116c640	14
1116c660	FUN_1116c660	13
1116c6a0	FUN_1116c6a0	4
1116c770	FUN_1116c770	68
1116c8f0	FUN_1116c8f0	12
1116c900	FUN_1116c900	11
1116c920	FUN_1116c920	4
1116d4e0	FUN_1116d4e0	6
1116d4f0	FUN_1116d4f0	6
1116d500	FUN_1116d500	6
1116d510	FUN_1116d510	6
1116d5c0	FUN_1116d5c0	5
1116e290	FUN_1116e290	24
1116e2b0	FUN_1116e2b0	24
1116e340	FUN_1116e340	9
1116eaa0	FUN_1116eaa0	13
1116f100	FUN_1116f100	10
1116f110	FUN_1116f110	10
1116f2c0	FUN_1116f2c0	6
1116f610	FUN_1116f610	4
1116fa20	FUN_1116fa20	51
1116fa60	FUN_1116fa60	25
1116fa80	FUN_1116fa80	22
1116fc00	FUN_1116fc00	25
1116fc20	FUN_1116fc20	25
1116fc40	FUN_1116fc40	18
1116fc60	FUN_1116fc60	25
1116fc80	FUN_1116fc80	25
1116fca0	FUN_1116fca0	22
1116fcc0	FUN_1116fcc0	5
1116fcd0	FUN_1116fcd0	5
1116fce0	FUN_1116fce0	5
1116fcf0	FUN_1116fcf0	5
1116fd00	FUN_1116fd00	22
1116fd20	FUN_1116fd20	18
1116fe50	FUN_1116fe50	25
1116fe70	FUN_1116fe70	25
1116fe90	FUN_1116fe90	53
1116fee0	FUN_1116fee0	3
1116fef0	FUN_1116fef0	3
1116ff00	FUN_1116ff00	13
1116ff10	FUN_1116ff10	13
1116ff20	FUN_1116ff20	13
1116ff30	FUN_1116ff30	3
1116ff40	FUN_1116ff40	3
11170080	FUN_11170080	18
111700a0	FUN_111700a0	29
111700d0	FUN_111700d0	27
111706a0	FUN_111706a0	15
11170770	FUN_11170770	5
11170780	FUN_11170780	7
11170790	FUN_11170790	7
111707a0	FUN_111707a0	5
111707b0	FUN_111707b0	19
111707d0	FUN_111707d0	19
111709b0	FUN_111709b0	5
11170b80	FUN_11170b80	5
11170b90	FUN_11170b90	5
11170ba0	FUN_11170ba0	5
11170bb0	FUN_11170bb0	5
11170bc0	FUN_11170bc0	5
11170bd0	FUN_11170bd0	5
11170be0	FUN_11170be0	47
11170c20	FUN_11170c20	45
111710f0	FUN_111710f0	42
11171130	FUN_11171130	15
11171220	FUN_11171220	5
11171230	FUN_11171230	5
11171240	FUN_11171240	5
11171250	FUN_11171250	5
11171260	FUN_11171260	5
11171270	FUN_11171270	5
11171280	FUN_11171280	5
11171290	FUN_11171290	5
111712a0	FUN_111712a0	5
111712b0	FUN_111712b0	5
111712c0	FUN_111712c0	5
111712d0	FUN_111712d0	5
11171540	FUN_11171540	5
11171550	FUN_11171550	5
11171560	FUN_11171560	5
11171570	FUN_11171570	5
11171580	FUN_11171580	5
11171590	FUN_11171590	5
111715a0	FUN_111715a0	19
111715c0	FUN_111715c0	19
111718f0	FUN_111718f0	14
11171910	FUN_11171910	18
11171b30	FUN_11171b30	11
11171b40	FUN_11171b40	11
11171b50	FUN_11171b50	11
11171b60	FUN_11171b60	11
11171b70	FUN_11171b70	16
11171b90	FUN_11171b90	13
11171ba0	FUN_11171ba0	14
11171bc0	FUN_11171bc0	21
11171be0	FUN_11171be0	23
11171c00	FUN_11171c00	23
11171c20	FUN_11171c20	3
11171c30	FUN_11171c30	3
11171c70	FUN_11171c70	55
11171fa0	FUN_11171fa0	23
111724d0	FUN_111724d0	11
11172740	FUN_11172740	3
11172ac0	FUN_11172ac0	14
11172ae0	FUN_11172ae0	14
11172b00	FUN_11172b00	14
11172b20	FUN_11172b20	14
11172ce0	FUN_11172ce0	15
11172d00	FUN_11172d00	15
11172d20	FUN_11172d20	6
11172d30	FUN_11172d30	6
11172d40	FUN_11172d40	9
11172d50	FUN_11172d50	9
11172d60	FUN_11172d60	10
11173150	FUN_11173150	63
111733c0	FUN_111733c0	5
11173670	FUN_11173670	3
11173680	FUN_11173680	3
11173690	FUN_11173690	3
111736a0	FUN_111736a0	3
111736b0	FUN_111736b0	3
111736c0	FUN_111736c0	3
111736d0	FUN_111736d0	4
111736e0	FUN_111736e0	3
111736f0	FUN_111736f0	3
11173700	FUN_11173700	3
11173710	FUN_11173710	3
111737a0	FUN_111737a0	13
111737b0	FUN_111737b0	13
111737c0	FUN_111737c0	3
111737d0	FUN_111737d0	3
11173850	FUN_11173850	3
11173860	FUN_11173860	3
11173920	FUN_11173920	11
11173930	FUN_11173930	6
11173940	FUN_11173940	6
11173950	FUN_11173950	45
11173990	FUN_11173990	33
11173e00	FUN_11173e00	14
11173e20	FUN_11173e20	14
11173e40	FUN_11173e40	13
11173e50	FUN_11173e50	13
11173e60	FUN_11173e60	12
11173e70	FUN_11173e70	12
11173e80	FUN_11173e80	11
11173e90	FUN_11173e90	11
11173ea0	FUN_11173ea0	43
11174090	FUN_11174090	19
111740b0	FUN_111740b0	4
111741a0	FUN_111741a0	23
111741c0	FUN_111741c0	68
11174580	FUN_11174580	12
11174590	FUN_11174590	11
11174d30	FUN_11174d30	5
111753c0	FUN_111753c0	6
111753d0	FUN_111753d0	6
111753e0	FUN_111753e0	6
111753f0	FUN_111753f0	6
11175400	FUN_11175400	6
11175410	FUN_11175410	6
11175570	FUN_11175570	42
111755b0	FUN_111755b0	5
11175680	FUN_11175680	9
11175690	FUN_11175690	23
11175a20	FUN_11175a20	6
11175a30	FUN_11175a30	6
11175a40	FUN_11175a40	6
11175ad0	FUN_11175ad0	26
11175c20	FUN_11175c20	3
11175ec0	FUN_11175ec0	44
11175f00	FUN_11175f00	53
111761c0	FUN_111761c0	12
11176350	FUN_11176350	3
11176360	FUN_11176360	12
11176370	FUN_11176370	23
11176390	FUN_11176390	3
111763a0	FUN_111763a0	43
111767f0	FUN_111767f0	12
111768b0	FUN_111768b0	4
11177140	FUN_11177140	7
11177220	FUN_11177220	12
11177230	FUN_11177230	13
11177280	FUN_11177280	13
11177290	FUN_11177290	15
111772b0	FUN_111772b0	17
11177640	FUN_11177640	10
11177660	FUN_11177660	25
11177680	FUN_11177680	25
111776a0	FUN_111776a0	18
111776c0	FUN_111776c0	18
111776e0	FUN_111776e0	18
11177700	FUN_11177700	18
11177720	FUN_11177720	18
11177740	FUN_11177740	25
11177760	FUN_11177760	25
11177780	FUN_11177780	22
111777a0	FUN_111777a0	22
111777c0	FUN_111777c0	22
111777e0	FUN_111777e0	22
11177800	FUN_11177800	22
11177820	FUN_11177820	22
11177840	FUN_11177840	18
11177860	FUN_11177860	18
11177880	FUN_11177880	18
111778a0	FUN_111778a0	18
111778c0	FUN_111778c0	18
11177d00	FUN_11177d00	54
11177d50	FUN_11177d50	54
11177da0	FUN_11177da0	54
11177df0	FUN_11177df0	20
11177e10	FUN_11177e10	31
11177e40	FUN_11177e40	11
11177e50	FUN_11177e50	11
11177e60	FUN_11177e60	22
11177e80	FUN_11177e80	22
11177ea0	FUN_11177ea0	22
11177ec0	FUN_11177ec0	22
11177ee0	FUN_11177ee0	22
11177f00	FUN_11177f00	11
11177f10	FUN_11177f10	33
11177f40	FUN_11177f40	56
11177f90	FUN_11177f90	56
11177fe0	FUN_11177fe0	56
11178030	FUN_11178030	22
11178050	FUN_11178050	33
11178080	FUN_11178080	3
11178090	FUN_11178090	3
11178320	FUN_11178320	13
11178330	FUN_11178330	13
11178340	FUN_11178340	13
11178350	FUN_11178350	13
11178360	FUN_11178360	13
11178370	FUN_11178370	13
11178380	FUN_11178380	13
11178390	FUN_11178390	13
111783a0	FUN_111783a0	13
111783b0	FUN_111783b0	13
111784a0	FUN_111784a0	3
111784b0	FUN_111784b0	3
111784c0	FUN_111784c0	3
111784d0	FUN_111784d0	3
111784e0	FUN_111784e0	3
111784f0	FUN_111784f0	3
11178500	FUN_11178500	3
11178690	FUN_11178690	23
111786b0	FUN_111786b0	56
11178820	FUN_11178820	56
11178910	FUN_11178910	18
11178930	FUN_11178930	18
11178950	FUN_11178950	23
11178970	FUN_11178970	56
11179e40	FUN_11179e40	15
11179e60	FUN_11179e60	15
11179e80	FUN_11179e80	15
11179ea0	FUN_11179ea0	15
11179ec0	FUN_11179ec0	15
1117a0f0	FUN_1117a0f0	15
1117a140	FUN_1117a140	7
1117a150	FUN_1117a150	7
1117a160	FUN_1117a160	7
1117a170	FUN_1117a170	7
1117a180	FUN_1117a180	7
1117a190	FUN_1117a190	7
1117a1a0	FUN_1117a1a0	7
1117a6b0	FUN_1117a6b0	5
1117a6c0	FUN_1117a6c0	5
1117a6d0	FUN_1117a6d0	5
1117a6e0	FUN_1117a6e0	5
1117a6f0	FUN_1117a6f0	5
1117a700	FUN_1117a700	37
1117a730	FUN_1117a730	37
1117a760	FUN_1117a760	37
1117aad0	FUN_1117aad0	85
1117ab40	FUN_1117ab40	59
1117ab90	FUN_1117ab90	8
1117b990	FUN_1117b990	5
1117b9a0	FUN_1117b9a0	3
1117bae0	FUN_1117bae0	56
1117bc70	FUN_1117bc70	8
1117bc80	FUN_1117bc80	107
1117c700	FUN_1117c700	7
1117c710	FUN_1117c710	24
1117c730	FUN_1117c730	5
1117c740	FUN_1117c740	5
1117c750	FUN_1117c750	5
1117c760	FUN_1117c760	5
1117ccd0	FUN_1117ccd0	5
1117cce0	FUN_1117cce0	5
1117ccf0	FUN_1117ccf0	5
1117cd00	FUN_1117cd00	5
1117cd10	FUN_1117cd10	5
1117cd20	FUN_1117cd20	5
1117cd30	FUN_1117cd30	5
1117cd40	FUN_1117cd40	5
1117cd50	FUN_1117cd50	5
1117cd60	FUN_1117cd60	5
1117cd70	FUN_1117cd70	5
1117cd80	FUN_1117cd80	5
1117cd90	FUN_1117cd90	5
1117cda0	FUN_1117cda0	5
1117cdb0	FUN_1117cdb0	5
1117cdc0	FUN_1117cdc0	5
1117cdd0	FUN_1117cdd0	5
1117cde0	FUN_1117cde0	5
1117cdf0	FUN_1117cdf0	5
1117ce00	FUN_1117ce00	5
1117ce10	FUN_1117ce10	5
1117ce20	FUN_1117ce20	5
1117ce30	FUN_1117ce30	5
1117ce40	FUN_1117ce40	5
1117ce50	FUN_1117ce50	5
1117ce60	FUN_1117ce60	5
1117ce70	FUN_1117ce70	5
1117ce80	FUN_1117ce80	5
1117ce90	FUN_1117ce90	5
1117cea0	FUN_1117cea0	5
1117ceb0	FUN_1117ceb0	17
1117ced0	FUN_1117ced0	20
1117cef0	FUN_1117cef0	13
1117cf00	FUN_1117cf00	13
1117cf10	FUN_1117cf10	48
1117cf50	FUN_1117cf50	48
1117cf90	FUN_1117cf90	48
1117cfd0	FUN_1117cfd0	22
1117d010	FUN_1117d010	14
1117d030	FUN_1117d030	14
1117d050	FUN_1117d050	86
1117d0c0	FUN_1117d0c0	47
1117d100	FUN_1117d100	47
1117d140	FUN_1117d140	47
1117d510	FUN_1117d510	3
1117d670	FUN_1117d670	26
1117d690	FUN_1117d690	36
1117d6c0	FUN_1117d6c0	36
1117d6f0	FUN_1117d6f0	40
1117d860	FUN_1117d860	15
1117d880	FUN_1117d880	15
1117d8a0	FUN_1117d8a0	15
1117d8c0	FUN_1117d8c0	15
1117d8e0	FUN_1117d8e0	15
1117d900	FUN_1117d900	15
1117d920	FUN_1117d920	15
1117d940	FUN_1117d940	15
1117d960	FUN_1117d960	15
1117d980	FUN_1117d980	15
1117d9a0	FUN_1117d9a0	15
1117d9c0	FUN_1117d9c0	5
1117d9d0	FUN_1117d9d0	5
1117d9e0	FUN_1117d9e0	5
1117d9f0	FUN_1117d9f0	5
1117da00	FUN_1117da00	5
1117da10	FUN_1117da10	5
1117da20	FUN_1117da20	5
1117da30	FUN_1117da30	5
1117da40	FUN_1117da40	5
1117da50	FUN_1117da50	5
1117da60	FUN_1117da60	5
1117da70	FUN_1117da70	5
1117da80	FUN_1117da80	5
1117da90	FUN_1117da90	5
1117daa0	FUN_1117daa0	5
1117dab0	FUN_1117dab0	5
1117dac0	FUN_1117dac0	5
1117dad0	FUN_1117dad0	5
1117dae0	FUN_1117dae0	5
1117daf0	FUN_1117daf0	5
1117db00	FUN_1117db00	5
1117db10	FUN_1117db10	5
1117db20	FUN_1117db20	5
1117db30	FUN_1117db30	5
1117db40	FUN_1117db40	5
1117db50	FUN_1117db50	5
1117db60	FUN_1117db60	5
1117db70	FUN_1117db70	5
1117db80	FUN_1117db80	5
1117db90	FUN_1117db90	5
1117dba0	FUN_1117dba0	5
1117dbb0	FUN_1117dbb0	11
1117dbc0	FUN_1117dbc0	6
1117dd60	FUN_1117dd60	5
1117dd70	FUN_1117dd70	5
1117dd80	FUN_1117dd80	5
1117dd90	FUN_1117dd90	5
1117dda0	FUN_1117dda0	5
1117ddb0	FUN_1117ddb0	15
1117ddd0	FUN_1117ddd0	31
1117dfc0	FUN_1117dfc0	49
1117e000	FUN_1117e000	18
1117e020	FUN_1117e020	18
1117e040	FUN_1117e040	18
1117e060	FUN_1117e060	18
1117e080	FUN_1117e080	18
1117e1e0	FUN_1117e1e0	11
1117e1f0	FUN_1117e1f0	11
1117e200	FUN_1117e200	11
1117e210	FUN_1117e210	11
1117e220	FUN_1117e220	11
1117e230	FUN_1117e230	11
1117e240	FUN_1117e240	11
1117e250	FUN_1117e250	11
1117e260	FUN_1117e260	11
1117e270	FUN_1117e270	11
1117e500	FUN_1117e500	11
1117e510	FUN_1117e510	11
1117e520	FUN_1117e520	11
1117e530	FUN_1117e530	11
1117e540	FUN_1117e540	11
1117e550	FUN_1117e550	16
1117e570	FUN_1117e570	16
1117e590	FUN_1117e590	16
1117e5b0	FUN_1117e5b0	16
1117e5d0	FUN_1117e5d0	16
1117e5f0	FUN_1117e5f0	21
1117e610	FUN_1117e610	21
1117e630	FUN_1117e630	21
1117e650	FUN_1117e650	11
1117e660	FUN_1117e660	11
1117e670	FUN_1117e670	11
1117e680	FUN_1117e680	11
1117e690	FUN_1117e690	11
1117e6a0	FUN_1117e6a0	11
1117e6b0	FUN_1117e6b0	23
1117e6d0	FUN_1117e6d0	23
1117e6f0	FUN_1117e6f0	25
1117e710	FUN_1117e710	23
1117e730	FUN_1117e730	23
1117e750	FUN_1117e750	3
1117e760	FUN_1117e760	3
1117e770	FUN_1117e770	3
1117e780	FUN_1117e780	3
1117e790	FUN_1117e790	3
1117e7a0	FUN_1117e7a0	3
1117e7b0	FUN_1117e7b0	3
1117e7c0	FUN_1117e7c0	3
1117e7d0	FUN_1117e7d0	3
1117e970	FUN_1117e970	13
1117e980	FUN_1117e980	23
1117e9a0	FUN_1117e9a0	23
1117e9c0	FUN_1117e9c0	49
1117ea00	FUN_1117ea00	23
1117ea20	FUN_1117ea20	23
1117ea40	FUN_1117ea40	133
1117ec20	FUN_1117ec20	86
1117ec90	FUN_1117ec90	55
1117f7a0	FUN_1117f7a0	94
1117fa20	FUN_1117fa20	9
1117fe30	FUN_1117fe30	19
1117fee0	FUN_1117fee0	19
11180d30	FUN_11180d30	31
11180d60	FUN_11180d60	29
11180d90	FUN_11180d90	55
11180de0	FUN_11180de0	14
11180e00	FUN_11180e00	14
11180e20	FUN_11180e20	14
11180e40	FUN_11180e40	14
11180e60	FUN_11180e60	14
11180e80	FUN_11180e80	14
11180ea0	FUN_11180ea0	14
11180ec0	FUN_11180ec0	14
11180ee0	FUN_11180ee0	14
11180f00	FUN_11180f00	14
11180f20	FUN_11180f20	14
11180f40	FUN_11180f40	14
11180f60	FUN_11180f60	14
11180f80	FUN_11180f80	14
11180fa0	FUN_11180fa0	14
11180fc0	FUN_11180fc0	14
11181560	FUN_11181560	6
11181570	FUN_11181570	6
11181580	FUN_11181580	6
11181590	FUN_11181590	6
111815a0	FUN_111815a0	6
111815b0	FUN_111815b0	3
111815c0	FUN_111815c0	6
111815d0	FUN_111815d0	6
111815e0	FUN_111815e0	6
111815f0	FUN_111815f0	6
11181600	FUN_11181600	6
11181610	FUN_11181610	6
11181620	FUN_11181620	6
11181630	FUN_11181630	6
11181640	FUN_11181640	6
11181650	FUN_11181650	6
11181660	FUN_11181660	3
11181670	FUN_11181670	3
11181680	FUN_11181680	3
11181690	FUN_11181690	3
11181a90	FUN_11181a90	6
11181aa0	FUN_11181aa0	6
11181ab0	FUN_11181ab0	6
11181ac0	FUN_11181ac0	6
11181ad0	FUN_11181ad0	6
11181ae0	FUN_11181ae0	18
11182580	FUN_11182580	33
111825b0	FUN_111825b0	49
111825f0	FUN_111825f0	49
11182630	FUN_11182630	63
11182680	FUN_11182680	49
111826c0	FUN_111826c0	49
11182b70	FUN_11182b70	3
11182b80	FUN_11182b80	3
11182b90	FUN_11182b90	3
11182ba0	FUN_11182ba0	21
11182bc0	FUN_11182bc0	3
11182bd0	FUN_11182bd0	3
11182c20	FUN_11182c20	3
11182c30	FUN_11182c30	3
11182c40	FUN_11182c40	3
11182c50	FUN_11182c50	3
11182c60	FUN_11182c60	3
11182c70	FUN_11182c70	3
11182c80	FUN_11182c80	3
11182c90	FUN_11182c90	3
11182ca0	FUN_11182ca0	3
11182cb0	FUN_11182cb0	3
11182cc0	FUN_11182cc0	3
11182cd0	FUN_11182cd0	3
11182ce0	FUN_11182ce0	3
11182cf0	FUN_11182cf0	3
11182d00	FUN_11182d00	3
11182d10	FUN_11182d10	3
11182d20	FUN_11182d20	3
11182d30	FUN_11182d30	3
11182d40	FUN_11182d40	3
11182d50	FUN_11182d50	3
11182d60	FUN_11182d60	3
11182d70	FUN_11182d70	3
11182d80	FUN_11182d80	3
11182d90	FUN_11182d90	3
11182da0	FUN_11182da0	3
11182db0	FUN_11182db0	3
11182dc0	FUN_11182dc0	3
11182dd0	FUN_11182dd0	3
11182de0	FUN_11182de0	3
11182df0	FUN_11182df0	3
11182e00	FUN_11182e00	3
11182e10	FUN_11182e10	3
11182e20	FUN_11182e20	3
11182e30	FUN_11182e30	3
11182e40	FUN_11182e40	3
11182e50	FUN_11182e50	3
11182e60	FUN_11182e60	3
11182e70	FUN_11182e70	3
11182e80	FUN_11182e80	3
11182e90	FUN_11182e90	3
11182ea0	FUN_11182ea0	3
11182eb0	FUN_11182eb0	3
11182ec0	FUN_11182ec0	3
11182ed0	FUN_11182ed0	3
11182ee0	FUN_11182ee0	3
11182ef0	FUN_11182ef0	3
11182f00	FUN_11182f00	3
11182f10	FUN_11182f10	3
11182f20	FUN_11182f20	3
11182f30	FUN_11182f30	3
11182f40	FUN_11182f40	3
11182f50	FUN_11182f50	3
11182f60	FUN_11182f60	3
11182f70	FUN_11182f70	3
11182f80	FUN_11182f80	3
11182f90	FUN_11182f90	3
11182fa0	FUN_11182fa0	3
11182fb0	FUN_11182fb0	3
11183c90	FUN_11183c90	79
11183d00	FUN_11183d00	79
11183d70	FUN_11183d70	79
11183de0	FUN_11183de0	79
11183e50	FUN_11183e50	79
11183ec0	FUN_11183ec0	31
11183ef0	FUN_11183ef0	31
11183f20	FUN_11183f20	31
11183f50	FUN_11183f50	3
11183f60	FUN_11183f60	3
11183f70	FUN_11183f70	3
11183f80	FUN_11183f80	3
11183f90	FUN_11183f90	3
11183fa0	FUN_11183fa0	3
11183fb0	FUN_11183fb0	3
11183fc0	FUN_11183fc0	3
11183fd0	FUN_11183fd0	3
11183fe0	FUN_11183fe0	11
11183ff0	FUN_11183ff0	11
11184000	FUN_11184000	11
11184010	FUN_11184010	11
11184020	FUN_11184020	11
11184030	FUN_11184030	6
11184040	FUN_11184040	6
11184050	FUN_11184050	6
11184060	FUN_11184060	83
111840d0	FUN_111840d0	83
11184140	FUN_11184140	83
111841b0	FUN_111841b0	83
11184220	FUN_11184220	83
111847f0	FUN_111847f0	24
11184a30	FUN_11184a30	24
11184c10	FUN_11184c10	3
11188820	FUN_11188820	48
11188860	FUN_11188860	7
11188870	FUN_11188870	7
11188880	FUN_11188880	13
11188890	FUN_11188890	13
111888a0	FUN_111888a0	13
111888b0	FUN_111888b0	11
111888c0	FUN_111888c0	11
111888d0	FUN_111888d0	11
111888e0	FUN_111888e0	11
11188930	FUN_11188930	9
11188940	FUN_11188940	9
11188950	FUN_11188950	23
11188970	FUN_11188970	9
11188980	FUN_11188980	9
11189260	FUN_11189260	6
11189a00	FUN_11189a00	11
11189a10	FUN_11189a10	11
11189a20	FUN_11189a20	11
11189a30	FUN_11189a30	11
11189a40	FUN_11189a40	11
11189a50	FUN_11189a50	12
11189a60	FUN_11189a60	12
11189a70	FUN_11189a70	12
11189a80	FUN_11189a80	12
11189dd0	FUN_11189dd0	3
1118aa10	FUN_1118aa10	25
1118acb0	FUN_1118acb0	7
1118af90	FUN_1118af90	3
1118b440	FUN_1118b440	40
1118b480	FUN_1118b480	40
1118c2a0	FUN_1118c2a0	6
1118c2b0	FUN_1118c2b0	6
1118c2c0	FUN_1118c2c0	6
1118c2d0	FUN_1118c2d0	6
1118c2e0	FUN_1118c2e0	6
1118c2f0	FUN_1118c2f0	6
1118c300	FUN_1118c300	6
1118c310	FUN_1118c310	6
1118c320	FUN_1118c320	6
1118c330	FUN_1118c330	6
1118c340	FUN_1118c340	6
1118c350	FUN_1118c350	6
1118c360	FUN_1118c360	6
1118c370	FUN_1118c370	6
1118c380	FUN_1118c380	6
1118c390	FUN_1118c390	6
1118c3a0	FUN_1118c3a0	6
1118c3b0	FUN_1118c3b0	6
1118c3c0	FUN_1118c3c0	6
1118c3d0	FUN_1118c3d0	6
1118c5c0	FUN_1118c5c0	5
1118c5d0	FUN_1118c5d0	5
1118c5e0	FUN_1118c5e0	5
1118c5f0	FUN_1118c5f0	5
1118c600	FUN_1118c600	5
1118c610	FUN_1118c610	36
1118c640	FUN_1118c640	36
1118c670	FUN_1118c670	40
1118c800	FUN_1118c800	24
1118d1e0	FUN_1118d1e0	9
1118d2a0	FUN_1118d2a0	18
1118d2c0	FUN_1118d2c0	46
1118d300	FUN_1118d300	22
1118d320	FUN_1118d320	18
1118d410	FUN_1118d410	22
1118d430	FUN_1118d430	48
1118d490	FUN_1118d490	13
1118d4a0	FUN_1118d4a0	13
1118d4b0	FUN_1118d4b0	3
1118d550	FUN_1118d550	73
1118d5b0	FUN_1118d5b0	15
1118d5f0	FUN_1118d5f0	5
1118d790	FUN_1118d790	5
1118d7a0	FUN_1118d7a0	5
1118d7b0	FUN_1118d7b0	5
1118d7c0	FUN_1118d7c0	5
1118d7d0	FUN_1118d7d0	5
1118d7e0	FUN_1118d7e0	43
1118d830	FUN_1118d830	15
1118d850	FUN_1118d850	15
1118d870	FUN_1118d870	5
1118d880	FUN_1118d880	5
1118d890	FUN_1118d890	5
1118d8d0	FUN_1118d8d0	18
1118d930	FUN_1118d930	11
1118d940	FUN_1118d940	11
1118d9d0	FUN_1118d9d0	11
1118d9e0	FUN_1118d9e0	16
1118da00	FUN_1118da00	3
1118da60	FUN_1118da60	35
1118dd40	FUN_1118dd40	19
1118e180	FUN_1118e180	14
1118e1a0	FUN_1118e1a0	14
1118e2f0	FUN_1118e2f0	6
1118e300	FUN_1118e300	6
1118e310	FUN_1118e310	6
1118e760	FUN_1118e760	3
1118e770	FUN_1118e770	3
1118e780	FUN_1118e780	3
1118e790	FUN_1118e790	3
1118e7a0	FUN_1118e7a0	3
1118e7b0	FUN_1118e7b0	3
1118e7c0	FUN_1118e7c0	3
1118e7d0	FUN_1118e7d0	3
1118ea70	FUN_1118ea70	79
1118eae0	FUN_1118eae0	31
1118eb10	FUN_1118eb10	3
1118eb20	FUN_1118eb20	11
1118eb30	FUN_1118eb30	83
1118ec20	FUN_1118ec20	13
1118ece0	FUN_1118ece0	6
1118f1e0	FUN_1118f1e0	11
1118f2b0	FUN_1118f2b0	6
1118f2c0	FUN_1118f2c0	6
1118f440	FUN_1118f440	5
1118f5c0	FUN_1118f5c0	27
1118f5f0	FUN_1118f5f0	32
1118f690	FUN_1118f690	32
1118f730	FUN_1118f730	6
1118f740	FUN_1118f740	6
1118f870	FUN_1118f870	45
1118fa90	FUN_1118fa90	24
11190180	FUN_11190180	34
11190220	FUN_11190220	6
11190230	FUN_11190230	6
111904a0	FUN_111904a0	45
11190610	FUN_11190610	27
11191de0	FUN_11191de0	10
11191f00	FUN_11191f00	7
11191f10	FUN_11191f10	26
111922f0	FUN_111922f0	4
11192e60	FUN_11192e60	15
11192eb0	FUN_11192eb0	7
11192f00	FUN_11192f00	7
11192f60	FUN_11192f60	49
11192fa0	FUN_11192fa0	14
111932e0	FUN_111932e0	4
11193af0	FUN_11193af0	184
11194120	FUN_11194120	14
111941e0	FUN_111941e0	3
111943d0	FUN_111943d0	9
111943e0	FUN_111943e0	9
11194cf0	FUN_11194cf0	7
11194d00	FUN_11194d00	7
11195710	FUN_11195710	4
11195720	FUN_11195720	4
11195730	FUN_11195730	4
11195740	FUN_11195740	4
11195f80	FUN_11195f80	7
11195fa0	FUN_11195fa0	7
11195fb0	FUN_11195fb0	7
11195fc0	FUN_11195fc0	7
11195fe0	FUN_11195fe0	7
11197c60	FUN_11197c60	40
11197ca0	FUN_11197ca0	63
111989e0	FUN_111989e0	7
111989f0	FUN_111989f0	7
11198a00	FUN_11198a00	7
11198a10	FUN_11198a10	7
11198a20	FUN_11198a20	24
11198a40	FUN_11198a40	24
11198a60	FUN_11198a60	24
11198a80	FUN_11198a80	24
11198aa0	FUN_11198aa0	24
11198ac0	FUN_11198ac0	24
11198ae0	FUN_11198ae0	24
11198b00	FUN_11198b00	24
11198b20	FUN_11198b20	24
11198b40	FUN_11198b40	24
11198fd0	FUN_11198fd0	3
11198fe0	FUN_11198fe0	4
111995a0	FUN_111995a0	41
111995e0	FUN_111995e0	89
111996d0	FUN_111996d0	6
11199710	FUN_11199710	14
1119a080	FUN_1119a080	4
1119a580	FUN_1119a580	3
1119a970	FUN_1119a970	13
1119be30	FUN_1119be30	6
1119c390	FUN_1119c390	92
1119c410	FUN_1119c410	90
1119ce40	FUN_1119ce40	14
1119d360	FUN_1119d360	10
1119d390	FUN_1119d390	10
1119d3a0	FUN_1119d3a0	10
1119ff30	FUN_1119ff30	18
111a0020	FUN_111a0020	7
111a0030	FUN_111a0030	3
111a0420	FUN_111a0420	13
111a0430	FUN_111a0430	13
111a0440	FUN_111a0440	13
111a05a0	FUN_111a05a0	13
111a05b0	FUN_111a05b0	13
111a0bd0	FUN_111a0bd0	30
111a0ed0	FUN_111a0ed0	13
111a1610	FUN_111a1610	67
111a1670	FUN_111a1670	12
111a19b0	FUN_111a19b0	20
111a1f60	FUN_111a1f60	32
111a2080	FUN_111a2080	3
111a2800	FUN_111a2800	18
111a2ce0	FUN_111a2ce0	4
111a2dd0	FUN_111a2dd0	25
111a2eb0	FUN_111a2eb0	3
111a3650	FUN_111a3650	20
111a4320	FUN_111a4320	37
111a4780	FUN_111a4780	18
111a47a0	FUN_111a47a0	18
111a47e0	FUN_111a47e0	13
111a47f0	FUN_111a47f0	3
111a4920	FUN_111a4920	15
111a49f0	FUN_111a49f0	5
111a4a00	FUN_111a4a00	5
111a4a10	FUN_111a4a10	5
111a4a20	FUN_111a4a20	5
111a4ad0	FUN_111a4ad0	15
111a4af0	FUN_111a4af0	5
111a4b40	FUN_111a4b40	16
111a4b60	FUN_111a4b60	3
111a4df0	FUN_111a4df0	13
111a56f0	FUN_111a56f0	3
111a5700	FUN_111a5700	3
111a5710	FUN_111a5710	3
111a5f00	FUN_111a5f00	8
111a6240	FUN_111a6240	4
111a6280	FUN_111a6280	7
111a73b0	FUN_111a73b0	25
111a7c70	FUN_111a7c70	20
111a7c90	FUN_111a7c90	3
111a7d00	FUN_111a7d00	18
111a7d20	FUN_111a7d20	18
111a7e70	FUN_111a7e70	7
111a8040	FUN_111a8040	5
111a8150	FUN_111a8150	5
111a8160	FUN_111a8160	5
111a8170	FUN_111a8170	13
111a8180	FUN_111a8180	3
111a8190	FUN_111a8190	36
111a82b0	FUN_111a82b0	5
111a82c0	FUN_111a82c0	6
111a82d0	FUN_111a82d0	5
111a82e0	FUN_111a82e0	21
111a8300	FUN_111a8300	11
111a8310	FUN_111a8310	11
111a8350	FUN_111a8350	3
111a8360	FUN_111a8360	3
111a84a0	FUN_111a84a0	12
111a84b0	FUN_111a84b0	12
111a84c0	FUN_111a84c0	12
111a84d0	FUN_111a84d0	12
111a84e0	FUN_111a84e0	3
111a84f0	FUN_111a84f0	18
111a8510	FUN_111a8510	18
111a8530	FUN_111a8530	14
111a8550	FUN_111a8550	14
111a8620	FUN_111a8620	40
111a8660	FUN_111a8660	19
111a8680	FUN_111a8680	49
111a8730	FUN_111a8730	3
111a8740	FUN_111a8740	3
111a8750	FUN_111a8750	18
111a8770	FUN_111a8770	3
111a87d0	FUN_111a87d0	6
111a8910	FUN_111a8910	3
111a89a0	FUN_111a89a0	11
111a8a90	FUN_111a8a90	9
111a8aa0	FUN_111a8aa0	6
111a8e70	FUN_111a8e70	4
111a9000	FUN_111a9000	4
111a9320	FUN_111a9320	65
111a9a00	FUN_111a9a00	44
111a9c70	FUN_111a9c70	60
111a9cc0	FUN_111a9cc0	43
111a9d00	FUN_111a9d00	10
111a9d10	FUN_111a9d10	6
111a9d20	FUN_111a9d20	6
111a9d30	FUN_111a9d30	5
111a9d40	FUN_111a9d40	5
111a9e50	FUN_111a9e50	5
111a9e60	FUN_111a9e60	5
111aa410	FUN_111aa410	18
111aa430	FUN_111aa430	5
111aa440	FUN_111aa440	5
111aa450	FUN_111aa450	5
111aa460	FUN_111aa460	5
111aa520	FUN_111aa520	5
111aaeb0	FUN_111aaeb0	5
111aaec0	FUN_111aaec0	5
111aaed0	FUN_111aaed0	5
111aaee0	FUN_111aaee0	5
111ab0a0	FUN_111ab0a0	36
111ab2b0	FUN_111ab2b0	9
111ab300	FUN_111ab300	32
111abe70	FUN_111abe70	3
111abe80	FUN_111abe80	3
111abea0	FUN_111abea0	3
111ac5a0	thunk_FUN_111af650	5
111aca90	FUN_111aca90	178
111ae940	FUN_111ae940	82
111b1550	FUN_111b1550	113
111bc4e0	FUN_111bc4e0	62
111bd2e0	FUN_111bd2e0	11
111bd5d0	FUN_111bd5d0	24
111bd5f0	FUN_111bd5f0	24
111be890	FUN_111be890	8
111bea80	FUN_111bea80	79
111c0a00	FUN_111c0a00	3
111c0a10	FUN_111c0a10	3
111c0a20	FUN_111c0a20	3
111c0a30	FUN_111c0a30	3
111c0a40	FUN_111c0a40	3
111c1b50	FUN_111c1b50	4
111c1ba0	FUN_111c1ba0	4
111c1bb0	FUN_111c1bb0	4
111c20f0	FUN_111c20f0	11
111c2100	FUN_111c2100	18
111c2120	FUN_111c2120	13
111c2130	FUN_111c2130	72
111c2190	FUN_111c2190	18
111c2280	FUN_111c2280	19
111c22a0	FUN_111c22a0	11
111c22b0	FUN_111c22b0	11
111c22c0	FUN_111c22c0	13
111c22d0	FUN_111c22d0	67
111c2410	FUN_111c2410	3
111c2440	FUN_111c2440	13
111c2450	FUN_111c2450	13
111c2460	FUN_111c2460	3
111c2a90	FUN_111c2a90	15
111c2b30	FUN_111c2b30	7
111c2b40	FUN_111c2b40	37
111c2b70	FUN_111c2b70	5
111c2b80	FUN_111c2b80	5
111c2b90	FUN_111c2b90	5
111c2ba0	FUN_111c2ba0	5
111c2bb0	FUN_111c2bb0	5
111c2bc0	FUN_111c2bc0	5
111c2bd0	FUN_111c2bd0	29
111c2c70	FUN_111c2c70	15
111c2c90	FUN_111c2c90	15
111c2cb0	FUN_111c2cb0	15
111c2cd0	FUN_111c2cd0	15
111c2cf0	FUN_111c2cf0	5
111c2d00	FUN_111c2d00	5
111c2d10	FUN_111c2d10	5
111c2d20	FUN_111c2d20	5
111c2d30	FUN_111c2d30	5
111c2d40	FUN_111c2d40	5
111c2d50	FUN_111c2d50	5
111c2d60	FUN_111c2d60	5
111c2d70	FUN_111c2d70	5
111c2ed0	FUN_111c2ed0	67
111c2fc0	FUN_111c2fc0	18
111c3020	FUN_111c3020	11
111c30b0	FUN_111c30b0	11
111c30c0	FUN_111c30c0	16
111c30e0	FUN_111c30e0	3
111c30f0	FUN_111c30f0	18
111c3110	FUN_111c3110	35
111c3aa0	FUN_111c3aa0	27
111c3ad0	FUN_111c3ad0	3
111c3ba0	FUN_111c3ba0	14
111c3bc0	FUN_111c3bc0	14
111c3be0	FUN_111c3be0	7
111c3bf0	FUN_111c3bf0	3
111c3d10	FUN_111c3d10	31
111c43a0	FUN_111c43a0	5
111c43b0	FUN_111c43b0	3
111c43c0	FUN_111c43c0	3
111c43d0	FUN_111c43d0	3
111c43e0	FUN_111c43e0	3
111c43f0	FUN_111c43f0	3
111c4400	FUN_111c4400	3
111c4410	FUN_111c4410	3
111c4420	FUN_111c4420	3
111c4430	FUN_111c4430	3
111c46d0	FUN_111c46d0	5
111c46e0	FUN_111c46e0	79
111c4750	FUN_111c4750	30
111c4780	FUN_111c4780	31
111c47b0	FUN_111c47b0	11
111c47c0	FUN_111c47c0	83
111c4ac0	FUN_111c4ac0	3
111c4ad0	FUN_111c4ad0	3
111c4bd0	FUN_111c4bd0	11
111c4be0	FUN_111c4be0	4
111c4ce0	FUN_111c4ce0	3
111c4cf0	FUN_111c4cf0	8
111c4d00	FUN_111c4d00	4
111c4d20	FUN_111c4d20	8
111c50f0	FUN_111c50f0	4
111c5100	FUN_111c5100	8
111c5110	FUN_111c5110	3
111c54d0	FUN_111c54d0	6
111c54e0	FUN_111c54e0	6
111c54f0	FUN_111c54f0	4
111c5500	FUN_111c5500	4
111c5db0	FUN_111c5db0	9
111c5ed0	FUN_111c5ed0	35
111c6430	FUN_111c6430	4
111c6d10	FUN_111c6d10	18
111c6d30	FUN_111c6d30	22
111c6d50	FUN_111c6d50	22
111c6d70	FUN_111c6d70	67
111c6dd0	FUN_111c6dd0	35
111c6e00	FUN_111c6e00	22
111c6e20	FUN_111c6e20	18
111c7190	FUN_111c7190	18
111c71b0	FUN_111c71b0	25
111c71d0	FUN_111c71d0	25
111c71f0	FUN_111c71f0	18
111c7210	FUN_111c7210	25
111c7230	FUN_111c7230	25
111c7250	FUN_111c7250	18
111c7270	FUN_111c7270	25
111c7290	FUN_111c7290	25
111c72b0	FUN_111c72b0	31
111c72e0	FUN_111c72e0	49
111c7320	FUN_111c7320	11
111c7330	FUN_111c7330	11
111c7340	FUN_111c7340	22
111c7360	FUN_111c7360	22
111c7380	FUN_111c7380	22
111c73a0	FUN_111c73a0	5
111c73b0	FUN_111c73b0	5
111c7480	FUN_111c7480	5
111c7490	FUN_111c7490	5
111c74a0	FUN_111c74a0	5
111c74b0	FUN_111c74b0	5
111c74c0	FUN_111c74c0	11
111c74d0	FUN_111c74d0	11
111c74e0	FUN_111c74e0	22
111c7500	FUN_111c7500	11
111c7510	FUN_111c7510	11
111c76a0	FUN_111c76a0	33
111c76d0	FUN_111c76d0	51
111c7710	FUN_111c7710	27
111c7740	FUN_111c7740	29
111c7770	FUN_111c7770	3
111c7780	FUN_111c7780	3
111c7790	FUN_111c7790	3
111c77c0	FUN_111c77c0	13
111c77d0	FUN_111c77d0	13
111c77e0	FUN_111c77e0	13
111c77f0	FUN_111c77f0	13
111c7800	FUN_111c7800	13
111c7810	FUN_111c7810	13
111c7820	FUN_111c7820	13
111c7830	FUN_111c7830	13
111c7840	FUN_111c7840	13
111c7850	FUN_111c7850	13
111c7860	FUN_111c7860	13
111c7870	FUN_111c7870	3
111c7880	FUN_111c7880	3
111c7890	FUN_111c7890	3
111c78a0	FUN_111c78a0	3
111c78b0	FUN_111c78b0	3
111c78c0	FUN_111c78c0	3
111c78d0	FUN_111c78d0	3
111c78e0	FUN_111c78e0	18
111c7900	FUN_111c7900	18
111c7920	FUN_111c7920	18
111c7d70	FUN_111c7d70	127
111c7fb0	FUN_111c7fb0	15
111c7fd0	FUN_111c7fd0	15
111c8030	FUN_111c8030	15
111c8190	FUN_111c8190	26
111c8220	FUN_111c8220	7
111c8230	FUN_111c8230	7
111c8240	FUN_111c8240	7
111c8250	FUN_111c8250	5
111c8260	FUN_111c8260	5
111c8270	FUN_111c8270	5
111c8280	FUN_111c8280	5
111c8290	FUN_111c8290	68
111c82f0	FUN_111c82f0	3
111c8300	FUN_111c8300	3
111c8310	FUN_111c8310	19
111c8330	FUN_111c8330	19
111c8bc0	FUN_111c8bc0	7
111c8bd0	FUN_111c8bd0	7
111c8be0	FUN_111c8be0	5
111c8bf0	FUN_111c8bf0	5
111c8c00	FUN_111c8c00	5
111c8c10	FUN_111c8c10	5
111c8c20	FUN_111c8c20	5
111c8c30	FUN_111c8c30	5
111c8c40	FUN_111c8c40	5
111c8c50	FUN_111c8c50	5
111c8c60	FUN_111c8c60	5
111c8c70	FUN_111c8c70	5
111c8c80	FUN_111c8c80	5
111c8c90	FUN_111c8c90	5
111c8ca0	FUN_111c8ca0	5
111c8cb0	FUN_111c8cb0	5
111c8cc0	FUN_111c8cc0	5
111c8cd0	FUN_111c8cd0	5
111c8ce0	FUN_111c8ce0	5
111c8cf0	FUN_111c8cf0	5
111c8d00	FUN_111c8d00	5
111c8d10	FUN_111c8d10	5
111c8d20	FUN_111c8d20	5
111c8d30	FUN_111c8d30	5
111c8d40	FUN_111c8d40	5
111c8d50	FUN_111c8d50	27
111c8d80	FUN_111c8d80	45
111c8dc0	FUN_111c8dc0	61
111c9340	FUN_111c9340	15
111c9360	FUN_111c9360	15
111c9380	FUN_111c9380	15
111c93a0	FUN_111c93a0	15
111c93c0	FUN_111c93c0	15
111c95e0	FUN_111c95e0	5
111c95f0	FUN_111c95f0	5
111c9600	FUN_111c9600	5
111c9610	FUN_111c9610	5
111c9620	FUN_111c9620	5
111c9630	FUN_111c9630	5
111c9640	FUN_111c9640	5
111c9650	FUN_111c9650	5
111c9660	FUN_111c9660	5
111c9670	FUN_111c9670	5
111c9680	FUN_111c9680	5
111c9690	FUN_111c9690	5
111c96a0	FUN_111c96a0	5
111c96b0	FUN_111c96b0	5
111c96c0	FUN_111c96c0	5
111c96d0	FUN_111c96d0	5
111c96e0	FUN_111c96e0	5
111c96f0	FUN_111c96f0	5
111c9700	FUN_111c9700	5
111c9710	FUN_111c9710	5
111c9720	FUN_111c9720	5
111c9730	FUN_111c9730	5
111c9740	FUN_111c9740	5
111c9750	FUN_111c9750	5
111c9760	FUN_111c9760	11
111c9770	FUN_111c9770	11
111c9780	FUN_111c9780	6
111c9790	FUN_111c9790	6
111c97a0	FUN_111c97a0	5
111c97b0	FUN_111c97b0	5
111c97c0	FUN_111c97c0	5
111c97d0	FUN_111c97d0	5
111c97e0	FUN_111c97e0	5
111c97f0	FUN_111c97f0	5
111c9800	FUN_111c9800	5
111c9810	FUN_111c9810	5
111c9820	FUN_111c9820	19
111c9840	FUN_111c9840	19
111c9bc0	FUN_111c9bc0	18
111c9be0	FUN_111c9be0	18
111c9c00	FUN_111c9c00	18
111c9c20	FUN_111c9c20	18
111c9ed0	FUN_111c9ed0	11
111c9ee0	FUN_111c9ee0	11
111c9ef0	FUN_111c9ef0	11
111c9f00	FUN_111c9f00	11
111c9f10	FUN_111c9f10	11
111c9f20	FUN_111c9f20	11
111c9f30	FUN_111c9f30	11
111c9f40	FUN_111c9f40	11
111c9f50	FUN_111c9f50	16
111c9f70	FUN_111c9f70	16
111c9f90	FUN_111c9f90	16
111ca070	FUN_111ca070	11
111ca080	FUN_111ca080	11
111ca090	FUN_111ca090	16
111ca0b0	FUN_111ca0b0	13
111ca0c0	FUN_111ca0c0	13
111ca0d0	FUN_111ca0d0	13
111ca0e0	FUN_111ca0e0	14
111ca100	FUN_111ca100	14
111ca120	FUN_111ca120	14
111ca140	FUN_111ca140	23
111ca160	FUN_111ca160	23
111ca180	FUN_111ca180	23
111ca1a0	FUN_111ca1a0	3
111ca1b0	FUN_111ca1b0	3
111ca1c0	FUN_111ca1c0	3
111ca1d0	FUN_111ca1d0	3
111ca2e0	FUN_111ca2e0	67
111ca340	FUN_111ca340	35
111ca370	FUN_111ca370	13
111ca380	FUN_111ca380	13
111caf50	FUN_111caf50	53
111cb700	FUN_111cb700	62
111cb750	FUN_111cb750	71
111cb7b0	FUN_111cb7b0	67
111d2d80	FUN_111d2d80	30
111d2db0	FUN_111d2db0	11
111d2dc0	FUN_111d2dc0	11
111d2dd0	FUN_111d2dd0	11
111d2de0	FUN_111d2de0	24
111d2e00	FUN_111d2e00	24
111d2e20	FUN_111d2e20	24
111d3380	FUN_111d3380	3
111d3390	FUN_111d3390	3
111d33a0	FUN_111d33a0	3
111d3c50	FUN_111d3c50	3
111d3de0	FUN_111d3de0	14
111d3e00	FUN_111d3e00	8
111d3e30	FUN_111d3e30	11
111d4c60	FUN_111d4c60	3
111d4ea0	FUN_111d4ea0	11
111d4f30	FUN_111d4f30	18
111d4f50	FUN_111d4f50	18
111d4f70	FUN_111d4f70	18
111d4f90	FUN_111d4f90	112
111d5020	FUN_111d5020	112
111d5100	FUN_111d5100	14
111d5120	FUN_111d5120	14
111d5140	FUN_111d5140	14
111d5160	FUN_111d5160	14
111d5180	FUN_111d5180	14
111d51a0	FUN_111d51a0	14
111d51c0	FUN_111d51c0	14
111d51e0	FUN_111d51e0	14
111d52a0	FUN_111d52a0	4
111d52b0	FUN_111d52b0	4
111d52c0	FUN_111d52c0	4
111d52d0	FUN_111d52d0	4
111d52e0	FUN_111d52e0	4
111d52f0	FUN_111d52f0	6
111d5300	FUN_111d5300	6
111d5310	FUN_111d5310	6
111d5320	FUN_111d5320	6
111d5330	FUN_111d5330	6
111d5340	FUN_111d5340	6
111d5350	FUN_111d5350	6
111d5360	FUN_111d5360	6
111d5370	FUN_111d5370	6
111d5380	FUN_111d5380	6
111d5390	FUN_111d5390	6
111d53a0	FUN_111d53a0	9
111d53b0	FUN_111d53b0	9
111d53c0	FUN_111d53c0	9
111d53d0	FUN_111d53d0	9
111d53e0	FUN_111d53e0	9
111d53f0	FUN_111d53f0	9
111d54e0	FUN_111d54e0	10
111d54f0	FUN_111d54f0	10
111d5500	FUN_111d5500	10
111d83e0	FUN_111d83e0	54
111d8430	FUN_111d8430	5
111d8e60	FUN_111d8e60	3
111d8e70	FUN_111d8e70	3
111d8e80	FUN_111d8e80	3
111d8e90	FUN_111d8e90	3
111d8ea0	FUN_111d8ea0	3
111d8eb0	FUN_111d8eb0	3
111d8ec0	FUN_111d8ec0	3
111d8ed0	FUN_111d8ed0	3
111d8ee0	FUN_111d8ee0	3
111d8ef0	FUN_111d8ef0	3
111d8f00	FUN_111d8f00	3
111d8f10	FUN_111d8f10	3
111d8f20	FUN_111d8f20	3
111d8f30	FUN_111d8f30	3
111d8f40	FUN_111d8f40	3
111d8f50	FUN_111d8f50	3
111d8f60	FUN_111d8f60	3
111d8f70	FUN_111d8f70	3
111d8f80	FUN_111d8f80	3
111d8f90	FUN_111d8f90	3
111d8fa0	FUN_111d8fa0	3
111d8fb0	FUN_111d8fb0	3
111d8fc0	FUN_111d8fc0	3
111d8fd0	FUN_111d8fd0	3
111d8fe0	FUN_111d8fe0	3
111d8ff0	FUN_111d8ff0	3
111d9410	FUN_111d9410	79
111d9480	FUN_111d9480	13
111d9490	FUN_111d9490	3
111d94a0	FUN_111d94a0	3
111d94b0	FUN_111d94b0	3
111d94c0	FUN_111d94c0	3
111d94d0	FUN_111d94d0	3
111d94e0	FUN_111d94e0	3
111d94f0	FUN_111d94f0	31
111d9700	FUN_111d9700	3
111d9710	FUN_111d9710	3
111d9720	FUN_111d9720	3
111d9730	FUN_111d9730	3
111d9740	FUN_111d9740	3
111d9960	FUN_111d9960	11
111d9970	FUN_111d9970	11
111d9980	FUN_111d9980	11
111d9990	FUN_111d9990	11
111d99a0	FUN_111d99a0	6
111d99b0	FUN_111d99b0	6
111d99c0	FUN_111d99c0	6
111d99d0	FUN_111d99d0	83
111d9a40	FUN_111d9a40	97
111d9ac0	FUN_111d9ac0	45
111d9b00	FUN_111d9b00	33
111d9d00	FUN_111d9d00	14
111d9d20	FUN_111d9d20	14
111d9d40	FUN_111d9d40	14
111d9d60	FUN_111d9d60	13
111d9d70	FUN_111d9d70	13
111d9d80	FUN_111d9d80	13
111d9d90	FUN_111d9d90	13
111d9da0	FUN_111d9da0	12
111d9db0	FUN_111d9db0	12
111d9dc0	FUN_111d9dc0	12
111d9dd0	FUN_111d9dd0	10
111d9de0	FUN_111d9de0	11
111d9df0	FUN_111d9df0	11
111d9e00	FUN_111d9e00	11
111da570	FUN_111da570	43
111da5b0	FUN_111da5b0	43
111da5f0	FUN_111da5f0	43
111da6a0	FUN_111da6a0	12
111da6b0	FUN_111da6b0	10
111da6c0	FUN_111da6c0	10
111da6d0	FUN_111da6d0	7
111dab00	FUN_111dab00	34
111dab30	FUN_111dab30	11
111dab40	FUN_111dab40	11
111dab50	FUN_111dab50	34
111db0f0	FUN_111db0f0	11
111db120	FUN_111db120	7
111db130	FUN_111db130	12
111db1a0	FUN_111db1a0	9
111db1c0	FUN_111db1c0	9
111db360	FUN_111db360	4
111db370	FUN_111db370	4
111db380	FUN_111db380	4
111db4d0	FUN_111db4d0	171
111dc050	FUN_111dc050	8
111dc060	FUN_111dc060	8
111dc070	FUN_111dc070	56
111dc170	FUN_111dc170	28
111dc4a0	FUN_111dc4a0	4
111df020	FUN_111df020	41
111df3c0	FUN_111df3c0	3
111df610	FUN_111df610	12
111df620	FUN_111df620	11
111e0810	FUN_111e0810	7
111e3040	FUN_111e3040	7
111e3050	FUN_111e3050	10
111e3390	FUN_111e3390	7
111e33a0	FUN_111e33a0	4
111e37f0	FUN_111e37f0	4
111e3810	FUN_111e3810	7
111e3820	FUN_111e3820	4
111e4000	FUN_111e4000	7
111e4010	FUN_111e4010	9
111e4020	FUN_111e4020	7
111e4030	FUN_111e4030	9
111e40c0	FUN_111e40c0	4
111e40e0	FUN_111e40e0	61
111e42d0	FUN_111e42d0	7
111e43b0	FUN_111e43b0	7
111e43c0	FUN_111e43c0	9
111e4470	FUN_111e4470	7
111e4610	FUN_111e4610	7
111e4620	FUN_111e4620	4
111e4630	FUN_111e4630	7
111e4670	FUN_111e4670	7
111e4680	FUN_111e4680	7
111e46b0	FUN_111e46b0	4
111e4720	FUN_111e4720	4
111e4bc0	FUN_111e4bc0	7
111e4be0	FUN_111e4be0	4
111e4c00	FUN_111e4c00	7
111e4c40	FUN_111e4c40	7
111e4c50	FUN_111e4c50	4
111e4c60	FUN_111e4c60	3
111e4f40	FUN_111e4f40	7
111e4f50	FUN_111e4f50	9
111e4f60	FUN_111e4f60	4
111e4f70	FUN_111e4f70	7
111e4fd0	FUN_111e4fd0	7
111e6f70	FUN_111e6f70	5
111e77d0	FUN_111e77d0	44
111e78b0	FUN_111e78b0	75
111e85c0	FUN_111e85c0	20
111f1590	FUN_111f1590	87
111f17a0	FUN_111f17a0	4
111f17f0	FUN_111f17f0	4
111f1870	FUN_111f1870	22
111f1940	FUN_111f1940	4
111f1950	FUN_111f1950	7
111f26a0	FUN_111f26a0	4
111f26b0	FUN_111f26b0	7
111f2df0	FUN_111f2df0	6
111f2e00	FUN_111f2e00	6
111f2e10	FUN_111f2e10	6
111f2e20	FUN_111f2e20	6
111f2e30	FUN_111f2e30	6
111f2e40	FUN_111f2e40	6
111f2e50	FUN_111f2e50	6
111f2e60	FUN_111f2e60	6
111f2e70	FUN_111f2e70	6
111f2e80	FUN_111f2e80	6
111f2e90	FUN_111f2e90	6
111f2ea0	FUN_111f2ea0	6
111f2eb0	FUN_111f2eb0	6
111f2ec0	FUN_111f2ec0	6
111f2f50	FUN_111f2f50	16
111f32e0	FUN_111f32e0	9
111f32f0	FUN_111f32f0	5
111f3d20	FUN_111f3d20	4
111f44a0	FUN_111f44a0	11
111f4580	FUN_111f4580	9
111f4590	FUN_111f4590	12
111f45a0	FUN_111f45a0	109
111f47b0	FUN_111f47b0	24
111f4940	FUN_111f4940	9
111f4950	FUN_111f4950	10
111f4d00	FUN_111f4d00	26
111f50f0	FUN_111f50f0	10
111f5140	FUN_111f5140	39
111f5170	FUN_111f5170	52
111f51c0	FUN_111f51c0	52
111f5230	FUN_111f5230	14
111f53d0	FUN_111f53d0	7
111f53e0	FUN_111f53e0	7
111f53f0	FUN_111f53f0	7
111f5400	FUN_111f5400	9
111f5410	FUN_111f5410	9
111f5420	FUN_111f5420	9
111f5430	FUN_111f5430	4
111f5440	FUN_111f5440	4
111f5450	FUN_111f5450	7
111f64c0	FUN_111f64c0	38
111f6740	FUN_111f6740	7
111f6750	FUN_111f6750	10
111f6760	FUN_111f6760	12
111f6770	FUN_111f6770	12
111f6780	FUN_111f6780	12
111f6790	FUN_111f6790	12
111f67a0	FUN_111f67a0	4
111f6c20	FUN_111f6c20	13
111f6e10	FUN_111f6e10	3
111f6e20	FUN_111f6e20	72
111f7200	FUN_111f7200	31
111f7230	FUN_111f7230	11
111f7580	FUN_111f7580	31
111f92a0	FUN_111f92a0	3
111f92b0	FUN_111f92b0	3
111f92d0	FUN_111f92d0	24
111f9550	FUN_111f9550	21
111fb6f0	FUN_111fb6f0	18
111fb710	FUN_111fb710	25
111fbcc0	FUN_111fbcc0	18
111fc990	FUN_111fc990	7
111fd2f0	FUN_111fd2f0	27
111fd500	FUN_111fd500	6
111fe160	FUN_111fe160	47
111fe2d0	FUN_111fe2d0	19
111fe2f0	FUN_111fe2f0	13
111fe300	FUN_111fe300	15
111fe320	FUN_111fe320	5
111fe330	FUN_111fe330	5
111fe340	FUN_111fe340	5
111fea70	FUN_111fea70	16
111feb10	FUN_111feb10	13
111fed30	FUN_111fed30	3
111fed50	FUN_111fed50	23
111ff160	FUN_111ff160	3
112000e0	FUN_112000e0	4
11200310	FUN_11200310	4
11200790	FUN_11200790	4
11200900	FUN_11200900	4
112015f0	FUN_112015f0	3
11201750	FUN_11201750	7
11201760	FUN_11201760	3
11202170	FUN_11202170	27
112021a0	FUN_112021a0	9
11202390	FUN_11202390	3
112023a0	FUN_112023a0	3
112028a0	FUN_112028a0	80
11202910	FUN_11202910	78
11202980	FUN_11202980	28
112029b0	FUN_112029b0	30
11202d30	FUN_11202d30	14
11202d80	FUN_11202d80	30
11202ec0	FUN_11202ec0	4
11203650	FUN_11203650	18
11203670	FUN_11203670	14
11203690	FUN_11203690	16
11203960	FUN_11203960	6
11203ed0	FUN_11203ed0	259
11204630	FUN_11204630	7
11205200	FUN_11205200	40
11206e60	FUN_11206e60	7
11206e90	FUN_11206e90	6
11207690	FUN_11207690	43
112076d0	FUN_112076d0	397
112078c0	FUN_112078c0	387
11208210	FUN_11208210	14
11208230	FUN_11208230	7
11208c70	FUN_11208c70	18
11214040	FUN_11214040	13
11214050	FUN_11214050	19
11214070	FUN_11214070	11
11214080	FUN_11214080	13
11214090	FUN_11214090	13
112140a0	FUN_112140a0	5
112140b0	FUN_112140b0	19
112140d0	FUN_112140d0	15
112140f0	FUN_112140f0	5
11214100	FUN_11214100	5
11214110	FUN_11214110	5
11214120	FUN_11214120	5
11214500	FUN_11214500	34
11214530	FUN_11214530	38
11217040	FUN_11217040	3
11217280	FUN_11217280	3
112172a0	FUN_112172a0	9
11223350	FUN_11223350	13
11223360	FUN_11223360	19
11223380	FUN_11223380	11
11223390	FUN_11223390	13
112233a0	FUN_112233a0	13
112233b0	FUN_112233b0	5
112233c0	FUN_112233c0	19
112233e0	FUN_112233e0	15
11223400	FUN_11223400	5
11223410	FUN_11223410	5
11223420	FUN_11223420	5
11223430	FUN_11223430	5
11223800	FUN_11223800	41
11223840	FUN_11223840	45
112278b0	FUN_112278b0	3
112278c0	FUN_112278c0	22
11227a20	FUN_11227a20	3
11227a30	FUN_11227a30	9
11227a40	FUN_11227a40	13
11227a50	FUN_11227a50	19
11227a70	FUN_11227a70	11
11227a80	FUN_11227a80	13
11227a90	FUN_11227a90	13
11227aa0	FUN_11227aa0	5
11227ab0	FUN_11227ab0	19
11227ad0	FUN_11227ad0	15
11227af0	FUN_11227af0	5
11227b00	FUN_11227b00	5
11227b10	FUN_11227b10	5
11227b20	FUN_11227b20	5
11227ef0	FUN_11227ef0	41
11227f30	FUN_11227f30	45
1122a780	FUN_1122a780	3
1122a790	FUN_1122a790	11
1122a7a0	FUN_1122a7a0	11
1122a8e0	FUN_1122a8e0	3
1122a8f0	FUN_1122a8f0	9
1122a900	FUN_1122a900	17
1122a920	FUN_1122a920	24
1122a940	FUN_1122a940	13
1122ae20	FUN_1122ae20	64
1122ae70	FUN_1122ae70	13
1122ae80	FUN_1122ae80	3
1122ae90	FUN_1122ae90	3
1122aea0	FUN_1122aea0	5
1122aeb0	FUN_1122aeb0	3
1122aec0	FUN_1122aec0	3
1122aed0	FUN_1122aed0	56
1122af20	FUN_1122af20	11
1122b190	FUN_1122b190	15
1122b1b0	FUN_1122b1b0	15
1122b1d0	FUN_1122b1d0	5
1122b1e0	FUN_1122b1e0	7
1122b1f0	FUN_1122b1f0	18
1122b210	FUN_1122b210	15
1122b7e0	FUN_1122b7e0	3
1122b7f0	FUN_1122b7f0	3
1122bd00	FUN_1122bd00	3
1122bd30	FUN_1122bd30	13
1122bd40	FUN_1122bd40	11
1122c2d0	FUN_1122c2d0	11
1122c2e0	FUN_1122c2e0	3
1122c2f0	FUN_1122c2f0	3
1122c9c0	FUN_1122c9c0	20
1122cdc0	FUN_1122cdc0	3
1122cdd0	FUN_1122cdd0	3
1122ddd0	FUN_1122ddd0	4
1122df00	FUN_1122df00	3
1122df10	FUN_1122df10	3
1122df20	FUN_1122df20	3
1122df30	FUN_1122df30	3
1122e0f0	FUN_1122e0f0	30
1122e130	FUN_1122e130	14
1122e230	FUN_1122e230	13
1122e240	FUN_1122e240	13
1122e2a0	FUN_1122e2a0	11
1122e880	FUN_1122e880	11
1122e960	FUN_1122e960	7
1122f160	FUN_1122f160	13
1122f170	FUN_1122f170	13
1122f180	FUN_1122f180	13
1122f190	FUN_1122f190	5
11230890	FUN_11230890	3
112308a0	FUN_112308a0	3
11230bc0	FUN_11230bc0	81
11230d20	FUN_11230d20	18
112313e0	FUN_112313e0	3
11231450	FUN_11231450	3
11231640	FUN_11231640	3
11231ad0	FUN_11231ad0	59
112329c0	FUN_112329c0	21
11233860	FUN_11233860	12
11233870	FUN_11233870	12
11233e20	FUN_11233e20	13
11235520	FUN_11235520	13
11236170	FUN_11236170	20
11236190	FUN_11236190	20
112361b0	FUN_112361b0	20
11236520	FUN_11236520	28
11236550	FUN_11236550	31
11236580	FUN_11236580	24
112365f0	FUN_112365f0	42
11236720	FUN_11236720	220
11236c80	FUN_11236c80	176
11237130	FUN_11237130	326
11237820	FUN_11237820	119
11237b80	FUN_11237b80	14
11237c30	FUN_11237c30	4
11237d30	FUN_11237d30	12
11237d40	FUN_11237d40	77
11237ef0	FUN_11237ef0	66
11237fd0	FUN_11237fd0	99
11238050	FUN_11238050	11
112382a0	FUN_112382a0	42
11238b10	FUN_11238b10	18
11239550	FUN_11239550	60
112395a0	FUN_112395a0	29
11239b70	FUN_11239b70	71
11239bd0	FUN_11239bd0	7
11239be0	FUN_11239be0	3
1123a020	FUN_1123a020	26
1123a130	FUN_1123a130	91
1123a870	FUN_1123a870	7
1123a880	FUN_1123a880	7
1123ad50	FUN_1123ad50	49
1123b200	FUN_1123b200	21
1123b240	FUN_1123b240	8
1123b420	FUN_1123b420	7
1123b800	FUN_1123b800	142
1123d4b0	FUN_1123d4b0	70
1123f100	FUN_1123f100	70
1123fd00	FUN_1123fd00	6
11240440	FUN_11240440	21
11240460	FUN_11240460	9
11240660	FUN_11240660	9
11240670	FUN_11240670	6
112406c0	FUN_112406c0	3
11240830	FUN_11240830	8
11240860	FUN_11240860	3
11241230	FUN_11241230	3
11241240	FUN_11241240	3
11241800	FUN_11241800	20
112418f0	FUN_112418f0	4
11241a90	FUN_11241a90	73
11241af0	FUN_11241af0	174
11241c40	FUN_11241c40	55
11241c90	FUN_11241c90	12
11241cf0	FUN_11241cf0	11
11241e70	FUN_11241e70	22
11241ea0	FUN_11241ea0	17
11241fa0	FUN_11241fa0	12
11242930	FUN_11242930	11
11242ce0	FUN_11242ce0	17
11242d00	thunk_FUN_1145af90	5
11242d10	FUN_11242d10	91
11242f60	FUN_11242f60	15
11242f80	FUN_11242f80	3
11242f90	FUN_11242f90	3
112430e0	FUN_112430e0	20
11243100	FUN_11243100	19
11243120	FUN_11243120	7
11243130	FUN_11243130	7
11243140	FUN_11243140	6
11243150	FUN_11243150	3
11243160	FUN_11243160	5
11243170	FUN_11243170	5
11243500	FUN_11243500	3
11243510	FUN_11243510	3
11243550	FUN_11243550	4
112437f0	FUN_112437f0	4
11243800	FUN_11243800	4
11243810	FUN_11243810	17
11243830	FUN_11243830	12
11243840	FUN_11243840	13
11243850	FUN_11243850	3
11243bb0	FUN_11243bb0	20
11243bd0	FUN_11243bd0	3
11243be0	FUN_11243be0	3
11244aa0	FUN_11244aa0	20
11244c00	FUN_11244c00	41
11244c40	FUN_11244c40	14
11244c60	FUN_11244c60	6
11244df0	FUN_11244df0	13
112467f0	FUN_112467f0	9
112479d0	FUN_112479d0	11
11247d20	FUN_11247d20	23
112488c0	FUN_112488c0	7
11249000	FUN_11249000	16
11249140	FUN_11249140	35
11249c40	FUN_11249c40	15
11249c60	FUN_11249c60	19
11249e50	FUN_11249e50	4
11249fc0	FUN_11249fc0	15
1124a390	FUN_1124a390	3
1124c530	FUN_1124c530	78
1124c6b0	FUN_1124c6b0	189
1124cef0	FUN_1124cef0	59
1124d220	FUN_1124d220	38
1124d650	FUN_1124d650	82
1124d8f0	FUN_1124d8f0	16
1124f4a0	FUN_1124f4a0	21
1124ff00	FUN_1124ff00	63
11250100	FUN_11250100	70
112502a0	FUN_112502a0	21
11250570	FUN_11250570	41
112517a0	FUN_112517a0	8
112517b0	FUN_112517b0	8
112519b0	FUN_112519b0	18
11252240	FUN_11252240	14
112526d0	FUN_112526d0	18
112526f0	FUN_112526f0	16
11252710	FUN_11252710	18
11252730	FUN_11252730	16
11252750	FUN_11252750	6
11252760	FUN_11252760	6
11252770	FUN_11252770	6
11252780	FUN_11252780	6
11252790	FUN_11252790	6
112527a0	FUN_112527a0	6
112527b0	FUN_112527b0	18
112527d0	FUN_112527d0	18
112527f0	FUN_112527f0	6
11252800	FUN_11252800	6
11252810	FUN_11252810	6
11252820	FUN_11252820	6
11252880	FUN_11252880	4
11252890	FUN_11252890	62
112528e0	FUN_112528e0	45
11252920	FUN_11252920	8
11252930	FUN_11252930	8
11252940	FUN_11252940	4
11252950	FUN_11252950	8
11252960	FUN_11252960	4
11252dc0	FUN_11252dc0	37
11252df0	FUN_11252df0	13
11253120	FUN_11253120	4
112532d0	FUN_112532d0	7
11253bd0	FUN_11253bd0	26
11253cb0	FUN_11253cb0	8
11253cc0	FUN_11253cc0	4
11253d90	FUN_11253d90	10
11253da0	FUN_11253da0	5
11253db0	FUN_11253db0	10
11253dc0	FUN_11253dc0	13
11253dd0	FUN_11253dd0	13
11253de0	FUN_11253de0	4
11253e20	FUN_11253e20	8
11253e30	FUN_11253e30	8
112544e0	FUN_112544e0	18
11254bc0	FUN_11254bc0	71
11254dd0	FUN_11254dd0	8
11255540	FUN_11255540	3
11255a10	FUN_11255a10	118
11255ab0	FUN_11255ab0	182
11255cd0	FUN_11255cd0	182
11255fb0	FUN_11255fb0	7
11255fc0	FUN_11255fc0	7
11256250	FUN_11256250	7
112562f0	FUN_112562f0	4
11257340	FUN_11257340	36
11257540	FUN_11257540	7
112575a0	FUN_112575a0	62
11257880	FUN_11257880	7
11257890	FUN_11257890	49
112578d0	FUN_112578d0	4
112578e0	FUN_112578e0	9
11257bc0	FUN_11257bc0	7
11257bd0	FUN_11257bd0	83
11258240	FUN_11258240	24
11258a80	FUN_11258a80	44
11258ac0	FUN_11258ac0	24
11258ef0	FUN_11258ef0	7
11258f00	FUN_11258f00	26
11259370	FUN_11259370	107
11259e10	FUN_11259e10	7
11259e60	FUN_11259e60	7
11259eb0	FUN_11259eb0	7
11259ec0	FUN_11259ec0	7
11259ed0	FUN_11259ed0	7
11259f30	FUN_11259f30	7
11259f90	FUN_11259f90	11
11259fa0	FUN_11259fa0	11
11259fb0	FUN_11259fb0	7
11259fc0	FUN_11259fc0	7
1125a240	FUN_1125a240	13
1125bbc0	FUN_1125bbc0	3
1125bef0	FUN_1125bef0	37
1125bf80	FUN_1125bf80	6
1125c810	FUN_1125c810	58
1125cbe0	FUN_1125cbe0	21
1125d290	FUN_1125d290	22
1125d2e0	FUN_1125d2e0	8
1125d820	FUN_1125d820	6
1125d9e0	FUN_1125d9e0	3
11260780	FUN_11260780	55
11260a70	FUN_11260a70	4
11260a90	FUN_11260a90	7
11260f80	FUN_11260f80	3
11261190	FUN_11261190	32
11262900	FUN_11262900	96
11262c20	FUN_11262c20	66
11263600	FUN_11263600	25
11264760	FUN_11264760	19
11264790	FUN_11264790	76
11264c70	FUN_11264c70	10
11264cc0	FUN_11264cc0	10
11264d60	FUN_11264d60	6
11264d70	FUN_11264d70	36
11264e50	FUN_11264e50	3
11265060	FUN_11265060	4
11265070	FUN_11265070	4
11265080	FUN_11265080	3
11265120	FUN_11265120	4
11265280	FUN_11265280	4
11265290	FUN_11265290	3
112673f0	FUN_112673f0	26
11267480	FUN_11267480	17
112674a0	FUN_112674a0	49
112674e0	FUN_112674e0	14
11268070	FUN_11268070	98
11268ad0	FUN_11268ad0	48
11268b10	FUN_11268b10	50
11268b50	FUN_11268b50	7
11268ba0	FUN_11268ba0	7
11268bb0	FUN_11268bb0	7
11268f80	FUN_11268f80	4
11269180	FUN_11269180	8
11269190	FUN_11269190	4
112691a0	FUN_112691a0	21
112691c0	FUN_112691c0	18
112691e0	FUN_112691e0	7
112691f0	FUN_112691f0	64
11269240	FUN_11269240	166
112694a0	FUN_112694a0	8
112696e0	FUN_112696e0	119
1126b070	FUN_1126b070	7
1126b080	FUN_1126b080	7
1126b320	FUN_1126b320	52
1126bad0	FUN_1126bad0	13
1126bae0	FUN_1126bae0	18
1126bb00	FUN_1126bb00	26
1126bb20	FUN_1126bb20	23
1126bbc0	FUN_1126bbc0	24
1126bbe0	FUN_1126bbe0	79
1126ce20	FUN_1126ce20	37
1126ce50	FUN_1126ce50	18
1126cf40	FUN_1126cf40	22
1126cfc0	FUN_1126cfc0	11
1126cfd0	FUN_1126cfd0	11
1126cfe0	FUN_1126cfe0	18
1126d0f0	FUN_1126d0f0	22
1126d110	FUN_1126d110	11
1126d180	FUN_1126d180	3
1126d1b0	FUN_1126d1b0	13
1126d1c0	FUN_1126d1c0	13
1126d1d0	FUN_1126d1d0	3
1126d740	FUN_1126d740	15
1126d760	FUN_1126d760	15
1126d780	FUN_1126d780	13
1126d790	FUN_1126d790	13
1126d7a0	FUN_1126d7a0	5
1126d7b0	FUN_1126d7b0	41
1126d7f0	FUN_1126d7f0	13
1126d960	FUN_1126d960	7
1126d970	FUN_1126d970	5
1126d980	FUN_1126d980	5
1126d990	FUN_1126d990	5
1126d9a0	FUN_1126d9a0	5
1126d9b0	FUN_1126d9b0	5
1126d9c0	FUN_1126d9c0	33
1126da50	FUN_1126da50	3
1126dab0	FUN_1126dab0	15
1126dad0	FUN_1126dad0	15
1126db70	FUN_1126db70	5
1126db80	FUN_1126db80	5
1126db90	FUN_1126db90	5
1126dba0	FUN_1126dba0	5
1126dbb0	FUN_1126dbb0	5
1126dbc0	FUN_1126dbc0	5
1126dbd0	FUN_1126dbd0	5
1126dbe0	FUN_1126dbe0	5
1126dbf0	FUN_1126dbf0	11
1126dd60	FUN_1126dd60	5
1126dd70	FUN_1126dd70	18
1126ddd0	FUN_1126ddd0	11
1126dde0	FUN_1126dde0	11
1126de70	FUN_1126de70	11
1126de80	FUN_1126de80	11
1126de90	FUN_1126de90	16
1126deb0	FUN_1126deb0	3
1126df10	FUN_1126df10	13
1126e2e0	FUN_1126e2e0	19
1126e300	FUN_1126e300	19
1126e3d0	FUN_1126e3d0	3
1126e3e0	FUN_1126e3e0	14
1126e400	FUN_1126e400	14
1126e420	FUN_1126e420	14
1126e440	FUN_1126e440	14
1126e5a0	FUN_1126e5a0	6
1126e5b0	FUN_1126e5b0	6
1126e5c0	FUN_1126e5c0	6
1126e5d0	FUN_1126e5d0	6
1126e5e0	FUN_1126e5e0	6
1126e7a0	FUN_1126e7a0	7
1126e8c0	FUN_1126e8c0	5
1126ec20	FUN_1126ec20	3
1126ec30	FUN_1126ec30	3
1126ec40	FUN_1126ec40	3
1126ec50	FUN_1126ec50	3
1126ec60	FUN_1126ec60	3
1126ec70	FUN_1126ec70	3
1126ec80	FUN_1126ec80	3
1126ec90	FUN_1126ec90	3
1126f000	FUN_1126f000	3
1126f010	FUN_1126f010	11
1126f090	FUN_1126f090	9
1126f0a0	FUN_1126f0a0	11
1126f5f0	FUN_1126f5f0	13
1126f600	FUN_1126f600	11
1126f670	FUN_1126f670	12
1126f920	FUN_1126f920	11
1126f930	FUN_1126f930	11
1126fb70	FUN_1126fb70	13
1126fd00	FUN_1126fd00	6
1126fd10	FUN_1126fd10	6
1126fd20	FUN_1126fd20	5
11270280	FUN_11270280	10
11270290	FUN_11270290	10
112702f0	FUN_112702f0	12
11270980	FUN_11270980	6
11270a20	FUN_11270a20	51
11270cf0	FUN_11270cf0	8
11270d00	FUN_11270d00	8
11272170	FUN_11272170	21
112723f0	FUN_112723f0	16
11272460	FUN_11272460	3
11272470	FUN_11272470	3
11272480	FUN_11272480	5
11272490	FUN_11272490	5
112724a0	FUN_112724a0	5
112724b0	FUN_112724b0	5
112724c0	FUN_112724c0	8
112724d0	FUN_112724d0	10
112724e0	FUN_112724e0	24
112725a0	FUN_112725a0	30
112726c0	FUN_112726c0	16
112726e0	FUN_112726e0	5
112726f0	FUN_112726f0	5
11272700	FUN_11272700	5
11272710	FUN_11272710	5
11272720	FUN_11272720	121
11272980	FUN_11272980	5
11272a50	FUN_11272a50	5
11272a60	FUN_11272a60	5
11272a70	FUN_11272a70	16
11272a90	FUN_11272a90	19
11272ab0	FUN_11272ab0	16
11272b90	FUN_11272b90	45
11272c10	FUN_11272c10	16
11272d10	FUN_11272d10	7
11272d80	FUN_11272d80	26
11272da0	FUN_11272da0	26
11273150	FUN_11273150	24
11273650	FUN_11273650	28
11273930	FUN_11273930	28
11273a20	FUN_11273a20	18
11273b10	FUN_11273b10	3
11273bf0	FUN_11273bf0	17
11273c30	FUN_11273c30	33
11273e30	FUN_11273e30	3
11273ee0	FUN_11273ee0	7
11273f50	FUN_11273f50	33
11274780	FUN_11274780	24
112752e0	FUN_112752e0	3
112752f0	FUN_112752f0	50
11275330	FUN_11275330	43
11275440	FUN_11275440	9
11275450	FUN_11275450	4
112755b0	FUN_112755b0	4
112755c0	FUN_112755c0	4
11275860	FUN_11275860	13
11275ea0	FUN_11275ea0	19
112760c0	FUN_112760c0	10
11276130	FUN_11276130	10
11276230	FUN_11276230	10
11276240	FUN_11276240	10
11276250	FUN_11276250	37
112762e0	FUN_112762e0	3
112762f0	FUN_112762f0	3
11276310	FUN_11276310	7
112767f0	FUN_112767f0	62
11276920	FUN_11276920	14
11276940	FUN_11276940	29
11277d40	FUN_11277d40	18
11277ee0	FUN_11277ee0	3
11278280	FUN_11278280	4
112782a0	FUN_112782a0	4
11278320	FUN_11278320	7
11278330	FUN_11278330	4
11278340	FUN_11278340	4
11278350	FUN_11278350	7
11278360	FUN_11278360	7
11278370	FUN_11278370	7
11278380	FUN_11278380	7
112783a0	FUN_112783a0	4
11278550	FUN_11278550	73
112785b0	FUN_112785b0	74
11278610	FUN_11278610	49
112789d0	FUN_112789d0	8
11278a60	FUN_11278a60	10
11278a70	FUN_11278a70	10
11278aa0	FUN_11278aa0	29
11278ad0	FUN_11278ad0	10
11278ae0	FUN_11278ae0	13
11278af0	FUN_11278af0	32
11278d90	FUN_11278d90	25
11278db0	FUN_11278db0	13
11278dc0	FUN_11278dc0	19
11278de0	FUN_11278de0	11
11278df0	FUN_11278df0	13
11278e00	FUN_11278e00	11
11278e50	FUN_11278e50	26
11278e70	FUN_11278e70	26
112790c0	FUN_112790c0	7
112790d0	FUN_112790d0	5
11279110	FUN_11279110	19
11279160	FUN_11279160	47
112791a0	FUN_112791a0	15
112791c0	FUN_112791c0	5
112791d0	FUN_112791d0	5
112791e0	FUN_112791e0	5
112791f0	FUN_112791f0	5
11279230	FUN_11279230	5
11279240	FUN_11279240	21
11279260	FUN_11279260	23
11279280	FUN_11279280	3
11279290	FUN_11279290	23
11279550	FUN_11279550	7
11279560	FUN_11279560	17
11279680	FUN_11279680	49
112797a0	FUN_112797a0	3
112797b0	FUN_112797b0	3
112797c0	FUN_112797c0	3
112797d0	FUN_112797d0	3
112797e0	FUN_112797e0	3
112797f0	FUN_112797f0	3
11279800	FUN_11279800	6
112798f0	FUN_112798f0	41
11279930	FUN_11279930	41
11279b50	FUN_11279b50	3
11279b60	FUN_11279b60	9
11279c10	FUN_11279c10	31
11279c40	FUN_11279c40	3
11279dc0	FUN_11279dc0	3
11279e20	FUN_11279e20	6
11279e30	FUN_11279e30	6
11279e40	FUN_11279e40	47
11279e80	FUN_11279e80	9
11279f40	FUN_11279f40	6
1127a190	FUN_1127a190	4
1127a1a0	FUN_1127a1a0	3
1127a3e0	FUN_1127a3e0	21
1127a420	FUN_1127a420	57
1127adc0	FUN_1127adc0	41
1127ae80	FUN_1127ae80	125
1127b8c0	FUN_1127b8c0	9
1127bba0	thunk_FUN_11274a70	5
1127bea0	thunk_FUN_1127a270	5
1127bf40	FUN_1127bf40	28
1127bf80	FUN_1127bf80	98
1127c040	FUN_1127c040	16
1127c060	FUN_1127c060	62
1127c0b0	FUN_1127c0b0	62
1127c250	FUN_1127c250	22
1127c370	FUN_1127c370	50
1127c550	FUN_1127c550	62
1127c5a0	FUN_1127c5a0	62
1127c710	FUN_1127c710	132
1127c820	FUN_1127c820	118
1127c8c0	FUN_1127c8c0	66
1127cb10	FUN_1127cb10	21
1127cd30	FUN_1127cd30	23
1127d010	FUN_1127d010	47
1127d760	FUN_1127d760	3
1127d770	FUN_1127d770	3
1127d7b0	FUN_1127d7b0	36
1127d980	FUN_1127d980	38
1127d9b0	FUN_1127d9b0	4
1127d9c0	FUN_1127d9c0	4
1127d9d0	FUN_1127d9d0	116
1127da70	FUN_1127da70	123
1127dcd0	FUN_1127dcd0	8
1127dfd0	FUN_1127dfd0	5
1127e3c0	FUN_1127e3c0	6
1127e7b0	FUN_1127e7b0	82
1127eae0	FUN_1127eae0	49
1127eb20	FUN_1127eb20	50
1127f170	FUN_1127f170	14
1127f2a0	FUN_1127f2a0	5
112801b0	FUN_112801b0	49
11280270	FUN_11280270	52
11280340	FUN_11280340	49
11280380	FUN_11280380	12
11280390	FUN_11280390	15
112803b0	FUN_112803b0	40
112803f0	FUN_112803f0	49
11280430	FUN_11280430	8
112810a0	FUN_112810a0	18
11281170	FUN_11281170	7
11281340	FUN_11281340	6
112818b0	FUN_112818b0	3
11281990	FUN_11281990	39
11281b40	FUN_11281b40	132
11281e00	FUN_11281e00	25
11281f40	FUN_11281f40	25
11282310	FUN_11282310	81
11282d40	FUN_11282d40	14
11283180	FUN_11283180	8
11283210	FUN_11283210	4
11283300	FUN_11283300	118
112833a0	FUN_112833a0	9
11283470	FUN_11283470	4
11283910	FUN_11283910	13
11283b00	FUN_11283b00	18
11283fa0	FUN_11283fa0	13
112856a0	FUN_112856a0	18
11285890	FUN_11285890	28
11285920	FUN_11285920	20
112869d0	FUN_112869d0	7
112870b0	FUN_112870b0	13
112870c0	FUN_112870c0	13
112870d0	FUN_112870d0	3
11287b00	FUN_11287b00	20
11287c80	FUN_11287c80	6
11287c90	FUN_11287c90	6
11288f30	FUN_11288f30	6
11288f40	FUN_11288f40	6
11289130	FUN_11289130	29
11289160	FUN_11289160	29
11289930	FUN_11289930	96
1128a260	FUN_1128a260	14
1128a280	FUN_1128a280	14
1128a420	FUN_1128a420	9
1128a430	FUN_1128a430	17
1128a450	FUN_1128a450	13
1128a460	FUN_1128a460	21
1128a480	FUN_1128a480	17
1128a4a0	FUN_1128a4a0	17
1128a4c0	FUN_1128a4c0	13
1128a4d0	FUN_1128a4d0	17
1128a4f0	FUN_1128a4f0	13
1128a5c0	FUN_1128a5c0	22
1128a5e0	FUN_1128a5e0	3
1128a5f0	FUN_1128a5f0	3
1128a600	FUN_1128a600	3
1128a610	FUN_1128a610	3
1128a620	FUN_1128a620	11
1128a630	FUN_1128a630	15
1128a650	FUN_1128a650	11
1128a660	FUN_1128a660	11
1128a670	FUN_1128a670	5
1128a680	FUN_1128a680	6
1128a690	FUN_1128a690	7
1128a6a0	FUN_1128a6a0	7
1128a6b0	FUN_1128a6b0	7
1128a6c0	FUN_1128a6c0	15
1128a6e0	FUN_1128a6e0	15
1128a700	FUN_1128a700	19
1128a720	FUN_1128a720	58
1128a770	FUN_1128a770	15
1128a790	FUN_1128a790	5
1128a7a0	FUN_1128a7a0	5
1128ab80	FUN_1128ab80	62
1128ac00	FUN_1128ac00	3
1128ac10	FUN_1128ac10	3
1128ac20	FUN_1128ac20	3
1128ac40	FUN_1128ac40	65
1128aca0	FUN_1128aca0	65
1128ad00	FUN_1128ad00	73
1128ad60	FUN_1128ad60	65
1128adc0	FUN_1128adc0	81
1128ae30	FUN_1128ae30	5
1128ae40	FUN_1128ae40	4
1128ae50	FUN_1128ae50	4
1128ae60	FUN_1128ae60	4
1128ae70	FUN_1128ae70	4
1128ae80	FUN_1128ae80	4
1128b550	FUN_1128b550	11
1128b560	FUN_1128b560	15
1128b580	FUN_1128b580	54
1128b5d0	FUN_1128b5d0	11
1128b700	FUN_1128b700	3
1128b710	FUN_1128b710	3
1128b780	FUN_1128b780	3
1128b8d0	FUN_1128b8d0	23
1128bb80	FUN_1128bb80	29
1128bbb0	FUN_1128bbb0	29
1128bbe0	FUN_1128bbe0	4
1128bbf0	FUN_1128bbf0	13
1128bd90	FUN_1128bd90	58
1128bde0	FUN_1128bde0	7
1128bdf0	FUN_1128bdf0	3
1128be00	FUN_1128be00	3
1128be10	FUN_1128be10	3
1128be20	FUN_1128be20	3
1128c280	FUN_1128c280	24
1128c5f0	FUN_1128c5f0	3
1128c600	FUN_1128c600	3
1128c610	FUN_1128c610	3
1128c620	FUN_1128c620	3
1128ca30	FUN_1128ca30	27
1128ca60	FUN_1128ca60	4
1128ca70	FUN_1128ca70	4
1128ca80	FUN_1128ca80	4
1128cb00	FUN_1128cb00	4
1128d820	FUN_1128d820	3
1128d830	FUN_1128d830	3
1128d840	FUN_1128d840	3
1128d850	FUN_1128d850	3
1128d860	FUN_1128d860	3
1128d870	FUN_1128d870	3
1128d880	FUN_1128d880	3
1128d890	FUN_1128d890	3
1128d9c0	FUN_1128d9c0	6
1128d9d0	FUN_1128d9d0	88
1128de10	FUN_1128de10	88
1128e0f0	FUN_1128e0f0	8
1128ea70	FUN_1128ea70	4
1128f350	FUN_1128f350	42
1128f460	FUN_1128f460	4
1128f500	FUN_1128f500	62
11291e30	FUN_11291e30	60
11292d30	FUN_11292d30	30
11292d60	FUN_11292d60	3
11292f60	FUN_11292f60	6
11292fe0	FUN_11292fe0	3
11293200	FUN_11293200	4
11293320	FUN_11293320	12
11293940	FUN_11293940	3
11293bc0	FUN_11293bc0	37
11293f50	FUN_11293f50	20
11293f70	FUN_11293f70	18
11293f90	FUN_11293f90	22
11293fb0	FUN_11293fb0	18
11294150	FUN_11294150	20
11294170	FUN_11294170	11
11294180	FUN_11294180	11
11294190	FUN_11294190	22
112941b0	FUN_112941b0	11
112941c0	FUN_112941c0	11
112941d0	FUN_112941d0	22
112941f0	FUN_112941f0	22
11294210	FUN_11294210	11
11294220	FUN_11294220	11
11294250	FUN_11294250	13
11294260	FUN_11294260	13
11294270	FUN_11294270	3
11294390	FUN_11294390	15
112943b0	FUN_112943b0	15
112943d0	FUN_112943d0	5
11294630	FUN_11294630	7
11294640	FUN_11294640	7
11294650	FUN_11294650	5
11294660	FUN_11294660	5
11294670	FUN_11294670	5
11294680	FUN_11294680	5
11294690	FUN_11294690	5
112946a0	FUN_112946a0	22
112946c0	FUN_112946c0	22
112946e0	FUN_112946e0	3
112946f0	FUN_112946f0	15
11294710	FUN_11294710	15
11294730	FUN_11294730	5
11294740	FUN_11294740	5
11294750	FUN_11294750	5
11294760	FUN_11294760	5
11294770	FUN_11294770	5
11294780	FUN_11294780	5
11294790	FUN_11294790	5
112947a0	FUN_112947a0	5
112947b0	FUN_112947b0	11
112947c0	FUN_112947c0	11
112947d0	FUN_112947d0	5
112947e0	FUN_112947e0	5
112947f0	FUN_112947f0	5
11294800	FUN_11294800	18
112948e0	FUN_112948e0	11
112948f0	FUN_112948f0	11
11294900	FUN_11294900	16
11294920	FUN_11294920	3
11294980	FUN_11294980	13
11294990	FUN_11294990	13
11294a40	FUN_11294a40	25
11294a60	FUN_11294a60	101
11294b50	FUN_11294b50	19
11294b70	FUN_11294b70	19
11295010	FUN_11295010	6
11295020	FUN_11295020	6
11295110	FUN_11295110	18
11295400	FUN_11295400	3
11295410	FUN_11295410	3
11295420	FUN_11295420	3
11295430	FUN_11295430	3
11295440	FUN_11295440	3
11295450	FUN_11295450	3
11295460	FUN_11295460	3
11295470	FUN_11295470	3
11295710	FUN_11295710	79
11295780	FUN_11295780	31
112957b0	FUN_112957b0	3
112957c0	FUN_112957c0	11
112957d0	FUN_112957d0	83
11295840	FUN_11295840	13
11295850	FUN_11295850	10
112967c0	FUN_112967c0	4
112967d0	FUN_112967d0	4
112967f0	FUN_112967f0	4
11296800	FUN_11296800	4
11296c80	FUN_11296c80	6
11296c90	FUN_11296c90	6
112976c0	FUN_112976c0	23
112979c0	FUN_112979c0	3
112979d0	FUN_112979d0	3
112979e0	FUN_112979e0	103
11297a70	FUN_11297a70	67
11297e80	FUN_11297e80	47
11297fc0	FUN_11297fc0	23
11298400	FUN_11298400	7
11298410	FUN_11298410	3
11298420	FUN_11298420	4
11298440	FUN_11298440	3
11298510	FUN_11298510	53
11298560	FUN_11298560	170
11298640	FUN_11298640	8
11298b40	FUN_11298b40	4
11298b50	FUN_11298b50	84
11298cd0	FUN_11298cd0	47
11299810	FUN_11299810	12
11299820	FUN_11299820	12
11299c70	FUN_11299c70	6
11299cb0	thunk_FUN_112b02d0	5
11299cc0	FUN_11299cc0	16
11299ce0	FUN_11299ce0	19
11299d00	FUN_11299d00	19
11299d20	FUN_11299d20	19
11299d60	FUN_11299d60	5
11299d70	FUN_11299d70	11
11299d80	FUN_11299d80	11
11299da0	FUN_11299da0	6
11299db0	FUN_11299db0	6
1129a4e0	FUN_1129a4e0	3
1129a4f0	FUN_1129a4f0	31
1129a520	FUN_1129a520	13
1129a530	FUN_1129a530	10
1129a540	FUN_1129a540	7
1129a550	FUN_1129a550	7
1129a560	FUN_1129a560	13
1129a570	FUN_1129a570	5
1129a580	FUN_1129a580	10
1129a750	FUN_1129a750	76
1129ad30	thunk_FUN_112b02d0	5
1129b350	FUN_1129b350	26
1129b3c0	FUN_1129b3c0	30
1129b830	FUN_1129b830	24
1129bcf0	FUN_1129bcf0	11
1129be70	FUN_1129be70	5
1129be80	FUN_1129be80	5
1129be90	FUN_1129be90	5
1129bea0	FUN_1129bea0	5
1129beb0	FUN_1129beb0	5
1129bec0	FUN_1129bec0	5
1129bed0	FUN_1129bed0	5
1129bee0	FUN_1129bee0	5
1129bef0	FUN_1129bef0	5
1129bf00	FUN_1129bf00	5
1129bf10	FUN_1129bf10	5
1129bf20	FUN_1129bf20	5
1129bf30	FUN_1129bf30	5
1129bf40	FUN_1129bf40	5
1129bf50	FUN_1129bf50	5
1129bf60	FUN_1129bf60	5
1129bf70	FUN_1129bf70	5
1129bf80	FUN_1129bf80	5
1129bf90	FUN_1129bf90	5
1129bfa0	FUN_1129bfa0	5
1129bfb0	FUN_1129bfb0	5
1129bfc0	FUN_1129bfc0	5
1129bfd0	FUN_1129bfd0	5
1129bfe0	FUN_1129bfe0	5
1129bff0	FUN_1129bff0	5
1129c000	FUN_1129c000	5
1129c010	FUN_1129c010	5
1129c020	FUN_1129c020	5
1129c030	FUN_1129c030	5
1129c040	FUN_1129c040	5
1129c050	FUN_1129c050	3
1129c060	FUN_1129c060	5
1129c070	FUN_1129c070	5
1129c080	FUN_1129c080	3
1129c090	FUN_1129c090	21
1129c270	FUN_1129c270	5
1129c280	FUN_1129c280	5
1129c290	FUN_1129c290	5
1129c2a0	FUN_1129c2a0	11
1129c2b0	FUN_1129c2b0	5
1129c2c0	FUN_1129c2c0	5
1129c2d0	FUN_1129c2d0	5
1129c2e0	FUN_1129c2e0	5
1129c2f0	FUN_1129c2f0	5
1129c300	FUN_1129c300	5
1129c310	FUN_1129c310	5
1129c320	FUN_1129c320	5
1129c330	FUN_1129c330	5
1129c340	FUN_1129c340	5
1129c350	FUN_1129c350	5
1129c360	FUN_1129c360	5
1129c370	FUN_1129c370	5
1129c380	FUN_1129c380	5
1129c390	FUN_1129c390	5
1129c3a0	FUN_1129c3a0	5
1129c3b0	FUN_1129c3b0	5
1129c3c0	FUN_1129c3c0	5
1129c3d0	FUN_1129c3d0	12
1129c3e0	FUN_1129c3e0	12
1129c7a0	FUN_1129c7a0	3
1129c7b0	FUN_1129c7b0	3
1129c7c0	FUN_1129c7c0	3
1129c7d0	FUN_1129c7d0	3
1129ca10	FUN_1129ca10	79
1129ca80	FUN_1129ca80	4
1129ca90	FUN_1129ca90	4
1129ce50	FUN_1129ce50	54
1129d3b0	FUN_1129d3b0	3
1129d3c0	FUN_1129d3c0	30
1129d410	FUN_1129d410	3
1129d420	FUN_1129d420	3
1129d430	FUN_1129d430	4
1129d450	FUN_1129d450	4
1129d460	FUN_1129d460	4
1129d470	FUN_1129d470	4
1129d480	FUN_1129d480	4
1129da10	FUN_1129da10	3
1129da20	FUN_1129da20	5
1129da70	FUN_1129da70	3
1129da80	FUN_1129da80	3
1129da90	FUN_1129da90	3
1129daa0	FUN_1129daa0	8
1129e5b0	FUN_1129e5b0	168
1129f180	FUN_1129f180	83
1129f4c0	FUN_1129f4c0	24
1129f680	FUN_1129f680	11
1129fb80	FUN_1129fb80	45
1129fbc0	FUN_1129fbc0	15
1129fbe0	FUN_1129fbe0	26
112a0030	FUN_112a0030	15
112a09f0	FUN_112a09f0	12
112a0a00	FUN_112a0a00	23
112a3390	FUN_112a3390	24
112a33b0	FUN_112a33b0	24
112a33d0	FUN_112a33d0	16
112a33f0	FUN_112a33f0	6
112a3400	FUN_112a3400	80
112a34a0	FUN_112a34a0	49
112a34e0	FUN_112a34e0	53
112a4000	FUN_112a4000	3
112a4280	FUN_112a4280	67
112a43b0	FUN_112a43b0	30
112a4560	FUN_112a4560	62
112a5100	FUN_112a5100	3
112a5160	FUN_112a5160	15
112a5180	FUN_112a5180	23
112a61a0	FUN_112a61a0	21
112a6430	FUN_112a6430	28
112a6460	FUN_112a6460	31
112a64f0	FUN_112a64f0	33
112a6550	FUN_112a6550	58
112a7e20	FUN_112a7e20	3
112a7e30	FUN_112a7e30	3
112a8c60	FUN_112a8c60	6
112a9150	FUN_112a9150	3
112a9620	FUN_112a9620	3
112a9760	FUN_112a9760	3
112a9e30	FUN_112a9e30	86
112aa040	thunk_FUN_112a09f0	5
112aa050	FUN_112aa050	36
112aa990	FUN_112aa990	22
112aa9b0	FUN_112aa9b0	18
112aa9d0	FUN_112aa9d0	4
112aa9e0	FUN_112aa9e0	4
112ab3f0	FUN_112ab3f0	18
112ab410	FUN_112ab410	18
112ab760	FUN_112ab760	22
112ab9d0	FUN_112ab9d0	13
112ad180	FUN_112ad180	50
112ad1c0	FUN_112ad1c0	131
112adb00	FUN_112adb00	25
112adb50	FUN_112adb50	38
112adb80	FUN_112adb80	29
112ae410	FUN_112ae410	140
112ae420	FUN_112ae420	91
112ae820	FUN_112ae820	13
112ae830	FUN_112ae830	86
112ae840	FUN_112ae840	98
112ae8c0	FUN_112ae8c0	28
112ae8f0	FUN_112ae8f0	37
112aefe0	FUN_112aefe0	94
112af060	FUN_112af060	8
112af2e0	FUN_112af2e0	77
112af3e0	FUN_112af3e0	51
112b01b0	FUN_112b01b0	15
112b1ae0	FUN_112b1ae0	17
112b2810	FUN_112b2810	12
112b2820	FUN_112b2820	16
112b2840	FUN_112b2840	25
112b2860	FUN_112b2860	25
112b2880	FUN_112b2880	25
112c03f0	FUN_112c03f0	11
112c3790	FUN_112c3790	11
112c37a0	FUN_112c37a0	11
112c37b0	FUN_112c37b0	11
112c37c0	FUN_112c37c0	11
112c37d0	FUN_112c37d0	11
112c37e0	FUN_112c37e0	13
112c37f0	FUN_112c37f0	13
112c3800	FUN_112c3800	17
112c3840	FUN_112c3840	23
112c3980	FUN_112c3980	60
112c39d0	FUN_112c39d0	23
112c39f0	FUN_112c39f0	19
112c3a40	FUN_112c3a40	29
112c3bd0	FUN_112c3bd0	7
112c3be0	FUN_112c3be0	13
112c3bf0	FUN_112c3bf0	8
112c3c00	FUN_112c3c00	5
112c3c10	FUN_112c3c10	13
112c3c50	FUN_112c3c50	5
112c3c90	FUN_112c3c90	23
112c3cd0	FUN_112c3cd0	5
112c3ce0	FUN_112c3ce0	5
112c3cf0	FUN_112c3cf0	5
112c3d00	FUN_112c3d00	8
112c3d10	FUN_112c3d10	5
112c3d20	FUN_112c3d20	11
112c3d30	FUN_112c3d30	11
112c3d40	FUN_112c3d40	11
112c3d50	FUN_112c3d50	11
112c3d60	FUN_112c3d60	11
112c3d70	FUN_112c3d70	11
112c3d80	FUN_112c3d80	11
112c3d90	FUN_112c3d90	12
112c3da0	FUN_112c3da0	12
112c3db0	FUN_112c3db0	12
112c3dc0	FUN_112c3dc0	12
112c3e90	FUN_112c3e90	9
112c4120	FUN_112c4120	9
112c4160	FUN_112c4160	3
112c4170	FUN_112c4170	3
112c4180	FUN_112c4180	11
112c4190	FUN_112c4190	54
112c41e0	FUN_112c41e0	54
112c4230	FUN_112c4230	54
112c4280	FUN_112c4280	17
112c42a0	FUN_112c42a0	3
112c42b0	FUN_112c42b0	3
112c42c0	FUN_112c42c0	6
112c4f60	FUN_112c4f60	4
112c4f70	FUN_112c4f70	4
112c7e60	FUN_112c7e60	3
112c8c80	FUN_112c8c80	29
112c9600	FUN_112c9600	6
112c9610	FUN_112c9610	25
112c99b0	FUN_112c99b0	19
112c99d0	FUN_112c99d0	16
112c9ce0	FUN_112c9ce0	80
112c9d50	FUN_112c9d50	81
112c9dc0	FUN_112c9dc0	21
112c9df0	FUN_112c9df0	19
112c9e10	FUN_112c9e10	62
112c9e60	FUN_112c9e60	30
112c9e90	FUN_112c9e90	19
112c9eb0	FUN_112c9eb0	19
112c9ed0	FUN_112c9ed0	22
112c9ef0	FUN_112c9ef0	26
112ca990	FUN_112ca990	19
112caa00	FUN_112caa00	43
112caab0	FUN_112caab0	23
112caaf0	FUN_112caaf0	16
112cab30	FUN_112cab30	23
112cab50	FUN_112cab50	23
112cab70	FUN_112cab70	19
112cac30	FUN_112cac30	16
112cac50	FUN_112cac50	16
112cac70	FUN_112cac70	16
112cac90	FUN_112cac90	16
112cacb0	FUN_112cacb0	19
112cacd0	FUN_112cacd0	16
112cacf0	FUN_112cacf0	23
112cad10	FUN_112cad10	65
112cad90	FUN_112cad90	16
112cadb0	FUN_112cadb0	16
112cadd0	FUN_112cadd0	43
112cae10	FUN_112cae10	16
112cae30	FUN_112cae30	39
112cae60	FUN_112cae60	16
112cae80	FUN_112cae80	16
112caea0	FUN_112caea0	16
112caec0	FUN_112caec0	16
112caf00	FUN_112caf00	26
112caf20	FUN_112caf20	16
112caf60	FUN_112caf60	19
112caf80	FUN_112caf80	118
112cb020	FUN_112cb020	49
112cb060	FUN_112cb060	12
112d7670	FUN_112d7670	24
112d7690	FUN_112d7690	24
112e91c0	FUN_112e91c0	18
112e91e0	FUN_112e91e0	8
112e91f0	FUN_112e91f0	18
112e9210	FUN_112e9210	8
112e92a0	FUN_112e92a0	11
112e92b0	FUN_112e92b0	11
112e92c0	FUN_112e92c0	11
112e92d0	FUN_112e92d0	11
112e92e0	FUN_112e92e0	5
112e92f0	FUN_112e92f0	5
112e9300	FUN_112e9300	5
112e9310	FUN_112e9310	5
112e9320	FUN_112e9320	5
112e9330	FUN_112e9330	5
112e9340	FUN_112e9340	5
112e9350	FUN_112e9350	5
112e9360	FUN_112e9360	5
112e9370	FUN_112e9370	5
112e9380	FUN_112e9380	5
112e9390	FUN_112e9390	5
112e93a0	FUN_112e93a0	5
112e93b0	FUN_112e93b0	18
112e93d0	FUN_112e93d0	8
112e93e0	FUN_112e93e0	18
112e9400	FUN_112e9400	8
112e9410	FUN_112e9410	5
112e9420	FUN_112e9420	5
112e9430	FUN_112e9430	5
112e9440	FUN_112e9440	5
112e9450	FUN_112e9450	3
112e9460	FUN_112e9460	3
112e9470	FUN_112e9470	3
112e9480	FUN_112e9480	3
112e9490	FUN_112e9490	10
112e94a0	FUN_112e94a0	10
112e94b0	FUN_112e94b0	10
112e94c0	FUN_112e94c0	10
112e97b0	FUN_112e97b0	8
112e97c0	FUN_112e97c0	8
112e97d0	FUN_112e97d0	8
112e97e0	FUN_112e97e0	8
112e9830	FUN_112e9830	4
112e9840	FUN_112e9840	4
112e9850	FUN_112e9850	4
112e9860	FUN_112e9860	4
112e9870	FUN_112e9870	7
112e9880	FUN_112e9880	7
112e9890	FUN_112e9890	7
112e98a0	FUN_112e98a0	7
112e9930	FUN_112e9930	10
112e9940	FUN_112e9940	10
112e9950	FUN_112e9950	10
112e9960	FUN_112e9960	10
112e9b50	FUN_112e9b50	50
112eabb0	FUN_112eabb0	5
112eabc0	FUN_112eabc0	5
112eabd0	FUN_112eabd0	25
112eabf0	FUN_112eabf0	19
112eac10	FUN_112eac10	19
112eb120	FUN_112eb120	19
112eb550	FUN_112eb550	12
112eb560	FUN_112eb560	26
112eb6b0	FUN_112eb6b0	3
112eb6c0	FUN_112eb6c0	5
112eb6d0	FUN_112eb6d0	5
112eb6e0	FUN_112eb6e0	60
112eb790	FUN_112eb790	13
112eb7d0	FUN_112eb7d0	3
112eb7e0	FUN_112eb7e0	3
112eb810	FUN_112eb810	7
112ebe90	FUN_112ebe90	11
112ebea0	FUN_112ebea0	3
112ebed0	FUN_112ebed0	5
112ebee0	FUN_112ebee0	5
112ebef0	FUN_112ebef0	5
112ebf60	FUN_112ebf60	5
112ebfa0	FUN_112ebfa0	5
112ebfd0	FUN_112ebfd0	5
112ebfe0	FUN_112ebfe0	5
112ebff0	FUN_112ebff0	5
112ec000	FUN_112ec000	5
112ec010	FUN_112ec010	15
112ec030	FUN_112ec030	5
112ec040	FUN_112ec040	5
112ec050	FUN_112ec050	5
112ec060	FUN_112ec060	5
112ec070	FUN_112ec070	5
112ec0a0	FUN_112ec0a0	5
112ec0b0	FUN_112ec0b0	5
112ec0c0	FUN_112ec0c0	5
112ec0d0	FUN_112ec0d0	5
112ec0e0	FUN_112ec0e0	5
112ec0f0	FUN_112ec0f0	5
112ec120	FUN_112ec120	5
112ec130	FUN_112ec130	5
112ec140	FUN_112ec140	60
112ec1f0	FUN_112ec1f0	5
112ec200	FUN_112ec200	5
112ec230	FUN_112ec230	5
112ec240	FUN_112ec240	5
112ec250	FUN_112ec250	5
112ec260	FUN_112ec260	5
112ec270	FUN_112ec270	5
112ec560	FUN_112ec560	11
112ec570	FUN_112ec570	11
112ec580	FUN_112ec580	11
112ec590	FUN_112ec590	3
112ec5a0	FUN_112ec5a0	3
112ec5b0	FUN_112ec5b0	10
112ec5c0	FUN_112ec5c0	10
112ec5d0	FUN_112ec5d0	17
112ec5f0	FUN_112ec5f0	23
112ec610	FUN_112ec610	3
112ec620	FUN_112ec620	3
112ec630	FUN_112ec630	11
112ec640	FUN_112ec640	63
112ec960	FUN_112ec960	12
112ecb50	FUN_112ecb50	12
112ecd00	FUN_112ecd00	23
112ed150	FUN_112ed150	3
112ed200	FUN_112ed200	3
112ed300	FUN_112ed300	3
112ed660	FUN_112ed660	3
112ed690	FUN_112ed690	3
112ed6a0	FUN_112ed6a0	3
112ed780	FUN_112ed780	3
112eda70	FUN_112eda70	9
112eda80	FUN_112eda80	8
112eda90	FUN_112eda90	8
112edaa0	FUN_112edaa0	8
112edab0	FUN_112edab0	8
112edac0	FUN_112edac0	8
112edad0	FUN_112edad0	7
112edae0	FUN_112edae0	3
112ee030	FUN_112ee030	52
112ee080	FUN_112ee080	51
112ee0c0	FUN_112ee0c0	46
112ee3e0	FUN_112ee3e0	3
112ee4a0	FUN_112ee4a0	8
112ee4b0	FUN_112ee4b0	8
112ee500	FUN_112ee500	3
112ee510	FUN_112ee510	3
112ee520	FUN_112ee520	3
112ee530	FUN_112ee530	3
112ee540	FUN_112ee540	3
112ee550	FUN_112ee550	3
112ee560	FUN_112ee560	3
112ee570	FUN_112ee570	3
112ee580	FUN_112ee580	3
112ee590	FUN_112ee590	3
112ee5a0	FUN_112ee5a0	3
112ee5b0	FUN_112ee5b0	4
112ee5c0	FUN_112ee5c0	4
112ee5d0	FUN_112ee5d0	8
112ee5e0	FUN_112ee5e0	7
112ee5f0	FUN_112ee5f0	7
112ee600	FUN_112ee600	23
112ee670	FUN_112ee670	3
112ee680	FUN_112ee680	12
112ee690	FUN_112ee690	12
112ee6a0	FUN_112ee6a0	7
112ee6b0	FUN_112ee6b0	3
112ee6c0	FUN_112ee6c0	26
112ee6e0	FUN_112ee6e0	26
112ee700	FUN_112ee700	26
112ee720	FUN_112ee720	26
112ee740	FUN_112ee740	76
112ee7a0	FUN_112ee7a0	76
112ee800	FUN_112ee800	76
112ee860	FUN_112ee860	76
112ee8c0	FUN_112ee8c0	76
112ee920	FUN_112ee920	10
112ee930	FUN_112ee930	10
112eec20	FUN_112eec20	42
112eede0	FUN_112eede0	20
112eefb0	FUN_112eefb0	15
112eefd0	FUN_112eefd0	45
112ef160	FUN_112ef160	12
112ef170	FUN_112ef170	6
112ef320	FUN_112ef320	6
112ef4e0	FUN_112ef4e0	3
112efb90	FUN_112efb90	5
112efbf0	FUN_112efbf0	4
112f0960	FUN_112f0960	4
112f0970	FUN_112f0970	7
112f12a0	FUN_112f12a0	156
112f13e0	FUN_112f13e0	18
112f1400	FUN_112f1400	23
112f1420	FUN_112f1420	21
112f1890	FUN_112f1890	4
112f18a0	FUN_112f18a0	6
112f18b0	FUN_112f18b0	6
112f18c0	FUN_112f18c0	6
112f1d60	FUN_112f1d60	19
112f1db0	FUN_112f1db0	22
112f1e00	FUN_112f1e00	5
112f1e20	FUN_112f1e20	4
112f1e30	FUN_112f1e30	6
112f2a60	FUN_112f2a60	4
112f2a70	FUN_112f2a70	7
112f2d40	FUN_112f2d40	5
112f2d50	FUN_112f2d50	58
112f2ec0	FUN_112f2ec0	18
112f2fb0	FUN_112f2fb0	33
112f3bd0	FUN_112f3bd0	11
112f3be0	FUN_112f3be0	13
112f3bf0	FUN_112f3bf0	11
112f3c00	FUN_112f3c00	9
112f3c50	FUN_112f3c50	5
112f3c60	FUN_112f3c60	15
112f3c80	FUN_112f3c80	15
112f3ca0	FUN_112f3ca0	5
112f3f60	FUN_112f3f60	3
112f3f70	FUN_112f3f70	3
112f43f0	FUN_112f43f0	3
112f4400	FUN_112f4400	44
112f4f60	FUN_112f4f60	9
1138e840	FUN_1138e840	3
1138ec30	FUN_1138ec30	8
1138ec40	FUN_1138ec40	8
1138fbd0	FUN_1138fbd0	16
1138fc50	FUN_1138fc50	61
11390270	FUN_11390270	20
11391090	FUN_11391090	8
11391530	FUN_11391530	19
113927c0	FUN_113927c0	10
11392ab0	FUN_11392ab0	25
11392d80	FUN_11392d80	14
11392da0	FUN_11392da0	8
11394550	FUN_11394550	104
11394b80	FUN_11394b80	9
11394b90	FUN_11394b90	54
11395760	FUN_11395760	15
11395840	FUN_11395840	6
113958a0	FUN_113958a0	11
113958c0	FUN_113958c0	6
113965c0	FUN_113965c0	3
113972d0	FUN_113972d0	55
113973a0	FUN_113973a0	23
11397520	FUN_11397520	18
11397af0	FUN_11397af0	32
11397b20	FUN_11397b20	24
11397b40	FUN_11397b40	27
11397c70	FUN_11397c70	62
11397d40	FUN_11397d40	19
11397dd0	FUN_11397dd0	15
11397eb0	FUN_11397eb0	29
11399f60	FUN_11399f60	15
1139a710	FUN_1139a710	6
1139a720	FUN_1139a720	8
1139a9e0	FUN_1139a9e0	11
1139afb0	FUN_1139afb0	19
1139b390	FUN_1139b390	99
113b98d0	FUN_113b98d0	4
113b98e0	FUN_113b98e0	4
113b98f0	FUN_113b98f0	4
113b9900	FUN_113b9900	4
113b9910	FUN_113b9910	4
113b9920	FUN_113b9920	83
113b9990	FUN_113b9990	14
113b99e0	FUN_113b99e0	4
113b99f0	FUN_113b99f0	4
113b9a00	FUN_113b9a00	4
113b9a10	FUN_113b9a10	4
113b9a20	FUN_113b9a20	4
113b9a30	FUN_113b9a30	4
113b9a40	FUN_113b9a40	4
113b9a50	FUN_113b9a50	31
113b9a90	FUN_113b9a90	4
113b9aa0	FUN_113b9aa0	4
113b9b80	FUN_113b9b80	6
113b9b90	FUN_113b9b90	4
113b9ba0	FUN_113b9ba0	4
113b9bb0	FUN_113b9bb0	4
113b9bc0	FUN_113b9bc0	4
113b9bd0	FUN_113b9bd0	4
113b9be0	FUN_113b9be0	4
113b9bf0	FUN_113b9bf0	4
113b9c00	FUN_113b9c00	4
113b9c10	FUN_113b9c10	4
113b9c20	FUN_113b9c20	4
113c3c40	FUN_113c3c40	306
113c44b0	FUN_113c44b0	33
113c4a90	FUN_113c4a90	225
113c4e30	FUN_113c4e30	98
113c4f20	FUN_113c4f20	122
113c5d90	FUN_113c5d90	6
113c5da0	FUN_113c5da0	6
113c7bc0	FUN_113c7bc0	62
113c8110	FUN_113c8110	23
113c8130	FUN_113c8130	117
113c84a0	FUN_113c84a0	209
113c8890	FUN_113c8890	74
113c88f0	FUN_113c88f0	66
113cf700	FUN_113cf700	5
113cf710	FUN_113cf710	5
113cf720	FUN_113cf720	5
113cf730	FUN_113cf730	5
113cf740	FUN_113cf740	7
113cf750	FUN_113cf750	7
113cf760	FUN_113cf760	7
113cf780	FUN_113cf780	3
113cf870	FUN_113cf870	3
113cfce0	FUN_113cfce0	18
113cfee0	FUN_113cfee0	44
113d1e50	FUN_113d1e50	26
113d3620	FUN_113d3620	29
113d5e90	FUN_113d5e90	33
113d5ec0	FUN_113d5ec0	33
113d6910	FUN_113d6910	44
113d6950	FUN_113d6950	135
113d79e0	FUN_113d79e0	5
113d9100	FUN_113d9100	3
113d9110	FUN_113d9110	3
113d9150	FUN_113d9150	6
113da400	FUN_113da400	60
113da7a0	FUN_113da7a0	85
113da850	FUN_113da850	12
113da870	FUN_113da870	19
113da890	FUN_113da890	12
113da8a0	FUN_113da8a0	15
113da8c0	FUN_113da8c0	15
113da8e0	FUN_113da8e0	12
113da8f0	FUN_113da8f0	12
113da900	FUN_113da900	12
113daa30	FUN_113daa30	12
113daa40	FUN_113daa40	15
113daa80	FUN_113daa80	14
113dac50	FUN_113dac50	19
113dacb0	FUN_113dacb0	26
113dacf0	FUN_113dacf0	26
113dad10	FUN_113dad10	15
113dad30	FUN_113dad30	19
113dad70	FUN_113dad70	15
113dad90	FUN_113dad90	12
113db870	FUN_113db870	22
113db960	FUN_113db960	30
113dbfe0	FUN_113dbfe0	29
113dcbc0	FUN_113dcbc0	263
113de050	FUN_113de050	15
113de810	FUN_113de810	19
113de850	FUN_113de850	25
113de960	FUN_113de960	15
113de980	FUN_113de980	31
113de9b0	FUN_113de9b0	18
113dec80	FUN_113dec80	19
113e4c90	FUN_113e4c90	20
113e5eb0	FUN_113e5eb0	88
113e9fa0	FUN_113e9fa0	34
113ed780	FUN_113ed780	26
113ed7d0	FUN_113ed7d0	12
113f1620	FUN_113f1620	63
11401770	FUN_11401770	29
11406540	FUN_11406540	19
11406590	FUN_11406590	33
11409c90	FUN_11409c90	12
11409ca0	FUN_11409ca0	43
11409ce0	FUN_11409ce0	12
11409cf0	FUN_11409cf0	12
1140acc0	FUN_1140acc0	42
1140b910	FUN_1140b910	121
1140b9b0	FUN_1140b9b0	109
11412880	FUN_11412880	25
114199f0	FUN_114199f0	368
11419d00	FUN_11419d00	196
1141a4a0	FUN_1141a4a0	8
1141a4b0	FUN_1141a4b0	8
1141c510	FUN_1141c510	70
114260f0	FUN_114260f0	3
114261d0	FUN_114261d0	6
114261e0	FUN_114261e0	6
114261f0	FUN_114261f0	3
11426250	FUN_11426250	6
11426260	FUN_11426260	6
11426270	FUN_11426270	3
11428240	FUN_11428240	42
114299d0	FUN_114299d0	25
1142bda0	FUN_1142bda0	30
1142e060	FUN_1142e060	27
1142e480	FUN_1142e480	60
1142f150	FUN_1142f150	36
11431c60	FUN_11431c60	85
11432430	FUN_11432430	55
114326b0	FUN_114326b0	8
11433c50	FUN_11433c50	55
11433d70	FUN_11433d70	76
11433dd0	FUN_11433dd0	8
11434bd0	FUN_11434bd0	6
11434d10	FUN_11434d10	62
11434d60	FUN_11434d60	8
11435f10	FUN_11435f10	24
11435f30	FUN_11435f30	34
11439290	FUN_11439290	63
1143e020	FUN_1143e020	124
1143e6f0	FUN_1143e6f0	19
1143e9f0	FUN_1143e9f0	7
1143f6e0	FUN_1143f6e0	102
114471c0	FUN_114471c0	29
1144db50	FUN_1144db50	6
1144dc80	FUN_1144dc80	87
11451e80	FUN_11451e80	16
11452b50	FUN_11452b50	11
11452b60	FUN_11452b60	18
11452c30	thunk_FUN_1143ea00	5
11454b40	FUN_11454b40	61
114552f0	FUN_114552f0	3
11455550	FUN_11455550	12
11455570	FUN_11455570	72
114555d0	FUN_114555d0	7
114555e0	FUN_114555e0	7
114555f0	FUN_114555f0	7
11455600	FUN_11455600	7
11455670	FUN_11455670	7
11455680	FUN_11455680	7
11455690	FUN_11455690	7
114556a0	FUN_114556a0	24
114556c0	FUN_114556c0	7
11455730	FUN_11455730	7
11455740	FUN_11455740	7
11455760	thunk_FUN_11458550	5
11455790	FUN_11455790	7
11455800	FUN_11455800	11
11455810	FUN_11455810	11
11455820	FUN_11455820	24
11455840	FUN_11455840	11
11455850	FUN_11455850	24
11455870	FUN_11455870	11
11455880	FUN_11455880	24
114558a0	FUN_114558a0	11
114558b0	FUN_114558b0	11
114558c0	FUN_114558c0	11
114558d0	FUN_114558d0	11
114558e0	FUN_114558e0	11
114558f0	FUN_114558f0	24
11455910	FUN_11455910	24
11455930	FUN_11455930	24
11455950	FUN_11455950	24
11455970	FUN_11455970	24
11455990	FUN_11455990	11
114559a0	FUN_114559a0	11
114559b0	FUN_114559b0	11
114559c0	FUN_114559c0	24
114559e0	FUN_114559e0	24
11455a00	FUN_11455a00	24
11455a20	FUN_11455a20	24
11455a40	FUN_11455a40	24
11455a60	FUN_11455a60	24
11455a80	FUN_11455a80	24
11455aa0	FUN_11455aa0	24
11455ac0	FUN_11455ac0	24
11455ae0	FUN_11455ae0	11
11455af0	FUN_11455af0	11
11455b00	FUN_11455b00	24
11455b20	FUN_11455b20	24
11455b40	FUN_11455b40	24
11455b60	FUN_11455b60	24
11455b80	FUN_11455b80	24
11455ba0	FUN_11455ba0	24
11455bc0	FUN_11455bc0	24
11455be0	FUN_11455be0	11
11455bf0	FUN_11455bf0	11
11455c00	FUN_11455c00	24
11455c20	FUN_11455c20	11
11455c30	FUN_11455c30	24
11455c50	FUN_11455c50	11
11455c60	FUN_11455c60	11
11455c70	FUN_11455c70	14
11455c90	FUN_11455c90	24
11455cb0	FUN_11455cb0	24
11455cd0	FUN_11455cd0	14
11455cf0	FUN_11455cf0	11
11455d00	FUN_11455d00	11
11455d10	FUN_11455d10	11
11455d20	FUN_11455d20	11
11455d30	FUN_11455d30	11
11455d40	FUN_11455d40	11
11455d50	FUN_11455d50	11
11455d70	FUN_11455d70	9
11455fc0	FUN_11455fc0	3
11456030	FUN_11456030	12
11456180	FUN_11456180	5
11456510	FUN_11456510	8
11456520	FUN_11456520	11
11456810	FUN_11456810	7
11456820	FUN_11456820	8
11456860	FUN_11456860	7
11456870	FUN_11456870	7
11456880	FUN_11456880	7
11456890	FUN_11456890	7
114568a0	FUN_114568a0	7
114568b0	FUN_114568b0	6
114568c0	FUN_114568c0	13
11456f40	FUN_11456f40	3
11456f70	FUN_11456f70	12
11456fd0	FUN_11456fd0	12
11456fe0	FUN_11456fe0	12
11456ff0	FUN_11456ff0	12
11457030	FUN_11457030	12
11457070	FUN_11457070	12
11457230	FUN_11457230	7
11457330	FUN_11457330	10
11458290	FUN_11458290	12
114582a0	FUN_114582a0	31
11458330	FUN_11458330	29
114583c0	FUN_114583c0	6
11458560	FUN_11458560	8
11458570	FUN_11458570	9
11458580	FUN_11458580	20
114585a0	FUN_114585a0	20
114586e0	FUN_114586e0	10
11458750	FUN_11458750	3
11458770	FUN_11458770	12
114587e0	FUN_114587e0	12
114587f0	FUN_114587f0	12
11458810	FUN_11458810	12
11458850	FUN_11458850	12
114588b0	FUN_114588b0	12
114588e0	FUN_114588e0	12
11458960	FUN_11458960	12
114589d0	FUN_114589d0	11
11458a10	FUN_11458a10	12
11458a80	FUN_11458a80	12
11458aa0	FUN_11458aa0	12
11458ab0	FUN_11458ab0	12
11458ac0	FUN_11458ac0	12
11458b00	FUN_11458b00	32
11459190	FUN_11459190	3
114591d0	FUN_114591d0	3
11459240	FUN_11459240	3
1145ac60	FUN_1145ac60	17
1145aca0	FUN_1145aca0	17
1145ace0	FUN_1145ace0	15
1145ad00	FUN_1145ad00	82
1145add0	FUN_1145add0	65
1145afd0	FUN_1145afd0	53
1145b020	FUN_1145b020	57
1145b150	FUN_1145b150	31
1145c5e0	FUN_1145c5e0	19
1145de50	FUN_1145de50	13
1145dfe0	FUN_1145dfe0	56
1145e250	FUN_1145e250	8
1145eb50	FUN_1145eb50	8
1145f340	FUN_1145f340	18
1145f840	FUN_1145f840	18
11460030	FUN_11460030	3
11460050	FUN_11460050	115
11460340	FUN_11460340	56
11460390	FUN_11460390	65
114603f0	FUN_114603f0	34
114604b0	FUN_114604b0	3
114604c0	FUN_114604c0	3
11460530	FUN_11460530	24
11460580	FUN_11460580	40
11460de0	FUN_11460de0	6
11463fd0	FUN_11463fd0	65
11464ae0	FUN_11464ae0	6
11464af0	FUN_11464af0	6
11464b00	FUN_11464b00	13
11464b10	FUN_11464b10	6
11465970	FUN_11465970	16
11465a70	FUN_11465a70	56
11465d20	FUN_11465d20	28
11465dd0	FUN_11465dd0	42
11466fa0	FUN_11466fa0	84
1146bc70	FUN_1146bc70	19
1146c8f0	FUN_1146c8f0	82
11472a30	FUN_11472a30	106
114739a0	FUN_114739a0	19
11474490	FUN_11474490	18
114744b0	FUN_114744b0	19
114744d0	FUN_114744d0	13
114747f0	FUN_114747f0	13
11474b50	FUN_11474b50	58
11474ba0	FUN_11474ba0	20
11474dc0	FUN_11474dc0	21
11474de0	FUN_11474de0	21
11476000	FUN_11476000	47
114764f0	FUN_114764f0	22
11476950	FUN_11476950	18
11476970	FUN_11476970	18
11476990	FUN_11476990	22
114769b0	FUN_114769b0	32
114769e0	FUN_114769e0	22
11476a00	FUN_11476a00	20
11476a20	FUN_11476a20	64
11476a70	FUN_11476a70	22
11476c00	FUN_11476c00	22
11476c20	FUN_11476c20	21
11476c40	FUN_11476c40	22
11476c60	FUN_11476c60	11
11476c70	FUN_11476c70	11
11476f60	FUN_11476f60	26
11477120	FUN_11477120	18
11477160	FUN_11477160	25
11477330	FUN_11477330	41
114773b0	FUN_114773b0	22
114773d0	FUN_114773d0	48
114774c0	FUN_114774c0	71
11477520	FUN_11477520	41
11477560	FUN_11477560	18
11477580	FUN_11477580	18
114775a0	FUN_114775a0	18
114776b0	FUN_114776b0	43
114776f0	FUN_114776f0	43
114778b0	FUN_114778b0	43
114778f0	FUN_114778f0	43
11477aa0	FUN_11477aa0	57
11477b50	FUN_11477b50	177
11477c30	FUN_11477c30	183
11478f70	FUN_11478f70	19
11478f90	FUN_11478f90	19
11478fb0	FUN_11478fb0	42
11478ff0	FUN_11478ff0	23
11479010	FUN_11479010	77
11479260	FUN_11479260	3
11479270	FUN_11479270	3
11479280	FUN_11479280	26
114792a0	FUN_114792a0	19
114792c0	FUN_114792c0	19
114792e0	FUN_114792e0	42
11479320	FUN_11479320	19
11479340	FUN_11479340	77
114793a0	FUN_114793a0	19
114793c0	FUN_114793c0	23
1147b350	FUN_1147b350	16
1147c2b0	FUN_1147c2b0	19
1147db40	FUN_1147db40	50
11480ce0	FUN_11480ce0	25
11481530	FUN_11481530	21
11481550	FUN_11481550	19
11481570	FUN_11481570	19
11481590	FUN_11481590	136
11481640	FUN_11481640	18
11481720	FUN_11481720	70
11481a00	FUN_11481a00	25
11481fe0	FUN_11481fe0	29
11482010	FUN_11482010	70
114828c0	FUN_114828c0	43
11482ea0	FUN_11482ea0	29
11483720	FUN_11483720	158
1148a120	FUN_1148a120	20
1148c718	FUN_1148c718	3
1148c7f8	FUN_1148c7f8	3
1148cb26	thunk_FUN_1148cb90	5
1148cb2b	FUN_1148cb2b	3
11849f60	FUN_11849f60	10
