entry	name	reference_body_bytes
10001014	thunk_FUN_10e4ae30	5
10001136	thunk_FUN_10e4a2e0	5
100011c7	thunk_FUN_10d20580	5
10001320	thunk_FUN_10d62130	5
10001401	thunk_FUN_10262390	5
1000143d	thunk_FUN_10d1c3d0	5
1000146a	thunk_FUN_1055d5e0	5
1000146f	thunk_FUN_103ff3b0	5
10001564	thunk_FUN_10e9d500	5
10001569	thunk_FUN_10e19b70	5
100016c7	thunk_FUN_10dc56b0	5
10001712	thunk_FUN_10322ec0	5
1000189d	thunk_FUN_103eb2e0	5
100019b5	thunk_FUN_10464840	5
100019fb	thunk_FUN_10fe6cd0	5
10001aaf	thunk_FUN_10fddaf0	5
10001b09	thunk_FUN_103f2300	5
10001bbd	thunk_FUN_1013c4b0	5
10001c12	thunk_FUN_105bee40	5
10001c67	thunk_FUN_10c5af10	5
10001e0b	thunk_FUN_10bb7e60	5
10001e10	thunk_FUN_10b9f7f0	5
10001e3d	thunk_FUN_105e6a90	5
10001ec9	thunk_FUN_10d835a0	5
10001ff5	thunk_FUN_1024cfa0	5
10001ffa	thunk_FUN_1023a720	5
10002059	thunk_FUN_10de2ad0	5
1000210d	thunk_FUN_10e69be0	5
100021e4	thunk_FUN_102439a0	5
10002275	thunk_FUN_1054bd70	5
100022de	thunk_FUN_10e4af70	5
10002405	thunk_FUN_10d83a80	5
1000240f	thunk_FUN_10d2a8c0	5
1000249b	thunk_FUN_10c1bbc0	5
100026b2	thunk_FUN_101f8ff0	5
100027b6	thunk_FUN_10d67340	5
1000281f	thunk_FUN_102d7230	5
100029be	thunk_FUN_10e30720	5
100029cd	thunk_FUN_10d23590	5
100029dc	thunk_FUN_10c0ed70	5
10002aa9	thunk_FUN_10ce2940	5
10002b30	thunk_FUN_10f678f0	5
10002d56	thunk_FUN_10fa77a0	5
10003030	thunk_FUN_10db1ea0	5
1000320b	thunk_FUN_10593790	5
10003265	thunk_FUN_110630a0	5
1000326a	thunk_FUN_10fc5d20	5
10003332	thunk_FUN_10699790	5
100034e0	thunk_FUN_10440860	5
100035d0	thunk_FUN_10ea2980	5
10003634	thunk_FUN_1013cfb0	5
10003648	thunk_FUN_10ff84d0	5
10003666	thunk_FUN_10e2c4f0	5
10003733	thunk_FUN_10da0b10	5
10003747	thunk_FUN_10dcf260	5
10003765	thunk_FUN_102cf580	5
10003981	thunk_FUN_10cdffe0	5
10003a67	thunk_FUN_103f29b0	5
10003a6c	thunk_FUN_103bd0b0	5
10003aa8	thunk_FUN_11037520	5
10116cd0	FUN_10116cd0	12
10116ce0	FUN_10116ce0	21
10117000	FUN_10117000	124
10117650	FUN_10117650	14
10119bc0	FUN_10119bc0	33
10119bf0	FUN_10119bf0	33
1011a2f0	FUN_1011a2f0	18
1011a310	FUN_1011a310	22
10124510	FUN_10124510	41
10124550	FUN_10124550	41
10124590	FUN_10124590	1116
10124b10	FUN_10124b10	35
10124b40	FUN_10124b40	248
10124e10	FUN_10124e10	17
10124e50	FUN_10124e50	17
10124fe0	FUN_10124fe0	16
10125000	FUN_10125000	12
10125010	FUN_10125010	39
10125060	FUN_10125060	39
1012cf50	FUN_1012cf50	39
1012cf80	FUN_1012cf80	39
1012d2e0	FUN_1012d2e0	19
101314c0	FUN_101314c0	23
101314e0	FUN_101314e0	16
1013b510	FUN_1013b510	39
1013b540	FUN_1013b540	39
1013b6b0	FUN_1013b6b0	103
1013b730	FUN_1013b730	103
1013b7b0	FUN_1013b7b0	103
1013b830	FUN_1013b830	103
1013b8b0	FUN_1013b8b0	103
1013b930	FUN_1013b930	103
1013b9b0	FUN_1013b9b0	103
1013ba30	FUN_1013ba30	103
1013bab0	FUN_1013bab0	103
1013bb30	FUN_1013bb30	103
1013bbb0	FUN_1013bbb0	103
1013bc30	FUN_1013bc30	103
1013bcb0	FUN_1013bcb0	103
1013bd30	FUN_1013bd30	103
1013bdb0	FUN_1013bdb0	103
1013be30	FUN_1013be30	103
1013beb0	FUN_1013beb0	103
1013bf30	FUN_1013bf30	103
1013bfb0	FUN_1013bfb0	103
1013c030	FUN_1013c030	103
1013c0b0	FUN_1013c0b0	103
1013c130	FUN_1013c130	103
1013c1b0	FUN_1013c1b0	103
1013c230	FUN_1013c230	103
1013c2b0	FUN_1013c2b0	103
1013c330	FUN_1013c330	103
1013c3b0	FUN_1013c3b0	103
1013c430	FUN_1013c430	103
1013c4b0	FUN_1013c4b0	103
1013c530	FUN_1013c530	103
1013c5b0	FUN_1013c5b0	103
1013c630	FUN_1013c630	103
1013c6b0	FUN_1013c6b0	103
1013c730	FUN_1013c730	103
1013c7b0	FUN_1013c7b0	103
1013c830	FUN_1013c830	103
1013c8b0	FUN_1013c8b0	103
1013c930	FUN_1013c930	103
1013c9b0	FUN_1013c9b0	103
1013ca30	FUN_1013ca30	103
1013cab0	FUN_1013cab0	103
1013cb30	FUN_1013cb30	103
1013cbb0	FUN_1013cbb0	103
1013cc30	FUN_1013cc30	103
1013ccb0	FUN_1013ccb0	103
1013cd30	FUN_1013cd30	103
1013cdb0	FUN_1013cdb0	103
1013ce30	FUN_1013ce30	103
1013ceb0	FUN_1013ceb0	103
1013cf30	FUN_1013cf30	103
1013cfb0	FUN_1013cfb0	103
1013d030	FUN_1013d030	103
1013d0b0	FUN_1013d0b0	79
1013d120	FUN_1013d120	79
1013d190	FUN_1013d190	79
1013d200	FUN_1013d200	79
1013d270	FUN_1013d270	79
1013d2e0	FUN_1013d2e0	79
1013d350	FUN_1013d350	79
1013d3c0	FUN_1013d3c0	79
1013d430	FUN_1013d430	79
1013d4a0	FUN_1013d4a0	79
1013d510	FUN_1013d510	79
1013d580	FUN_1013d580	79
1013d5f0	FUN_1013d5f0	79
1013d660	FUN_1013d660	79
1013d6d0	FUN_1013d6d0	79
1013d740	FUN_1013d740	79
1013d7b0	FUN_1013d7b0	79
1013d820	FUN_1013d820	79
1013d890	FUN_1013d890	79
1013d900	FUN_1013d900	79
1013d970	FUN_1013d970	79
1013d9e0	FUN_1013d9e0	79
1013da50	FUN_1013da50	79
1013dac0	FUN_1013dac0	79
1013db30	FUN_1013db30	79
1013dba0	FUN_1013dba0	79
1013dc10	FUN_1013dc10	79
1013dc80	FUN_1013dc80	79
1013dcf0	FUN_1013dcf0	79
1013dd60	FUN_1013dd60	79
1013ddd0	FUN_1013ddd0	79
1013de40	FUN_1013de40	79
1013deb0	FUN_1013deb0	79
1013df20	FUN_1013df20	79
1013df90	FUN_1013df90	79
1013e000	FUN_1013e000	79
1013e070	FUN_1013e070	79
1013e0e0	FUN_1013e0e0	79
1013e150	FUN_1013e150	79
1013e1c0	FUN_1013e1c0	79
1013e230	FUN_1013e230	79
1013e2a0	FUN_1013e2a0	79
1013e310	FUN_1013e310	79
1013e380	FUN_1013e380	79
1013e3f0	FUN_1013e3f0	79
1013e460	FUN_1013e460	79
1013e4d0	FUN_1013e4d0	79
1013e540	FUN_1013e540	79
1013e6d0	FUN_1013e6d0	79
1013e740	FUN_1013e740	79
1013e7b0	FUN_1013e7b0	79
1013e820	FUN_1013e820	79
10144830	FUN_10144830	29
10145180	FUN_10145180	25
1016ffd0	FUN_1016ffd0	41
10170010	FUN_10170010	41
10170100	FUN_10170100	41
10170140	FUN_10170140	41
10170180	FUN_10170180	41
101701d0	FUN_101701d0	41
10170340	FUN_10170340	41
10170380	FUN_10170380	41
101703d0	FUN_101703d0	41
10170410	FUN_10170410	41
10193db0	FUN_10193db0	29
10193de0	FUN_10193de0	19
10193e20	FUN_10193e20	69
10193ea0	FUN_10193ea0	34
101a3840	FUN_101a3840	82
101a38b0	FUN_101a38b0	75
101a43a0	FUN_101a43a0	100
101a44a0	FUN_101a44a0	81
101a4790	FUN_101a4790	99
101a4e80	FUN_101a4e80	82
101a5370	FUN_101a5370	177
101a5590	FUN_101a5590	38
101a64b0	FUN_101a64b0	88
101a6bf0	FUN_101a6bf0	113
101aa190	FUN_101aa190	103
101aa210	FUN_101aa210	103
101aaa70	FUN_101aaa70	90
101b49f0	FUN_101b49f0	675
101b4dd0	FUN_101b4dd0	117
101b4e80	FUN_101b4e80	241
101b5270	FUN_101b5270	21
101b52e0	FUN_101b52e0	117
101b5390	FUN_101b5390	221
101b68f0	FUN_101b68f0	103
101b6970	FUN_101b6970	103
101b69f0	FUN_101b69f0	103
101b8720	FUN_101b8720	21
101b8740	FUN_101b8740	62
101b87d0	FUN_101b87d0	20
101b8e70	FUN_101b8e70	103
101bb010	FUN_101bb010	156
101bb0e0	FUN_101bb0e0	21
101bb870	FUN_101bb870	21
101bbef0	FUN_101bbef0	103
101bbf70	FUN_101bbf70	103
101bbff0	FUN_101bbff0	103
101bc380	FUN_101bc380	69
101bc4c0	FUN_101bc4c0	27
101bc5c0	FUN_101bc5c0	23
101bcd90	FUN_101bcd90	64
101bcde0	FUN_101bcde0	64
101bd770	FUN_101bd770	64
101bdd80	FUN_101bdd80	40
101be410	FUN_101be410	43
101bef40	FUN_101bef40	40
101bef80	FUN_101bef80	103
101c0dd0	FUN_101c0dd0	1341
101c15b0	FUN_101c15b0	1122
101ca950	FUN_101ca950	21
101cb1b0	FUN_101cb1b0	103
101cb230	FUN_101cb230	103
101cb2b0	FUN_101cb2b0	103
101cb330	FUN_101cb330	103
101d40d0	FUN_101d40d0	144
101d8de0	FUN_101d8de0	123
101d96d0	FUN_101d96d0	21
101d96f0	FUN_101d96f0	21
101d9d40	FUN_101d9d40	21
101d9fb0	FUN_101d9fb0	32
101d9fe0	FUN_101d9fe0	21
101da000	FUN_101da000	20
101da020	FUN_101da020	20
101da040	FUN_101da040	20
101dcf70	FUN_101dcf70	17
101dcf90	FUN_101dcf90	17
101dd540	FUN_101dd540	103
101dd6e0	FUN_101dd6e0	103
101dd760	FUN_101dd760	103
101dd7e0	FUN_101dd7e0	103
101dd860	FUN_101dd860	119
101dd900	FUN_101dd900	103
101dd980	FUN_101dd980	103
101dda00	FUN_101dda00	103
101ddbf0	FUN_101ddbf0	103
101dff60	FUN_101dff60	38
101dffe0	FUN_101dffe0	40
101e0a70	FUN_101e0a70	167
101e0b40	FUN_101e0b40	60
101e0b90	FUN_101e0b90	83
101e0c20	FUN_101e0c20	37
101e0e20	FUN_101e0e20	34
101e19b0	FUN_101e19b0	16
101e2ff0	FUN_101e2ff0	78
101e3570	FUN_101e3570	23
101e55f0	FUN_101e55f0	91
101e5720	FUN_101e5720	81
101e5ff0	FUN_101e5ff0	93
101e6b50	FUN_101e6b50	62
101e6df0	FUN_101e6df0	20
101e6e10	FUN_101e6e10	20
101e7070	FUN_101e7070	20
101e71c0	FUN_101e71c0	20
101e7220	FUN_101e7220	20
101ee2e0	FUN_101ee2e0	21
101ee310	FUN_101ee310	21
101ee340	FUN_101ee340	20
101ee630	FUN_101ee630	21
101f1620	FUN_101f1620	20
101f1640	FUN_101f1640	20
101f1660	FUN_101f1660	20
101f1c60	FUN_101f1c60	47
101f2130	FUN_101f2130	103
101f21b0	FUN_101f21b0	103
101f2230	FUN_101f2230	103
101f22b0	FUN_101f22b0	103
101f2ea0	FUN_101f2ea0	42
101f32b0	FUN_101f32b0	65
101f3310	FUN_101f3310	271
101f3ab0	FUN_101f3ab0	47
101f64f0	FUN_101f64f0	20
101f6510	FUN_101f6510	20
101f84c0	FUN_101f84c0	103
101f8ff0	FUN_101f8ff0	36
101f9020	FUN_101f9020	36
101fac20	FUN_101fac20	157
101fad10	FUN_101fad10	181
101fb3a0	FUN_101fb3a0	21
101fb5d0	FUN_101fb5d0	47
101fb610	FUN_101fb610	31
101fb690	FUN_101fb690	103
101fb710	FUN_101fb710	103
1020a260	FUN_1020a260	55
1020a2b0	FUN_1020a2b0	55
1020a330	FUN_1020a330	21
1020a350	FUN_1020a350	21
1020a580	FUN_1020a580	37
1020a5b0	FUN_1020a5b0	37
1020a620	FUN_1020a620	21
1020a6a0	FUN_1020a6a0	20
1020a6c0	FUN_1020a6c0	21
1020a6e0	FUN_1020a6e0	21
1020a700	FUN_1020a700	21
1020a720	FUN_1020a720	21
1020a740	FUN_1020a740	21
1020c210	FUN_1020c210	21
1020d100	FUN_1020d100	20
1020d120	FUN_1020d120	21
1020d140	FUN_1020d140	21
1020d160	FUN_1020d160	21
1020d180	FUN_1020d180	21
1020d1a0	FUN_1020d1a0	21
1020d1c0	FUN_1020d1c0	21
1020d2f0	FUN_1020d2f0	21
1020d310	FUN_1020d310	20
1020d330	FUN_1020d330	21
1020db70	FUN_1020db70	32
1020dba0	FUN_1020dba0	30
1020dbd0	FUN_1020dbd0	32
1020f4b0	FUN_1020f4b0	21
1020f4d0	FUN_1020f4d0	21
1020f4f0	FUN_1020f4f0	217
1020f600	FUN_1020f600	20
1020f890	FUN_1020f890	135
10210360	FUN_10210360	23
102103e0	FUN_102103e0	20
10216e80	FUN_10216e80	20
10216ea0	FUN_10216ea0	21
10217600	FUN_10217600	20
10217c80	FUN_10217c80	52
10217e10	FUN_10217e10	31
10219650	FUN_10219650	75
1021b1c0	FUN_1021b1c0	45
1021b200	FUN_1021b200	58
1021b280	FUN_1021b280	17
1021ddb0	FUN_1021ddb0	89
1021de40	FUN_1021de40	191
1021e260	FUN_1021e260	63
1021e7e0	FUN_1021e7e0	50
1021f010	FUN_1021f010	119
1021f0b0	FUN_1021f0b0	150
1021f180	FUN_1021f180	157
1021f270	FUN_1021f270	201
1021f3a0	FUN_1021f3a0	103
1021f420	FUN_1021f420	150
1021f4f0	FUN_1021f4f0	103
1021f570	FUN_1021f570	119
1021f610	FUN_1021f610	103
10220cd0	FUN_10220cd0	36
10220d00	FUN_10220d00	36
10221b60	FUN_10221b60	20
102223b0	FUN_102223b0	21
102223d0	FUN_102223d0	21
10222470	FUN_10222470	103
102224f0	FUN_102224f0	103
10225470	FUN_10225470	35
102254a0	FUN_102254a0	35
102254d0	FUN_102254d0	35
10225500	FUN_10225500	35
10225530	FUN_10225530	35
10225560	FUN_10225560	35
10227490	FUN_10227490	25
1022a240	FUN_1022a240	35
102316a0	FUN_102316a0	49
102316e0	FUN_102316e0	49
102317a0	FUN_102317a0	46
10231810	FUN_10231810	49
102327c0	FUN_102327c0	41
102361a0	FUN_102361a0	123
10236240	FUN_10236240	156
10236310	FUN_10236310	123
102363b0	FUN_102363b0	259
10236820	FUN_10236820	20
10236840	FUN_10236840	21
10236860	FUN_10236860	21
10236880	FUN_10236880	21
102368a0	FUN_102368a0	21
102368c0	FUN_102368c0	20
102368e0	FUN_102368e0	21
10236900	FUN_10236900	21
10236920	FUN_10236920	21
10236940	FUN_10236940	20
10236960	FUN_10236960	21
10236980	FUN_10236980	21
102369a0	FUN_102369a0	21
102369c0	FUN_102369c0	21
102369e0	FUN_102369e0	21
10236a00	FUN_10236a00	21
10236a20	FUN_10236a20	21
10236a40	FUN_10236a40	21
10236bd0	FUN_10236bd0	20
10236c00	FUN_10236c00	30
10236c30	FUN_10236c30	20
10236c50	FUN_10236c50	20
10236c70	FUN_10236c70	20
10236c90	FUN_10236c90	20
10236cb0	FUN_10236cb0	21
10236cd0	FUN_10236cd0	35
10236d00	FUN_10236d00	35
10236d30	FUN_10236d30	21
10236d50	FUN_10236d50	21
10236e20	FUN_10236e20	35
10236e50	FUN_10236e50	44
10236e90	FUN_10236e90	35
10236ec0	FUN_10236ec0	35
10236fb0	FUN_10236fb0	35
10236fe0	FUN_10236fe0	35
10237010	FUN_10237010	21
10237030	FUN_10237030	35
10237060	FUN_10237060	35
10237090	FUN_10237090	21
102370b0	FUN_102370b0	21
10237180	FUN_10237180	35
102371b0	FUN_102371b0	46
102371f0	FUN_102371f0	35
10237220	FUN_10237220	35
10237310	FUN_10237310	35
10237340	FUN_10237340	35
1023a400	FUN_1023a400	21
1023a420	FUN_1023a420	35
1023a450	FUN_1023a450	35
1023a480	FUN_1023a480	21
1023a4a0	FUN_1023a4a0	21
1023a5f0	FUN_1023a5f0	35
1023a620	FUN_1023a620	35
1023a650	FUN_1023a650	35
1023a6f0	FUN_1023a6f0	35
1023a720	FUN_1023a720	35
1023a750	FUN_1023a750	21
1023a770	FUN_1023a770	21
1023a790	FUN_1023a790	21
1023a7b0	FUN_1023a7b0	21
1023a7d0	FUN_1023a7d0	129
1023a890	FUN_1023a890	21
1023a8b0	FUN_1023a8b0	21
1023a8d0	FUN_1023a8d0	21
1023a8f0	FUN_1023a8f0	21
1023a910	FUN_1023a910	21
1023a930	FUN_1023a930	21
1023a950	FUN_1023a950	21
1023a970	FUN_1023a970	21
102437a0	FUN_102437a0	103
10243820	FUN_10243820	103
102438a0	FUN_102438a0	103
10243920	FUN_10243920	103
102439a0	FUN_102439a0	103
10243a20	FUN_10243a20	103
10243aa0	FUN_10243aa0	103
10243b20	FUN_10243b20	103
10248870	FUN_10248870	133
10248930	FUN_10248930	78
10249970	FUN_10249970	103
1024ac20	FUN_1024ac20	17
1024afd0	FUN_1024afd0	103
1024cfa0	FUN_1024cfa0	20
1024cfc0	FUN_1024cfc0	699
1024d810	FUN_1024d810	20
1024da30	FUN_1024da30	20
1024dc00	FUN_1024dc00	20
1024ddb0	FUN_1024ddb0	20
1024e050	FUN_1024e050	103
10250180	FUN_10250180	33
10250d70	FUN_10250d70	23
10251770	FUN_10251770	20
10252b80	FUN_10252b80	39
10252c00	FUN_10252c00	103
10252c80	FUN_10252c80	103
10252d00	FUN_10252d00	103
102534f0	FUN_102534f0	129
10253da0	FUN_10253da0	60
10254690	FUN_10254690	62
10255010	FUN_10255010	60
10255060	FUN_10255060	83
10255860	FUN_10255860	37
10255fc0	FUN_10255fc0	55
10258f00	FUN_10258f00	90
1025c460	FUN_1025c460	78
1025c520	FUN_1025c520	20
1025c540	FUN_1025c540	20
1025c560	FUN_1025c560	20
1025c770	FUN_1025c770	20
1025cc20	FUN_1025cc20	103
1025cca0	FUN_1025cca0	103
1025cd20	FUN_1025cd20	103
1025cda0	FUN_1025cda0	103
1025ce20	FUN_1025ce20	103
1025db40	FUN_1025db40	46
1025db80	FUN_1025db80	46
1025dbc0	FUN_1025dbc0	46
1025dc00	FUN_1025dc00	46
1025df70	FUN_1025df70	103
1025e510	FUN_1025e510	21
1025e6a0	FUN_1025e6a0	103
1025ed20	FUN_1025ed20	60
1025ed70	FUN_1025ed70	83
1025ede0	FUN_1025ede0	37
1025ee50	FUN_1025ee50	14
10260f40	FUN_10260f40	78
10260fb0	FUN_10260fb0	21
10260fd0	FUN_10260fd0	21
10260ff0	FUN_10260ff0	21
10261170	FUN_10261170	24
10261310	FUN_10261310	20
10261330	FUN_10261330	20
10261350	FUN_10261350	21
10261d60	FUN_10261d60	18
10261d80	FUN_10261d80	79
10261df0	FUN_10261df0	91
10261e70	FUN_10261e70	26
102620d0	FUN_102620d0	53
10262310	FUN_10262310	103
10262390	FUN_10262390	135
10262440	FUN_10262440	135
102624f0	FUN_102624f0	103
10262eb0	FUN_10262eb0	36
10262f70	FUN_10262f70	33
10262fa0	FUN_10262fa0	33
10262fd0	FUN_10262fd0	33
10263000	FUN_10263000	33
10263030	FUN_10263030	33
10263060	FUN_10263060	33
10263090	FUN_10263090	33
102630c0	FUN_102630c0	33
102630f0	FUN_102630f0	33
10263120	FUN_10263120	33
10263150	FUN_10263150	33
10263180	FUN_10263180	33
102631b0	FUN_102631b0	33
102631e0	FUN_102631e0	33
10263210	FUN_10263210	33
10263240	FUN_10263240	33
10263270	FUN_10263270	33
102632a0	FUN_102632a0	33
102632d0	FUN_102632d0	33
10264440	FUN_10264440	60
10264780	FUN_10264780	83
10264a10	FUN_10264a10	37
10264e80	FUN_10264e80	27
10265db0	FUN_10265db0	33
102678c0	FUN_102678c0	145
10268730	FUN_10268730	151
1026aeb0	FUN_1026aeb0	32
1026af80	FUN_1026af80	78
1026b420	FUN_1026b420	20
1026b440	FUN_1026b440	20
1026b750	FUN_1026b750	20
1026b770	FUN_1026b770	20
1026b790	FUN_1026b790	20
1026bd80	FUN_1026bd80	20
1026bda0	FUN_1026bda0	20
1026bdf0	FUN_1026bdf0	20
1026be10	FUN_1026be10	20
1026be30	FUN_1026be30	20
1026be50	FUN_1026be50	20
1026be70	FUN_1026be70	20
1026be90	FUN_1026be90	20
1026c880	FUN_1026c880	32
1026cd00	FUN_1026cd00	103
1026cd80	FUN_1026cd80	103
1026ce00	FUN_1026ce00	103
1026ce80	FUN_1026ce80	103
1026d450	FUN_1026d450	71
1026d4b0	FUN_1026d4b0	113
1026d540	FUN_1026d540	36
1026d570	FUN_1026d570	36
1026d5a0	FUN_1026d5a0	36
1026d5d0	FUN_1026d5d0	36
1026d600	FUN_1026d600	36
1026d640	FUN_1026d640	36
1026d670	FUN_1026d670	36
1026d6a0	FUN_1026d6a0	36
1026d6d0	FUN_1026d6d0	36
1026d700	FUN_1026d700	36
1026d730	FUN_1026d730	36
1026e060	FUN_1026e060	103
10271800	FUN_10271800	103
10271880	FUN_10271880	103
10278f20	FUN_10278f20	35
10278f50	FUN_10278f50	20
10278f80	FUN_10278f80	35
102796e0	FUN_102796e0	103
10279760	FUN_10279760	103
1027e3e0	FUN_1027e3e0	64
10281570	FUN_10281570	21
10281590	FUN_10281590	21
102815b0	FUN_102815b0	21
102815d0	FUN_102815d0	21
10281600	FUN_10281600	21
10281770	FUN_10281770	21
102824a0	FUN_102824a0	21
10282d90	FUN_10282d90	103
10282e10	FUN_10282e10	103
10282e90	FUN_10282e90	103
10285540	FUN_10285540	33
10287fd0	FUN_10287fd0	21
10287ff0	FUN_10287ff0	21
1028a680	FUN_1028a680	103
1028b4d0	FUN_1028b4d0	31
1028b6c0	FUN_1028b6c0	33
1028c3a0	FUN_1028c3a0	83
1028c590	FUN_1028c590	37
1028c800	FUN_1028c800	27
1028c9f0	FUN_1028c9f0	55
10290460	FUN_10290460	31
10291100	FUN_10291100	20
10291940	FUN_10291940	20
102921f0	FUN_102921f0	185
102922f0	FUN_102922f0	125
102935e0	FUN_102935e0	103
10293660	FUN_10293660	103
10293fc0	FUN_10293fc0	38
10294230	FUN_10294230	38
10294290	FUN_10294290	40
102942d0	FUN_102942d0	40
102945a0	FUN_102945a0	167
10294780	FUN_10294780	83
102948d0	FUN_102948d0	37
10294bf0	FUN_10294bf0	34
10294c20	FUN_10294c20	34
10294c50	FUN_10294c50	14
1029ae40	FUN_1029ae40	23
1029b290	FUN_1029b290	21
1029b2b0	FUN_1029b2b0	21
1029b2d0	FUN_1029b2d0	21
1029b2f0	FUN_1029b2f0	21
1029b310	FUN_1029b310	21
1029b330	FUN_1029b330	21
1029b380	FUN_1029b380	20
1029c270	FUN_1029c270	103
1029c2f0	FUN_1029c2f0	103
1029c370	FUN_1029c370	103
1029c3f0	FUN_1029c3f0	103
1029c470	FUN_1029c470	103
1029c4f0	FUN_1029c4f0	103
1029c570	FUN_1029c570	103
1029c800	FUN_1029c800	69
1029db20	FUN_1029db20	103
1029e5a0	FUN_1029e5a0	92
1029e800	FUN_1029e800	103
1029ea20	FUN_1029ea20	31
1029ec10	FUN_1029ec10	31
1029ec60	FUN_1029ec60	33
1029ec90	FUN_1029ec90	33
1029ecd0	FUN_1029ecd0	83
1029ed50	FUN_1029ed50	37
1029f010	FUN_1029f010	27
1029f040	FUN_1029f040	27
102a1640	FUN_102a1640	103
102a1c70	FUN_102a1c70	45
102a1e30	FUN_102a1e30	47
102a3f60	FUN_102a3f60	60
102a5790	FUN_102a5790	41
102a5a00	FUN_102a5a00	14
102aa8a0	FUN_102aa8a0	318
102aeb40	FUN_102aeb40	33
102aeb70	FUN_102aeb70	21
102aeb90	FUN_102aeb90	21
102aebb0	FUN_102aebb0	21
102aec70	FUN_102aec70	78
102af030	FUN_102af030	20
102af050	FUN_102af050	20
102af450	FUN_102af450	20
102af480	FUN_102af480	20
102af4a0	FUN_102af4a0	20
102af4c0	FUN_102af4c0	20
102af4e0	FUN_102af4e0	20
102af580	FUN_102af580	30
102af6d0	FUN_102af6d0	20
102af6f0	FUN_102af6f0	20
102b0660	FUN_102b0660	20
102b0db0	FUN_102b0db0	21
102b8380	FUN_102b8380	44
102b8960	FUN_102b8960	103
102b89e0	FUN_102b89e0	103
102b8a60	FUN_102b8a60	150
102b8b30	FUN_102b8b30	103
102b8bb0	FUN_102b8bb0	103
102b8c30	FUN_102b8c30	103
102b8cb0	FUN_102b8cb0	103
102bac30	FUN_102bac30	36
102bfac0	FUN_102bfac0	20
102c0020	FUN_102c0020	103
102c08e0	FUN_102c08e0	21
102c0900	FUN_102c0900	18
102c09e0	FUN_102c09e0	103
102c1ff0	FUN_102c1ff0	20
102c2020	FUN_102c2020	20
102c2060	FUN_102c2060	20
102c2140	FUN_102c2140	103
102c21c0	FUN_102c21c0	103
102c6e60	FUN_102c6e60	80
102c6f30	FUN_102c6f30	21
102c75b0	FUN_102c75b0	21
102c75d0	FUN_102c75d0	34
102c7710	FUN_102c7710	21
102c7c40	FUN_102c7c40	32
102c7c70	FUN_102c7c70	21
102c7c90	FUN_102c7c90	20
102c9950	FUN_102c9950	103
102c99d0	FUN_102c99d0	103
102c9bf0	FUN_102c9bf0	103
102c9c70	FUN_102c9c70	150
102c9d40	FUN_102c9d40	135
102cf580	FUN_102cf580	21
102d1830	FUN_102d1830	103
102d4990	FUN_102d4990	118
102d5d00	FUN_102d5d00	157
102d5e00	FUN_102d5e00	20
102d5e20	FUN_102d5e20	261
102d6250	FUN_102d6250	20
102d7230	FUN_102d7230	103
102d72b0	FUN_102d72b0	103
102db880	FUN_102db880	103
102dbb90	FUN_102dbb90	20
102dbf50	FUN_102dbf50	32
102dbf80	FUN_102dbf80	32
102dbfb0	FUN_102dbfb0	32
102dd640	FUN_102dd640	17
102ddf00	FUN_102ddf00	32
102ddf30	FUN_102ddf30	70
102ddf90	FUN_102ddf90	88
102de270	FUN_102de270	79
102de670	FUN_102de670	37
102de750	FUN_102de750	58
102de7c0	FUN_102de7c0	103
102dee50	FUN_102dee50	108
102e4cd0	FUN_102e4cd0	103
102e4fd0	FUN_102e4fd0	31
102e53c0	FUN_102e53c0	38
102e53f0	FUN_102e53f0	31
102e54d0	FUN_102e54d0	33
102e5500	FUN_102e5500	40
102e5540	FUN_102e5540	33
102e6ca0	FUN_102e6ca0	60
102e6cf0	FUN_102e6cf0	83
102e74c0	FUN_102e74c0	37
102e9450	FUN_102e9450	34
102e9480	FUN_102e9480	27
102e94b0	FUN_102e94b0	27
102f4570	FUN_102f4570	21
102f4590	FUN_102f4590	21
102f4780	FUN_102f4780	78
102f4b20	FUN_102f4b20	20
102f4b40	FUN_102f4b40	21
102f53d0	FUN_102f53d0	20
102f53f0	FUN_102f53f0	21
102f70f0	FUN_102f70f0	77
102f7430	FUN_102f7430	20
102f7450	FUN_102f7450	21
102f7470	FUN_102f7470	54
102f7880	FUN_102f7880	85
102f7960	FUN_102f7960	713
102fe600	FUN_102fe600	103
102fe680	FUN_102fe680	150
102fe750	FUN_102fe750	103
102fe7d0	FUN_102fe7d0	103
102fe850	FUN_102fe850	103
10300a20	FUN_10300a20	43
103021b0	FUN_103021b0	21
103021d0	FUN_103021d0	21
10302920	FUN_10302920	20
10302940	FUN_10302940	27
10302a10	FUN_10302a10	20
10302a30	FUN_10302a30	26
10302f10	FUN_10302f10	103
10303fb0	FUN_10303fb0	60
103040b0	FUN_103040b0	83
10304300	FUN_10304300	37
10304630	FUN_10304630	27
10306950	FUN_10306950	16
10309310	FUN_10309310	78
1031dc60	FUN_1031dc60	22
1031f5f0	FUN_1031f5f0	23
1031f730	FUN_1031f730	187
10320350	FUN_10320350	20
10320820	FUN_10320820	51
103208b0	FUN_103208b0	58
10320900	FUN_10320900	21
10320a30	FUN_10320a30	61
10320aa0	FUN_10320aa0	51
10321850	FUN_10321850	58
103218d0	FUN_103218d0	20
10321920	FUN_10321920	191
10321a40	FUN_10321a40	42
10321b50	FUN_10321b50	20
10322e60	FUN_10322e60	21
10322e80	FUN_10322e80	21
10322ea0	FUN_10322ea0	21
10322ec0	FUN_10322ec0	21
10322ee0	FUN_10322ee0	21
10322fe0	FUN_10322fe0	51
10323df0	FUN_10323df0	58
10328f30	FUN_10328f30	83
103296b0	FUN_103296b0	103
10329730	FUN_10329730	103
103297b0	FUN_103297b0	103
10329830	FUN_10329830	103
103298b0	FUN_103298b0	103
10329df0	FUN_10329df0	103
10329e70	FUN_10329e70	103
10329ef0	FUN_10329ef0	103
10329f70	FUN_10329f70	103
10329ff0	FUN_10329ff0	103
1032a070	FUN_1032a070	103
1032a840	FUN_1032a840	69
1032a8a0	FUN_1032a8a0	69
1032a900	FUN_1032a900	69
1032a960	FUN_1032a960	69
1032a9c0	FUN_1032a9c0	69
1032b160	FUN_1032b160	71
1032bf60	FUN_1032bf60	38
1032dc80	FUN_1032dc80	40
1032f9e0	FUN_1032f9e0	83
10330760	FUN_10330760	37
10331b70	FUN_10331b70	34
1033cd90	FUN_1033cd90	21
10343b10	FUN_10343b10	35
10343b40	FUN_10343b40	35
10343b70	FUN_10343b70	35
10343ba0	FUN_10343ba0	35
10343bd0	FUN_10343bd0	35
10343c00	FUN_10343c00	35
10343c30	FUN_10343c30	35
10343c60	FUN_10343c60	35
10343c90	FUN_10343c90	35
10343cc0	FUN_10343cc0	35
10343cf0	FUN_10343cf0	35
10343d20	FUN_10343d20	35
10343d50	FUN_10343d50	35
10343d80	FUN_10343d80	35
10343db0	FUN_10343db0	35
10343de0	FUN_10343de0	35
10343e10	FUN_10343e10	35
10343e40	FUN_10343e40	35
10343e70	FUN_10343e70	35
10343ea0	FUN_10343ea0	35
10344e40	FUN_10344e40	25
103459e0	FUN_103459e0	35
10345f80	FUN_10345f80	35
10346f90	FUN_10346f90	49
10346fd0	FUN_10346fd0	39
103470a0	FUN_103470a0	36
10347370	FUN_10347370	20
1034d190	FUN_1034d190	57
1034d8d0	FUN_1034d8d0	21
1034d910	FUN_1034d910	57
1034db80	FUN_1034db80	190
1034de20	FUN_1034de20	20
1034ebe0	FUN_1034ebe0	103
1034f3e0	FUN_1034f3e0	31
1034f410	FUN_1034f410	59
1034fc60	FUN_1034fc60	38
103506f0	FUN_103506f0	33
10350720	FUN_10350720	61
10350770	FUN_10350770	40
10353790	FUN_10353790	167
10353860	FUN_10353860	167
10353c20	FUN_10353c20	60
10353cf0	FUN_10353cf0	83
10353d60	FUN_10353d60	83
10355440	FUN_10355440	37
10355470	FUN_10355470	37
10358410	FUN_10358410	27
10358440	FUN_10358440	48
10358480	FUN_10358480	34
103725d0	FUN_103725d0	61
10372620	FUN_10372620	61
10376e70	FUN_10376e70	37
10376ed0	FUN_10376ed0	156
10376fa0	FUN_10376fa0	123
10377040	FUN_10377040	556
10377300	FUN_10377300	156
103773d0	FUN_103773d0	193
103780e0	FUN_103780e0	78
10378150	FUN_10378150	51
10378190	FUN_10378190	51
10378380	FUN_10378380	51
10378730	FUN_10378730	21
10378770	FUN_10378770	21
103796f0	FUN_103796f0	20
10379fd0	FUN_10379fd0	21
1037a010	FUN_1037a010	21
1037a220	FUN_1037a220	93
1037aab0	FUN_1037aab0	20
1037c5d0	FUN_1037c5d0	23
1037d000	FUN_1037d000	23
1037d020	FUN_1037d020	23
1037e9d0	FUN_1037e9d0	20
1037ef60	FUN_1037ef60	21
10382120	FUN_10382120	23
10384d10	FUN_10384d10	131
10386970	FUN_10386970	76
1038f170	FUN_1038f170	17
1038f1a0	FUN_1038f1a0	17
103909e0	FUN_103909e0	97
10391190	FUN_10391190	200
10391290	FUN_10391290	142
10391350	FUN_10391350	82
10391510	FUN_10391510	117
103936d0	FUN_103936d0	61
10393c20	FUN_10393c20	103
10393ca0	FUN_10393ca0	103
10393d20	FUN_10393d20	103
10393da0	FUN_10393da0	103
10393e20	FUN_10393e20	103
10393ea0	FUN_10393ea0	103
10393f20	FUN_10393f20	103
10394170	FUN_10394170	103
103941f0	FUN_103941f0	103
10394270	FUN_10394270	103
103942f0	FUN_103942f0	103
10394370	FUN_10394370	103
10394dc0	FUN_10394dc0	69
103a13d0	FUN_103a13d0	143
103a1490	FUN_103a1490	21
103a14b0	FUN_103a14b0	21
103a14d0	FUN_103a14d0	21
103a1540	FUN_103a1540	21
103a1560	FUN_103a1560	25
103a15c0	FUN_103a15c0	25
103a15e0	FUN_103a15e0	25
103a17e0	FUN_103a17e0	40
103a1850	FUN_103a1850	21
103a1870	FUN_103a1870	21
103a18f0	FUN_103a18f0	101
103a1970	FUN_103a1970	101
103a1f40	FUN_103a1f40	66
103a1fb0	FUN_103a1fb0	22
103a3530	FUN_103a3530	103
103a35b0	FUN_103a35b0	103
103a3630	FUN_103a3630	103
103a36b0	FUN_103a36b0	103
103a39e0	FUN_103a39e0	103
103a3d70	FUN_103a3d70	69
103a3dd0	FUN_103a3dd0	69
103a4370	FUN_103a4370	38
103a43e0	FUN_103a43e0	40
103a4c50	FUN_103a4c50	167
103a4f40	FUN_103a4f40	60
103a4f90	FUN_103a4f90	83
103a51c0	FUN_103a51c0	37
103a5820	FUN_103a5820	34
103b6a40	FUN_103b6a40	90
103b7030	FUN_103b7030	78
103b70a0	FUN_103b70a0	67
103b7840	FUN_103b7840	21
103b78c0	FUN_103b78c0	21
103b8600	FUN_103b8600	59
103b8b80	FUN_103b8b80	116
103b8c20	FUN_103b8c20	116
103b91b0	FUN_103b91b0	40
103b9950	FUN_103b9950	77
103ba040	FUN_103ba040	49
103bcf70	FUN_103bcf70	103
103bd030	FUN_103bd030	103
103bd0b0	FUN_103bd0b0	103
103bd130	FUN_103bd130	103
103bd1f0	FUN_103bd1f0	103
103bd270	FUN_103bd270	103
103bf250	FUN_103bf250	103
103bf5c0	FUN_103bf5c0	63
103bf670	FUN_103bf670	65
103bf7c0	FUN_103bf7c0	167
103bf980	FUN_103bf980	60
103bf9d0	FUN_103bf9d0	83
103bfb30	FUN_103bfb30	37
103bff20	FUN_103bff20	76
103c7250	FUN_103c7250	59
103c72a0	FUN_103c72a0	56
103c8030	FUN_103c8030	78
103c81b0	FUN_103c81b0	23
103c8290	FUN_103c8290	23
103c82b0	FUN_103c82b0	21
103c82d0	FUN_103c82d0	21
103c8320	FUN_103c8320	23
103c8340	FUN_103c8340	23
103c8750	FUN_103c8750	23
103c8770	FUN_103c8770	23
103c8790	FUN_103c8790	23
103ca9d0	FUN_103ca9d0	103
103caa50	FUN_103caa50	103
103caad0	FUN_103caad0	103
103cab50	FUN_103cab50	103
103cb7b0	FUN_103cb7b0	69
103cb810	FUN_103cb810	69
103cbee0	FUN_103cbee0	59
103cca10	FUN_103cca10	31
103ccdb0	FUN_103ccdb0	31
103ccde0	FUN_103ccde0	73
103cd200	FUN_103cd200	33
103cd230	FUN_103cd230	33
103cd260	FUN_103cd260	75
103ce080	FUN_103ce080	167
103ce410	FUN_103ce410	60
103ce460	FUN_103ce460	83
103ce4d0	FUN_103ce4d0	83
103ce570	FUN_103ce570	37
103ce5a0	FUN_103ce5a0	37
103cead0	FUN_103cead0	27
103ceb00	FUN_103ceb00	27
103ceb30	FUN_103ceb30	27
103cec00	FUN_103cec00	83
103cf610	FUN_103cf610	33
103d0b10	FUN_103d0b10	121
103d3730	FUN_103d3730	78
103d46a0	FUN_103d46a0	20
103d46d0	FUN_103d46d0	20
103d46f0	FUN_103d46f0	21
103d5130	FUN_103d5130	42
103d5170	FUN_103d5170	42
103d51b0	FUN_103d51b0	42
103d5e70	FUN_103d5e70	103
103e9780	FUN_103e9780	95
103e9bc0	FUN_103e9bc0	183
103e9ea0	FUN_103e9ea0	101
103ea6c0	FUN_103ea6c0	69
103ea7d0	FUN_103ea7d0	69
103ea910	FUN_103ea910	69
103ea970	FUN_103ea970	69
103ea9d0	FUN_103ea9d0	69
103eaa70	FUN_103eaa70	25
103ead20	FUN_103ead20	23
103ead40	FUN_103ead40	23
103ead60	FUN_103ead60	23
103ead80	FUN_103ead80	23
103eada0	FUN_103eada0	25
103eadc0	FUN_103eadc0	25
103eade0	FUN_103eade0	25
103eae00	FUN_103eae00	25
103eae40	FUN_103eae40	25
103eae70	FUN_103eae70	23
103eae90	FUN_103eae90	23
103eaeb0	FUN_103eaeb0	25
103eaed0	FUN_103eaed0	23
103eaef0	FUN_103eaef0	23
103eaf10	FUN_103eaf10	25
103eafe0	FUN_103eafe0	23
103eb000	FUN_103eb000	23
103eb020	FUN_103eb020	25
103eb0a0	FUN_103eb0a0	23
103eb0c0	FUN_103eb0c0	23
103eb0e0	FUN_103eb0e0	23
103eb100	FUN_103eb100	25
103eb130	FUN_103eb130	23
103eb260	FUN_103eb260	23
103eb280	FUN_103eb280	23
103eb2a0	FUN_103eb2a0	23
103eb2c0	FUN_103eb2c0	23
103eb2e0	FUN_103eb2e0	25
103eb300	FUN_103eb300	25
103eb320	FUN_103eb320	25
103eb370	FUN_103eb370	25
103eb3a0	FUN_103eb3a0	23
103eb4b0	FUN_103eb4b0	20
103eb5b0	FUN_103eb5b0	23
103eb660	FUN_103eb660	21
103eb680	FUN_103eb680	21
103eb6a0	FUN_103eb6a0	21
103eb6c0	FUN_103eb6c0	21
103eb6e0	FUN_103eb6e0	21
103eb700	FUN_103eb700	21
103eb720	FUN_103eb720	21
103eb740	FUN_103eb740	21
103eb760	FUN_103eb760	21
103eb780	FUN_103eb780	21
103eb7a0	FUN_103eb7a0	21
103eb7c0	FUN_103eb7c0	21
103eb7e0	FUN_103eb7e0	21
103eb800	FUN_103eb800	21
103eb820	FUN_103eb820	21
103eb840	FUN_103eb840	21
103eb860	FUN_103eb860	21
103eb8c0	FUN_103eb8c0	25
103eb900	FUN_103eb900	23
103eb9e0	FUN_103eb9e0	23
103eba00	FUN_103eba00	23
103eba20	FUN_103eba20	23
103eba40	FUN_103eba40	23
103eba60	FUN_103eba60	23
103eba80	FUN_103eba80	25
103ebaa0	FUN_103ebaa0	25
103ebac0	FUN_103ebac0	23
103f1f80	FUN_103f1f80	103
103f2000	FUN_103f2000	103
103f2080	FUN_103f2080	103
103f2100	FUN_103f2100	103
103f2180	FUN_103f2180	103
103f2200	FUN_103f2200	103
103f2280	FUN_103f2280	103
103f2300	FUN_103f2300	103
103f2380	FUN_103f2380	103
103f2400	FUN_103f2400	103
103f2480	FUN_103f2480	103
103f2500	FUN_103f2500	103
103f2580	FUN_103f2580	103
103f2600	FUN_103f2600	103
103f2680	FUN_103f2680	103
103f2700	FUN_103f2700	103
103f2780	FUN_103f2780	103
103f2800	FUN_103f2800	103
103f2950	FUN_103f2950	69
103f29b0	FUN_103f29b0	69
103f2a10	FUN_103f2a10	69
103f2a70	FUN_103f2a70	69
103f2ad0	FUN_103f2ad0	69
103f2b30	FUN_103f2b30	69
103f2b90	FUN_103f2b90	69
103f2bf0	FUN_103f2bf0	69
103f2c50	FUN_103f2c50	69
103f2cb0	FUN_103f2cb0	69
103f2d10	FUN_103f2d10	69
103f2d70	FUN_103f2d70	69
103f2dd0	FUN_103f2dd0	69
103f2e30	FUN_103f2e30	69
103f2e90	FUN_103f2e90	69
103f2ef0	FUN_103f2ef0	69
103f2f50	FUN_103f2f50	69
103f30d0	FUN_103f30d0	107
103f3300	FUN_103f3300	44
103f3aa0	FUN_103f3aa0	99
103f3b20	FUN_103f3b20	99
103f5b60	FUN_103f5b60	35
103f5e50	FUN_103f5e50	31
103f61a0	FUN_103f61a0	33
103f61f0	FUN_103f61f0	35
103f6ad0	FUN_103f6ad0	60
103f6da0	FUN_103f6da0	83
103f7120	FUN_103f7120	37
103f77c0	FUN_103f77c0	27
103f77f0	FUN_103f77f0	27
103f7820	FUN_103f7820	25
103f8e30	FUN_103f8e30	33
103f8e60	FUN_103f8e60	35
103ff080	FUN_103ff080	156
103ff2e0	FUN_103ff2e0	78
103ff3b0	FUN_103ff3b0	20
103ff3e0	FUN_103ff3e0	20
103ff400	FUN_103ff400	20
103ff420	FUN_103ff420	20
103ff440	FUN_103ff440	20
103ff460	FUN_103ff460	20
103ffa00	FUN_103ffa00	107
103ffaa0	FUN_103ffaa0	23
104017b0	FUN_104017b0	36
10401800	FUN_10401800	36
10401ad0	FUN_10401ad0	103
10401b50	FUN_10401b50	103
10401bd0	FUN_10401bd0	103
10403bc0	FUN_10403bc0	74
104043f0	FUN_104043f0	103
10408c60	FUN_10408c60	43
10408ca0	FUN_10408ca0	45
1040bfa0	FUN_1040bfa0	43
1040cc60	FUN_1040cc60	103
1040f4e0	FUN_1040f4e0	46
1040f7a0	FUN_1040f7a0	48
1040fdd0	FUN_1040fdd0	124
10410740	FUN_10410740	35
104109b0	FUN_104109b0	55
10412b50	FUN_10412b50	57
10413680	FUN_10413680	19
10413a10	FUN_10413a10	78
10414e10	FUN_10414e10	103
10414e90	FUN_10414e90	103
104154a0	FUN_104154a0	74
10419cc0	FUN_10419cc0	23
10419ce0	FUN_10419ce0	21
10419d00	FUN_10419d00	21
10419d20	FUN_10419d20	21
10419d50	FUN_10419d50	21
10419d70	FUN_10419d70	21
10419d90	FUN_10419d90	21
1041a560	FUN_1041a560	20
1041a580	FUN_1041a580	30
1041a5c0	FUN_1041a5c0	20
1041a680	FUN_1041a680	106
1041a720	FUN_1041a720	33
1041a760	FUN_1041a760	33
1041a7b0	FUN_1041a7b0	23
1041bff0	FUN_1041bff0	21
1041c010	FUN_1041c010	21
1041c820	FUN_1041c820	20
1041c9c0	FUN_1041c9c0	23
1041c9e0	FUN_1041c9e0	20
1041ca00	FUN_1041ca00	20
1041cc30	FUN_1041cc30	79
1041ccb0	FUN_1041ccb0	103
1041cd30	FUN_1041cd30	103
1041cf70	FUN_1041cf70	39
1041d340	FUN_1041d340	49
1041d510	FUN_1041d510	39
1041d560	FUN_1041d560	36
1041d630	FUN_1041d630	36
10422ef0	FUN_10422ef0	21
10422f10	FUN_10422f10	21
10422f30	FUN_10422f30	21
10422f50	FUN_10422f50	21
10422f70	FUN_10422f70	21
10422f90	FUN_10422f90	21
104238d0	FUN_104238d0	103
10423950	FUN_10423950	103
10423a90	FUN_10423a90	39
10423ac0	FUN_10423ac0	36
10424cf0	FUN_10424cf0	17
10424ef0	FUN_10424ef0	103
10426380	FUN_10426380	49
1042ce30	FUN_1042ce30	69
1042cef0	FUN_1042cef0	21
1042cf10	FUN_1042cf10	21
1042d190	FUN_1042d190	21
1042d1b0	FUN_1042d1b0	21
1042d4d0	FUN_1042d4d0	35
1042d500	FUN_1042d500	21
10430440	FUN_10430440	103
104304d0	FUN_104304d0	103
10430560	FUN_10430560	103
104305f0	FUN_104305f0	103
10430680	FUN_10430680	103
10430710	FUN_10430710	103
10436390	FUN_10436390	73
10438580	FUN_10438580	103
10438600	FUN_10438600	103
104395b0	FUN_104395b0	105
10439640	FUN_10439640	105
1043c920	FUN_1043c920	103
1043c9a0	FUN_1043c9a0	103
1043e380	FUN_1043e380	103
1043ee10	FUN_1043ee10	17
1043f690	FUN_1043f690	103
10440820	FUN_10440820	21
10440840	FUN_10440840	21
10440860	FUN_10440860	139
10440b30	FUN_10440b30	103
10442180	FUN_10442180	103
10445f50	FUN_10445f50	21
10445f70	FUN_10445f70	21
10445f90	FUN_10445f90	21
10445fb0	FUN_10445fb0	21
10445fd0	FUN_10445fd0	21
10445ff0	FUN_10445ff0	44
1044a010	FUN_1044a010	103
1044e920	FUN_1044e920	103
1044e9a0	FUN_1044e9a0	103
10450590	FUN_10450590	21
10451510	FUN_10451510	103
10451590	FUN_10451590	103
104536f0	FUN_104536f0	103
10453e60	FUN_10453e60	103
10454f00	FUN_10454f00	44
10455200	FUN_10455200	103
10458d90	FUN_10458d90	21
10459200	FUN_10459200	21
10459220	FUN_10459220	21
10459240	FUN_10459240	21
10459810	FUN_10459810	44
1045b570	FUN_1045b570	103
1045b5f0	FUN_1045b5f0	103
1045d450	FUN_1045d450	21
1045d480	FUN_1045d480	103
1045ed20	FUN_1045ed20	103
1045ff20	FUN_1045ff20	115
10460e70	FUN_10460e70	103
10461120	FUN_10461120	120
104625f0	FUN_104625f0	83
10462f30	FUN_10462f30	64
10464810	FUN_10464810	21
10464840	FUN_10464840	21
10464860	FUN_10464860	20
10464880	FUN_10464880	21
10464f20	FUN_10464f20	103
10464fb0	FUN_10464fb0	103
10465200	FUN_10465200	155
10465da0	FUN_10465da0	103
10468aa0	FUN_10468aa0	52
10468af0	FUN_10468af0	101
10468ba0	FUN_10468ba0	21
10468bc0	FUN_10468bc0	21
10469100	FUN_10469100	103
10469190	FUN_10469190	103
1046b800	FUN_1046b800	103
1046b890	FUN_1046b890	103
1046c660	FUN_1046c660	55
1046c890	FUN_1046c890	56
1046d9d0	FUN_1046d9d0	103
1046ee60	FUN_1046ee60	21
1046ee80	FUN_1046ee80	21
1046f0a0	FUN_1046f0a0	78
1046f110	FUN_1046f110	21
1046f2f0	FUN_1046f2f0	17
1046fa80	FUN_1046fa80	103
104715e0	FUN_104715e0	103
10473c70	FUN_10473c70	21
104743a0	FUN_104743a0	103
10478100	FUN_10478100	21
10478120	FUN_10478120	21
10478140	FUN_10478140	21
104789a0	FUN_104789a0	103
1047c210	FUN_1047c210	36
1047d530	FUN_1047d530	103
10487bc0	FUN_10487bc0	50
10487cc0	FUN_10487cc0	44
10494950	FUN_10494950	115
10495570	FUN_10495570	44
104966e0	FUN_104966e0	103
10496a00	FUN_10496a00	39
10496a30	FUN_10496a30	39
1049b790	FUN_1049b790	136
1049b840	FUN_1049b840	21
1049b860	FUN_1049b860	21
1049cc70	FUN_1049cc70	103
1049ccf0	FUN_1049ccf0	103
1049cd80	FUN_1049cd80	103
104a1f20	FUN_104a1f20	17
104a7160	FUN_104a7160	103
104a71f0	FUN_104a71f0	103
104a7280	FUN_104a7280	103
104a7310	FUN_104a7310	103
104a73a0	FUN_104a73a0	103
104a7430	FUN_104a7430	103
104a9070	FUN_104a9070	21
104a9100	FUN_104a9100	103
104aa000	FUN_104aa000	103
104aaf00	FUN_104aaf00	103
104ad6e0	FUN_104ad6e0	32
104addb0	FUN_104addb0	33
104b01d0	FUN_104b01d0	103
104b0c10	FUN_104b0c10	104
104b0cc0	FUN_104b0cc0	21
104b0ce0	FUN_104b0ce0	21
104b28b0	FUN_104b28b0	103
104b3a20	FUN_104b3a20	103
104b4920	FUN_104b4920	103
104b9e00	FUN_104b9e00	21
104b9e20	FUN_104b9e20	21
104ba490	FUN_104ba490	103
104bcdd0	FUN_104bcdd0	103
104bce60	FUN_104bce60	103
104bfbe0	FUN_104bfbe0	88
104c0b70	FUN_104c0b70	103
104c0f60	FUN_104c0f60	24
104c10d0	FUN_104c10d0	24
104c1260	FUN_104c1260	41
104c12a0	FUN_104c12a0	72
104c1300	FUN_104c1300	101
104c25a0	FUN_104c25a0	24
104c25c0	FUN_104c25c0	24
104c26a0	FUN_104c26a0	24
104c26c0	FUN_104c26c0	24
104c35b0	FUN_104c35b0	33
104c35e0	FUN_104c35e0	33
104c6f50	FUN_104c6f50	21
104c6f70	FUN_104c6f70	21
104c8b70	FUN_104c8b70	103
104c8c00	FUN_104c8c00	103
104c8e60	FUN_104c8e60	39
104cb060	FUN_104cb060	103
104d1430	FUN_104d1430	21
104d2b40	FUN_104d2b40	438
104d2df0	FUN_104d2df0	21
104d2e10	FUN_104d2e10	284
104d3320	FUN_104d3320	21
104d3340	FUN_104d3340	21
104d3360	FUN_104d3360	35
104d3390	FUN_104d3390	739
104d37c0	FUN_104d37c0	21
104d3b80	FUN_104d3b80	35
104d4470	FUN_104d4470	103
104d44f0	FUN_104d44f0	103
104d4570	FUN_104d4570	103
104d4740	FUN_104d4740	83
104d5e80	FUN_104d5e80	86
104d60f0	FUN_104d60f0	86
104d6160	FUN_104d6160	86
104d62a0	FUN_104d62a0	80
104d6440	FUN_104d6440	103
104d8330	FUN_104d8330	51
104d8370	FUN_104d8370	51
104d8510	FUN_104d8510	21
104d8550	FUN_104d8550	21
104d9270	FUN_104d9270	35
104d9880	FUN_104d9880	78
104d9d90	FUN_104d9d90	103
104da990	FUN_104da990	21
104dac40	FUN_104dac40	32
104dacd0	FUN_104dacd0	21
104db0d0	FUN_104db0d0	21
104db100	FUN_104db100	32
104db600	FUN_104db600	21
104dce30	FUN_104dce30	193
104dcf30	FUN_104dcf30	21
104dd660	FUN_104dd660	103
104dd6e0	FUN_104dd6e0	103
104dd760	FUN_104dd760	103
104ea0a0	FUN_104ea0a0	21
104ec220	FUN_104ec220	51
104ecb10	FUN_104ecb10	103
104ecb90	FUN_104ecb90	103
104ede50	FUN_104ede50	21
104f82a0	FUN_104f82a0	38
104f82d0	FUN_104f82d0	28
104f8360	FUN_104f8360	40
104f83a0	FUN_104f83a0	30
104f8b50	FUN_104f8b50	60
104f8ba0	FUN_104f8ba0	124
104f8c40	FUN_104f8c40	83
104f8f00	FUN_104f8f00	37
104f9550	FUN_104f9550	34
104f9580	FUN_104f9580	24
104fd890	FUN_104fd890	19
104fe590	FUN_104fe590	78
104ff770	FUN_104ff770	60
104ff7c0	FUN_104ff7c0	103
104ff840	FUN_104ff840	60
10505d30	FUN_10505d30	50
10505d70	FUN_10505d70	50
10507800	FUN_10507800	68
10507860	FUN_10507860	64
10507cd0	FUN_10507cd0	18
10507f20	FUN_10507f20	23
10507f40	FUN_10507f40	23
10507f60	FUN_10507f60	23
10508240	FUN_10508240	18
10508260	FUN_10508260	23
10508280	FUN_10508280	23
105082a0	FUN_105082a0	23
105082c0	FUN_105082c0	23
105085d0	FUN_105085d0	66
105087e0	FUN_105087e0	176
105088c0	FUN_105088c0	18
105088e0	FUN_105088e0	187
105089e0	FUN_105089e0	18
10508a00	FUN_10508a00	18
10508a20	FUN_10508a20	140
10508ad0	FUN_10508ad0	51
10508cb0	FUN_10508cb0	184
10508da0	FUN_10508da0	134
10508e60	FUN_10508e60	82
10508ed0	FUN_10508ed0	82
10509650	FUN_10509650	20
10509680	FUN_10509680	142
10509c60	FUN_10509c60	20
1050ab90	FUN_1050ab90	39
1050abc0	FUN_1050abc0	31
1050aea0	FUN_1050aea0	103
1050b3a0	FUN_1050b3a0	103
1050b420	FUN_1050b420	68
10513950	FUN_10513950	50
10513990	FUN_10513990	46
105150a0	FUN_105150a0	133
10516880	FUN_10516880	21
10519b40	FUN_10519b40	103
10519bc0	FUN_10519bc0	103
1051a0f0	FUN_1051a0f0	103
1051a400	FUN_1051a400	105
1051f960	FUN_1051f960	21
1051f980	FUN_1051f980	21
1051f9a0	FUN_1051f9a0	21
1051f9c0	FUN_1051f9c0	21
1051f9e0	FUN_1051f9e0	21
105208d0	FUN_105208d0	35
10520900	FUN_10520900	35
10520930	FUN_10520930	35
10520960	FUN_10520960	35
10520990	FUN_10520990	35
10523d10	FUN_10523d10	17
10524730	FUN_10524730	106
10532b90	FUN_10532b90	90
105330f0	FUN_105330f0	31
10533120	FUN_10533120	31
10533150	FUN_10533150	31
10533f60	FUN_10533f60	23
10534000	FUN_10534000	23
10534170	FUN_10534170	21
10534670	FUN_10534670	48
105346e0	FUN_105346e0	72
105349e0	FUN_105349e0	21
10534a20	FUN_10534a20	21
10534a40	FUN_10534a40	21
10534b00	FUN_10534b00	21
10534b20	FUN_10534b20	21
10534b40	FUN_10534b40	21
10534b60	FUN_10534b60	21
10534b80	FUN_10534b80	21
10534ba0	FUN_10534ba0	21
10534bc0	FUN_10534bc0	21
10534be0	FUN_10534be0	21
10534c00	FUN_10534c00	21
10534c20	FUN_10534c20	21
10534c40	FUN_10534c40	21
10534c60	FUN_10534c60	21
10534c80	FUN_10534c80	21
10534ca0	FUN_10534ca0	21
10534cc0	FUN_10534cc0	21
10534ce0	FUN_10534ce0	21
10534d00	FUN_10534d00	21
10534d20	FUN_10534d20	21
10534d40	FUN_10534d40	21
10534d60	FUN_10534d60	21
10534d80	FUN_10534d80	21
10534da0	FUN_10534da0	21
10534dc0	FUN_10534dc0	21
10534de0	FUN_10534de0	21
10534e00	FUN_10534e00	21
10534e20	FUN_10534e20	21
10534f30	FUN_10534f30	21
10534f50	FUN_10534f50	21
10534f70	FUN_10534f70	21
10534fc0	FUN_10534fc0	44
10535000	FUN_10535000	35
10535240	FUN_10535240	23
105354f0	FUN_105354f0	23
10535610	FUN_10535610	23
10535660	FUN_10535660	23
10535900	FUN_10535900	21
10535920	FUN_10535920	95
10535a70	FUN_10535a70	23
10535d60	FUN_10535d60	23
10535e40	FUN_10535e40	23
10536250	FUN_10536250	25
10536270	FUN_10536270	25
10536290	FUN_10536290	25
10536850	FUN_10536850	21
10536a00	FUN_10536a00	21
1053d150	FUN_1053d150	21
1053d520	FUN_1053d520	53
10541b60	FUN_10541b60	48
10545310	FUN_10545310	103
10545390	FUN_10545390	119
10545430	FUN_10545430	135
105454e0	FUN_105454e0	135
10545590	FUN_10545590	135
10545640	FUN_10545640	103
105456c0	FUN_105456c0	103
1054b4f0	FUN_1054b4f0	39
1054b6e0	FUN_1054b6e0	39
1054b710	FUN_1054b710	39
1054b740	FUN_1054b740	39
1054b780	FUN_1054b780	39
1054b860	FUN_1054b860	39
1054bd70	FUN_1054bd70	85
1054bde0	FUN_1054bde0	85
1054be50	FUN_1054be50	85
1054cfc0	FUN_1054cfc0	20
1054cff0	FUN_1054cff0	21
1054d4c0	FUN_1054d4c0	119
1054d860	FUN_1054d860	38
1054d8b0	FUN_1054d8b0	40
1054e010	FUN_1054e010	167
1054e1f0	FUN_1054e1f0	60
1054e240	FUN_1054e240	83
1054e3b0	FUN_1054e3b0	37
1054e7f0	FUN_1054e7f0	34
10553000	FUN_10553000	78
10553f50	FUN_10553f50	23
10553f70	FUN_10553f70	23
10553f90	FUN_10553f90	25
10553fb0	FUN_10553fb0	21
10553fd0	FUN_10553fd0	23
10553ff0	FUN_10553ff0	23
10554010	FUN_10554010	25
10554490	FUN_10554490	23
105544b0	FUN_105544b0	23
105544d0	FUN_105544d0	25
105547e0	FUN_105547e0	85
10556c90	FUN_10556c90	103
10556d10	FUN_10556d10	103
10556d90	FUN_10556d90	103
10557330	FUN_10557330	69
1055d3c0	FUN_1055d3c0	20
1055d3e0	FUN_1055d3e0	21
1055d400	FUN_1055d400	20
1055d420	FUN_1055d420	21
1055d440	FUN_1055d440	21
1055d470	FUN_1055d470	21
1055d580	FUN_1055d580	20
1055d5a0	FUN_1055d5a0	21
1055d5c0	FUN_1055d5c0	20
1055d5e0	FUN_1055d5e0	21
1055d600	FUN_1055d600	21
1055db60	FUN_1055db60	35
1055db90	FUN_1055db90	20
1055dbb0	FUN_1055dbb0	35
1055dbe0	FUN_1055dbe0	20
1055dc00	FUN_1055dc00	35
1055dc30	FUN_1055dc30	35
1055dce0	FUN_1055dce0	35
1055ec50	FUN_1055ec50	21
1055f260	FUN_1055f260	21
1055fc90	FUN_1055fc90	103
105607a0	FUN_105607a0	330
10572510	FUN_10572510	21
10572530	FUN_10572530	21
10572550	FUN_10572550	21
10572570	FUN_10572570	21
10572590	FUN_10572590	21
10574610	FUN_10574610	21
10574630	FUN_10574630	21
10574650	FUN_10574650	21
10574770	FUN_10574770	21
10574790	FUN_10574790	37
105747c0	FUN_105747c0	21
105747e0	FUN_105747e0	37
10574810	FUN_10574810	21
10574830	FUN_10574830	21
10574860	FUN_10574860	25
10574880	FUN_10574880	21
105748a0	FUN_105748a0	21
105748c0	FUN_105748c0	21
105748e0	FUN_105748e0	79
10574950	FUN_10574950	21
10574970	FUN_10574970	21
10574990	FUN_10574990	21
105749b0	FUN_105749b0	37
105749e0	FUN_105749e0	21
10574a00	FUN_10574a00	21
10574a30	FUN_10574a30	21
10574a50	FUN_10574a50	21
10574b70	FUN_10574b70	32
10574ba0	FUN_10574ba0	32
10574cf0	FUN_10574cf0	21
10574d10	FUN_10574d10	21
10574d30	FUN_10574d30	35
10574d60	FUN_10574d60	35
10574d90	FUN_10574d90	35
10574dc0	FUN_10574dc0	79
10574e30	FUN_10574e30	35
10574e60	FUN_10574e60	51
10574ea0	FUN_10574ea0	35
10574ed0	FUN_10574ed0	35
10574f00	FUN_10574f00	35
10574f30	FUN_10574f30	35
10574f70	FUN_10574f70	21
10574fb0	FUN_10574fb0	25
10578350	FUN_10578350	103
105783d0	FUN_105783d0	119
10578470	FUN_10578470	119
105788a0	FUN_105788a0	69
10580800	FUN_10580800	21
105818e0	FUN_105818e0	21
10581900	FUN_10581900	21
10581920	FUN_10581920	21
10581940	FUN_10581940	21
10581960	FUN_10581960	21
105819b0	FUN_105819b0	140
10581a60	FUN_10581a60	20
10581a80	FUN_10581a80	21
10581aa0	FUN_10581aa0	21
10581b90	FUN_10581b90	21
10581bb0	FUN_10581bb0	21
10582630	FUN_10582630	35
10582660	FUN_10582660	21
10582b20	FUN_10582b20	35
105839d0	FUN_105839d0	55
10585850	FUN_10585850	49
10585900	FUN_10585900	103
1058a6e0	FUN_1058a6e0	232
1058d100	FUN_1058d100	21
1058d120	FUN_1058d120	21
1058d140	FUN_1058d140	21
1058dcc0	FUN_1058dcc0	68
1058de30	FUN_1058de30	37
1058de60	FUN_1058de60	37
1058de90	FUN_1058de90	21
1058deb0	FUN_1058deb0	20
1058e810	FUN_1058e810	35
1058f660	FUN_1058f660	21
10590620	FUN_10590620	23
10590790	FUN_10590790	20
10591b40	FUN_10591b40	89
105922f0	FUN_105922f0	103
10592370	FUN_10592370	103
10592410	FUN_10592410	103
105926d0	FUN_105926d0	69
10593790	FUN_10593790	141
10593dd0	FUN_10593dd0	60
10593e20	FUN_10593e20	83
10593f70	FUN_10593f70	37
10595830	FUN_10595830	96
10597680	FUN_10597680	78
105978b0	FUN_105978b0	17
105978d0	FUN_105978d0	20
105978f0	FUN_105978f0	20
10598470	FUN_10598470	17
10598f50	FUN_10598f50	103
105a2900	FUN_105a2900	96
105a2ad0	FUN_105a2ad0	99
105a5590	FUN_105a5590	60
105a55e0	FUN_105a55e0	60
105a56f0	FUN_105a56f0	83
105a5760	FUN_105a5760	83
105a5ac0	FUN_105a5ac0	37
105a5af0	FUN_105a5af0	37
105a6570	FUN_105a6570	37
105a7670	FUN_105a7670	43
105a76d0	FUN_105a76d0	31
105a8b20	FUN_105a8b20	41
105ad5f0	FUN_105ad5f0	78
105ad660	FUN_105ad660	78
105ad6d0	FUN_105ad6d0	78
105ad820	FUN_105ad820	21
105b24a0	FUN_105b24a0	120
105b2bb0	FUN_105b2bb0	130
105b2c70	FUN_105b2c70	77
105b3450	FUN_105b3450	20
105b3470	FUN_105b3470	20
105b3650	FUN_105b3650	20
105b3670	FUN_105b3670	20
105b4be0	FUN_105b4be0	49
105b4c50	FUN_105b4c50	36
105b4ca0	FUN_105b4ca0	36
105b5090	FUN_105b5090	103
105b5110	FUN_105b5110	103
105b7910	FUN_105b7910	55
105bdb50	FUN_105bdb50	117
105bea00	FUN_105bea00	279
105bee40	FUN_105bee40	21
105bee60	FUN_105bee60	181
105befa0	FUN_105befa0	22
105bf0d0	FUN_105bf0d0	21
105bf0f0	FUN_105bf0f0	157
105bf1e0	FUN_105bf1e0	101
105c0540	FUN_105c0540	103
105c05c0	FUN_105c05c0	103
105c0640	FUN_105c0640	69
105c66c0	FUN_105c66c0	35
105c66f0	FUN_105c66f0	35
105c6720	FUN_105c6720	35
105c6750	FUN_105c6750	146
105c6840	FUN_105c6840	35
105c69d0	FUN_105c69d0	35
105c7190	FUN_105c7190	35
105c71c0	FUN_105c71c0	20
105c75d0	FUN_105c75d0	35
105c97a0	FUN_105c97a0	21
105cb660	FUN_105cb660	101
105cc740	FUN_105cc740	94
105d4840	FUN_105d4840	65
105dd4b0	FUN_105dd4b0	21
105dd4d0	FUN_105dd4d0	21
105dd4f0	FUN_105dd4f0	21
105dd520	FUN_105dd520	21
105dd540	FUN_105dd540	21
105dd560	FUN_105dd560	21
105dd590	FUN_105dd590	35
105dd5d0	FUN_105dd5d0	20
105dd600	FUN_105dd600	35
105dd630	FUN_105dd630	35
105dd660	FUN_105dd660	20
105dd680	FUN_105dd680	21
105dd6a0	FUN_105dd6a0	35
105ddfd0	FUN_105ddfd0	20
105de490	FUN_105de490	21
105de4d0	FUN_105de4d0	82
105e28f0	FUN_105e28f0	20
105e6890	FUN_105e6890	103
105e6910	FUN_105e6910	103
105e6990	FUN_105e6990	103
105e6a10	FUN_105e6a10	103
105e6a90	FUN_105e6a90	103
105e6b10	FUN_105e6b10	103
105e6b90	FUN_105e6b90	103
105e6f00	FUN_105e6f00	69
105e7600	FUN_105e7600	155
105ea850	FUN_105ea850	49
105ea890	FUN_105ea890	49
105ebd30	FUN_105ebd30	57
106013f0	FUN_106013f0	47
10601430	FUN_10601430	41
10610c40	FUN_10610c40	23
10610e00	FUN_10610e00	79
1061d0e0	FUN_1061d0e0	46
1061dcf0	FUN_1061dcf0	103
10653f20	FUN_10653f20	24
10667e10	FUN_10667e10	23
1066d540	FUN_1066d540	23
1066d560	FUN_1066d560	21
1066d580	FUN_1066d580	21
10677120	FUN_10677120	21
1067efd0	FUN_1067efd0	103
10680550	FUN_10680550	103
10680b40	FUN_10680b40	36
10681440	FUN_10681440	33
10681470	FUN_10681470	33
106814a0	FUN_106814a0	33
106814d0	FUN_106814d0	33
10681500	FUN_10681500	33
10681530	FUN_10681530	33
10681560	FUN_10681560	33
10681590	FUN_10681590	33
106817c0	FUN_106817c0	38
10681810	FUN_10681810	40
10682040	FUN_10682040	60
10682380	FUN_10682380	83
106823f0	FUN_106823f0	83
10682600	FUN_10682600	37
10682630	FUN_10682630	37
10682a30	FUN_10682a30	34
10682a60	FUN_10682a60	27
10683550	FUN_10683550	33
10686070	FUN_10686070	61
10686a30	FUN_10686a30	78
106877d0	FUN_106877d0	60
10687820	FUN_10687820	60
10687870	FUN_10687870	103
106878f0	FUN_106878f0	103
1068a180	FUN_1068a180	21
1068a3c0	FUN_1068a3c0	21
1068a5a0	FUN_1068a5a0	21
1068a5c0	FUN_1068a5c0	21
1068a700	FUN_1068a700	35
1068a780	FUN_1068a780	21
1068a7a0	FUN_1068a7a0	120
1068ae60	FUN_1068ae60	122
1068b530	FUN_1068b530	103
1068b720	FUN_1068b720	103
1068b7a0	FUN_1068b7a0	103
1068b990	FUN_1068b990	69
10696b60	FUN_10696b60	103
10699550	FUN_10699550	21
10699570	FUN_10699570	21
10699590	FUN_10699590	21
106995b0	FUN_106995b0	21
106995d0	FUN_106995d0	21
106995f0	FUN_106995f0	21
10699610	FUN_10699610	21
10699630	FUN_10699630	21
10699700	FUN_10699700	30
10699730	FUN_10699730	35
10699760	FUN_10699760	35
10699790	FUN_10699790	35
106997c0	FUN_106997c0	20
106999a0	FUN_106999a0	38
10699ae0	FUN_10699ae0	40
1069a280	FUN_1069a280	34
1069ffe0	FUN_1069ffe0	20
106a00d0	FUN_106a00d0	103
106a0150	FUN_106a0150	103
106a01d0	FUN_106a01d0	103
106a0250	FUN_106a0250	103
106a02d0	FUN_106a02d0	103
106a0350	FUN_106a0350	103
106a1a50	FUN_106a1a50	120
106a1df0	FUN_106a1df0	103
106a2ff0	FUN_106a2ff0	45
106a3070	FUN_106a3070	47
106a3930	FUN_106a3930	41
106a91c0	FUN_106a91c0	39
106a9ef0	FUN_106a9ef0	193
106aa2c0	FUN_106aa2c0	36
106aa370	FUN_106aa370	36
106aa470	FUN_106aa470	36
106ab3c0	FUN_106ab3c0	167
106ab7b0	FUN_106ab7b0	124
106ab850	FUN_106ab850	83
106ab980	FUN_106ab980	49
106ab9c0	FUN_106ab9c0	49
106ac430	FUN_106ac430	37
106ac690	FUN_106ac690	70
106ac770	FUN_106ac770	187
106ae9f0	FUN_106ae9f0	27
106aea20	FUN_106aea20	33
106aea50	FUN_106aea50	53
106aeac0	FUN_106aeac0	27
106aeaf0	FUN_106aeaf0	27
106aeb20	FUN_106aeb20	27
106af1f0	FUN_106af1f0	56
106af680	FUN_106af680	57
106af6d0	FUN_106af6d0	55
106b0f80	FUN_106b0f80	63
106b22b0	FUN_106b22b0	33
106b22e0	FUN_106b22e0	33
106b2f50	FUN_106b2f50	49
106b57e0	FUN_106b57e0	137
106b5890	FUN_106b5890	127
106b5930	FUN_106b5930	41
106b5a10	FUN_106b5a10	64
106b5a60	FUN_106b5a60	64
106bd210	FUN_106bd210	19
106bdd60	FUN_106bdd60	61
106bddb0	FUN_106bddb0	61
106c1d10	FUN_106c1d10	21
106c1d30	FUN_106c1d30	21
106c1d50	FUN_106c1d50	21
106c5370	FUN_106c5370	20
106c5fe0	FUN_106c5fe0	103
106cc6c0	FUN_106cc6c0	56
106cc8e0	FUN_106cc8e0	103
106cc960	FUN_106cc960	125
106d0ad0	FUN_106d0ad0	23
106d0d60	FUN_106d0d60	103
106d1220	FUN_106d1220	38
106d1680	FUN_106d1680	40
106d1840	FUN_106d1840	167
106d1a20	FUN_106d1a20	60
106d1a70	FUN_106d1a70	83
106d1d00	FUN_106d1d00	37
106d2070	FUN_106d2070	34
106d38b0	FUN_106d38b0	48
106d4da0	FUN_106d4da0	29
106d55c0	FUN_106d55c0	78
106d5630	FUN_106d5630	78
106d5ab0	FUN_106d5ab0	21
106d5ad0	FUN_106d5ad0	23
106d5cc0	FUN_106d5cc0	23
106d6d60	FUN_106d6d60	103
106d8430	FUN_106d8430	181
106d8540	FUN_106d8540	44
106d8580	FUN_106d8580	501
106d8870	FUN_106d8870	96
106dc500	FUN_106dc500	21
106dcd70	FUN_106dcd70	31
106dd0d0	FUN_106dd0d0	31
106dd100	FUN_106dd100	31
106dd170	FUN_106dd170	33
106dd1a0	FUN_106dd1a0	33
106dd1d0	FUN_106dd1d0	33
106dd480	FUN_106dd480	83
106dd4f0	FUN_106dd4f0	83
106dd6c0	FUN_106dd6c0	37
106dd6f0	FUN_106dd6f0	37
106ddbb0	FUN_106ddbb0	27
106ddbe0	FUN_106ddbe0	27
106ddc10	FUN_106ddc10	27
106dfa00	FUN_106dfa00	20
106dfa20	FUN_106dfa20	20
106ed330	FUN_106ed330	23
106ee050	FUN_106ee050	20
106ee070	FUN_106ee070	21
106f1f90	FUN_106f1f90	20
106f2020	FUN_106f2020	21
106f6bf0	FUN_106f6bf0	135
106f6e40	FUN_106f6e40	39
106f6e70	FUN_106f6e70	39
106f6ea0	FUN_106f6ea0	36
106fb500	FUN_106fb500	23
106fd6e0	FUN_106fd6e0	39
106fd710	FUN_106fd710	39
10706810	FUN_10706810	23
10707940	FUN_10707940	21
10708510	FUN_10708510	103
1070dc00	FUN_1070dc00	49
1070dc40	FUN_1070dc40	23
1070dc60	FUN_1070dc60	23
1070dc80	FUN_1070dc80	23
10711cb0	FUN_10711cb0	39
10718090	FUN_10718090	39
1071e340	FUN_1071e340	23
1071e610	FUN_1071e610	23
1071e630	FUN_1071e630	23
1071ea60	FUN_1071ea60	23
10722fc0	FUN_10722fc0	39
10722ff0	FUN_10722ff0	39
1072e190	FUN_1072e190	60
1073c360	FUN_1073c360	21
1073c380	FUN_1073c380	21
1073c3a0	FUN_1073c3a0	21
10743050	FUN_10743050	23
1078dc60	FUN_1078dc60	39
107bb630	FUN_107bb630	23
107bcaa0	FUN_107bcaa0	23
107cb7f0	FUN_107cb7f0	103
107cc540	FUN_107cc540	36
107cc570	FUN_107cc570	42
107cc990	FUN_107cc990	39
107e03a0	FUN_107e03a0	23
107e5460	FUN_107e5460	50
10827d70	FUN_10827d70	39
10827f70	FUN_10827f70	90
10827fe0	FUN_10827fe0	55
108287d0	FUN_108287d0	167
10828990	FUN_10828990	83
10828ad0	FUN_10828ad0	37
10828b00	FUN_10828b00	119
10846b00	FUN_10846b00	35
10852b20	FUN_10852b20	23
1085d6c0	FUN_1085d6c0	39
10868000	FUN_10868000	21
10868020	FUN_10868020	21
10875130	FUN_10875130	39
1087d660	FUN_1087d660	23
1087ed50	FUN_1087ed50	38
1087ed80	FUN_1087ed80	40
1087ef00	FUN_1087ef00	34
1088f250	FUN_1088f250	23
1088f350	FUN_1088f350	23
10891860	FUN_10891860	39
108c3ef0	FUN_108c3ef0	23
108e33e0	FUN_108e33e0	39
108ee760	FUN_108ee760	23
108ee780	FUN_108ee780	39
108eeaf0	FUN_108eeaf0	23
108eeb10	FUN_108eeb10	23
108f8040	FUN_108f8040	39
108f8070	FUN_108f8070	119
10962630	FUN_10962630	33
10962990	FUN_10962990	41
10965280	FUN_10965280	256
1098b380	FUN_1098b380	23
1098e2e0	FUN_1098e2e0	83
1098e420	FUN_1098e420	37
1099d020	FUN_1099d020	69
1099d100	FUN_1099d100	69
1099d780	FUN_1099d780	60
1099d8f0	FUN_1099d8f0	89
1099de90	FUN_1099de90	66
109a6580	FUN_109a6580	89
109bbed0	FUN_109bbed0	23
109d0450	FUN_109d0450	23
109de720	FUN_109de720	23
109de740	FUN_109de740	23
109e1540	FUN_109e1540	39
109e1570	FUN_109e1570	39
109e9440	FUN_109e9440	23
109edd10	FUN_109edd10	31
109edd60	FUN_109edd60	33
109eded0	FUN_109eded0	27
109f05a0	FUN_109f05a0	78
10a044b0	FUN_10a044b0	21
10a044d0	FUN_10a044d0	21
10a044f0	FUN_10a044f0	21
10a04510	FUN_10a04510	21
10a08110	FUN_10a08110	103
10a08190	FUN_10a08190	103
10a08210	FUN_10a08210	103
10a08290	FUN_10a08290	103
10a08310	FUN_10a08310	103
10a08390	FUN_10a08390	103
10a08410	FUN_10a08410	103
10a08490	FUN_10a08490	103
10a08910	FUN_10a08910	69
10a08970	FUN_10a08970	69
10a089d0	FUN_10a089d0	69
10a08a30	FUN_10a08a30	69
10a129e0	FUN_10a129e0	60
10a12a30	FUN_10a12a30	83
10a12b80	FUN_10a12b80	37
10a16220	FUN_10a16220	78
10a40840	FUN_10a40840	69
10a5d770	FUN_10a5d770	23
10a646d0	FUN_10a646d0	39
10a64860	FUN_10a64860	39
10a78850	FUN_10a78850	23
10a79b60	FUN_10a79b60	79
10a79e80	FUN_10a79e80	17
10a7a930	FUN_10a7a930	23
10a7bfb0	FUN_10a7bfb0	23
10a7c020	FUN_10a7c020	23
10a7cb70	FUN_10a7cb70	103
10a7ce70	FUN_10a7ce70	39
10a90600	FUN_10a90600	23
10a90620	FUN_10a90620	23
10a9faf0	FUN_10a9faf0	23
10a9fdd0	FUN_10a9fdd0	23
10aa2720	FUN_10aa2720	39
10aa27d0	FUN_10aa27d0	39
10ad6ed0	FUN_10ad6ed0	23
10ae5f70	FUN_10ae5f70	39
10af39c0	FUN_10af39c0	35
10af39f0	FUN_10af39f0	35
10af3a20	FUN_10af3a20	35
10af3a50	FUN_10af3a50	35
10af3a80	FUN_10af3a80	35
10af3ab0	FUN_10af3ab0	35
10af3ae0	FUN_10af3ae0	35
10af3b10	FUN_10af3b10	35
10af3b40	FUN_10af3b40	35
10af3b70	FUN_10af3b70	35
10af3ba0	FUN_10af3ba0	35
10af3bd0	FUN_10af3bd0	35
10af3c00	FUN_10af3c00	35
10af3c30	FUN_10af3c30	35
10af3c60	FUN_10af3c60	35
10af3c90	FUN_10af3c90	35
10af3cc0	FUN_10af3cc0	35
10af4bd0	FUN_10af4bd0	25
10af4bf0	FUN_10af4bf0	25
10af5b70	FUN_10af5b70	35
10af5ba0	FUN_10af5ba0	35
10b149d0	FUN_10b149d0	23
10b18d60	FUN_10b18d60	23
10b1a710	FUN_10b1a710	39
10b59470	FUN_10b59470	39
10b594a0	FUN_10b594a0	39
10b594d0	FUN_10b594d0	39
10b59500	FUN_10b59500	39
10b59530	FUN_10b59530	39
10b59560	FUN_10b59560	39
10b59590	FUN_10b59590	39
10b595c0	FUN_10b595c0	39
10b595f0	FUN_10b595f0	39
10b59620	FUN_10b59620	39
10b59650	FUN_10b59650	39
10b59680	FUN_10b59680	39
10b596b0	FUN_10b596b0	39
10b596e0	FUN_10b596e0	39
10b598f0	FUN_10b598f0	38
10b59940	FUN_10b59940	40
10b59ee0	FUN_10b59ee0	83
10b5a010	FUN_10b5a010	37
10b5a1d0	FUN_10b5a1d0	33
10b5a200	FUN_10b5a200	34
10b5b720	FUN_10b5b720	39
10b6ff10	FUN_10b6ff10	49
10b70400	FUN_10b70400	21
10b721d0	FUN_10b721d0	103
10b72250	FUN_10b72250	103
10b72810	FUN_10b72810	69
10b754f0	FUN_10b754f0	19
10b75510	FUN_10b75510	20
10b75530	FUN_10b75530	20
10b75550	FUN_10b75550	20
10b756c0	FUN_10b756c0	19
10b75820	FUN_10b75820	20
10b75860	FUN_10b75860	19
10b78e10	FUN_10b78e10	21
10b78e30	FUN_10b78e30	21
10b78e50	FUN_10b78e50	21
10b78e70	FUN_10b78e70	21
10b78e90	FUN_10b78e90	57
10b798f0	FUN_10b798f0	20
10b79910	FUN_10b79910	20
10b7aaa0	FUN_10b7aaa0	103
10b7ab20	FUN_10b7ab20	103
10b803e0	FUN_10b803e0	21
10b80400	FUN_10b80400	21
10b80420	FUN_10b80420	25
10b80510	FUN_10b80510	34
10b80540	FUN_10b80540	21
10b81530	FUN_10b81530	21
10b81550	FUN_10b81550	21
10b81570	FUN_10b81570	21
10b81660	FUN_10b81660	20
10b81a30	FUN_10b81a30	21
10b81cb0	FUN_10b81cb0	51
10b81cf0	FUN_10b81cf0	32
10b81d20	FUN_10b81d20	32
10b82e70	FUN_10b82e70	103
10b82ef0	FUN_10b82ef0	103
10b82f70	FUN_10b82f70	103
10b83350	FUN_10b83350	103
10b83500	FUN_10b83500	103
10b843b0	FUN_10b843b0	69
10b8b450	FUN_10b8b450	20
10b8b470	FUN_10b8b470	20
10b8b490	FUN_10b8b490	25
10b8b4b0	FUN_10b8b4b0	25
10b8b4d0	FUN_10b8b4d0	20
10b8b4f0	FUN_10b8b4f0	25
10b8b510	FUN_10b8b510	25
10b8b990	FUN_10b8b990	21
10b8b9b0	FUN_10b8b9b0	21
10b8b9d0	FUN_10b8b9d0	21
10b8b9f0	FUN_10b8b9f0	21
10b8ba60	FUN_10b8ba60	20
10b8d5b0	FUN_10b8d5b0	103
10b8d630	FUN_10b8d630	103
10b8d6b0	FUN_10b8d6b0	103
10b8d730	FUN_10b8d730	103
10b8d7b0	FUN_10b8d7b0	103
10b8db70	FUN_10b8db70	69
10b8dbd0	FUN_10b8dbd0	69
10b8dc30	FUN_10b8dc30	69
10b8dc90	FUN_10b8dc90	69
10b937e0	FUN_10b937e0	31
10b93810	FUN_10b93810	31
10b93840	FUN_10b93840	31
10b94ef0	FUN_10b94ef0	103
10b94f70	FUN_10b94f70	103
10b9c370	FUN_10b9c370	21
10b9c390	FUN_10b9c390	21
10b9ddf0	FUN_10b9ddf0	30
10b9de20	FUN_10b9de20	30
10b9e170	FUN_10b9e170	20
10b9e190	FUN_10b9e190	20
10b9e1f0	FUN_10b9e1f0	42
10b9f670	FUN_10b9f670	103
10b9f6f0	FUN_10b9f6f0	103
10b9f770	FUN_10b9f770	103
10b9f7f0	FUN_10b9f7f0	103
10b9f870	FUN_10b9f870	103
10b9f8f0	FUN_10b9f8f0	103
10ba1160	FUN_10ba1160	168
10ba60f0	FUN_10ba60f0	33
10ba6120	FUN_10ba6120	31
10ba7730	FUN_10ba7730	41
10ba8810	FUN_10ba8810	38
10bab350	FUN_10bab350	21
10bb31d0	FUN_10bb31d0	103
10bb3250	FUN_10bb3250	103
10bb4610	FUN_10bb4610	93
10bb4790	FUN_10bb4790	38
10bb49c0	FUN_10bb49c0	38
10bb4a90	FUN_10bb4a90	40
10bb4ad0	FUN_10bb4ad0	40
10bb4b30	FUN_10bb4b30	65
10bb4d10	FUN_10bb4d10	83
10bb4e60	FUN_10bb4e60	37
10bb5160	FUN_10bb5160	34
10bb5190	FUN_10bb5190	34
10bb7a60	FUN_10bb7a60	21
10bb7a80	FUN_10bb7a80	215
10bb7bc0	FUN_10bb7bc0	150
10bb7d30	FUN_10bb7d30	21
10bb7d50	FUN_10bb7d50	21
10bb7d70	FUN_10bb7d70	21
10bb7d90	FUN_10bb7d90	21
10bb7db0	FUN_10bb7db0	21
10bb7dd0	FUN_10bb7dd0	21
10bb7df0	FUN_10bb7df0	21
10bb7e10	FUN_10bb7e10	21
10bb7e30	FUN_10bb7e30	21
10bb7e60	FUN_10bb7e60	35
10bb7eb0	FUN_10bb7eb0	23
10bba430	FUN_10bba430	21
10bbabb0	FUN_10bbabb0	17
10bbac00	FUN_10bbac00	100
10bbb3a0	FUN_10bbb3a0	39
10bbb9f0	FUN_10bbb9f0	157
10bbbae0	FUN_10bbbae0	157
10bbbfe0	FUN_10bbbfe0	20
10bbc630	FUN_10bbc630	103
10bbe880	FUN_10bbe880	21
10bbe8d0	FUN_10bbe8d0	21
10bbed40	FUN_10bbed40	103
10bbf370	FUN_10bbf370	103
10bbf5c0	FUN_10bbf5c0	31
10bbf7a0	FUN_10bbf7a0	33
10bbf920	FUN_10bbf920	167
10bbf9f0	FUN_10bbf9f0	83
10bbfba0	FUN_10bbfba0	37
10bbfe80	FUN_10bbfe80	27
10bc1c60	FUN_10bc1c60	21
10bc1c80	FUN_10bc1c80	21
10bc1ca0	FUN_10bc1ca0	20
10bc47a0	FUN_10bc47a0	21
10bc4800	FUN_10bc4800	21
10bc4d60	FUN_10bc4d60	103
10bc78f0	FUN_10bc78f0	31
10bc7930	FUN_10bc7930	104
10bc81e0	FUN_10bc81e0	43
10bc90f0	FUN_10bc90f0	103
10bc9170	FUN_10bc9170	103
10bc91f0	FUN_10bc91f0	103
10bcb450	FUN_10bcb450	103
10bcb650	FUN_10bcb650	31
10bcc5c0	FUN_10bcc5c0	33
10bcf5e0	FUN_10bcf5e0	60
10bcf630	FUN_10bcf630	60
10bcf680	FUN_10bcf680	60
10bcf870	FUN_10bcf870	83
10bcf8e0	FUN_10bcf8e0	83
10bd04d0	FUN_10bd04d0	37
10bd0500	FUN_10bd0500	37
10bd1db0	FUN_10bd1db0	27
10bd1de0	FUN_10bd1de0	27
10bd1e10	FUN_10bd1e10	24
10bd1e30	FUN_10bd1e30	25
10bd4360	FUN_10bd4360	33
10bd4390	FUN_10bd4390	35
10bd7780	FUN_10bd7780	80
10bd77f0	FUN_10bd77f0	375
10be23b0	FUN_10be23b0	78
10be2420	FUN_10be2420	78
10be2490	FUN_10be2490	78
10be2500	FUN_10be2500	78
10be5040	FUN_10be5040	27
10be5070	FUN_10be5070	81
10bec6d0	FUN_10bec6d0	123
10beca90	FUN_10beca90	96
10bedc30	FUN_10bedc30	60
10bee5d0	FUN_10bee5d0	35
10bee710	FUN_10bee710	36
10bee740	FUN_10bee740	36
10bee770	FUN_10bee770	36
10bf0eb0	FUN_10bf0eb0	20
10bf0f00	FUN_10bf0f00	20
10bf1320	FUN_10bf1320	103
10bf13a0	FUN_10bf13a0	150
10bf1470	FUN_10bf1470	60
10bf2780	FUN_10bf2780	103
10bf2fe0	FUN_10bf2fe0	20
10bf3000	FUN_10bf3000	20
10bf3040	FUN_10bf3040	103
10bf34a0	FUN_10bf34a0	21
10bf34d0	FUN_10bf34d0	20
10bf34f0	FUN_10bf34f0	20
10bf3530	FUN_10bf3530	103
10bf92f0	FUN_10bf92f0	103
10bfdb00	FUN_10bfdb00	103
10bff8c0	FUN_10bff8c0	21
10c00c70	FUN_10c00c70	117
10c00d10	FUN_10c00d10	103
10c00d90	FUN_10c00d90	103
10c00e10	FUN_10c00e10	103
10c013a0	FUN_10c013a0	38
10c01490	FUN_10c01490	36
10c014c0	FUN_10c014c0	36
10c014f0	FUN_10c014f0	36
10c017e0	FUN_10c017e0	77
10c01840	FUN_10c01840	70
10c01a10	FUN_10c01a10	27
10c01a40	FUN_10c01a40	27
10c01a70	FUN_10c01a70	27
10c01e70	FUN_10c01e70	33
10c01ea0	FUN_10c01ea0	33
10c02510	FUN_10c02510	41
10c02e50	FUN_10c02e50	21
10c03950	FUN_10c03950	103
10c039d0	FUN_10c039d0	103
10c0cf10	FUN_10c0cf10	21
10c0e800	FUN_10c0e800	21
10c0ed70	FUN_10c0ed70	21
10c15630	FUN_10c15630	103
10c18420	FUN_10c18420	21
10c18540	FUN_10c18540	21
10c19520	FUN_10c19520	23
10c1bb40	FUN_10c1bb40	65
10c1bbc0	FUN_10c1bbc0	23
10c1c720	FUN_10c1c720	35
10c1e790	FUN_10c1e790	21
10c20ab0	FUN_10c20ab0	77
10c20b20	FUN_10c20b20	181
10c20c30	FUN_10c20c30	150
10c21bb0	FUN_10c21bb0	38
10c21dc0	FUN_10c21dc0	38
10c21e30	FUN_10c21e30	40
10c21e70	FUN_10c21e70	40
10c22cc0	FUN_10c22cc0	34
10c22cf0	FUN_10c22cf0	34
10c267e0	FUN_10c267e0	20
10c27280	FUN_10c27280	103
10c2a580	FUN_10c2a580	35
10c2a670	FUN_10c2a670	103
10c2c0e0	FUN_10c2c0e0	45
10c2c400	FUN_10c2c400	47
10c2e0d0	FUN_10c2e0d0	20
10c2e0f0	FUN_10c2e0f0	20
10c2eba0	FUN_10c2eba0	20
10c2ebc0	FUN_10c2ebc0	20
10c32770	FUN_10c32770	103
10c37b00	FUN_10c37b00	21
10c37ec0	FUN_10c37ec0	21
10c37ef0	FUN_10c37ef0	35
10c38230	FUN_10c38230	103
10c3b270	FUN_10c3b270	103
10c3b7b0	FUN_10c3b7b0	72
10c3ba30	FUN_10c3ba30	77
10c46f60	FUN_10c46f60	17
10c478e0	FUN_10c478e0	103
10c48f40	FUN_10c48f40	21
10c49450	FUN_10c49450	21
10c49470	FUN_10c49470	21
10c495e0	FUN_10c495e0	21
10c496e0	FUN_10c496e0	21
10c4cb40	FUN_10c4cb40	21
10c4cf90	FUN_10c4cf90	103
10c4d010	FUN_10c4d010	103
10c4d0f0	FUN_10c4d0f0	69
10c52500	FUN_10c52500	21
10c52520	FUN_10c52520	21
10c52540	FUN_10c52540	21
10c52560	FUN_10c52560	21
10c52580	FUN_10c52580	21
10c53000	FUN_10c53000	103
10c531a0	FUN_10c531a0	103
10c53220	FUN_10c53220	103
10c532a0	FUN_10c532a0	103
10c53320	FUN_10c53320	103
10c533a0	FUN_10c533a0	103
10c53550	FUN_10c53550	103
10c535d0	FUN_10c535d0	103
10c53650	FUN_10c53650	103
10c536d0	FUN_10c536d0	103
10c53750	FUN_10c53750	103
10c53d50	FUN_10c53d50	69
10c53db0	FUN_10c53db0	69
10c53e10	FUN_10c53e10	69
10c53e70	FUN_10c53e70	69
10c53ed0	FUN_10c53ed0	69
10c578f0	FUN_10c578f0	71
10c579c0	FUN_10c579c0	21
10c579e0	FUN_10c579e0	21
10c57a00	FUN_10c57a00	21
10c57a20	FUN_10c57a20	21
10c58260	FUN_10c58260	103
10c58400	FUN_10c58400	103
10c58480	FUN_10c58480	103
10c58500	FUN_10c58500	103
10c58580	FUN_10c58580	103
10c58730	FUN_10c58730	103
10c587b0	FUN_10c587b0	103
10c58830	FUN_10c58830	103
10c588b0	FUN_10c588b0	103
10c58de0	FUN_10c58de0	69
10c58e40	FUN_10c58e40	69
10c58ea0	FUN_10c58ea0	69
10c58f00	FUN_10c58f00	69
10c5a580	FUN_10c5a580	21
10c5a900	FUN_10c5a900	103
10c5aaa0	FUN_10c5aaa0	103
10c5ac50	FUN_10c5ac50	103
10c5af10	FUN_10c5af10	69
10c5bbb0	FUN_10c5bbb0	42
10c5bbf0	FUN_10c5bbf0	42
10c5c170	FUN_10c5c170	605
10c5c820	FUN_10c5c820	35
10c5c970	FUN_10c5c970	42
10c5cb70	FUN_10c5cb70	42
10c5cbd0	FUN_10c5cbd0	41
10c5cc20	FUN_10c5cc20	42
10c5cc70	FUN_10c5cc70	41
10c5ccb0	FUN_10c5ccb0	38
10c5ccf0	FUN_10c5ccf0	38
10c5cd30	FUN_10c5cd30	103
10c5d000	FUN_10c5d000	103
10c5d350	FUN_10c5d350	42
10c5d720	FUN_10c5d720	41
10c5d770	FUN_10c5d770	42
10c5d7c0	FUN_10c5d7c0	41
10c5d9e0	FUN_10c5d9e0	41
10c5da30	FUN_10c5da30	42
10c5da80	FUN_10c5da80	42
10c5dac0	FUN_10c5dac0	42
10c5db10	FUN_10c5db10	42
10c5db60	FUN_10c5db60	41
10c5dc20	FUN_10c5dc20	42
10c5de50	FUN_10c5de50	38
10c5de80	FUN_10c5de80	35
10c5deb0	FUN_10c5deb0	35
10c5dee0	FUN_10c5dee0	35
10c5df10	FUN_10c5df10	35
10c5df40	FUN_10c5df40	35
10c5df70	FUN_10c5df70	35
10c5dfa0	FUN_10c5dfa0	35
10c5dfd0	FUN_10c5dfd0	35
10c5e000	FUN_10c5e000	37
10c5e030	FUN_10c5e030	40
10c5e310	FUN_10c5e310	60
10c5e860	FUN_10c5e860	25
10c5e880	FUN_10c5e880	34
10c5ed20	FUN_10c5ed20	24
10c5ed40	FUN_10c5ed40	38
10c5f810	FUN_10c5f810	31
10c5f840	FUN_10c5f840	31
10c5f870	FUN_10c5f870	31
10c611f0	FUN_10c611f0	100
10c61a70	FUN_10c61a70	78
10c61e30	FUN_10c61e30	96
10c61ec0	FUN_10c61ec0	132
10c62100	FUN_10c62100	96
10c62180	FUN_10c62180	29
10c63000	FUN_10c63000	36
10c67820	FUN_10c67820	21
10c67b50	FUN_10c67b50	119
10c69c70	FUN_10c69c70	20
10c6c1c0	FUN_10c6c1c0	103
10c6d7f0	FUN_10c6d7f0	21
10c6e370	FUN_10c6e370	117
10c6edd0	FUN_10c6edd0	123
10c7fb20	FUN_10c7fb20	123
10c81e30	FUN_10c81e30	23
10c81e50	FUN_10c81e50	21
10c81e70	FUN_10c81e70	21
10c81ed0	FUN_10c81ed0	23
10c81ef0	FUN_10c81ef0	25
10c83420	FUN_10c83420	103
10c834a0	FUN_10c834a0	103
10c83520	FUN_10c83520	69
10c83580	FUN_10c83580	69
10c84410	FUN_10c84410	20
10c844e0	FUN_10c844e0	18
10c845b0	FUN_10c845b0	103
10c85070	FUN_10c85070	167
10c851c0	FUN_10c851c0	60
10c89d40	FUN_10c89d40	110
10c8d450	FUN_10c8d450	78
10c8d4c0	FUN_10c8d4c0	78
10c8d640	FUN_10c8d640	50
10c8da20	FUN_10c8da20	20
10c8da40	FUN_10c8da40	20
10c8dee0	FUN_10c8dee0	20
10c92dc0	FUN_10c92dc0	60
10c97390	FUN_10c97390	74
10c986f0	FUN_10c986f0	20
10c98710	FUN_10c98710	20
10c98c80	FUN_10c98c80	20
10c9bd90	FUN_10c9bd90	103
10c9c0f0	FUN_10c9c0f0	36
10c9cfa0	FUN_10c9cfa0	36
10c9cfe0	FUN_10c9cfe0	36
10c9e840	FUN_10c9e840	111
10ca2370	FUN_10ca2370	79
10ca8360	FUN_10ca8360	21
10ca8650	FUN_10ca8650	53
10ca8d00	FUN_10ca8d00	21
10ca8d20	FUN_10ca8d20	21
10ca8d40	FUN_10ca8d40	21
10ca8d60	FUN_10ca8d60	21
10ca8d80	FUN_10ca8d80	21
10ca8da0	FUN_10ca8da0	21
10ca8dc0	FUN_10ca8dc0	21
10ca8de0	FUN_10ca8de0	21
10ca8e00	FUN_10ca8e00	21
10ca8e20	FUN_10ca8e20	21
10ca8e40	FUN_10ca8e40	21
10ca8e60	FUN_10ca8e60	21
10ca8e80	FUN_10ca8e80	21
10ca8ea0	FUN_10ca8ea0	21
10ca8ec0	FUN_10ca8ec0	21
10ca8ee0	FUN_10ca8ee0	21
10ca8f00	FUN_10ca8f00	21
10ca8f20	FUN_10ca8f20	21
10ca8f40	FUN_10ca8f40	21
10ca8f60	FUN_10ca8f60	21
10ca8f80	FUN_10ca8f80	21
10ca8fa0	FUN_10ca8fa0	21
10ca8fc0	FUN_10ca8fc0	21
10ca8fe0	FUN_10ca8fe0	21
10cb0e30	FUN_10cb0e30	21
10cb2250	FUN_10cb2250	63
10cb3240	FUN_10cb3240	107
10cb38c0	FUN_10cb38c0	103
10cb8a90	FUN_10cb8a90	38
10cb8ae0	FUN_10cb8ae0	40
10cb8b30	FUN_10cb8b30	60
10cb8b80	FUN_10cb8b80	83
10cb8c00	FUN_10cb8c00	37
10cb8d80	FUN_10cb8d80	34
10cba240	FUN_10cba240	78
10cbaa00	FUN_10cbaa00	20
10cbc5b0	FUN_10cbc5b0	103
10cbc860	FUN_10cbc860	36
10cbd990	FUN_10cbd990	18
10cbda20	FUN_10cbda20	20
10cbda40	FUN_10cbda40	18
10cbdac0	FUN_10cbdac0	18
10cbe0d0	FUN_10cbe0d0	68
10cc0050	FUN_10cc0050	103
10cc2260	FUN_10cc2260	20
10cc2280	FUN_10cc2280	23
10cc23f0	FUN_10cc23f0	35
10cc2420	FUN_10cc2420	20
10cc2440	FUN_10cc2440	23
10cc2810	FUN_10cc2810	20
10cc2830	FUN_10cc2830	23
10cc2850	FUN_10cc2850	21
10cc2a70	FUN_10cc2a70	23
10cc34d0	FUN_10cc34d0	103
10cc3650	FUN_10cc3650	69
10cc39a0	FUN_10cc39a0	36
10cc3a00	FUN_10cc3a00	36
10cc3a30	FUN_10cc3a30	36
10cd3690	FUN_10cd3690	69
10cd3730	FUN_10cd3730	23
10cd37e0	FUN_10cd37e0	23
10cd3800	FUN_10cd3800	23
10cd3820	FUN_10cd3820	25
10cd38d0	FUN_10cd38d0	20
10cd38f0	FUN_10cd38f0	23
10cd3910	FUN_10cd3910	23
10cd3930	FUN_10cd3930	23
10cd3950	FUN_10cd3950	20
10cd3970	FUN_10cd3970	23
10cd3990	FUN_10cd3990	25
10cd39b0	FUN_10cd39b0	23
10cd39d0	FUN_10cd39d0	23
10cd39f0	FUN_10cd39f0	23
10cd3a10	FUN_10cd3a10	23
10cd3a30	FUN_10cd3a30	23
10cd3a50	FUN_10cd3a50	23
10cd3a70	FUN_10cd3a70	23
10cd3a90	FUN_10cd3a90	25
10cd3cc0	FUN_10cd3cc0	21
10cd3ce0	FUN_10cd3ce0	21
10cd3d00	FUN_10cd3d00	21
10cd3d20	FUN_10cd3d20	21
10cd3d40	FUN_10cd3d40	21
10cd3d60	FUN_10cd3d60	21
10cd3d80	FUN_10cd3d80	21
10cd3da0	FUN_10cd3da0	21
10cd3dc0	FUN_10cd3dc0	21
10cd4330	FUN_10cd4330	54
10cd4380	FUN_10cd4380	116
10cd87f0	FUN_10cd87f0	103
10cd8870	FUN_10cd8870	103
10cd88f0	FUN_10cd88f0	103
10cd8970	FUN_10cd8970	103
10cd89f0	FUN_10cd89f0	103
10cd8a70	FUN_10cd8a70	103
10cd8af0	FUN_10cd8af0	103
10cd8b70	FUN_10cd8b70	103
10cd8bf0	FUN_10cd8bf0	103
10cd8c70	FUN_10cd8c70	69
10cd8cd0	FUN_10cd8cd0	69
10cd8d30	FUN_10cd8d30	69
10cd8d90	FUN_10cd8d90	69
10cd8df0	FUN_10cd8df0	69
10cd8e50	FUN_10cd8e50	69
10cd8eb0	FUN_10cd8eb0	69
10cd8f10	FUN_10cd8f10	69
10cd8f70	FUN_10cd8f70	69
10cd9680	FUN_10cd9680	27
10cd96b0	FUN_10cd96b0	27
10cd9840	FUN_10cd9840	27
10cddac0	FUN_10cddac0	20
10cddbe0	FUN_10cddbe0	21
10cddc00	FUN_10cddc00	21
10cdea40	FUN_10cdea40	103
10cdeac0	FUN_10cdeac0	103
10cdeb40	FUN_10cdeb40	103
10cdebc0	FUN_10cdebc0	103
10cdec40	FUN_10cdec40	103
10cdef40	FUN_10cdef40	69
10cdefa0	FUN_10cdefa0	69
10cdf0d0	FUN_10cdf0d0	35
10cdffe0	FUN_10cdffe0	33
10ce07c0	FUN_10ce07c0	17
10ce0a20	FUN_10ce0a20	103
10ce1960	FUN_10ce1960	21
10ce1980	FUN_10ce1980	21
10ce19c0	FUN_10ce19c0	21
10ce19e0	FUN_10ce19e0	21
10ce1a00	FUN_10ce1a00	21
10ce1a40	FUN_10ce1a40	33
10ce1e20	FUN_10ce1e20	103
10ce1ea0	FUN_10ce1ea0	119
10ce1f40	FUN_10ce1f40	119
10ce2180	FUN_10ce2180	69
10ce28e0	FUN_10ce28e0	21
10ce2940	FUN_10ce2940	21
10ce2a80	FUN_10ce2a80	119
10ce3da0	FUN_10ce3da0	21
10ce3ee0	FUN_10ce3ee0	21
10ce4060	FUN_10ce4060	21
10ce42a0	FUN_10ce42a0	35
10ce4cb0	FUN_10ce4cb0	103
10ce5d10	FUN_10ce5d10	124
10ce64d0	FUN_10ce64d0	55
10ce9470	FUN_10ce9470	19
10cebbc0	FUN_10cebbc0	150
10cf08b0	FUN_10cf08b0	90
10cf0980	FUN_10cf0980	103
10cf35c0	FUN_10cf35c0	22
10cf3680	FUN_10cf3680	103
10cf3700	FUN_10cf3700	103
10cf52a0	FUN_10cf52a0	103
10cf5f40	FUN_10cf5f40	21
10cf6150	FUN_10cf6150	35
10cf6190	FUN_10cf6190	21
10cf63d0	FUN_10cf63d0	103
10cf6520	FUN_10cf6520	69
10cf78e0	FUN_10cf78e0	123
10cf7ac0	FUN_10cf7ac0	20
10cf7db0	FUN_10cf7db0	21
10cf7f50	FUN_10cf7f50	50
10cf7f90	FUN_10cf7f90	20
10cf7fb0	FUN_10cf7fb0	23
10cf88e0	FUN_10cf88e0	20
10cf8900	FUN_10cf8900	20
10cf8c60	FUN_10cf8c60	103
10cf8ce0	FUN_10cf8ce0	103
10cf8d90	FUN_10cf8d90	36
10cf8dc0	FUN_10cf8dc0	36
10cf8df0	FUN_10cf8df0	36
10cf9cf0	FUN_10cf9cf0	21
10cf9f50	FUN_10cf9f50	35
10cfb040	FUN_10cfb040	153
10cfc180	FUN_10cfc180	21
10cfc460	FUN_10cfc460	35
10cfc4b0	FUN_10cfc4b0	20
10cfdde0	FUN_10cfdde0	153
10cfdeb0	FUN_10cfdeb0	150
10d03ae0	FUN_10d03ae0	21
10d03b00	FUN_10d03b00	21
10d03b20	FUN_10d03b20	21
10d03b40	FUN_10d03b40	21
10d03b60	FUN_10d03b60	21
10d03fd0	FUN_10d03fd0	21
10d03ff0	FUN_10d03ff0	21
10d04850	FUN_10d04850	21
10d04870	FUN_10d04870	21
10d04b90	FUN_10d04b90	35
10d04bc0	FUN_10d04bc0	53
10d04c20	FUN_10d04c20	21
10d04df0	FUN_10d04df0	21
10d04e10	FUN_10d04e10	20
10d04e30	FUN_10d04e30	35
10d04e60	FUN_10d04e60	23
10d04e80	FUN_10d04e80	21
10d04ea0	FUN_10d04ea0	21
10d04ec0	FUN_10d04ec0	20
10d04ee0	FUN_10d04ee0	23
10d04f00	FUN_10d04f00	21
10d05f30	FUN_10d05f30	46
10d06d40	FUN_10d06d40	103
10d06fa0	FUN_10d06fa0	103
10d07020	FUN_10d07020	103
10d07520	FUN_10d07520	103
10d0b4c0	FUN_10d0b4c0	21
10d0b4e0	FUN_10d0b4e0	21
10d0b940	FUN_10d0b940	21
10d0b960	FUN_10d0b960	21
10d0b980	FUN_10d0b980	21
10d102d0	FUN_10d102d0	103
10d13720	FUN_10d13720	21
10d137a0	FUN_10d137a0	21
10d137c0	FUN_10d137c0	20
10d13cd0	FUN_10d13cd0	35
10d14070	FUN_10d14070	17
10d14dd0	FUN_10d14dd0	119
10d14e70	FUN_10d14e70	153
10d14f40	FUN_10d14f40	150
10d16fb0	FUN_10d16fb0	76
10d17010	FUN_10d17010	21
10d17040	FUN_10d17040	21
10d17060	FUN_10d17060	21
10d17080	FUN_10d17080	21
10d176d0	FUN_10d176d0	21
10d176f0	FUN_10d176f0	34
10d17720	FUN_10d17720	21
10d17ec0	FUN_10d17ec0	77
10d189f0	FUN_10d189f0	25
10d18a10	FUN_10d18a10	17
10d19410	FUN_10d19410	103
10d1c200	FUN_10d1c200	21
10d1c220	FUN_10d1c220	21
10d1c240	FUN_10d1c240	21
10d1c390	FUN_10d1c390	21
10d1c3d0	FUN_10d1c3d0	21
10d1c540	FUN_10d1c540	21
10d1c5a0	FUN_10d1c5a0	20
10d1c5c0	FUN_10d1c5c0	35
10d1ccc0	FUN_10d1ccc0	20
10d1cce0	FUN_10d1cce0	18
10d1d4f0	FUN_10d1d4f0	103
10d1d570	FUN_10d1d570	103
10d1e110	FUN_10d1e110	21
10d1e2d0	FUN_10d1e2d0	35
10d1e500	FUN_10d1e500	21
10d1e520	FUN_10d1e520	21
10d1e560	FUN_10d1e560	150
10d20400	FUN_10d20400	21
10d20580	FUN_10d20580	21
10d20600	FUN_10d20600	55
10d20670	FUN_10d20670	20
10d20690	FUN_10d20690	53
10d21870	FUN_10d21870	20
10d21890	FUN_10d21890	18
10d22340	FUN_10d22340	103
10d223d0	FUN_10d223d0	103
10d23590	FUN_10d23590	94
10d23ed0	FUN_10d23ed0	16
10d24550	FUN_10d24550	455
10d24b50	FUN_10d24b50	84
10d25270	FUN_10d25270	64
10d25380	FUN_10d25380	130
10d29860	FUN_10d29860	21
10d29880	FUN_10d29880	21
10d298a0	FUN_10d298a0	21
10d29c20	FUN_10d29c20	25
10d2a060	FUN_10d2a060	21
10d2a100	FUN_10d2a100	66
10d2a180	FUN_10d2a180	25
10d2a1e0	FUN_10d2a1e0	25
10d2a200	FUN_10d2a200	25
10d2a220	FUN_10d2a220	35
10d2a780	FUN_10d2a780	21
10d2a7a0	FUN_10d2a7a0	21
10d2a8c0	FUN_10d2a8c0	35
10d2a8f0	FUN_10d2a8f0	25
10d2b0f0	FUN_10d2b0f0	103
10d2b170	FUN_10d2b170	153
10d2b240	FUN_10d2b240	103
10d2b2c0	FUN_10d2b2c0	103
10d2b340	FUN_10d2b340	103
10d2b3c0	FUN_10d2b3c0	103
10d2b440	FUN_10d2b440	103
10d35460	FUN_10d35460	103
10d354e0	FUN_10d354e0	21
10d35680	FUN_10d35680	30
10d356b0	FUN_10d356b0	30
10d356e0	FUN_10d356e0	30
10d35ca0	FUN_10d35ca0	21
10d36430	FUN_10d36430	21
10d36460	FUN_10d36460	21
10d383b0	FUN_10d383b0	79
10d39e40	FUN_10d39e40	103
10d39ec0	FUN_10d39ec0	153
10d3c3c0	FUN_10d3c3c0	133
10d3c4f0	FUN_10d3c4f0	30
10d3c520	FUN_10d3c520	20
10d3c540	FUN_10d3c540	44
10d3c580	FUN_10d3c580	35
10d3c5d0	FUN_10d3c5d0	20
10d3c700	FUN_10d3c700	21
10d3c720	FUN_10d3c720	21
10d3c9f0	FUN_10d3c9f0	103
10d3ca70	FUN_10d3ca70	103
10d3caf0	FUN_10d3caf0	103
10d3ee70	FUN_10d3ee70	226
10d3ef90	FUN_10d3ef90	21
10d3efb0	FUN_10d3efb0	21
10d3efd0	FUN_10d3efd0	21
10d3eff0	FUN_10d3eff0	21
10d3f7c0	FUN_10d3f7c0	21
10d3f7e0	FUN_10d3f7e0	21
10d3f860	FUN_10d3f860	23
10d3f880	FUN_10d3f880	20
10d3f8a0	FUN_10d3f8a0	20
10d3fb00	FUN_10d3fb00	35
10d3fc90	FUN_10d3fc90	21
10d3fcd0	FUN_10d3fcd0	21
10d3ff40	FUN_10d3ff40	20
10d41c80	FUN_10d41c80	119
10d41d20	FUN_10d41d20	103
10d41da0	FUN_10d41da0	153
10d41e70	FUN_10d41e70	119
10d41f10	FUN_10d41f10	103
10d44040	FUN_10d44040	120
10d440e0	FUN_10d440e0	51
10d44120	FUN_10d44120	175
10d44200	FUN_10d44200	142
10d45f10	FUN_10d45f10	21
10d45fb0	FUN_10d45fb0	89
10d46020	FUN_10d46020	67
10d46080	FUN_10d46080	67
10d460e0	FUN_10d460e0	35
10d46110	FUN_10d46110	35
10d46740	FUN_10d46740	20
10d467f0	FUN_10d467f0	17
10d49470	FUN_10d49470	150
10d49540	FUN_10d49540	157
10d49620	FUN_10d49620	153
10d496f0	FUN_10d496f0	157
10d497d0	FUN_10d497d0	153
10d498a0	FUN_10d498a0	153
10d49e60	FUN_10d49e60	35
10d4d940	FUN_10d4d940	21
10d4d960	FUN_10d4d960	21
10d4d980	FUN_10d4d980	21
10d4ea90	FUN_10d4ea90	21
10d4eab0	FUN_10d4eab0	32
10d4eae0	FUN_10d4eae0	21
10d4f3d0	FUN_10d4f3d0	82
10d4f570	FUN_10d4f570	62
10d51180	FUN_10d51180	119
10d51220	FUN_10d51220	153
10d51550	FUN_10d51550	78
10d51bf0	FUN_10d51bf0	62
10d540a0	FUN_10d540a0	37
10d54440	FUN_10d54440	38
10d55450	FUN_10d55450	23
10d554f0	FUN_10d554f0	55
10d57050	FUN_10d57050	17
10d58880	FUN_10d58880	157
10d59d80	FUN_10d59d80	21
10d5a240	FUN_10d5a240	57
10d5a340	FUN_10d5a340	53
10d5a3b0	FUN_10d5a3b0	49
10d5a430	FUN_10d5a430	61
10d5a990	FUN_10d5a990	157
10d5eec0	FUN_10d5eec0	103
10d5f020	FUN_10d5f020	36
10d5f050	FUN_10d5f050	21
10d5f370	FUN_10d5f370	21
10d5f520	FUN_10d5f520	48
10d60300	FUN_10d60300	103
10d615f0	FUN_10d615f0	21
10d61610	FUN_10d61610	21
10d61630	FUN_10d61630	21
10d61650	FUN_10d61650	21
10d61ed0	FUN_10d61ed0	21
10d62130	FUN_10d62130	21
10d62440	FUN_10d62440	21
10d62460	FUN_10d62460	21
10d626c0	FUN_10d626c0	21
10d626e0	FUN_10d626e0	21
10d62700	FUN_10d62700	21
10d63500	FUN_10d63500	153
10d65550	FUN_10d65550	21
10d65570	FUN_10d65570	21
10d65590	FUN_10d65590	21
10d65860	FUN_10d65860	21
10d65cc0	FUN_10d65cc0	21
10d66740	FUN_10d66740	20
10d66760	FUN_10d66760	35
10d668e0	FUN_10d668e0	59
10d66970	FUN_10d66970	20
10d66990	FUN_10d66990	35
10d66cc0	FUN_10d66cc0	20
10d66e30	FUN_10d66e30	20
10d66e50	FUN_10d66e50	21
10d67340	FUN_10d67340	153
10d67410	FUN_10d67410	150
10d674e0	FUN_10d674e0	153
10d675b0	FUN_10d675b0	150
10d6bb30	FUN_10d6bb30	21
10d6bb50	FUN_10d6bb50	21
10d6bb70	FUN_10d6bb70	21
10d6c020	FUN_10d6c020	21
10d6d430	FUN_10d6d430	20
10d6d490	FUN_10d6d490	23
10d6d880	FUN_10d6d880	62
10d71360	FUN_10d71360	157
10d71470	FUN_10d71470	153
10d71570	FUN_10d71570	103
10d77b40	FUN_10d77b40	28
10d77dc0	FUN_10d77dc0	103
10d77e70	FUN_10d77e70	21
10d77e90	FUN_10d77e90	21
10d77eb0	FUN_10d77eb0	21
10d77f20	FUN_10d77f20	35
10d79410	FUN_10d79410	21
10d7a4a0	FUN_10d7a4a0	27
10d83560	FUN_10d83560	23
10d83580	FUN_10d83580	25
10d835a0	FUN_10d835a0	23
10d835d0	FUN_10d835d0	25
10d835f0	FUN_10d835f0	20
10d83610	FUN_10d83610	23
10d83630	FUN_10d83630	23
10d83650	FUN_10d83650	25
10d83890	FUN_10d83890	20
10d838b0	FUN_10d838b0	23
10d838d0	FUN_10d838d0	23
10d838f0	FUN_10d838f0	25
10d83980	FUN_10d83980	23
10d839a0	FUN_10d839a0	25
10d839c0	FUN_10d839c0	23
10d83a40	FUN_10d83a40	21
10d83a60	FUN_10d83a60	21
10d83a80	FUN_10d83a80	21
10d83aa0	FUN_10d83aa0	21
10d83b10	FUN_10d83b10	23
10d83b30	FUN_10d83b30	25
10d83b50	FUN_10d83b50	23
10d83b90	FUN_10d83b90	23
10d83bb0	FUN_10d83bb0	25
10d86dd0	FUN_10d86dd0	103
10d86e50	FUN_10d86e50	103
10d86ed0	FUN_10d86ed0	103
10d86f50	FUN_10d86f50	103
10d86fd0	FUN_10d86fd0	103
10d87230	FUN_10d87230	69
10d87290	FUN_10d87290	69
10d872f0	FUN_10d872f0	69
10d87350	FUN_10d87350	69
10d88ea0	FUN_10d88ea0	140
10d89120	FUN_10d89120	87
10d89300	FUN_10d89300	103
10d8ace0	FUN_10d8ace0	35
10d8ad10	FUN_10d8ad10	35
10d8ad40	FUN_10d8ad40	35
10d8ad70	FUN_10d8ad70	35
10d91bd0	FUN_10d91bd0	103
10d93ac0	FUN_10d93ac0	103
10d97030	FUN_10d97030	35
10d97060	FUN_10d97060	35
10d97090	FUN_10d97090	35
10d970c0	FUN_10d970c0	35
10d970f0	FUN_10d970f0	35
10d97210	FUN_10d97210	103
10d9a400	FUN_10d9a400	103
10d9a480	FUN_10d9a480	103
10d9c930	FUN_10d9c930	35
10d9c960	FUN_10d9c960	35
10d9c990	FUN_10d9c990	35
10d9cb10	FUN_10d9cb10	21
10d9ded0	FUN_10d9ded0	103
10d9df50	FUN_10d9df50	103
10d9e0f0	FUN_10d9e0f0	69
10d9e5d0	FUN_10d9e5d0	22
10d9e640	FUN_10d9e640	103
10d9e6d0	FUN_10d9e6d0	38
10d9e700	FUN_10d9e700	35
10d9e830	FUN_10d9e830	35
10d9e860	FUN_10d9e860	35
10d9e890	FUN_10d9e890	35
10d9e8c0	FUN_10d9e8c0	35
10d9e8f0	FUN_10d9e8f0	35
10d9e920	FUN_10d9e920	35
10d9e950	FUN_10d9e950	35
10d9e980	FUN_10d9e980	35
10d9e9b0	FUN_10d9e9b0	35
10d9e9e0	FUN_10d9e9e0	35
10d9ea10	FUN_10d9ea10	35
10d9ea40	FUN_10d9ea40	35
10d9ea70	FUN_10d9ea70	35
10d9eaa0	FUN_10d9eaa0	35
10d9f1a0	FUN_10d9f1a0	25
10d9f800	FUN_10d9f800	35
10da0840	FUN_10da0840	21
10da0860	FUN_10da0860	21
10da0b10	FUN_10da0b10	96
10da2790	FUN_10da2790	121
10da33b0	FUN_10da33b0	103
10da3430	FUN_10da3430	103
10da53c0	FUN_10da53c0	118
10da68b0	FUN_10da68b0	21
10da6d60	FUN_10da6d60	113
10da6df0	FUN_10da6df0	136
10da73f0	FUN_10da73f0	34
10da7430	FUN_10da7430	34
10da7460	FUN_10da7460	34
10da7490	FUN_10da7490	36
10da74c0	FUN_10da74c0	34
10da74f0	FUN_10da74f0	34
10da7540	FUN_10da7540	103
10da75c0	FUN_10da75c0	103
10da7640	FUN_10da7640	103
10da8a80	FUN_10da8a80	21
10da8ca0	FUN_10da8ca0	21
10db1e60	FUN_10db1e60	21
10db1e80	FUN_10db1e80	21
10db1ea0	FUN_10db1ea0	21
10db1ec0	FUN_10db1ec0	21
10db4920	FUN_10db4920	23
10db4c60	FUN_10db4c60	37
10db4d10	FUN_10db4d10	104
10db5d80	FUN_10db5d80	138
10db5e30	FUN_10db5e30	139
10db8e40	FUN_10db8e40	102
10dc5230	FUN_10dc5230	21
10dc5370	FUN_10dc5370	21
10dc5390	FUN_10dc5390	21
10dc5670	FUN_10dc5670	23
10dc5690	FUN_10dc5690	21
10dc56b0	FUN_10dc56b0	21
10dc56d0	FUN_10dc56d0	21
10dc56f0	FUN_10dc56f0	21
10dc5850	FUN_10dc5850	65
10dc58b0	FUN_10dc58b0	65
10dc5970	FUN_10dc5970	253
10dc5c20	FUN_10dc5c20	20
10dc5c40	FUN_10dc5c40	21
10dc5c60	FUN_10dc5c60	21
10dc76d0	FUN_10dc76d0	71
10dc7a20	FUN_10dc7a20	39
10dc7c50	FUN_10dc7c50	39
10dcd630	FUN_10dcd630	21
10dcd650	FUN_10dcd650	21
10dcd670	FUN_10dcd670	21
10dcd690	FUN_10dcd690	21
10dcd6c0	FUN_10dcd6c0	23
10dcd6e0	FUN_10dcd6e0	99
10dcd760	FUN_10dcd760	111
10dcd7f0	FUN_10dcd7f0	21
10dcd810	FUN_10dcd810	21
10dce360	FUN_10dce360	65
10dce8f0	FUN_10dce8f0	20
10dced30	FUN_10dced30	20
10dcee90	FUN_10dcee90	17
10dceed0	FUN_10dceed0	20
10dceef0	FUN_10dceef0	20
10dcef10	FUN_10dcef10	20
10dcef30	FUN_10dcef30	20
10dcef60	FUN_10dcef60	103
10dcf120	FUN_10dcf120	36
10dcf260	FUN_10dcf260	36
10dcf290	FUN_10dcf290	36
10dcf2c0	FUN_10dcf2c0	36
10dcfac0	FUN_10dcfac0	21
10dcfae0	FUN_10dcfae0	21
10dcfb00	FUN_10dcfb00	20
10dd2710	FUN_10dd2710	82
10dd2780	FUN_10dd2780	55
10dd2fa0	FUN_10dd2fa0	21
10dd5ba0	FUN_10dd5ba0	103
10ddcfc0	FUN_10ddcfc0	33
10ddcff0	FUN_10ddcff0	33
10ddd020	FUN_10ddd020	33
10ddd050	FUN_10ddd050	33
10ddd080	FUN_10ddd080	33
10de1e00	FUN_10de1e00	20
10de20b0	FUN_10de20b0	20
10de20d0	FUN_10de20d0	20
10de2100	FUN_10de2100	20
10de28f0	FUN_10de28f0	103
10de2a40	FUN_10de2a40	113
10de2ad0	FUN_10de2ad0	113
10de2c70	FUN_10de2c70	36
10de2ca0	FUN_10de2ca0	36
10de2ce0	FUN_10de2ce0	36
10de2d10	FUN_10de2d10	36
10de2d50	FUN_10de2d50	36
10de4590	FUN_10de4590	103
10de6b80	FUN_10de6b80	21
10de6d90	FUN_10de6d90	21
10de6db0	FUN_10de6db0	35
10de6e50	FUN_10de6e50	21
10de8950	FUN_10de8950	103
10de89d0	FUN_10de89d0	103
10de8a50	FUN_10de8a50	103
10de8c30	FUN_10de8c30	69
10dec750	FUN_10dec750	83
10dec8e0	FUN_10dec8e0	83
10ded430	FUN_10ded430	37
10ded460	FUN_10ded460	134
10ded600	FUN_10ded600	144
10deddb0	FUN_10deddb0	33
10dee5a0	FUN_10dee5a0	39
10def210	FUN_10def210	96
10df0b90	FUN_10df0b90	100
10df0d00	FUN_10df0d00	116
10df0ea0	FUN_10df0ea0	17
10df1890	FUN_10df1890	543
10df47f0	FUN_10df47f0	32
10df4960	FUN_10df4960	34
10df4e90	FUN_10df4e90	28
10e01da0	FUN_10e01da0	63
10e06af0	FUN_10e06af0	103
10e0ae30	FUN_10e0ae30	21
10e0ae60	FUN_10e0ae60	103
10e0b2e0	FUN_10e0b2e0	31
10e0b390	FUN_10e0b390	33
10e0b6f0	FUN_10e0b6f0	83
10e0b930	FUN_10e0b930	37
10e0bc80	FUN_10e0bc80	27
10e0c8a0	FUN_10e0c8a0	65
10e0eb50	FUN_10e0eb50	61
10e0fde0	FUN_10e0fde0	21
10e10e20	FUN_10e10e20	61
10e14320	FUN_10e14320	262
10e16b80	FUN_10e16b80	28
10e19a90	FUN_10e19a90	21
10e19ab0	FUN_10e19ab0	21
10e19ad0	FUN_10e19ad0	21
10e19af0	FUN_10e19af0	21
10e19b10	FUN_10e19b10	21
10e19b30	FUN_10e19b30	21
10e19b50	FUN_10e19b50	21
10e19b70	FUN_10e19b70	21
10e19b90	FUN_10e19b90	21
10e19bb0	FUN_10e19bb0	21
10e19bd0	FUN_10e19bd0	21
10e19bf0	FUN_10e19bf0	21
10e19c10	FUN_10e19c10	21
10e19c30	FUN_10e19c30	21
10e19cc0	FUN_10e19cc0	35
10e1ca90	FUN_10e1ca90	21
10e1f040	FUN_10e1f040	63
10e1f660	FUN_10e1f660	107
10e1fba0	FUN_10e1fba0	103
10e24100	FUN_10e24100	73
10e24160	FUN_10e24160	128
10e24280	FUN_10e24280	21
10e242a0	FUN_10e242a0	21
10e242c0	FUN_10e242c0	21
10e24350	FUN_10e24350	35
10e24860	FUN_10e24860	21
10e24990	FUN_10e24990	63
10e249e0	FUN_10e249e0	107
10e24ac0	FUN_10e24ac0	103
10e2b550	FUN_10e2b550	56
10e2b640	FUN_10e2b640	312
10e2b7d0	FUN_10e2b7d0	193
10e2bfe0	FUN_10e2bfe0	60
10e2c4f0	FUN_10e2c4f0	91
10e2cb50	FUN_10e2cb50	123
10e2e8a0	FUN_10e2e8a0	28
10e2e8d0	FUN_10e2e8d0	28
10e2f1f0	FUN_10e2f1f0	21
10e2f210	FUN_10e2f210	21
10e30450	FUN_10e30450	21
10e30470	FUN_10e30470	21
10e30490	FUN_10e30490	21
10e304b0	FUN_10e304b0	21
10e304d0	FUN_10e304d0	21
10e304f0	FUN_10e304f0	21
10e30510	FUN_10e30510	37
10e30540	FUN_10e30540	21
10e30560	FUN_10e30560	21
10e30580	FUN_10e30580	21
10e305a0	FUN_10e305a0	21
10e305c0	FUN_10e305c0	21
10e305e0	FUN_10e305e0	21
10e30600	FUN_10e30600	21
10e30620	FUN_10e30620	21
10e30640	FUN_10e30640	21
10e30660	FUN_10e30660	21
10e30680	FUN_10e30680	21
10e306a0	FUN_10e306a0	21
10e306c0	FUN_10e306c0	21
10e306e0	FUN_10e306e0	21
10e30700	FUN_10e30700	21
10e30720	FUN_10e30720	21
10e30740	FUN_10e30740	21
10e30760	FUN_10e30760	21
10e30780	FUN_10e30780	37
10e307b0	FUN_10e307b0	37
10e30d60	FUN_10e30d60	276
10e381c0	FUN_10e381c0	21
10e3f100	FUN_10e3f100	103
10e3f180	FUN_10e3f180	103
10e49720	FUN_10e49720	28
10e4a2e0	FUN_10e4a2e0	28
10e4a310	FUN_10e4a310	28
10e4ae30	FUN_10e4ae30	21
10e4ae50	FUN_10e4ae50	21
10e4ae70	FUN_10e4ae70	21
10e4ae90	FUN_10e4ae90	21
10e4aeb0	FUN_10e4aeb0	21
10e4aed0	FUN_10e4aed0	21
10e4aef0	FUN_10e4aef0	21
10e4af10	FUN_10e4af10	21
10e4af30	FUN_10e4af30	21
10e4af50	FUN_10e4af50	21
10e4af70	FUN_10e4af70	21
10e4b000	FUN_10e4b000	35
10e4d360	FUN_10e4d360	21
10e4e410	FUN_10e4e410	63
10e4e4a0	FUN_10e4e4a0	107
10e4e5e0	FUN_10e4e5e0	103
10e555f0	FUN_10e555f0	21
10e55610	FUN_10e55610	21
10e55630	FUN_10e55630	21
10e55650	FUN_10e55650	21
10e55670	FUN_10e55670	21
10e55690	FUN_10e55690	21
10e556b0	FUN_10e556b0	21
10e556d0	FUN_10e556d0	21
10e556f0	FUN_10e556f0	21
10e55710	FUN_10e55710	21
10e557a0	FUN_10e557a0	35
10e57980	FUN_10e57980	21
10e588f0	FUN_10e588f0	63
10e58bb0	FUN_10e58bb0	121
10e59020	FUN_10e59020	107
10e591f0	FUN_10e591f0	103
10e5f7a0	FUN_10e5f7a0	90
10e69660	FUN_10e69660	21
10e69a20	FUN_10e69a20	21
10e69a40	FUN_10e69a40	21
10e69a60	FUN_10e69a60	21
10e69a80	FUN_10e69a80	21
10e69aa0	FUN_10e69aa0	21
10e69ac0	FUN_10e69ac0	21
10e69ae0	FUN_10e69ae0	21
10e69b00	FUN_10e69b00	21
10e69b20	FUN_10e69b20	21
10e69b40	FUN_10e69b40	21
10e69b60	FUN_10e69b60	21
10e69b80	FUN_10e69b80	21
10e69ba0	FUN_10e69ba0	21
10e69bc0	FUN_10e69bc0	21
10e69be0	FUN_10e69be0	21
10e69c00	FUN_10e69c00	21
10e69c20	FUN_10e69c20	21
10e69c40	FUN_10e69c40	21
10e69c60	FUN_10e69c60	21
10e69c80	FUN_10e69c80	21
10e69d70	FUN_10e69d70	35
10e70060	FUN_10e70060	21
10e71680	FUN_10e71680	63
10e716d0	FUN_10e716d0	17
10e71ed0	FUN_10e71ed0	107
10e72c70	FUN_10e72c70	103
10e72cf0	FUN_10e72cf0	103
10e794a0	FUN_10e794a0	197
10e79650	FUN_10e79650	21
10e79670	FUN_10e79670	21
10e79690	FUN_10e79690	21
10e796b0	FUN_10e796b0	21
10e796d0	FUN_10e796d0	21
10e796f0	FUN_10e796f0	21
10e7ad20	FUN_10e7ad20	21
10e7b490	FUN_10e7b490	63
10e7b4e0	FUN_10e7b4e0	107
10e7de90	FUN_10e7de90	103
10e80e00	FUN_10e80e00	28
10e80e30	FUN_10e80e30	28
10e80eb0	FUN_10e80eb0	21
10e80ed0	FUN_10e80ed0	21
10e80ef0	FUN_10e80ef0	21
10e80f10	FUN_10e80f10	21
10e80f30	FUN_10e80f30	21
10e80f50	FUN_10e80f50	35
10e84d60	FUN_10e84d60	21
10e84d80	FUN_10e84d80	21
10e84da0	FUN_10e84da0	21
10e84dc0	FUN_10e84dc0	21
10e84de0	FUN_10e84de0	21
10e84e00	FUN_10e84e00	21
10e84e90	FUN_10e84e90	35
10e85f70	FUN_10e85f70	21
10e86710	FUN_10e86710	63
10e86760	FUN_10e86760	107
10e86840	FUN_10e86840	103
10e877c0	FUN_10e877c0	21
10e877e0	FUN_10e877e0	21
10e87800	FUN_10e87800	21
10e87820	FUN_10e87820	21
10e87840	FUN_10e87840	21
10e87860	FUN_10e87860	21
10e87890	FUN_10e87890	35
10e892a0	FUN_10e892a0	21
10e89dd0	FUN_10e89dd0	21
10e89e20	FUN_10e89e20	21
10e89e40	FUN_10e89e40	21
10e89e60	FUN_10e89e60	21
10e89e90	FUN_10e89e90	35
10e89ec0	FUN_10e89ec0	21
10e9aa20	FUN_10e9aa20	112
10e9b010	FUN_10e9b010	101
10e9c4f0	FUN_10e9c4f0	152
10e9d460	FUN_10e9d460	21
10e9d480	FUN_10e9d480	21
10e9d4a0	FUN_10e9d4a0	21
10e9d4c0	FUN_10e9d4c0	21
10e9d4e0	FUN_10e9d4e0	21
10e9d500	FUN_10e9d500	21
10e9d520	FUN_10e9d520	21
10e9d540	FUN_10e9d540	21
10e9d720	FUN_10e9d720	20
10e9dab0	FUN_10e9dab0	21
10e9dad0	FUN_10e9dad0	21
10e9daf0	FUN_10e9daf0	21
10e9db30	FUN_10e9db30	21
10e9db50	FUN_10e9db50	35
10e9db80	FUN_10e9db80	35
10e9dbb0	FUN_10e9dbb0	35
10e9dbe0	FUN_10e9dbe0	35
10e9dc10	FUN_10e9dc10	35
10e9dc40	FUN_10e9dc40	35
10e9dc70	FUN_10e9dc70	35
10e9dca0	FUN_10e9dca0	35
10e9dcd0	FUN_10e9dcd0	35
10e9dd00	FUN_10e9dd00	35
10e9dd30	FUN_10e9dd30	35
10e9dd60	FUN_10e9dd60	35
10e9dd90	FUN_10e9dd90	35
10e9ddc0	FUN_10e9ddc0	35
10e9ddf0	FUN_10e9ddf0	35
10e9de40	FUN_10e9de40	20
10e9de60	FUN_10e9de60	20
10e9de80	FUN_10e9de80	20
10e9df10	FUN_10e9df10	20
10e9df90	FUN_10e9df90	20
10e9dfb0	FUN_10e9dfb0	20
10e9dfd0	FUN_10e9dfd0	21
10ea1810	FUN_10ea1810	18
10ea1830	FUN_10ea1830	18
10ea1850	FUN_10ea1850	18
10ea1b00	FUN_10ea1b00	20
10ea1b20	FUN_10ea1b20	20
10ea1b40	FUN_10ea1b40	20
10ea1c30	FUN_10ea1c30	56
10ea1c80	FUN_10ea1c80	56
10ea1cd0	FUN_10ea1cd0	56
10ea1d80	FUN_10ea1d80	56
10ea1dd0	FUN_10ea1dd0	53
10ea1e20	FUN_10ea1e20	56
10ea1e70	FUN_10ea1e70	56
10ea1ec0	FUN_10ea1ec0	53
10ea1f30	FUN_10ea1f30	56
10ea1f80	FUN_10ea1f80	56
10ea1fd0	FUN_10ea1fd0	53
10ea2020	FUN_10ea2020	56
10ea2070	FUN_10ea2070	56
10ea20c0	FUN_10ea20c0	56
10ea2760	FUN_10ea2760	45
10ea2900	FUN_10ea2900	103
10ea2980	FUN_10ea2980	119
10ea2a20	FUN_10ea2a20	103
10ea2c70	FUN_10ea2c70	119
10ea2d10	FUN_10ea2d10	119
10ea4530	FUN_10ea4530	31
10ea6b90	FUN_10ea6b90	69
10ea6c60	FUN_10ea6c60	69
10ea6cc0	FUN_10ea6cc0	98
10ea6d40	FUN_10ea6d40	69
10ea8cf0	FUN_10ea8cf0	442
10ea8f20	FUN_10ea8f20	443
10eaa1f0	FUN_10eaa1f0	14
10eab7c0	FUN_10eab7c0	396
10eac830	FUN_10eac830	24
10eac880	FUN_10eac880	22
10eacd80	FUN_10eacd80	22
10eacda0	FUN_10eacda0	22
10eacde0	FUN_10eacde0	22
10eace00	FUN_10eace00	22
10ead200	FUN_10ead200	103
10ead280	FUN_10ead280	103
10ead520	FUN_10ead520	41
10ead590	FUN_10ead590	38
10ead930	FUN_10ead930	38
10ead960	FUN_10ead960	38
10eadd60	FUN_10eadd60	38
10eadd90	FUN_10eadd90	38
10eb4180	FUN_10eb4180	21
10eb4780	FUN_10eb4780	28
10eb49e0	FUN_10eb49e0	30
10eb4f60	FUN_10eb4f60	60
10eb4fb0	FUN_10eb4fb0	60
10eb5000	FUN_10eb5000	60
10eb5050	FUN_10eb5050	83
10eb50c0	FUN_10eb50c0	83
10eb5130	FUN_10eb5130	83
10eb5400	FUN_10eb5400	37
10eb5430	FUN_10eb5430	37
10eb5460	FUN_10eb5460	37
10eb5b20	FUN_10eb5b20	24
10eb66a0	FUN_10eb66a0	30
10eb8af0	FUN_10eb8af0	78
10eb8b60	FUN_10eb8b60	78
10eb8bd0	FUN_10eb8bd0	78
10eba210	FUN_10eba210	85
10ebc5d0	FUN_10ebc5d0	42
10ebde50	FUN_10ebde50	203
10ebdf50	FUN_10ebdf50	139
10ebe080	FUN_10ebe080	202
10ebe180	FUN_10ebe180	125
10ebf8e0	FUN_10ebf8e0	33
10ec2b30	FUN_10ec2b30	152
10ec2bf0	FUN_10ec2bf0	95
10ec67a0	FUN_10ec67a0	61
10ec71e0	FUN_10ec71e0	20
10ed0ef0	FUN_10ed0ef0	121
10ee0730	FUN_10ee0730	21
10ee0750	FUN_10ee0750	21
10ee07a0	FUN_10ee07a0	21
10ee0c10	FUN_10ee0c10	103
10ee1590	FUN_10ee1590	21
10ee1790	FUN_10ee1790	103
10ee43d0	FUN_10ee43d0	21
10ee43f0	FUN_10ee43f0	21
10ee8760	FUN_10ee8760	103
10eeceb0	FUN_10eeceb0	21
10eeced0	FUN_10eeced0	21
10eecf80	FUN_10eecf80	21
10eecfb0	FUN_10eecfb0	23
10eed620	FUN_10eed620	103
10eed7e0	FUN_10eed7e0	31
10eed830	FUN_10eed830	33
10eed870	FUN_10eed870	83
10eed8f0	FUN_10eed8f0	37
10eeda70	FUN_10eeda70	27
10eedb80	FUN_10eedb80	30
10eee200	FUN_10eee200	61
10eee810	FUN_10eee810	21
10eee9f0	FUN_10eee9f0	61
10eeedf0	FUN_10eeedf0	31
10eeee40	FUN_10eeee40	33
10eeee80	FUN_10eeee80	83
10eeef00	FUN_10eeef00	37
10eef080	FUN_10eef080	27
10eefe10	FUN_10eefe10	61
10ef05f0	FUN_10ef05f0	21
10ef0990	FUN_10ef0990	61
10ef2210	FUN_10ef2210	23
10ef22f0	FUN_10ef22f0	21
10ef2b60	FUN_10ef2b60	103
10ef2be0	FUN_10ef2be0	69
10ef30f0	FUN_10ef30f0	21
10ef3150	FUN_10ef3150	20
10ef3170	FUN_10ef3170	23
10ef3190	FUN_10ef3190	23
10ef4770	FUN_10ef4770	83
10ef4910	FUN_10ef4910	37
10ef4ca0	FUN_10ef4ca0	34
10efb170	FUN_10efb170	138
10efb220	FUN_10efb220	20
10effb70	FUN_10effb70	87
10f04d30	FUN_10f04d30	103
10f084a0	FUN_10f084a0	21
10f08a80	FUN_10f08a80	18
10f08aa0	FUN_10f08aa0	18
10f091a0	FUN_10f091a0	18
10f0c7b0	FUN_10f0c7b0	21
10f11b70	FUN_10f11b70	21
10f11bb0	FUN_10f11bb0	20
10f11bd0	FUN_10f11bd0	23
10f11bf0	FUN_10f11bf0	23
10f11c10	FUN_10f11c10	21
10f11c30	FUN_10f11c30	25
10f11f40	FUN_10f11f40	21
10f11f60	FUN_10f11f60	21
10f11f80	FUN_10f11f80	21
10f11fb0	FUN_10f11fb0	20
10f11fd0	FUN_10f11fd0	23
10f11ff0	FUN_10f11ff0	23
10f12010	FUN_10f12010	21
10f12030	FUN_10f12030	25
10f12420	FUN_10f12420	57
10f13cb0	FUN_10f13cb0	103
10f13d30	FUN_10f13d30	103
10f13db0	FUN_10f13db0	103
10f13f00	FUN_10f13f00	69
10f13f60	FUN_10f13f60	69
10f13fc0	FUN_10f13fc0	69
10f16180	FUN_10f16180	167
10f163a0	FUN_10f163a0	60
10f163f0	FUN_10f163f0	83
10f16620	FUN_10f16620	37
10f17cd0	FUN_10f17cd0	53
10f1a550	FUN_10f1a550	78
10f1afe0	FUN_10f1afe0	31
10f1b100	FUN_10f1b100	33
10f1b4e0	FUN_10f1b4e0	83
10f1b770	FUN_10f1b770	37
10f1bc60	FUN_10f1bc60	27
10f1cb00	FUN_10f1cb00	96
10f1cb80	FUN_10f1cb80	65
10f1f8a0	FUN_10f1f8a0	61
10f20790	FUN_10f20790	21
10f207b0	FUN_10f207b0	21
10f209a0	FUN_10f209a0	61
10f21f60	FUN_10f21f60	21
10f21f80	FUN_10f21f80	21
10f21fc0	FUN_10f21fc0	21
10f228d0	FUN_10f228d0	103
10f241a0	FUN_10f241a0	37
10f24f00	FUN_10f24f00	47
10f24f80	FUN_10f24f80	35
10f2a930	FUN_10f2a930	20
10f2a950	FUN_10f2a950	21
10f2aa90	FUN_10f2aa90	99
10f2bf40	FUN_10f2bf40	103
10f2cdb0	FUN_10f2cdb0	69
10f33ce0	FUN_10f33ce0	69
10f33d40	FUN_10f33d40	69
10f33da0	FUN_10f33da0	69
10f33e00	FUN_10f33e00	69
10f34070	FUN_10f34070	21
10f34090	FUN_10f34090	21
10f340b0	FUN_10f340b0	21
10f340d0	FUN_10f340d0	21
10f340f0	FUN_10f340f0	25
10f34110	FUN_10f34110	25
10f341b0	FUN_10f341b0	20
10f36120	FUN_10f36120	103
10f361a0	FUN_10f361a0	103
10f36220	FUN_10f36220	103
10f362a0	FUN_10f362a0	103
10f36320	FUN_10f36320	69
10f36380	FUN_10f36380	69
10f363e0	FUN_10f363e0	69
10f36440	FUN_10f36440	69
10f36640	FUN_10f36640	40
10f36680	FUN_10f36680	40
10f366c0	FUN_10f366c0	40
10f36700	FUN_10f36700	40
10f372e0	FUN_10f372e0	21
10f37560	FUN_10f37560	31
10f37610	FUN_10f37610	33
10f37810	FUN_10f37810	83
10f37990	FUN_10f37990	37
10f37cb0	FUN_10f37cb0	27
10f385d0	FUN_10f385d0	65
10f39960	FUN_10f39960	61
10f3a0c0	FUN_10f3a0c0	20
10f3bae0	FUN_10f3bae0	21
10f3bb00	FUN_10f3bb00	21
10f3bdb0	FUN_10f3bdb0	61
10f3d950	FUN_10f3d950	21
10f3d970	FUN_10f3d970	21
10f3d990	FUN_10f3d990	21
10f3d9b0	FUN_10f3d9b0	21
10f3da10	FUN_10f3da10	21
10f3da30	FUN_10f3da30	21
10f3ee80	FUN_10f3ee80	103
10f3ef00	FUN_10f3ef00	103
10f42dd0	FUN_10f42dd0	36
10f42e50	FUN_10f42e50	103
10f459b0	FUN_10f459b0	21
10f45f80	FUN_10f45f80	20
10f45fa0	FUN_10f45fa0	35
10f46df0	FUN_10f46df0	17
10f47070	FUN_10f47070	193
10f478b0	FUN_10f478b0	103
10f47a50	FUN_10f47a50	103
10f48ce0	FUN_10f48ce0	103
10f4ba30	FUN_10f4ba30	20
10f4be20	FUN_10f4be20	20
10f4bef0	FUN_10f4bef0	147
10f4c9c0	FUN_10f4c9c0	103
10f4cb60	FUN_10f4cb60	103
10f4d160	FUN_10f4d160	36
10f4fa50	FUN_10f4fa50	33
10f51510	FUN_10f51510	117
10f515b0	FUN_10f515b0	103
10f53120	FUN_10f53120	38
10f531e0	FUN_10f531e0	38
10f614e0	FUN_10f614e0	21
10f61500	FUN_10f61500	21
10f61520	FUN_10f61520	21
10f61540	FUN_10f61540	21
10f61600	FUN_10f61600	79
10f620f0	FUN_10f620f0	103
10f62170	FUN_10f62170	103
10f621f0	FUN_10f621f0	103
10f62270	FUN_10f62270	103
10f622f0	FUN_10f622f0	103
10f62370	FUN_10f62370	103
10f623f0	FUN_10f623f0	103
10f62470	FUN_10f62470	103
10f62fc0	FUN_10f62fc0	69
10f63020	FUN_10f63020	69
10f63080	FUN_10f63080	69
10f630e0	FUN_10f630e0	69
10f63e00	FUN_10f63e00	39
10f675c0	FUN_10f675c0	21
10f678f0	FUN_10f678f0	103
10f67970	FUN_10f67970	103
10f679f0	FUN_10f679f0	103
10f68560	FUN_10f68560	69
10f69070	FUN_10f69070	105
10f6ee70	FUN_10f6ee70	23
10f72640	FUN_10f72640	21
10f72660	FUN_10f72660	23
10f73640	FUN_10f73640	103
10f73730	FUN_10f73730	69
10f73790	thunk_FUN_10b93810	5
10f782e0	FUN_10f782e0	58
10f78f70	FUN_10f78f70	21
10f79110	FUN_10f79110	53
10f79590	FUN_10f79590	78
10f79860	FUN_10f79860	50
10f79a90	FUN_10f79a90	21
10f7a100	FUN_10f7a100	103
10f7a180	FUN_10f7a180	103
10f7a5b0	FUN_10f7a5b0	69
10f7f760	FUN_10f7f760	69
10f7f7c0	FUN_10f7f7c0	69
10f7fa20	FUN_10f7fa20	21
10f7fa40	FUN_10f7fa40	21
10f7fa60	FUN_10f7fa60	20
10f80cd0	FUN_10f80cd0	103
10f80d50	FUN_10f80d50	103
10f80dd0	FUN_10f80dd0	69
10f80e30	FUN_10f80e30	69
10f8cfa0	FUN_10f8cfa0	21
10f8cfc0	FUN_10f8cfc0	21
10f8cfe0	FUN_10f8cfe0	21
10f8d000	FUN_10f8d000	23
10f8d020	FUN_10f8d020	25
10f8ddc0	FUN_10f8ddc0	67
10f8e410	FUN_10f8e410	103
10f8e490	FUN_10f8e490	103
10f8e510	FUN_10f8e510	103
10f8e590	FUN_10f8e590	69
10f8e5f0	FUN_10f8e5f0	69
10f8e650	FUN_10f8e650	69
10f8ed80	FUN_10f8ed80	21
10f8ff60	FUN_10f8ff60	21
10f8ff80	FUN_10f8ff80	21
10f8ffa0	FUN_10f8ffa0	21
10f8ffc0	FUN_10f8ffc0	21
10f8ffe0	FUN_10f8ffe0	21
10f90000	FUN_10f90000	21
10f90060	FUN_10f90060	35
10f90800	FUN_10f90800	21
10f93710	FUN_10f93710	21
10f93730	FUN_10f93730	21
10f93750	FUN_10f93750	21
10f93770	FUN_10f93770	21
10f93790	FUN_10f93790	21
10f937b0	FUN_10f937b0	21
10f937e0	FUN_10f937e0	21
10f95960	FUN_10f95960	21
10f97bb0	FUN_10f97bb0	21
10f97bd0	FUN_10f97bd0	21
10f97bf0	FUN_10f97bf0	21
10f97c10	FUN_10f97c10	21
10f97c30	FUN_10f97c30	21
10f97c50	FUN_10f97c50	21
10f97c80	FUN_10f97c80	35
10f98e70	FUN_10f98e70	21
10fa0290	FUN_10fa0290	21
10fa02b0	FUN_10fa02b0	21
10fa02d0	FUN_10fa02d0	21
10fa02f0	FUN_10fa02f0	21
10fa0310	FUN_10fa0310	21
10fa0330	FUN_10fa0330	21
10fa0350	FUN_10fa0350	21
10fa0370	FUN_10fa0370	21
10fa0390	FUN_10fa0390	21
10fa03b0	FUN_10fa03b0	21
10fa03d0	FUN_10fa03d0	21
10fa0470	FUN_10fa0470	35
10fa2e20	FUN_10fa2e20	21
10fa34d0	FUN_10fa34d0	63
10fa35e0	FUN_10fa35e0	107
10fa36e0	FUN_10fa36e0	103
10fa7720	FUN_10fa7720	21
10fa7740	FUN_10fa7740	21
10fa7760	FUN_10fa7760	21
10fa7780	FUN_10fa7780	21
10fa77a0	FUN_10fa77a0	21
10fa77c0	FUN_10fa77c0	21
10fa77e0	FUN_10fa77e0	21
10fa7800	FUN_10fa7800	21
10fa78a0	FUN_10fa78a0	35
10fa9470	FUN_10fa9470	21
10fa9ac0	FUN_10fa9ac0	63
10fa9b10	FUN_10fa9b10	17
10fa9d30	FUN_10fa9d30	107
10fa9e20	FUN_10fa9e20	103
10fb0da0	FUN_10fb0da0	153
10fb8590	FUN_10fb8590	21
10fb8f00	FUN_10fb8f00	48
10fb8f40	FUN_10fb8f40	175
10fb90e0	FUN_10fb90e0	21
10fb9100	FUN_10fb9100	21
10fb9120	FUN_10fb9120	21
10fb9140	FUN_10fb9140	21
10fb9160	FUN_10fb9160	21
10fb9180	FUN_10fb9180	21
10fb91a0	FUN_10fb91a0	21
10fb91c0	FUN_10fb91c0	21
10fb91e0	FUN_10fb91e0	21
10fb9200	FUN_10fb9200	21
10fb9250	FUN_10fb9250	35
10fbc490	FUN_10fbc490	21
10fbcea0	FUN_10fbcea0	103
10fc5c20	FUN_10fc5c20	21
10fc5c40	FUN_10fc5c40	21
10fc5c60	FUN_10fc5c60	21
10fc5c80	FUN_10fc5c80	21
10fc5ca0	FUN_10fc5ca0	21
10fc5cc0	FUN_10fc5cc0	21
10fc5ce0	FUN_10fc5ce0	21
10fc5d00	FUN_10fc5d00	21
10fc5d20	FUN_10fc5d20	21
10fc5d40	FUN_10fc5d40	21
10fc5d60	FUN_10fc5d60	21
10fc5d80	FUN_10fc5d80	21
10fc5e20	FUN_10fc5e20	35
10fc89e0	FUN_10fc89e0	21
10fc93f0	FUN_10fc93f0	63
10fc94e0	FUN_10fc94e0	107
10fc95e0	FUN_10fc95e0	103
10fcaf50	FUN_10fcaf50	21
10fcb7d0	FUN_10fcb7d0	72
10fcbb30	FUN_10fcbb30	95
10fcd510	FUN_10fcd510	21
10fcd550	FUN_10fcd550	35
10fcecc0	FUN_10fcecc0	21
10fced10	FUN_10fced10	32
10fced40	FUN_10fced40	32
10fced70	FUN_10fced70	32
10fcedc0	FUN_10fcedc0	21
10fcede0	FUN_10fcede0	21
10fcee00	FUN_10fcee00	21
10fcee20	FUN_10fcee20	21
10fcee80	FUN_10fcee80	21
10fcefc0	FUN_10fcefc0	18
10fcf010	FUN_10fcf010	32
10fcf040	FUN_10fcf040	32
10fcf090	FUN_10fcf090	21
10fcf0b0	FUN_10fcf0b0	21
10fcf110	FUN_10fcf110	21
10fcf130	FUN_10fcf130	21
10fcf150	FUN_10fcf150	21
10fcf180	FUN_10fcf180	21
10fcf1a0	FUN_10fcf1a0	20
10fcf1c0	FUN_10fcf1c0	21
10fcf1f0	FUN_10fcf1f0	32
10fcf220	FUN_10fcf220	32
10fcf470	FUN_10fcf470	103
10fcf4f0	FUN_10fcf4f0	103
10fcf640	FUN_10fcf640	21
10fd17f0	FUN_10fd17f0	21
10fd1810	FUN_10fd1810	21
10fd1a70	FUN_10fd1a70	21
10fd1a90	FUN_10fd1a90	21
10fd1ca0	FUN_10fd1ca0	21
10fd1cc0	FUN_10fd1cc0	21
10fd1ce0	FUN_10fd1ce0	20
10fd25c0	FUN_10fd25c0	119
10fdaf30	FUN_10fdaf30	21
10fdaf50	FUN_10fdaf50	21
10fdaf70	FUN_10fdaf70	21
10fdaf90	FUN_10fdaf90	21
10fdafb0	FUN_10fdafb0	21
10fdafd0	FUN_10fdafd0	21
10fdaff0	FUN_10fdaff0	21
10fdb010	FUN_10fdb010	21
10fdb030	FUN_10fdb030	21
10fdb050	FUN_10fdb050	21
10fdb070	FUN_10fdb070	21
10fdb090	FUN_10fdb090	21
10fdb320	FUN_10fdb320	21
10fdb340	FUN_10fdb340	35
10fdb370	FUN_10fdb370	21
10fdd1d0	FUN_10fdd1d0	20
10fdd210	FUN_10fdd210	53
10fdd260	FUN_10fdd260	53
10fdd2b0	FUN_10fdd2b0	20
10fdd2d0	FUN_10fdd2d0	53
10fdd320	FUN_10fdd320	53
10fdd370	FUN_10fdd370	20
10fdd390	FUN_10fdd390	53
10fdd490	FUN_10fdd490	53
10fdd5a0	FUN_10fdd5a0	168
10fdd8d0	FUN_10fdd8d0	60
10fddaa0	FUN_10fddaa0	63
10fddaf0	FUN_10fddaf0	94
10fddd20	FUN_10fddd20	100
10fddea0	FUN_10fddea0	41
10fe2480	FUN_10fe2480	23
10fe2680	FUN_10fe2680	23
10fe3570	FUN_10fe3570	103
10fe35f0	FUN_10fe35f0	103
10fe3670	FUN_10fe3670	103
10fe4550	FUN_10fe4550	39
10fe5880	FUN_10fe5880	103
10fe6460	FUN_10fe6460	36
10fe6c20	FUN_10fe6c20	21
10fe6c40	FUN_10fe6c40	21
10fe6c60	FUN_10fe6c60	21
10fe6c80	FUN_10fe6c80	32
10fe6cb0	FUN_10fe6cb0	21
10fe6cd0	FUN_10fe6cd0	35
10fe6da0	FUN_10fe6da0	103
10fe6e20	FUN_10fe6e20	119
10fe8190	FUN_10fe8190	21
10fe81b0	FUN_10fe81b0	21
10fe81d0	FUN_10fe81d0	21
10fe81f0	FUN_10fe81f0	21
10fe8210	FUN_10fe8210	21
10fe8230	FUN_10fe8230	21
10fe8250	FUN_10fe8250	21
10fe8270	FUN_10fe8270	32
10fe82a0	FUN_10fe82a0	21
10fe8460	FUN_10fe8460	35
10fe8490	FUN_10fe8490	35
10fe8550	FUN_10fe8550	103
10fe85d0	FUN_10fe85d0	103
10fe8650	FUN_10fe8650	103
10fe86d0	FUN_10fe86d0	119
10ff0de0	FUN_10ff0de0	97
10ff0e60	FUN_10ff0e60	100
10ff10c0	FUN_10ff10c0	21
10ff10e0	FUN_10ff10e0	21
10ff1100	FUN_10ff1100	21
10ff1490	FUN_10ff1490	21
10ff15e0	FUN_10ff15e0	52
10ff1630	FUN_10ff1630	21
10ff1b10	FUN_10ff1b10	71
10ff20b0	FUN_10ff20b0	48
10ff2b20	FUN_10ff2b20	46
10ff2b80	FUN_10ff2b80	20
10ff2ba0	FUN_10ff2ba0	20
10ff6f90	FUN_10ff6f90	17
10ff84d0	FUN_10ff84d0	103
10ff8550	FUN_10ff8550	103
10ff85e0	FUN_10ff85e0	153
10ff86c0	FUN_10ff86c0	103
10ffb630	FUN_10ffb630	21
10ffbb30	FUN_10ffbb30	103
10ffc9f0	FUN_10ffc9f0	21
10ffca60	FUN_10ffca60	20
10ffca80	FUN_10ffca80	32
10ffcb40	FUN_10ffcb40	21
10ffcb70	FUN_10ffcb70	32
10ffcbb0	FUN_10ffcbb0	32
10ffcc00	FUN_10ffcc00	18
10ffcdc0	FUN_10ffcdc0	46
10ffce10	FUN_10ffce10	46
10ffce50	FUN_10ffce50	20
10ffd0d0	FUN_10ffd0d0	103
10fffc00	FUN_10fffc00	31
11002570	FUN_11002570	20
11002640	FUN_11002640	20
11002ae0	FUN_11002ae0	54
11002fc0	FUN_11002fc0	103
11003050	FUN_11003050	103
11007000	FUN_11007000	36
11007030	FUN_11007030	36
11007650	FUN_11007650	47
110076a0	FUN_110076a0	36
110076e0	FUN_110076e0	36
11007710	FUN_11007710	36
1100d010	FUN_1100d010	42
1100d330	FUN_1100d330	42
1100d640	FUN_1100d640	20
1100d6a0	FUN_1100d6a0	20
1100e2e0	FUN_1100e2e0	120
11010770	FUN_11010770	80
110133a0	FUN_110133a0	21
110133c0	FUN_110133c0	21
110133e0	FUN_110133e0	21
11013400	FUN_11013400	21
11013420	FUN_11013420	21
11013440	FUN_11013440	21
11013470	FUN_11013470	35
11015070	FUN_11015070	21
11018120	FUN_11018120	21
11018160	FUN_11018160	23
110183f0	FUN_110183f0	103
11018540	FUN_11018540	69
110185b0	FUN_110185b0	33
11018740	FUN_11018740	27
11019480	FUN_11019480	103
1101b9c0	FUN_1101b9c0	21
1101ba40	FUN_1101ba40	21
1101bc00	FUN_1101bc00	44
1101bd70	FUN_1101bd70	103
1101bf10	FUN_1101bf10	103
1101d950	FUN_1101d950	60
1101df90	FUN_1101df90	17
1101e290	FUN_1101e290	103
11020710	FUN_11020710	21
11020e70	FUN_11020e70	44
11020f20	FUN_11020f20	103
11022410	FUN_11022410	103
1102ae20	FUN_1102ae20	21
1102af80	FUN_1102af80	20
1102b260	FUN_1102b260	50
1102b2a0	FUN_1102b2a0	21
1102b4f0	FUN_1102b4f0	20
1102db80	FUN_1102db80	103
1102dc00	FUN_1102dc00	103
1102dda0	FUN_1102dda0	103
1102de20	FUN_1102de20	103
1102dea0	FUN_1102dea0	103
1102df20	FUN_1102df20	103
1102e370	FUN_1102e370	69
11030400	FUN_11030400	21
11030420	FUN_11030420	21
11030c90	FUN_11030c90	21
11030cb0	FUN_11030cb0	21
11030d40	FUN_11030d40	65
11030da0	FUN_11030da0	69
11030e00	FUN_11030e00	59
11030e50	FUN_11030e50	21
11030e70	FUN_11030e70	21
110312c0	FUN_110312c0	35
11032c90	FUN_11032c90	17
11032f80	FUN_11032f80	103
110334f0	FUN_110334f0	103
11034ef0	FUN_11034ef0	103
110372b0	FUN_110372b0	21
110372d0	FUN_110372d0	21
110372f0	FUN_110372f0	21
11037310	FUN_11037310	21
11037330	FUN_11037330	21
11037470	FUN_11037470	21
11037490	FUN_11037490	21
110374b0	FUN_110374b0	21
110374d0	FUN_110374d0	21
110374f0	FUN_110374f0	32
11037520	FUN_11037520	32
11037550	FUN_11037550	21
11037570	FUN_11037570	21
11037690	FUN_11037690	35
110376c0	FUN_110376c0	35
110376f0	FUN_110376f0	35
11037810	FUN_11037810	103
11037890	FUN_11037890	103
11037910	FUN_11037910	103
11037990	FUN_11037990	119
11037a30	FUN_11037a30	103
11037ab0	FUN_11037ab0	119
1103b2d0	FUN_1103b2d0	21
1103b2f0	FUN_1103b2f0	23
1103ed00	FUN_1103ed00	21
1103ed20	FUN_1103ed20	21
11053180	FUN_11053180	92
11054800	FUN_11054800	130
110548b0	FUN_110548b0	130
1105d8e0	FUN_1105d8e0	103
11060730	FUN_11060730	21
11060960	FUN_11060960	35
11060b80	FUN_11060b80	103
11060d30	FUN_11060d30	103
11060e80	FUN_11060e80	69
11061da0	FUN_11061da0	21
11061fc0	FUN_11061fc0	103
11062110	FUN_11062110	69
11062d20	FUN_11062d20	21
11062f50	FUN_11062f50	103
110630a0	FUN_110630a0	69
110652f0	FUN_110652f0	23
11065310	FUN_11065310	21
11065cb0	FUN_11065cb0	103
11065d30	FUN_11065d30	69
11065fc0	FUN_11065fc0	21
11066fc0	FUN_11066fc0	20
11066fe0	FUN_11066fe0	30
11067030	FUN_11067030	20
11067290	FUN_11067290	103
11067d00	FUN_11067d00	21
11067e10	FUN_11067e10	25
11068020	FUN_11068020	103
110680a0	FUN_110680a0	103
110681f0	FUN_110681f0	69
