entry	name	reference_body_bytes
101170a0	FUN_101170a0	130
10117170	FUN_10117170	89
10117670	FUN_10117670	74
1011f6d0	FUN_1011f6d0	103
10120010	FUN_10120010	71
101200b0	FUN_101200b0	71
10126540	FUN_10126540	92
10126680	FUN_10126680	92
10126940	FUN_10126940	92
10170c90	FUN_10170c90	108
1018ea40	FUN_1018ea40	123
1018eba0	FUN_1018eba0	123
1018eff0	FUN_1018eff0	120
101965e0	FUN_101965e0	123
10196740	FUN_10196740	126
101968b0	FUN_101968b0	123
10196a10	FUN_10196a10	123
10196b70	FUN_10196b70	123
10196cd0	FUN_10196cd0	123
10196e30	FUN_10196e30	123
10196f90	FUN_10196f90	123
101970f0	FUN_101970f0	123
10197250	FUN_10197250	123
101973b0	FUN_101973b0	123
10197510	FUN_10197510	123
10197670	FUN_10197670	126
101977e0	FUN_101977e0	120
10197940	FUN_10197940	123
10197aa0	FUN_10197aa0	123
10197c00	FUN_10197c00	123
10197d60	FUN_10197d60	123
1019eb70	FUN_1019eb70	91
1019ed10	FUN_1019ed10	91
101be130	FUN_101be130	74
101be940	FUN_101be940	160
101d16b0	FUN_101d16b0	71
101d1710	FUN_101d1710	71
101e75a0	FUN_101e75a0	95
101e7620	FUN_101e7620	95
10226130	FUN_10226130	130
102262d0	FUN_102262d0	89
10227510	FUN_10227510	76
1022da20	FUN_1022da20	103
1022dd80	FUN_1022dd80	74
10230850	FUN_10230850	98
10231cd0	FUN_10231cd0	103
102463d0	FUN_102463d0	89
102466b0	FUN_102466b0	74
102471b0	FUN_102471b0	71
102479b0	FUN_102479b0	92
10253830	FUN_10253830	179
1025ee70	FUN_1025ee70	74
1025f8e0	FUN_1025f8e0	103
10264810	FUN_10264810	89
10264f70	FUN_10264f70	74
10266e70	FUN_10266e70	103
10266f90	FUN_10266f90	71
10268160	FUN_10268160	92
102752c0	FUN_102752c0	71
10275720	FUN_10275720	74
10275790	FUN_10275790	135
10276ad0	FUN_10276ad0	98
10277590	FUN_10277590	96
102781c0	FUN_102781c0	180
10285be0	FUN_10285be0	71
1028c450	FUN_1028c450	89
1028c890	FUN_1028c890	74
1028da60	FUN_1028da60	103
1028dc00	FUN_1028dc00	71
1028e4e0	FUN_1028e4e0	92
102a4670	FUN_102a4670	89
102d9870	FUN_102d9870	83
102d98e0	FUN_102d98e0	83
102da1e0	FUN_102da1e0	104
102da270	FUN_102da270	104
102e6fb0	FUN_102e6fb0	89
102e7030	FUN_102e7030	89
102e9510	FUN_102e9510	74
102e9580	FUN_102e9580	74
102ec510	FUN_102ec510	103
102ec790	FUN_102ec790	71
102ec7f0	FUN_102ec7f0	71
102ee750	FUN_102ee750	92
102ee7d0	FUN_102ee7d0	92
102ee930	FUN_102ee930	112
10335ce0	FUN_10335ce0	71
103361a0	FUN_103361a0	74
10338090	FUN_10338090	98
103394a0	FUN_103394a0	96
10344a10	FUN_10344a10	130
10344ae0	FUN_10344ae0	89
10344ec0	FUN_10344ec0	76
103469a0	FUN_103469a0	74
10346b40	FUN_10346b40	103
10346c80	FUN_10346c80	74
10347520	FUN_10347520	98
10347780	FUN_10347780	103
103bbe60	FUN_103bbe60	120
103bbf10	FUN_103bbf10	120
103bc560	FUN_103bc560	120
103bc600	FUN_103bc600	84
103d05e0	FUN_103d05e0	103
103f6eb0	FUN_103f6eb0	89
103f6f30	FUN_103f6f30	89
103f7840	FUN_103f7840	74
103f78b0	FUN_103f78b0	76
103fa230	FUN_103fa230	71
103fac30	FUN_103fac30	103
103facc0	FUN_103facc0	103
103faee0	FUN_103faee0	71
103faf40	FUN_103faf40	74
103fafb0	FUN_103fafb0	74
103fc250	FUN_103fc250	92
103fc2d0	FUN_103fc2d0	98
1042a7f0	FUN_1042a7f0	74
10484230	FUN_10484230	71
10485040	FUN_10485040	74
104853d0	FUN_104853d0	71
104858e0	FUN_104858e0	71
10485940	FUN_10485940	71
104868c0	FUN_104868c0	98
10487760	FUN_10487760	96
104c3930	FUN_104c3930	71
104c39e0	FUN_104c39e0	71
104cdea0	FUN_104cdea0	78
104f8cb0	FUN_104f8cb0	130
104f8da0	FUN_104f8da0	89
104f96c0	FUN_104f96c0	74
104fad50	FUN_104fad50	103
104faff0	FUN_104faff0	71
104fbcc0	FUN_104fbcc0	92
10500280	FUN_10500280	89
10500390	FUN_10500390	76
10503360	FUN_10503360	74
10504990	FUN_10504990	98
10529350	FUN_10529350	89
1052aff0	FUN_1052aff0	110
1052df40	FUN_1052df40	104
105a05f0	FUN_105a05f0	80
105a0cf0	FUN_105a0cf0	104
105a5910	FUN_105a5910	89
105a5990	FUN_105a5990	89
105a6760	FUN_105a6760	74
105a67d0	FUN_105a67d0	76
105a8030	FUN_105a8030	103
105a80c0	FUN_105a80c0	103
105a8300	FUN_105a8300	71
105a8360	FUN_105a8360	74
105a83d0	FUN_105a83d0	71
105a9af0	FUN_105a9af0	92
105a9b70	FUN_105a9b70	98
105b6fd0	FUN_105b6fd0	89
105b76a0	FUN_105b76a0	74
105b9da0	FUN_105b9da0	71
105ba930	FUN_105ba930	92
105ee8a0	FUN_105ee8a0	71
105eea00	FUN_105eea00	71
105eea60	FUN_105eea60	71
105eec10	FUN_105eec10	74
105eed80	FUN_105eed80	74
105eedf0	FUN_105eedf0	74
105f0370	FUN_105f0370	98
105f0550	FUN_105f0550	98
105f05d0	FUN_105f05d0	98
105f0ee0	FUN_105f0ee0	96
105f10e0	FUN_105f10e0	96
105f11c0	FUN_105f11c0	96
10648910	FUN_10648910	89
10648990	FUN_10648990	89
10648e20	FUN_10648e20	74
10648e90	FUN_10648e90	74
10654fc0	FUN_10654fc0	71
10655020	FUN_10655020	71
106565b0	FUN_106565b0	71
106585c0	FUN_106585c0	92
10658640	FUN_10658640	92
10682540	FUN_10682540	89
10682bb0	FUN_10682bb0	74
106840b0	FUN_106840b0	103
10684290	FUN_10684290	71
10684e10	FUN_10684e10	92
106aba40	FUN_106aba40	89
106abac0	FUN_106abac0	89
106aee50	FUN_106aee50	74
106aeec0	FUN_106aeec0	76
106aef30	FUN_106aef30	74
106b3800	FUN_106b3800	103
106b3890	FUN_106b3890	103
106b3af0	FUN_106b3af0	71
106b3b50	FUN_106b3b50	74
106b3eb0	FUN_106b3eb0	71
106b51f0	FUN_106b51f0	74
106b6c30	FUN_106b6c30	92
106b6cb0	FUN_106b6cb0	98
106b6f30	FUN_106b6f30	92
106beaa0	FUN_106beaa0	166
106cdbf0	FUN_106cdbf0	161
106dd5a0	FUN_106dd5a0	89
106dd620	FUN_106dd620	89
106ddc40	FUN_106ddc40	74
106ddcb0	FUN_106ddcb0	74
106de5b0	FUN_106de5b0	103
106de640	FUN_106de640	103
106de770	FUN_106de770	71
106de7d0	FUN_106de7d0	80
106dec70	FUN_106dec70	92
106decf0	FUN_106decf0	92
106ded70	FUN_106ded70	104
10723f40	FUN_10723f40	89
10724630	FUN_10724630	74
1072a8f0	FUN_1072a8f0	74
1072ae20	FUN_1072ae20	74
1072b020	FUN_1072b020	71
1072cc40	FUN_1072cc40	98
1072cd70	FUN_1072cd70	92
1072e010	FUN_1072e010	96
10828a20	FUN_10828a20	89
10828fd0	FUN_10828fd0	74
1082b4f0	FUN_1082b4f0	103
1082b5f0	FUN_1082b5f0	71
1082b6e0	FUN_1082b6e0	71
1082c2f0	FUN_1082c2f0	92
1085f2e0	FUN_1085f2e0	89
1085f3a0	FUN_1085f3a0	74
10861bc0	FUN_10861bc0	71
10862770	FUN_10862770	92
10af4870	FUN_10af4870	89
10af48f0	FUN_10af48f0	89
10af4c30	FUN_10af4c30	76
10af4ca0	FUN_10af4ca0	76
10af69e0	FUN_10af69e0	103
10af6a70	FUN_10af6a70	103
10af6ba0	FUN_10af6ba0	74
10af6c10	FUN_10af6c10	74
10af7570	FUN_10af7570	98
10af75f0	FUN_10af75f0	98
10b59f70	FUN_10b59f70	89
10b5a230	FUN_10b5a230	74
10b5da80	FUN_10b5da80	103
10b5db60	FUN_10b5db60	71
10b5ea20	FUN_10b5ea20	92
10ba3460	FUN_10ba3460	89
10ba42c0	FUN_10ba42c0	76
10ba6d80	FUN_10ba6d80	103
10ba6f30	FUN_10ba6f30	74
10ba71a0	FUN_10ba71a0	71
10ba8240	FUN_10ba8240	98
10bc0420	FUN_10bc0420	103
10bc4010	FUN_10bc4010	74
10bc4290	FUN_10bc4290	98
10bcfd90	FUN_10bcfd90	89
10bcfe10	FUN_10bcfe10	89
10bcfe90	FUN_10bcfe90	89
10bd21f0	FUN_10bd21f0	74
10bd2260	FUN_10bd2260	74
10bd22d0	FUN_10bd22d0	76
10bd65a0	FUN_10bd65a0	103
10bd6630	FUN_10bd6630	103
10bd66c0	FUN_10bd66c0	103
10bd6c50	FUN_10bd6c50	71
10bd6cb0	FUN_10bd6cb0	74
10bd8ef0	FUN_10bd8ef0	92
10bd8f70	FUN_10bd8f70	98
10c01aa0	FUN_10c01aa0	74
10c02130	FUN_10c02130	74
10c02300	FUN_10c02300	71
10c02660	FUN_10c02660	92
10c02e80	FUN_10c02e80	166
10c03da0	FUN_10c03da0	206
10c5e620	FUN_10c5e620	89
10c5e8b0	FUN_10c5e8b0	76
10c5f980	FUN_10c5f980	103
10c93ae0	FUN_10c93ae0	74
10c93d70	FUN_10c93d70	98
10c9ced0	FUN_10c9ced0	93
10ce35b0	FUN_10ce35b0	74
10d18700	FUN_10d18700	129
10d68670	FUN_10d68670	89
10d688b0	FUN_10d688b0	76
10d697b0	FUN_10d697b0	103
10d69890	FUN_10d69890	74
10d6a170	FUN_10d6a170	98
10d9f050	FUN_10d9f050	89
10d9f1c0	FUN_10d9f1c0	76
10d9f8f0	FUN_10d9f8f0	71
10d9f9a0	FUN_10d9f9a0	103
10d9fa80	FUN_10d9fa80	74
10d9faf0	FUN_10d9faf0	74
10d9ff50	FUN_10d9ff50	98
10db32b0	FUN_10db32b0	103
10dec970	FUN_10dec970	89
10dedec0	FUN_10dedec0	74
10def070	FUN_10def070	71
10defb60	FUN_10defb60	92
10dfe680	FUN_10dfe680	103
10e0c560	FUN_10e0c560	103
10e14ec0	FUN_10e14ec0	316
10e52130	FUN_10e52130	316
10eb5200	FUN_10eb5200	89
10eb5d00	FUN_10eb5d00	74
10eb67c0	FUN_10eb67c0	103
10eb6ac0	FUN_10eb6ac0	71
10eb6db0	FUN_10eb6db0	71
10eb7440	FUN_10eb7440	92
10eedbd0	FUN_10eedbd0	103
10eef260	FUN_10eef260	103
10f1c6a0	FUN_10f1c6a0	103
10f23cf0	FUN_10f23cf0	89
10f242b0	FUN_10f242b0	76
10f25c20	FUN_10f25c20	103
10f25e80	FUN_10f25e80	74
10f25ef0	FUN_10f25ef0	74
10f26840	FUN_10f26840	98
10f38290	FUN_10f38290	103
10f7ffd0	FUN_10f7ffd0	99
110189e0	FUN_110189e0	74
117e8650	FUN_117e8650	76
117e86c0	FUN_117e86c0	76
117e8730	FUN_117e8730	76
117e87a0	FUN_117e87a0	76
117e8810	FUN_117e8810	76
117e8880	FUN_117e8880	76
117e88f0	FUN_117e88f0	76
117e8960	FUN_117e8960	76
117e89d0	FUN_117e89d0	76
117e8a40	FUN_117e8a40	76
117e8b50	FUN_117e8b50	76
117e8bc0	FUN_117e8bc0	76
117e8c30	FUN_117e8c30	76
117e8ca0	FUN_117e8ca0	76
117e8d10	FUN_117e8d10	76
117e8d80	FUN_117e8d80	76
117e8df0	FUN_117e8df0	76
117e8e60	FUN_117e8e60	76
117e8ed0	FUN_117e8ed0	76
117e8f40	FUN_117e8f40	76
117e8fb0	FUN_117e8fb0	76
117e9020	FUN_117e9020	76
117e9090	FUN_117e9090	76
117e9100	FUN_117e9100	76
117e9170	FUN_117e9170	76
117e91e0	FUN_117e91e0	76
117e9250	FUN_117e9250	76
117e92c0	FUN_117e92c0	76
117e9330	FUN_117e9330	76
117e93a0	FUN_117e93a0	76
117e9410	FUN_117e9410	76
117e9480	FUN_117e9480	76
117e94f0	FUN_117e94f0	76
117e9560	FUN_117e9560	76
117e95d0	FUN_117e95d0	76
117e9640	FUN_117e9640	76
117e96d0	FUN_117e96d0	76
117e9760	FUN_117e9760	76
117e97d0	FUN_117e97d0	76
117e9840	FUN_117e9840	76
117e98b0	FUN_117e98b0	76
117e9920	FUN_117e9920	76
117e9990	FUN_117e9990	76
117e9a00	FUN_117e9a00	76
117e9a70	FUN_117e9a70	76
117e9ae0	FUN_117e9ae0	76
117e9b50	FUN_117e9b50	76
117e9bc0	FUN_117e9bc0	76
117e9c30	FUN_117e9c30	76
117e9ca0	FUN_117e9ca0	76
117e9d90	FUN_117e9d90	76
117e9e00	FUN_117e9e00	76
117e9e70	FUN_117e9e70	76
117e9ee0	FUN_117e9ee0	76
117e9f50	FUN_117e9f50	76
117e9fc0	FUN_117e9fc0	76
117ea030	FUN_117ea030	76
117ea0a0	FUN_117ea0a0	76
117ea110	FUN_117ea110	76
117ea180	FUN_117ea180	76
117ea1f0	FUN_117ea1f0	76
117ea260	FUN_117ea260	76
117ea2d0	FUN_117ea2d0	76
117ea3c0	FUN_117ea3c0	76
117ea430	FUN_117ea430	76
117ea4a0	FUN_117ea4a0	76
117ea510	FUN_117ea510	76
117ea580	FUN_117ea580	76
117ea5f0	FUN_117ea5f0	76
117ea660	FUN_117ea660	76
117ea6d0	FUN_117ea6d0	76
117ea740	FUN_117ea740	76
117ea7b0	FUN_117ea7b0	76
117ea820	FUN_117ea820	76
117ea890	FUN_117ea890	76
117ea980	FUN_117ea980	76
117ea9f0	FUN_117ea9f0	76
117eaa60	FUN_117eaa60	76
117eaad0	FUN_117eaad0	76
117eab40	FUN_117eab40	76
117eabb0	FUN_117eabb0	76
117eac20	FUN_117eac20	76
117eac90	FUN_117eac90	76
117ead00	FUN_117ead00	76
117ead70	FUN_117ead70	76
117eade0	FUN_117eade0	76
117eae50	FUN_117eae50	76
117eaf00	FUN_117eaf00	76
117eaf70	FUN_117eaf70	76
117eafe0	FUN_117eafe0	76
117eb050	FUN_117eb050	76
117eb0c0	FUN_117eb0c0	76
117eb130	FUN_117eb130	76
117eb1a0	FUN_117eb1a0	76
117eb210	FUN_117eb210	76
117eb280	FUN_117eb280	76
117eb2f0	FUN_117eb2f0	76
117eb360	FUN_117eb360	76
117eb3d0	FUN_117eb3d0	76
117eb440	FUN_117eb440	76
117eb5b0	FUN_117eb5b0	76
117eb620	FUN_117eb620	76
117eb6a0	FUN_117eb6a0	76
117eb710	FUN_117eb710	76
117eb780	FUN_117eb780	76
117eb7f0	FUN_117eb7f0	76
117eb860	FUN_117eb860	76
117eb8d0	FUN_117eb8d0	76
117eb940	FUN_117eb940	76
117eb9b0	FUN_117eb9b0	76
117eba20	FUN_117eba20	76
117eba90	FUN_117eba90	76
117ebb00	FUN_117ebb00	76
117ebb70	FUN_117ebb70	76
117ebbe0	FUN_117ebbe0	76
117ebcd0	FUN_117ebcd0	76
117ebd40	FUN_117ebd40	76
117ebdb0	FUN_117ebdb0	76
117ebe20	FUN_117ebe20	76
117ebe90	FUN_117ebe90	76
117ebf00	FUN_117ebf00	76
117ebf70	FUN_117ebf70	76
117ebfe0	FUN_117ebfe0	76
117ec050	FUN_117ec050	76
117ec0c0	FUN_117ec0c0	76
117ec130	FUN_117ec130	76
117ec1a0	FUN_117ec1a0	76
117ec210	FUN_117ec210	76
117ec280	FUN_117ec280	76
117ec2f0	FUN_117ec2f0	76
117ec360	FUN_117ec360	76
117ec3d0	FUN_117ec3d0	76
117ec440	FUN_117ec440	76
117ec4b0	FUN_117ec4b0	76
117ec5a0	FUN_117ec5a0	76
117ec610	FUN_117ec610	76
117ec680	FUN_117ec680	76
117ec6f0	FUN_117ec6f0	76
117ec760	FUN_117ec760	76
117ec7d0	FUN_117ec7d0	76
117ec840	FUN_117ec840	76
117ec920	FUN_117ec920	76
117ec990	FUN_117ec990	76
117eca00	FUN_117eca00	76
117eca70	FUN_117eca70	76
117ecae0	FUN_117ecae0	76
117ecbd0	FUN_117ecbd0	76
117ece40	FUN_117ece40	76
117ecf60	FUN_117ecf60	76
117ed050	FUN_117ed050	76
117ed0c0	FUN_117ed0c0	76
117ed130	FUN_117ed130	76
117ed1a0	FUN_117ed1a0	76
117ed210	FUN_117ed210	76
117ed280	FUN_117ed280	76
117ed2f0	FUN_117ed2f0	76
117ed360	FUN_117ed360	76
117ed3d0	FUN_117ed3d0	76
117ed440	FUN_117ed440	76
117ed4b0	FUN_117ed4b0	76
117ed520	FUN_117ed520	76
117ed590	FUN_117ed590	76
117ed600	FUN_117ed600	76
117ed670	FUN_117ed670	76
117ed6e0	FUN_117ed6e0	76
117ed750	FUN_117ed750	76
117ed7c0	FUN_117ed7c0	76
117ed830	FUN_117ed830	76
117ed8a0	FUN_117ed8a0	76
117ed910	FUN_117ed910	76
117ed980	FUN_117ed980	76
117ed9f0	FUN_117ed9f0	76
117edae0	FUN_117edae0	76
117edb50	FUN_117edb50	76
117edbc0	FUN_117edbc0	76
117edc40	FUN_117edc40	76
117edcb0	FUN_117edcb0	76
117edd20	FUN_117edd20	76
117edd90	FUN_117edd90	76
117ede00	FUN_117ede00	76
117ede70	FUN_117ede70	76
117edee0	FUN_117edee0	76
117edf50	FUN_117edf50	76
117edfc0	FUN_117edfc0	76
117ee030	FUN_117ee030	76
117ee0a0	FUN_117ee0a0	76
117ee110	FUN_117ee110	76
117ee180	FUN_117ee180	76
117ee1f0	FUN_117ee1f0	76
117ee260	FUN_117ee260	76
117ee2d0	FUN_117ee2d0	76
117ee340	FUN_117ee340	76
117ee3b0	FUN_117ee3b0	76
117ee420	FUN_117ee420	76
117ee490	FUN_117ee490	76
117ee500	FUN_117ee500	76
117ee5f0	FUN_117ee5f0	76
117ee660	FUN_117ee660	76
117ee6d0	FUN_117ee6d0	76
117ee740	FUN_117ee740	76
117ee7b0	FUN_117ee7b0	76
117ee820	FUN_117ee820	76
117ee890	FUN_117ee890	76
117ee900	FUN_117ee900	76
117ee970	FUN_117ee970	76
117ee9e0	FUN_117ee9e0	76
117eea50	FUN_117eea50	76
117eeac0	FUN_117eeac0	76
117eeb30	FUN_117eeb30	76
117eec20	FUN_117eec20	76
117eec90	FUN_117eec90	76
117eed00	FUN_117eed00	76
117eed70	FUN_117eed70	76
117eede0	FUN_117eede0	76
117eee50	FUN_117eee50	76
117eeec0	FUN_117eeec0	76
117eef30	FUN_117eef30	76
117eefa0	FUN_117eefa0	76
117ef010	FUN_117ef010	76
117ef080	FUN_117ef080	76
117ef0f0	FUN_117ef0f0	76
117ef1b0	FUN_117ef1b0	76
117ef220	FUN_117ef220	76
117ef290	FUN_117ef290	76
117ef300	FUN_117ef300	76
117ef370	FUN_117ef370	76
117ef3e0	FUN_117ef3e0	76
117ef450	FUN_117ef450	76
117ef4c0	FUN_117ef4c0	76
117ef530	FUN_117ef530	76
117ef5a0	FUN_117ef5a0	76
117ef610	FUN_117ef610	76
117ef680	FUN_117ef680	76
117ef6f0	FUN_117ef6f0	76
117ef760	FUN_117ef760	76
117ef7d0	FUN_117ef7d0	76
117ef840	FUN_117ef840	76
117ef8b0	FUN_117ef8b0	76
117ef920	FUN_117ef920	76
117ef990	FUN_117ef990	76
117efa00	FUN_117efa00	76
117efa70	FUN_117efa70	76
117efae0	FUN_117efae0	76
117efb50	FUN_117efb50	76
117efbc0	FUN_117efbc0	76
117efc30	FUN_117efc30	76
117efca0	FUN_117efca0	76
117efd10	FUN_117efd10	76
117efd80	FUN_117efd80	76
117efdf0	FUN_117efdf0	76
117efe60	FUN_117efe60	76
117efed0	FUN_117efed0	76
117eff40	FUN_117eff40	76
117effb0	FUN_117effb0	76
117f0020	FUN_117f0020	76
117f0090	FUN_117f0090	76
117f0100	FUN_117f0100	76
117f0170	FUN_117f0170	76
117f01e0	FUN_117f01e0	76
117f0250	FUN_117f0250	76
117f02c0	FUN_117f02c0	76
117f0330	FUN_117f0330	76
117f03a0	FUN_117f03a0	76
117f0410	FUN_117f0410	76
117f0480	FUN_117f0480	76
117f04f0	FUN_117f04f0	76
117f0560	FUN_117f0560	76
117f05d0	FUN_117f05d0	76
117f0640	FUN_117f0640	76
117f06c0	FUN_117f06c0	76
117f07b0	FUN_117f07b0	76
117f0820	FUN_117f0820	76
117f0890	FUN_117f0890	76
117f0900	FUN_117f0900	76
117f0970	FUN_117f0970	76
117f09e0	FUN_117f09e0	76
117f0a50	FUN_117f0a50	76
117f0ac0	FUN_117f0ac0	76
117f0b30	FUN_117f0b30	76
117f0ba0	FUN_117f0ba0	76
117f0c10	FUN_117f0c10	76
117f0c80	FUN_117f0c80	76
117f0d70	FUN_117f0d70	76
117f0de0	FUN_117f0de0	76
117f0e50	FUN_117f0e50	76
117f0ec0	FUN_117f0ec0	76
117f0f30	FUN_117f0f30	76
117f0fa0	FUN_117f0fa0	76
117f1010	FUN_117f1010	76
117f1080	FUN_117f1080	76
117f10f0	FUN_117f10f0	76
117f1160	FUN_117f1160	76
117f11d0	FUN_117f11d0	76
117f1240	FUN_117f1240	76
117f12b0	FUN_117f12b0	76
117f1320	FUN_117f1320	76
117f1390	FUN_117f1390	76
117f1400	FUN_117f1400	76
117f14e0	FUN_117f14e0	76
117f1550	FUN_117f1550	76
117f15c0	FUN_117f15c0	76
117f1630	FUN_117f1630	76
117f16a0	FUN_117f16a0	76
117f1710	FUN_117f1710	76
117f1780	FUN_117f1780	76
117f17f0	FUN_117f17f0	76
117f1920	FUN_117f1920	76
117f1990	FUN_117f1990	76
117f1a00	FUN_117f1a00	76
117f1a70	FUN_117f1a70	76
117f1ae0	FUN_117f1ae0	76
117f1b50	FUN_117f1b50	76
117f1c30	FUN_117f1c30	76
117f1ca0	FUN_117f1ca0	76
117f1d10	FUN_117f1d10	76
117f1d80	FUN_117f1d80	76
117f1df0	FUN_117f1df0	76
117f1e60	FUN_117f1e60	76
117f1ed0	FUN_117f1ed0	76
117f1f40	FUN_117f1f40	76
117f1fb0	FUN_117f1fb0	76
117f2020	FUN_117f2020	76
117f2090	FUN_117f2090	76
117f2100	FUN_117f2100	76
117f2170	FUN_117f2170	76
117f21e0	FUN_117f21e0	76
117f2250	FUN_117f2250	76
117f22c0	FUN_117f22c0	76
117f2330	FUN_117f2330	76
117f23a0	FUN_117f23a0	76
117f2410	FUN_117f2410	76
117f2480	FUN_117f2480	76
117f24f0	FUN_117f24f0	76
117f2560	FUN_117f2560	76
117f25d0	FUN_117f25d0	76
117f2640	FUN_117f2640	76
117f26b0	FUN_117f26b0	76
117f2720	FUN_117f2720	76
117f2790	FUN_117f2790	76
117f2800	FUN_117f2800	76
117f2870	FUN_117f2870	76
117f28e0	FUN_117f28e0	76
117f2950	FUN_117f2950	76
117f29c0	FUN_117f29c0	76
117f2a30	FUN_117f2a30	76
117f2aa0	FUN_117f2aa0	76
117f2b10	FUN_117f2b10	76
117f2b80	FUN_117f2b80	76
117f2bf0	FUN_117f2bf0	76
117f2c60	FUN_117f2c60	76
117f2cd0	FUN_117f2cd0	76
117f2d40	FUN_117f2d40	76
117f2db0	FUN_117f2db0	76
117f2e20	FUN_117f2e20	76
117f2e90	FUN_117f2e90	76
117f2f00	FUN_117f2f00	76
117f2f70	FUN_117f2f70	76
117f2fe0	FUN_117f2fe0	76
117f3050	FUN_117f3050	76
117f30c0	FUN_117f30c0	76
117f3130	FUN_117f3130	76
117f31a0	FUN_117f31a0	76
117f3210	FUN_117f3210	76
117f3280	FUN_117f3280	76
117f32f0	FUN_117f32f0	76
117f3360	FUN_117f3360	76
117f33e0	FUN_117f33e0	76
117f3450	FUN_117f3450	76
117f34c0	FUN_117f34c0	76
117f3530	FUN_117f3530	76
117f35a0	FUN_117f35a0	76
117f3610	FUN_117f3610	76
117f3680	FUN_117f3680	76
117f36f0	FUN_117f36f0	76
117f3760	FUN_117f3760	76
117f37d0	FUN_117f37d0	76
117f3840	FUN_117f3840	76
117f38b0	FUN_117f38b0	76
117f3920	FUN_117f3920	76
117f3990	FUN_117f3990	76
117f3a00	FUN_117f3a00	76
117f3a70	FUN_117f3a70	76
117f3ae0	FUN_117f3ae0	76
117f3b50	FUN_117f3b50	76
117f3bc0	FUN_117f3bc0	76
117f3c30	FUN_117f3c30	76
117f3ca0	FUN_117f3ca0	76
117f3d80	FUN_117f3d80	76
117f3df0	FUN_117f3df0	76
117f3e60	FUN_117f3e60	76
117f3ed0	FUN_117f3ed0	76
117f3f40	FUN_117f3f40	76
117f3fb0	FUN_117f3fb0	76
117f4020	FUN_117f4020	76
117f4090	FUN_117f4090	76
117f4100	FUN_117f4100	76
117f4170	FUN_117f4170	76
117f42e0	FUN_117f42e0	76
117f4350	FUN_117f4350	76
117f43c0	FUN_117f43c0	76
117f4430	FUN_117f4430	76
117f44a0	FUN_117f44a0	76
117f4510	FUN_117f4510	76
117f4580	FUN_117f4580	76
117f45f0	FUN_117f45f0	76
117f4660	FUN_117f4660	76
117f46d0	FUN_117f46d0	76
117f4740	FUN_117f4740	76
117f47b0	FUN_117f47b0	76
117f4820	FUN_117f4820	76
117f4890	FUN_117f4890	76
117f4900	FUN_117f4900	76
117f4970	FUN_117f4970	76
117f49e0	FUN_117f49e0	76
117f4a50	FUN_117f4a50	76
117f4ac0	FUN_117f4ac0	76
117f4b30	FUN_117f4b30	76
117f4ba0	FUN_117f4ba0	76
117f4c10	FUN_117f4c10	76
117f4c80	FUN_117f4c80	76
117f4cf0	FUN_117f4cf0	76
117f4d60	FUN_117f4d60	76
117f4dd0	FUN_117f4dd0	76
117f4e40	FUN_117f4e40	76
117f4eb0	FUN_117f4eb0	76
117f4f20	FUN_117f4f20	76
117f4f90	FUN_117f4f90	76
117f5000	FUN_117f5000	76
117f5070	FUN_117f5070	76
117f50e0	FUN_117f50e0	76
117f5150	FUN_117f5150	76
117f51c0	FUN_117f51c0	76
117f5230	FUN_117f5230	76
117f52a0	FUN_117f52a0	76
117f5310	FUN_117f5310	76
117f5380	FUN_117f5380	76
117f53f0	FUN_117f53f0	76
117f5460	FUN_117f5460	76
117f54d0	FUN_117f54d0	76
117f5540	FUN_117f5540	76
117f55b0	FUN_117f55b0	76
117f5620	FUN_117f5620	76
117f5690	FUN_117f5690	76
117f5700	FUN_117f5700	76
117f5770	FUN_117f5770	76
117f57e0	FUN_117f57e0	76
117f5850	FUN_117f5850	76
117f58c0	FUN_117f58c0	76
117f5930	FUN_117f5930	76
117f59a0	FUN_117f59a0	76
117f5a10	FUN_117f5a10	76
117f5a80	FUN_117f5a80	76
117f5af0	FUN_117f5af0	76
117f5b60	FUN_117f5b60	76
117f5bd0	FUN_117f5bd0	76
117f5c40	FUN_117f5c40	76
117f5cb0	FUN_117f5cb0	76
117f5d20	FUN_117f5d20	76
117f5d90	FUN_117f5d90	76
117f5e00	FUN_117f5e00	76
117f5e70	FUN_117f5e70	76
117f5ee0	FUN_117f5ee0	76
117f5f50	FUN_117f5f50	76
117f5fc0	FUN_117f5fc0	76
117f6030	FUN_117f6030	76
117f60a0	FUN_117f60a0	76
117f6110	FUN_117f6110	76
117f6240	FUN_117f6240	76
117f62b0	FUN_117f62b0	76
117f6320	FUN_117f6320	76
117f6390	FUN_117f6390	76
117f6400	FUN_117f6400	76
117f6470	FUN_117f6470	76
117f6550	FUN_117f6550	76
117f65c0	FUN_117f65c0	76
117f6630	FUN_117f6630	76
117f66a0	FUN_117f66a0	76
117f6710	FUN_117f6710	76
117f6780	FUN_117f6780	76
117f67f0	FUN_117f67f0	76
117f6860	FUN_117f6860	76
117f68d0	FUN_117f68d0	76
117f6940	FUN_117f6940	76
117f69b0	FUN_117f69b0	76
117f6a20	FUN_117f6a20	76
117f6a90	FUN_117f6a90	76
117f6b00	FUN_117f6b00	76
117f6b70	FUN_117f6b70	76
117f6be0	FUN_117f6be0	76
117f6c50	FUN_117f6c50	76
117f6e40	FUN_117f6e40	76
117f6f20	FUN_117f6f20	76
117f6f90	FUN_117f6f90	76
117f7000	FUN_117f7000	76
117f7070	FUN_117f7070	76
117f70e0	FUN_117f70e0	76
117f7150	FUN_117f7150	76
117f71c0	FUN_117f71c0	76
117f7230	FUN_117f7230	76
117f72a0	FUN_117f72a0	76
117f7310	FUN_117f7310	76
117f7380	FUN_117f7380	76
117f73f0	FUN_117f73f0	76
117f7460	FUN_117f7460	76
117f74d0	FUN_117f74d0	76
117f7540	FUN_117f7540	76
117f75b0	FUN_117f75b0	76
117f7620	FUN_117f7620	76
117f7690	FUN_117f7690	76
117f7700	FUN_117f7700	76
117f7770	FUN_117f7770	76
117f77e0	FUN_117f77e0	76
117f7850	FUN_117f7850	76
117f78c0	FUN_117f78c0	76
117f7930	FUN_117f7930	76
117f79a0	FUN_117f79a0	76
117f7b90	FUN_117f7b90	76
117f7c20	FUN_117f7c20	76
117f7c90	FUN_117f7c90	76
117f7d00	FUN_117f7d00	76
117f7d70	FUN_117f7d70	76
117f7de0	FUN_117f7de0	76
117f7e50	FUN_117f7e50	76
117f7ec0	FUN_117f7ec0	76
117f7f30	FUN_117f7f30	76
117f7fa0	FUN_117f7fa0	76
117f8010	FUN_117f8010	76
117f8080	FUN_117f8080	76
117f80f0	FUN_117f80f0	76
117f8160	FUN_117f8160	76
117f81d0	FUN_117f81d0	76
117f82c0	FUN_117f82c0	76
117f8330	FUN_117f8330	76
117f83a0	FUN_117f83a0	76
117f8410	FUN_117f8410	76
117f8480	FUN_117f8480	76
117f84f0	FUN_117f84f0	76
117f8560	FUN_117f8560	76
117f85d0	FUN_117f85d0	76
117f8640	FUN_117f8640	76
117f86b0	FUN_117f86b0	76
117f8720	FUN_117f8720	76
117f8790	FUN_117f8790	76
117f8800	FUN_117f8800	76
117f8870	FUN_117f8870	76
117f88e0	FUN_117f88e0	76
117f8950	FUN_117f8950	76
117f89c0	FUN_117f89c0	76
117f8a30	FUN_117f8a30	76
117f8aa0	FUN_117f8aa0	76
117f8b10	FUN_117f8b10	76
117f8b80	FUN_117f8b80	76
117f8bf0	FUN_117f8bf0	76
117f8c60	FUN_117f8c60	76
117f8cd0	FUN_117f8cd0	76
117f8d40	FUN_117f8d40	76
117f8db0	FUN_117f8db0	76
117f8e20	FUN_117f8e20	76
117f8e90	FUN_117f8e90	76
117f8f00	FUN_117f8f00	76
117f8f70	FUN_117f8f70	76
117f9060	FUN_117f9060	76
117f90d0	FUN_117f90d0	76
117f9140	FUN_117f9140	76
117f91b0	FUN_117f91b0	76
117f9220	FUN_117f9220	76
117f9290	FUN_117f9290	76
117f9300	FUN_117f9300	76
117f9370	FUN_117f9370	76
117f93e0	FUN_117f93e0	76
117f9450	FUN_117f9450	76
117f94c0	FUN_117f94c0	76
117f9530	FUN_117f9530	76
117f95a0	FUN_117f95a0	76
117f9610	FUN_117f9610	76
117f9680	FUN_117f9680	76
117f96f0	FUN_117f96f0	76
117f9760	FUN_117f9760	76
117f97d0	FUN_117f97d0	76
117f9840	FUN_117f9840	76
117f98b0	FUN_117f98b0	76
117f9920	FUN_117f9920	76
117f9990	FUN_117f9990	76
117f9a00	FUN_117f9a00	76
117f9a70	FUN_117f9a70	76
117f9f60	FUN_117f9f60	76
117f9fd0	FUN_117f9fd0	76
117fa040	FUN_117fa040	76
117fa0b0	FUN_117fa0b0	76
117fa120	FUN_117fa120	76
117fa190	FUN_117fa190	76
117fa200	FUN_117fa200	76
117fa270	FUN_117fa270	76
117fa2e0	FUN_117fa2e0	76
117fa350	FUN_117fa350	76
117fa3c0	FUN_117fa3c0	76
117fa430	FUN_117fa430	76
117fa4a0	FUN_117fa4a0	76
117fa510	FUN_117fa510	76
117fa580	FUN_117fa580	76
117fa5f0	FUN_117fa5f0	76
117fa660	FUN_117fa660	76
117fa6d0	FUN_117fa6d0	76
117fa740	FUN_117fa740	76
117fa7b0	FUN_117fa7b0	76
117fa820	FUN_117fa820	76
117fa890	FUN_117fa890	76
117fa900	FUN_117fa900	76
117fa970	FUN_117fa970	76
117fa9e0	FUN_117fa9e0	76
117faa50	FUN_117faa50	76
117faac0	FUN_117faac0	76
117fab30	FUN_117fab30	76
117faba0	FUN_117faba0	76
117fac10	FUN_117fac10	76
117fac80	FUN_117fac80	76
117facf0	FUN_117facf0	76
117fad60	FUN_117fad60	76
117fadd0	FUN_117fadd0	76
117fae40	FUN_117fae40	76
117faeb0	FUN_117faeb0	76
117faf20	FUN_117faf20	76
117faf90	FUN_117faf90	76
117fb000	FUN_117fb000	76
117fb070	FUN_117fb070	76
117fb0e0	FUN_117fb0e0	76
117fb150	FUN_117fb150	76
117fb1c0	FUN_117fb1c0	76
117fb230	FUN_117fb230	76
117fb2a0	FUN_117fb2a0	76
117fb310	FUN_117fb310	76
117fb380	FUN_117fb380	76
117fb3f0	FUN_117fb3f0	76
117fb460	FUN_117fb460	76
117fb4d0	FUN_117fb4d0	76
117fb540	FUN_117fb540	76
117fb5b0	FUN_117fb5b0	76
117fb620	FUN_117fb620	76
117fb690	FUN_117fb690	76
117fb700	FUN_117fb700	76
117fb770	FUN_117fb770	76
117fb7e0	FUN_117fb7e0	76
117fb850	FUN_117fb850	76
117fb8c0	FUN_117fb8c0	76
117fb930	FUN_117fb930	76
117fb9a0	FUN_117fb9a0	76
117fba10	FUN_117fba10	76
117fba80	FUN_117fba80	76
117fbaf0	FUN_117fbaf0	76
117fbb60	FUN_117fbb60	76
117fbbd0	FUN_117fbbd0	76
117fbc40	FUN_117fbc40	76
117fbcb0	FUN_117fbcb0	76
117fbd20	FUN_117fbd20	76
117fbd90	FUN_117fbd90	76
117fbe80	FUN_117fbe80	76
117fbf70	FUN_117fbf70	76
117fbfe0	FUN_117fbfe0	76
117fc050	FUN_117fc050	76
117fc0c0	FUN_117fc0c0	76
117fc130	FUN_117fc130	76
117fc1a0	FUN_117fc1a0	76
117fc210	FUN_117fc210	76
117fc280	FUN_117fc280	76
117fc2f0	FUN_117fc2f0	76
117fc360	FUN_117fc360	76
117fc3d0	FUN_117fc3d0	76
117fc440	FUN_117fc440	76
117fc4b0	FUN_117fc4b0	76
117fc520	FUN_117fc520	76
117fc590	FUN_117fc590	76
117fc600	FUN_117fc600	76
117fc670	FUN_117fc670	76
117fc6e0	FUN_117fc6e0	76
117fc750	FUN_117fc750	76
117fc7c0	FUN_117fc7c0	76
117fc830	FUN_117fc830	76
117fc8a0	FUN_117fc8a0	76
117fc910	FUN_117fc910	76
117fc980	FUN_117fc980	76
117fc9f0	FUN_117fc9f0	76
117fca60	FUN_117fca60	76
117fcad0	FUN_117fcad0	76
117fcb40	FUN_117fcb40	76
117fcbb0	FUN_117fcbb0	76
117fcc20	FUN_117fcc20	76
117fcc90	FUN_117fcc90	76
117fcd00	FUN_117fcd00	76
117fcd70	FUN_117fcd70	76
117fcde0	FUN_117fcde0	76
117fce50	FUN_117fce50	76
117fcec0	FUN_117fcec0	76
117fcf30	FUN_117fcf30	76
117fcfa0	FUN_117fcfa0	76
117fd010	FUN_117fd010	76
117fd080	FUN_117fd080	76
117fd0f0	FUN_117fd0f0	76
117fd160	FUN_117fd160	76
117fd1d0	FUN_117fd1d0	76
117fd240	FUN_117fd240	76
117fd2b0	FUN_117fd2b0	76
117fd320	FUN_117fd320	76
117fd390	FUN_117fd390	76
117fd400	FUN_117fd400	76
117fd470	FUN_117fd470	76
117fd4e0	FUN_117fd4e0	76
117fd550	FUN_117fd550	76
117fd5c0	FUN_117fd5c0	76
117fd630	FUN_117fd630	76
117fd6a0	FUN_117fd6a0	76
117fd710	FUN_117fd710	76
117fd780	FUN_117fd780	76
117fd7f0	FUN_117fd7f0	76
117fd860	FUN_117fd860	76
117fd8d0	FUN_117fd8d0	76
117fd940	FUN_117fd940	76
117fd9b0	FUN_117fd9b0	76
117fda20	FUN_117fda20	76
117fda90	FUN_117fda90	76
117fdb00	FUN_117fdb00	76
117fdb70	FUN_117fdb70	76
117fdbe0	FUN_117fdbe0	76
117fdc50	FUN_117fdc50	76
117fdcc0	FUN_117fdcc0	76
117fdd30	FUN_117fdd30	76
117fdda0	FUN_117fdda0	76
117fde10	FUN_117fde10	76
117fde80	FUN_117fde80	76
117fdef0	FUN_117fdef0	76
117fdf60	FUN_117fdf60	76
117fdfd0	FUN_117fdfd0	76
117fe040	FUN_117fe040	76
117fe0b0	FUN_117fe0b0	76
117fe120	FUN_117fe120	76
117fe190	FUN_117fe190	76
117fe200	FUN_117fe200	76
117fe270	FUN_117fe270	76
117fe2e0	FUN_117fe2e0	76
117fe350	FUN_117fe350	76
117fe3c0	FUN_117fe3c0	76
117fe430	FUN_117fe430	76
117fe4a0	FUN_117fe4a0	76
117fe510	FUN_117fe510	76
117fe580	FUN_117fe580	76
117fe5f0	FUN_117fe5f0	76
117fe660	FUN_117fe660	76
117fe6d0	FUN_117fe6d0	76
117fe740	FUN_117fe740	76
117fe7b0	FUN_117fe7b0	76
117fe820	FUN_117fe820	76
117fe890	FUN_117fe890	76
117fe900	FUN_117fe900	76
117fe970	FUN_117fe970	76
117fea60	FUN_117fea60	76
117fead0	FUN_117fead0	76
117feb40	FUN_117feb40	76
117febb0	FUN_117febb0	76
117fec20	FUN_117fec20	76
117fec90	FUN_117fec90	76
117fed00	FUN_117fed00	76
117fed70	FUN_117fed70	76
117fede0	FUN_117fede0	76
117fee50	FUN_117fee50	76
117feec0	FUN_117feec0	76
117fef30	FUN_117fef30	76
117fefa0	FUN_117fefa0	76
117ff010	FUN_117ff010	76
117ff080	FUN_117ff080	76
117ff0f0	FUN_117ff0f0	76
117ff160	FUN_117ff160	76
117ff1d0	FUN_117ff1d0	76
117ff240	FUN_117ff240	76
117ff2b0	FUN_117ff2b0	76
117ff320	FUN_117ff320	76
117ff390	FUN_117ff390	76
117ff400	FUN_117ff400	76
117ff470	FUN_117ff470	76
117ff4e0	FUN_117ff4e0	76
117ff550	FUN_117ff550	76
117ff5c0	FUN_117ff5c0	76
117ff630	FUN_117ff630	76
117ff6a0	FUN_117ff6a0	76
117ff710	FUN_117ff710	76
117ff780	FUN_117ff780	76
117ff7f0	FUN_117ff7f0	76
117ff860	FUN_117ff860	76
117ff8d0	FUN_117ff8d0	76
117ff940	FUN_117ff940	76
117ff9b0	FUN_117ff9b0	76
117ffa20	FUN_117ffa20	76
117ffa90	FUN_117ffa90	76
117ffb00	FUN_117ffb00	76
117ffb70	FUN_117ffb70	76
117ffbe0	FUN_117ffbe0	76
117ffc50	FUN_117ffc50	76
117ffcc0	FUN_117ffcc0	76
117ffd30	FUN_117ffd30	76
117ffda0	FUN_117ffda0	76
117ffe10	FUN_117ffe10	76
117ffe80	FUN_117ffe80	76
117ffef0	FUN_117ffef0	76
117fff60	FUN_117fff60	76
117fffd0	FUN_117fffd0	76
11800040	FUN_11800040	76
118000b0	FUN_118000b0	76
11800120	FUN_11800120	76
11800190	FUN_11800190	76
11800200	FUN_11800200	76
11800270	FUN_11800270	76
118002e0	FUN_118002e0	76
11800350	FUN_11800350	76
118003c0	FUN_118003c0	76
11800430	FUN_11800430	76
118004a0	FUN_118004a0	76
11800510	FUN_11800510	76
11800580	FUN_11800580	76
118005f0	FUN_118005f0	76
11800660	FUN_11800660	76
118006d0	FUN_118006d0	76
11800740	FUN_11800740	76
118007b0	FUN_118007b0	76
11800820	FUN_11800820	76
11800890	FUN_11800890	76
11800900	FUN_11800900	76
11800970	FUN_11800970	76
118009e0	FUN_118009e0	76
11800a50	FUN_11800a50	76
11800ac0	FUN_11800ac0	76
11800b30	FUN_11800b30	76
11800ba0	FUN_11800ba0	76
11800c10	FUN_11800c10	76
11800c80	FUN_11800c80	76
11800cf0	FUN_11800cf0	76
11800d60	FUN_11800d60	76
11800dd0	FUN_11800dd0	76
11800e40	FUN_11800e40	76
11800eb0	FUN_11800eb0	76
11800f20	FUN_11800f20	76
11800f90	FUN_11800f90	76
11801000	FUN_11801000	76
11801070	FUN_11801070	76
118010e0	FUN_118010e0	76
11801150	FUN_11801150	76
118011c0	FUN_118011c0	76
11801230	FUN_11801230	76
118012a0	FUN_118012a0	76
11801310	FUN_11801310	76
11801380	FUN_11801380	76
118013f0	FUN_118013f0	76
11801460	FUN_11801460	76
118014d0	FUN_118014d0	76
11801540	FUN_11801540	76
118015b0	FUN_118015b0	76
11801620	FUN_11801620	76
11801690	FUN_11801690	76
11801700	FUN_11801700	76
11801770	FUN_11801770	76
118017e0	FUN_118017e0	76
11801850	FUN_11801850	76
118018c0	FUN_118018c0	76
11801930	FUN_11801930	76
118019a0	FUN_118019a0	76
11801a10	FUN_11801a10	76
11801a80	FUN_11801a80	76
11801af0	FUN_11801af0	76
11801b60	FUN_11801b60	76
11801bd0	FUN_11801bd0	76
11801c40	FUN_11801c40	76
11801cb0	FUN_11801cb0	76
11801d20	FUN_11801d20	76
11801d90	FUN_11801d90	76
11801e00	FUN_11801e00	76
11801e70	FUN_11801e70	76
11801ee0	FUN_11801ee0	76
11801f50	FUN_11801f50	76
11801fc0	FUN_11801fc0	76
11802030	FUN_11802030	76
118020a0	FUN_118020a0	76
11802110	FUN_11802110	76
11802180	FUN_11802180	76
118021f0	FUN_118021f0	76
11802260	FUN_11802260	76
118022d0	FUN_118022d0	76
11802340	FUN_11802340	76
118023b0	FUN_118023b0	76
11802420	FUN_11802420	76
11802490	FUN_11802490	76
11802500	FUN_11802500	76
11802570	FUN_11802570	76
118025e0	FUN_118025e0	76
11802650	FUN_11802650	76
118026c0	FUN_118026c0	76
11802730	FUN_11802730	76
11802810	FUN_11802810	76
11802880	FUN_11802880	76
118028f0	FUN_118028f0	76
11802960	FUN_11802960	76
118029d0	FUN_118029d0	76
11802a40	FUN_11802a40	76
11802ab0	FUN_11802ab0	76
11802b20	FUN_11802b20	76
11802b90	FUN_11802b90	76
11802c00	FUN_11802c00	76
11802c70	FUN_11802c70	76
11802ce0	FUN_11802ce0	76
11802d50	FUN_11802d50	76
11802dc0	FUN_11802dc0	76
11802e30	FUN_11802e30	76
11802ea0	FUN_11802ea0	76
11802f10	FUN_11802f10	76
11802f80	FUN_11802f80	76
11803070	FUN_11803070	76
118030e0	FUN_118030e0	76
11803150	FUN_11803150	76
118031c0	FUN_118031c0	76
11803230	FUN_11803230	76
118032a0	FUN_118032a0	76
11803310	FUN_11803310	76
11803380	FUN_11803380	76
118033f0	FUN_118033f0	76
11803460	FUN_11803460	76
118034d0	FUN_118034d0	76
11803540	FUN_11803540	76
118035b0	FUN_118035b0	76
11803620	FUN_11803620	76
11803690	FUN_11803690	76
11803700	FUN_11803700	76
11803770	FUN_11803770	76
118037e0	FUN_118037e0	76
11803850	FUN_11803850	76
118038c0	FUN_118038c0	76
11803930	FUN_11803930	76
118039a0	FUN_118039a0	76
11803a10	FUN_11803a10	76
11803a80	FUN_11803a80	76
11803af0	FUN_11803af0	76
11803b60	FUN_11803b60	76
11803bd0	FUN_11803bd0	76
11803c40	FUN_11803c40	76
11803cb0	FUN_11803cb0	76
11803d20	FUN_11803d20	76
11803d90	FUN_11803d90	76
11803e00	FUN_11803e00	76
11803e70	FUN_11803e70	76
11803ee0	FUN_11803ee0	76
11803f50	FUN_11803f50	76
11803fc0	FUN_11803fc0	76
11804030	FUN_11804030	76
118040a0	FUN_118040a0	76
11804110	FUN_11804110	76
11804180	FUN_11804180	76
118041f0	FUN_118041f0	76
11804260	FUN_11804260	76
118042d0	FUN_118042d0	76
11804340	FUN_11804340	76
118043b0	FUN_118043b0	76
11804420	FUN_11804420	76
11804490	FUN_11804490	76
11804500	FUN_11804500	76
11804570	FUN_11804570	76
118045e0	FUN_118045e0	76
11804650	FUN_11804650	76
118046c0	FUN_118046c0	76
11804730	FUN_11804730	76
118047a0	FUN_118047a0	76
11804810	FUN_11804810	76
11804880	FUN_11804880	76
118048f0	FUN_118048f0	76
11804960	FUN_11804960	76
118049d0	FUN_118049d0	76
11804a40	FUN_11804a40	76
11804ab0	FUN_11804ab0	76
11804b20	FUN_11804b20	76
11804b90	FUN_11804b90	76
11804c00	FUN_11804c00	76
11804c70	FUN_11804c70	76
11804ce0	FUN_11804ce0	76
11804d50	FUN_11804d50	76
11804dc0	FUN_11804dc0	76
11804e30	FUN_11804e30	76
11804ea0	FUN_11804ea0	76
11804f10	FUN_11804f10	76
11804f80	FUN_11804f80	76
11804ff0	FUN_11804ff0	76
11805060	FUN_11805060	76
118050d0	FUN_118050d0	76
11805140	FUN_11805140	76
118051b0	FUN_118051b0	76
11805220	FUN_11805220	76
11805290	FUN_11805290	76
11805300	FUN_11805300	76
11805370	FUN_11805370	76
118053e0	FUN_118053e0	76
11805450	FUN_11805450	76
118054c0	FUN_118054c0	76
11805530	FUN_11805530	76
11805620	FUN_11805620	76
11805690	FUN_11805690	76
11805700	FUN_11805700	76
11805770	FUN_11805770	76
118057e0	FUN_118057e0	76
11805850	FUN_11805850	76
118058c0	FUN_118058c0	76
11805930	FUN_11805930	76
118059a0	FUN_118059a0	76
11805a10	FUN_11805a10	76
11805a80	FUN_11805a80	76
11805af0	FUN_11805af0	76
11805b60	FUN_11805b60	76
11805bd0	FUN_11805bd0	76
11805c40	FUN_11805c40	76
11805cb0	FUN_11805cb0	76
11805d20	FUN_11805d20	76
11805d90	FUN_11805d90	76
11805e00	FUN_11805e00	76
11805e70	FUN_11805e70	76
11805ee0	FUN_11805ee0	76
11805f50	FUN_11805f50	76
11805fc0	FUN_11805fc0	76
11806030	FUN_11806030	76
118060a0	FUN_118060a0	76
11806110	FUN_11806110	76
11806180	FUN_11806180	76
118061f0	FUN_118061f0	76
11806260	FUN_11806260	76
118062d0	FUN_118062d0	76
11806340	FUN_11806340	76
118063b0	FUN_118063b0	76
11806420	FUN_11806420	76
11806510	FUN_11806510	76
11806580	FUN_11806580	76
118065f0	FUN_118065f0	76
11806660	FUN_11806660	76
118066d0	FUN_118066d0	76
11806740	FUN_11806740	76
118067b0	FUN_118067b0	76
11806820	FUN_11806820	76
11806890	FUN_11806890	76
11806900	FUN_11806900	76
11806970	FUN_11806970	76
118069e0	FUN_118069e0	76
11806a50	FUN_11806a50	76
11806ac0	FUN_11806ac0	76
11806b30	FUN_11806b30	76
11806ba0	FUN_11806ba0	76
11806c10	FUN_11806c10	76
11806c80	FUN_11806c80	76
11806cf0	FUN_11806cf0	76
11806d60	FUN_11806d60	76
11806dd0	FUN_11806dd0	76
11806e40	FUN_11806e40	76
11806eb0	FUN_11806eb0	76
11806f20	FUN_11806f20	76
11806f90	FUN_11806f90	76
11807020	FUN_11807020	76
11807090	FUN_11807090	76
11807100	FUN_11807100	76
11807170	FUN_11807170	76
118071e0	FUN_118071e0	76
11807250	FUN_11807250	76
118072c0	FUN_118072c0	76
11807330	FUN_11807330	76
118073a0	FUN_118073a0	76
11807410	FUN_11807410	76
11807480	FUN_11807480	76
118074f0	FUN_118074f0	76
11807560	FUN_11807560	76
118075d0	FUN_118075d0	76
11807640	FUN_11807640	76
118076b0	FUN_118076b0	76
11807720	FUN_11807720	76
11807790	FUN_11807790	76
11807800	FUN_11807800	76
11807870	FUN_11807870	76
118078e0	FUN_118078e0	76
11807950	FUN_11807950	76
118079c0	FUN_118079c0	76
11807a30	FUN_11807a30	76
11807aa0	FUN_11807aa0	76
11807b10	FUN_11807b10	76
11807b80	FUN_11807b80	76
11807bf0	FUN_11807bf0	76
11807c60	FUN_11807c60	76
11807cd0	FUN_11807cd0	76
11807d40	FUN_11807d40	76
11807db0	FUN_11807db0	76
11807e20	FUN_11807e20	76
11807e90	FUN_11807e90	76
11807f00	FUN_11807f00	76
11807f70	FUN_11807f70	76
11807fe0	FUN_11807fe0	76
11808050	FUN_11808050	76
118080c0	FUN_118080c0	76
11808130	FUN_11808130	76
118081a0	FUN_118081a0	76
11808210	FUN_11808210	76
11808280	FUN_11808280	76
118082f0	FUN_118082f0	76
11808360	FUN_11808360	76
118083d0	FUN_118083d0	76
11808440	FUN_11808440	76
118084b0	FUN_118084b0	76
11808520	FUN_11808520	76
11808590	FUN_11808590	76
11808600	FUN_11808600	76
11808670	FUN_11808670	76
118086e0	FUN_118086e0	76
11808750	FUN_11808750	76
118087c0	FUN_118087c0	76
11808830	FUN_11808830	76
118088a0	FUN_118088a0	76
11808910	FUN_11808910	76
11808980	FUN_11808980	76
118089f0	FUN_118089f0	76
11808a60	FUN_11808a60	76
11808ad0	FUN_11808ad0	76
11808b40	FUN_11808b40	76
11808bb0	FUN_11808bb0	76
11808c20	FUN_11808c20	76
11808c90	FUN_11808c90	76
11808d00	FUN_11808d00	76
11808d70	FUN_11808d70	76
11808de0	FUN_11808de0	76
11808e50	FUN_11808e50	76
11808ec0	FUN_11808ec0	76
11808f30	FUN_11808f30	76
11808fa0	FUN_11808fa0	76
11809010	FUN_11809010	76
11809160	FUN_11809160	76
118091d0	FUN_118091d0	76
11809240	FUN_11809240	76
118092b0	FUN_118092b0	76
11809320	FUN_11809320	76
11809390	FUN_11809390	76
11809400	FUN_11809400	76
11809470	FUN_11809470	76
118094e0	FUN_118094e0	76
11809550	FUN_11809550	76
118095c0	FUN_118095c0	76
11809630	FUN_11809630	76
118096a0	FUN_118096a0	76
11809750	FUN_11809750	76
118097c0	FUN_118097c0	76
11809830	FUN_11809830	76
118098a0	FUN_118098a0	76
11809910	FUN_11809910	76
11809980	FUN_11809980	76
118099f0	FUN_118099f0	76
11809a60	FUN_11809a60	76
11809ad0	FUN_11809ad0	76
11809b40	FUN_11809b40	76
11809bb0	FUN_11809bb0	76
11809c20	FUN_11809c20	76
11809c90	FUN_11809c90	76
11809d00	FUN_11809d00	76
11809d70	FUN_11809d70	76
11809de0	FUN_11809de0	76
11809e50	FUN_11809e50	76
11809ec0	FUN_11809ec0	76
11809f30	FUN_11809f30	76
11809fa0	FUN_11809fa0	76
1180a010	FUN_1180a010	76
1180a080	FUN_1180a080	76
1180a0f0	FUN_1180a0f0	76
1180a160	FUN_1180a160	76
1180a1d0	FUN_1180a1d0	76
1180a240	FUN_1180a240	76
1180a2b0	FUN_1180a2b0	76
1180a320	FUN_1180a320	76
1180a390	FUN_1180a390	76
1180a400	FUN_1180a400	76
1180a470	FUN_1180a470	76
1180a4e0	FUN_1180a4e0	76
1180a550	FUN_1180a550	76
1180a5c0	FUN_1180a5c0	76
1180a630	FUN_1180a630	76
1180a6a0	FUN_1180a6a0	76
1180a710	FUN_1180a710	76
1180a780	FUN_1180a780	76
1180a7f0	FUN_1180a7f0	76
1180a860	FUN_1180a860	76
1180a8d0	FUN_1180a8d0	76
1180a940	FUN_1180a940	76
1180aa30	FUN_1180aa30	76
1180aaa0	FUN_1180aaa0	76
1180ab10	FUN_1180ab10	76
1180ab80	FUN_1180ab80	76
1180ac70	FUN_1180ac70	76
1180ace0	FUN_1180ace0	76
1180ad50	FUN_1180ad50	76
1180adc0	FUN_1180adc0	76
1180ae30	FUN_1180ae30	76
1180aea0	FUN_1180aea0	76
1180af10	FUN_1180af10	76
1180af80	FUN_1180af80	76
1180b060	FUN_1180b060	76
1180b0d0	FUN_1180b0d0	76
1180b140	FUN_1180b140	76
1180b1b0	FUN_1180b1b0	76
1180b220	FUN_1180b220	76
1180b2c0	FUN_1180b2c0	76
1180b330	FUN_1180b330	76
1180b3a0	FUN_1180b3a0	76
1180b410	FUN_1180b410	76
1180b480	FUN_1180b480	76
1180b4f0	FUN_1180b4f0	76
1180b560	FUN_1180b560	76
1180b5d0	FUN_1180b5d0	76
1180b640	FUN_1180b640	76
1180b6b0	FUN_1180b6b0	76
1180b720	FUN_1180b720	76
1180b790	FUN_1180b790	76
1180b800	FUN_1180b800	76
1180b870	FUN_1180b870	76
1180b8e0	FUN_1180b8e0	76
1180b950	FUN_1180b950	76
1180b9c0	FUN_1180b9c0	76
1180ba30	FUN_1180ba30	76
1180bb20	FUN_1180bb20	76
1180bba0	FUN_1180bba0	76
1180bc10	FUN_1180bc10	76
1180bc80	FUN_1180bc80	76
1180bcf0	FUN_1180bcf0	76
1180bd60	FUN_1180bd60	76
1180bdd0	FUN_1180bdd0	76
1180be40	FUN_1180be40	76
1180beb0	FUN_1180beb0	76
1180bf20	FUN_1180bf20	76
1180bf90	FUN_1180bf90	76
1180c000	FUN_1180c000	76
1180c070	FUN_1180c070	76
1180c0e0	FUN_1180c0e0	76
1180c150	FUN_1180c150	76
1180c1c0	FUN_1180c1c0	76
1180c2b0	FUN_1180c2b0	76
1180c320	FUN_1180c320	76
1180c390	FUN_1180c390	76
1180c400	FUN_1180c400	76
1180c470	FUN_1180c470	76
1180c4e0	FUN_1180c4e0	76
1180c550	FUN_1180c550	76
1180c5c0	FUN_1180c5c0	76
1180c630	FUN_1180c630	76
1180c6a0	FUN_1180c6a0	76
1180c710	FUN_1180c710	76
1180c780	FUN_1180c780	76
1180c7f0	FUN_1180c7f0	76
1180c860	FUN_1180c860	76
1180c8d0	FUN_1180c8d0	76
1180c940	FUN_1180c940	76
1180c9b0	FUN_1180c9b0	76
1180ca20	FUN_1180ca20	76
1180ca90	FUN_1180ca90	76
1180cb00	FUN_1180cb00	76
1180cb70	FUN_1180cb70	76
1180cbe0	FUN_1180cbe0	76
1180cc50	FUN_1180cc50	76
1180ccc0	FUN_1180ccc0	76
1180cd30	FUN_1180cd30	76
1180cda0	FUN_1180cda0	76
1180ce10	FUN_1180ce10	76
1180ce80	FUN_1180ce80	76
1180cef0	FUN_1180cef0	76
1180cf60	FUN_1180cf60	76
1180cfd0	FUN_1180cfd0	76
1180d040	FUN_1180d040	76
1180d0b0	FUN_1180d0b0	76
1180d120	FUN_1180d120	76
1180d190	FUN_1180d190	76
1180d200	FUN_1180d200	76
1180d270	FUN_1180d270	76
1180d2e0	FUN_1180d2e0	76
1180d350	FUN_1180d350	76
1180d3c0	FUN_1180d3c0	76
1180d430	FUN_1180d430	76
1180d4a0	FUN_1180d4a0	76
1180d510	FUN_1180d510	76
1180d580	FUN_1180d580	76
1180d5f0	FUN_1180d5f0	76
1180d660	FUN_1180d660	76
1180d6d0	FUN_1180d6d0	76
1180d740	FUN_1180d740	76
1180d7b0	FUN_1180d7b0	76
1180d820	FUN_1180d820	76
1180d890	FUN_1180d890	76
1180d900	FUN_1180d900	76
1180d970	FUN_1180d970	76
1180d9e0	FUN_1180d9e0	76
1180da50	FUN_1180da50	76
1180dac0	FUN_1180dac0	76
1180db30	FUN_1180db30	76
1180dba0	FUN_1180dba0	76
1180dc10	FUN_1180dc10	76
1180dc80	FUN_1180dc80	76
1180dcf0	FUN_1180dcf0	76
1180dd60	FUN_1180dd60	76
1180ddd0	FUN_1180ddd0	76
1180de40	FUN_1180de40	76
1180deb0	FUN_1180deb0	76
1180df20	FUN_1180df20	76
1180df90	FUN_1180df90	76
1180e000	FUN_1180e000	76
1180e070	FUN_1180e070	76
1180e0e0	FUN_1180e0e0	76
1180e150	FUN_1180e150	76
1180e1c0	FUN_1180e1c0	76
1180e230	FUN_1180e230	76
1180e2a0	FUN_1180e2a0	76
1180e310	FUN_1180e310	76
1180e400	FUN_1180e400	76
1180e470	FUN_1180e470	76
1180e4e0	FUN_1180e4e0	76
1180e550	FUN_1180e550	76
1180e5c0	FUN_1180e5c0	76
1180e630	FUN_1180e630	76
1180e6a0	FUN_1180e6a0	76
1180e710	FUN_1180e710	76
1180e780	FUN_1180e780	76
1180e7f0	FUN_1180e7f0	76
1180e860	FUN_1180e860	76
1180e8d0	FUN_1180e8d0	76
1180e940	FUN_1180e940	76
1180e9b0	FUN_1180e9b0	76
1180ea20	FUN_1180ea20	76
1180ea90	FUN_1180ea90	76
1180eb00	FUN_1180eb00	76
1180eb70	FUN_1180eb70	76
1180ebe0	FUN_1180ebe0	76
1180ec50	FUN_1180ec50	76
1180ecc0	FUN_1180ecc0	76
1180ed30	FUN_1180ed30	76
1180eda0	FUN_1180eda0	76
1180ee10	FUN_1180ee10	76
1180ee80	FUN_1180ee80	76
1180eef0	FUN_1180eef0	76
1180ef60	FUN_1180ef60	76
1180efd0	FUN_1180efd0	76
1180f040	FUN_1180f040	76
1180f0b0	FUN_1180f0b0	76
1180f120	FUN_1180f120	76
1180f190	FUN_1180f190	76
1180f200	FUN_1180f200	76
1180f270	FUN_1180f270	76
1180f2e0	FUN_1180f2e0	76
1180f350	FUN_1180f350	76
1180f3c0	FUN_1180f3c0	76
1180f430	FUN_1180f430	76
1180f4a0	FUN_1180f4a0	76
1180f510	FUN_1180f510	76
1180f580	FUN_1180f580	76
1180f5f0	FUN_1180f5f0	76
1180f660	FUN_1180f660	76
1180f6d0	FUN_1180f6d0	76
1180f740	FUN_1180f740	76
1180f7b0	FUN_1180f7b0	76
1180f820	FUN_1180f820	76
1180f890	FUN_1180f890	76
1180f900	FUN_1180f900	76
1180f970	FUN_1180f970	76
1180f9e0	FUN_1180f9e0	76
1180fa50	FUN_1180fa50	76
1180fac0	FUN_1180fac0	76
1180fb30	FUN_1180fb30	76
1180fba0	FUN_1180fba0	76
1180fc10	FUN_1180fc10	76
1180fc80	FUN_1180fc80	76
1180fcf0	FUN_1180fcf0	76
1180fd60	FUN_1180fd60	76
1180fdd0	FUN_1180fdd0	76
1180fe40	FUN_1180fe40	76
1180feb0	FUN_1180feb0	76
1180ff20	FUN_1180ff20	76
1180ff90	FUN_1180ff90	76
11810000	FUN_11810000	76
11810070	FUN_11810070	76
118100e0	FUN_118100e0	76
11810150	FUN_11810150	76
118101c0	FUN_118101c0	76
11810230	FUN_11810230	76
118102a0	FUN_118102a0	76
11810310	FUN_11810310	76
11810380	FUN_11810380	76
118103f0	FUN_118103f0	76
11810460	FUN_11810460	76
118104d0	FUN_118104d0	76
11810540	FUN_11810540	76
118105b0	FUN_118105b0	76
11810620	FUN_11810620	76
11810690	FUN_11810690	76
11810700	FUN_11810700	76
11810770	FUN_11810770	76
118107e0	FUN_118107e0	76
11810850	FUN_11810850	76
118108c0	FUN_118108c0	76
11810930	FUN_11810930	76
118109a0	FUN_118109a0	76
11810a10	FUN_11810a10	76
11810a80	FUN_11810a80	76
11810af0	FUN_11810af0	76
11810b60	FUN_11810b60	76
11810bd0	FUN_11810bd0	76
11810c40	FUN_11810c40	76
11810cb0	FUN_11810cb0	76
11810d20	FUN_11810d20	76
11810d90	FUN_11810d90	76
11810e00	FUN_11810e00	76
11810e70	FUN_11810e70	76
11810ee0	FUN_11810ee0	76
11810f50	FUN_11810f50	76
11810fc0	FUN_11810fc0	76
11811030	FUN_11811030	76
118110a0	FUN_118110a0	76
11811110	FUN_11811110	76
11811180	FUN_11811180	76
118111f0	FUN_118111f0	76
11811260	FUN_11811260	76
118112d0	FUN_118112d0	76
11811340	FUN_11811340	76
118113b0	FUN_118113b0	76
11811420	FUN_11811420	76
11811490	FUN_11811490	76
11811500	FUN_11811500	76
11811570	FUN_11811570	76
118115e0	FUN_118115e0	76
11811650	FUN_11811650	76
118116c0	FUN_118116c0	76
11811730	FUN_11811730	76
118117a0	FUN_118117a0	76
11811810	FUN_11811810	76
11811880	FUN_11811880	76
118118f0	FUN_118118f0	76
11811960	FUN_11811960	76
118119d0	FUN_118119d0	76
11811a40	FUN_11811a40	76
11811ab0	FUN_11811ab0	76
11811b20	FUN_11811b20	76
11811b90	FUN_11811b90	76
11811c00	FUN_11811c00	76
11811c70	FUN_11811c70	76
11811ce0	FUN_11811ce0	76
11811d50	FUN_11811d50	76
11811dc0	FUN_11811dc0	76
11811e30	FUN_11811e30	76
11811ea0	FUN_11811ea0	76
11811f10	FUN_11811f10	76
11811f80	FUN_11811f80	76
11811ff0	FUN_11811ff0	76
11812060	FUN_11812060	76
118120d0	FUN_118120d0	76
11812140	FUN_11812140	76
118121b0	FUN_118121b0	76
11812220	FUN_11812220	76
11812290	FUN_11812290	76
11812300	FUN_11812300	76
11812370	FUN_11812370	76
118123e0	FUN_118123e0	76
11812450	FUN_11812450	76
118124c0	FUN_118124c0	76
11812530	FUN_11812530	76
118125a0	FUN_118125a0	76
11812610	FUN_11812610	76
11812680	FUN_11812680	76
118126f0	FUN_118126f0	76
11812760	FUN_11812760	76
118127d0	FUN_118127d0	76
11812840	FUN_11812840	76
118128b0	FUN_118128b0	76
11812920	FUN_11812920	76
11812990	FUN_11812990	76
11812a00	FUN_11812a00	76
11812a70	FUN_11812a70	76
11812ae0	FUN_11812ae0	76
11812b50	FUN_11812b50	76
11812bc0	FUN_11812bc0	76
11812c30	FUN_11812c30	76
11812ca0	FUN_11812ca0	76
11812d10	FUN_11812d10	76
11812d80	FUN_11812d80	76
11812df0	FUN_11812df0	76
11812e60	FUN_11812e60	76
11812ed0	FUN_11812ed0	76
11812f40	FUN_11812f40	76
11812fb0	FUN_11812fb0	76
11813020	FUN_11813020	76
11813090	FUN_11813090	76
11813100	FUN_11813100	76
11813170	FUN_11813170	76
118131e0	FUN_118131e0	76
11813250	FUN_11813250	76
118132c0	FUN_118132c0	76
11813330	FUN_11813330	76
118133a0	FUN_118133a0	76
11813410	FUN_11813410	76
11813480	FUN_11813480	76
118134f0	FUN_118134f0	76
11813560	FUN_11813560	76
118135d0	FUN_118135d0	76
11813640	FUN_11813640	76
118136b0	FUN_118136b0	76
11813720	FUN_11813720	76
11813790	FUN_11813790	76
11813800	FUN_11813800	76
11813870	FUN_11813870	76
118138e0	FUN_118138e0	76
11813950	FUN_11813950	76
118139c0	FUN_118139c0	76
11813a30	FUN_11813a30	76
11813aa0	FUN_11813aa0	76
11813b10	FUN_11813b10	76
11813b80	FUN_11813b80	76
11813bf0	FUN_11813bf0	76
11813c60	FUN_11813c60	76
11813cd0	FUN_11813cd0	76
11813d40	FUN_11813d40	76
11813db0	FUN_11813db0	76
11813e20	FUN_11813e20	76
11813e90	FUN_11813e90	76
11813f00	FUN_11813f00	76
11813f70	FUN_11813f70	76
11813fe0	FUN_11813fe0	76
11814050	FUN_11814050	76
118140c0	FUN_118140c0	76
11814130	FUN_11814130	76
118141a0	FUN_118141a0	76
11814210	FUN_11814210	76
11814280	FUN_11814280	76
118142f0	FUN_118142f0	76
11814360	FUN_11814360	76
118143d0	FUN_118143d0	76
11814440	FUN_11814440	76
118144b0	FUN_118144b0	76
11814520	FUN_11814520	76
11814590	FUN_11814590	76
11814600	FUN_11814600	76
11814670	FUN_11814670	76
118146e0	FUN_118146e0	76
11814750	FUN_11814750	76
118147c0	FUN_118147c0	76
11814830	FUN_11814830	76
118148a0	FUN_118148a0	76
11814910	FUN_11814910	76
11814980	FUN_11814980	76
118149f0	FUN_118149f0	76
11814a60	FUN_11814a60	76
11814ad0	FUN_11814ad0	76
11814b40	FUN_11814b40	76
11814bb0	FUN_11814bb0	76
11814c20	FUN_11814c20	76
11814c90	FUN_11814c90	76
11814d00	FUN_11814d00	76
11814d70	FUN_11814d70	76
11814de0	FUN_11814de0	76
11814e50	FUN_11814e50	76
11814ec0	FUN_11814ec0	76
11814f30	FUN_11814f30	76
11814fa0	FUN_11814fa0	76
11815010	FUN_11815010	76
11815080	FUN_11815080	76
118150f0	FUN_118150f0	76
11815160	FUN_11815160	76
118151d0	FUN_118151d0	76
11815240	FUN_11815240	76
118152b0	FUN_118152b0	76
11815320	FUN_11815320	76
11815390	FUN_11815390	76
11815400	FUN_11815400	76
11815470	FUN_11815470	76
118154e0	FUN_118154e0	76
11815550	FUN_11815550	76
118155c0	FUN_118155c0	76
11815630	FUN_11815630	76
118156a0	FUN_118156a0	76
11815710	FUN_11815710	76
11815780	FUN_11815780	76
118157f0	FUN_118157f0	76
11815860	FUN_11815860	76
118158d0	FUN_118158d0	76
11815940	FUN_11815940	76
118159b0	FUN_118159b0	76
11815a20	FUN_11815a20	76
11815a90	FUN_11815a90	76
11815b00	FUN_11815b00	76
11815b70	FUN_11815b70	76
11815be0	FUN_11815be0	76
11815c50	FUN_11815c50	76
11815cc0	FUN_11815cc0	76
11815d30	FUN_11815d30	76
11815da0	FUN_11815da0	76
11815e10	FUN_11815e10	76
11815e80	FUN_11815e80	76
11815ef0	FUN_11815ef0	76
11815f60	FUN_11815f60	76
11815fd0	FUN_11815fd0	76
11816040	FUN_11816040	76
118160b0	FUN_118160b0	76
11816120	FUN_11816120	76
11816190	FUN_11816190	76
11816200	FUN_11816200	76
11816270	FUN_11816270	76
118162e0	FUN_118162e0	76
11816350	FUN_11816350	76
118163c0	FUN_118163c0	76
11816430	FUN_11816430	76
118164a0	FUN_118164a0	76
11816510	FUN_11816510	76
11816580	FUN_11816580	76
118165f0	FUN_118165f0	76
11816660	FUN_11816660	76
118166d0	FUN_118166d0	76
11816740	FUN_11816740	76
118167b0	FUN_118167b0	76
11816820	FUN_11816820	76
11816890	FUN_11816890	76
11816900	FUN_11816900	76
11816970	FUN_11816970	76
118169e0	FUN_118169e0	76
11816a50	FUN_11816a50	76
11816ac0	FUN_11816ac0	76
11816b30	FUN_11816b30	76
11816ba0	FUN_11816ba0	76
11816c10	FUN_11816c10	76
11816c80	FUN_11816c80	76
11816cf0	FUN_11816cf0	76
11816d60	FUN_11816d60	76
11816dd0	FUN_11816dd0	76
11816ec0	FUN_11816ec0	76
11816f30	FUN_11816f30	76
11816fa0	FUN_11816fa0	76
11817010	FUN_11817010	76
11817080	FUN_11817080	76
118170f0	FUN_118170f0	76
11817160	FUN_11817160	76
118171d0	FUN_118171d0	76
11817240	FUN_11817240	76
118172b0	FUN_118172b0	76
11817320	FUN_11817320	76
11817390	FUN_11817390	76
11817400	FUN_11817400	76
11817470	FUN_11817470	76
118174e0	FUN_118174e0	76
11817550	FUN_11817550	76
118175c0	FUN_118175c0	76
11817630	FUN_11817630	76
118176a0	FUN_118176a0	76
11817710	FUN_11817710	76
11817780	FUN_11817780	76
118177f0	FUN_118177f0	76
11817860	FUN_11817860	76
118178d0	FUN_118178d0	76
11817940	FUN_11817940	76
118179b0	FUN_118179b0	76
11817a20	FUN_11817a20	76
11817ad0	FUN_11817ad0	76
11817b40	FUN_11817b40	76
11817bb0	FUN_11817bb0	76
11817c20	FUN_11817c20	76
11817c90	FUN_11817c90	76
11817d00	FUN_11817d00	76
11817d70	FUN_11817d70	76
11817de0	FUN_11817de0	76
11817e50	FUN_11817e50	76
11817ec0	FUN_11817ec0	76
11817f30	FUN_11817f30	76
11817fa0	FUN_11817fa0	76
11818010	FUN_11818010	76
11818080	FUN_11818080	76
118180f0	FUN_118180f0	76
11818160	FUN_11818160	76
118181d0	FUN_118181d0	76
11818240	FUN_11818240	76
118182b0	FUN_118182b0	76
11818320	FUN_11818320	76
11818390	FUN_11818390	76
11818400	FUN_11818400	76
11818470	FUN_11818470	76
118184e0	FUN_118184e0	76
11818550	FUN_11818550	76
118185c0	FUN_118185c0	76
11818630	FUN_11818630	76
118186a0	FUN_118186a0	76
11818710	FUN_11818710	76
11818780	FUN_11818780	76
118187f0	FUN_118187f0	76
11818860	FUN_11818860	76
118188d0	FUN_118188d0	76
11818940	FUN_11818940	76
118189b0	FUN_118189b0	76
11818a20	FUN_11818a20	76
11818a90	FUN_11818a90	76
11818b00	FUN_11818b00	76
11818b70	FUN_11818b70	76
11818be0	FUN_11818be0	76
11818c50	FUN_11818c50	76
11818cc0	FUN_11818cc0	76
11818d30	FUN_11818d30	76
11818da0	FUN_11818da0	76
11818e10	FUN_11818e10	76
11818e80	FUN_11818e80	76
11818ef0	FUN_11818ef0	76
11818f60	FUN_11818f60	76
11818fd0	FUN_11818fd0	76
11819040	FUN_11819040	76
118190b0	FUN_118190b0	76
11819120	FUN_11819120	76
11819190	FUN_11819190	76
11819200	FUN_11819200	76
11819270	FUN_11819270	76
118192e0	FUN_118192e0	76
11819350	FUN_11819350	76
118193c0	FUN_118193c0	76
11819430	FUN_11819430	76
118194a0	FUN_118194a0	76
11819510	FUN_11819510	76
11819580	FUN_11819580	76
118195f0	FUN_118195f0	76
11819660	FUN_11819660	76
118196d0	FUN_118196d0	76
11819740	FUN_11819740	76
118197b0	FUN_118197b0	76
11819820	FUN_11819820	76
11819890	FUN_11819890	76
11819900	FUN_11819900	76
11819970	FUN_11819970	76
118199e0	FUN_118199e0	76
11819a50	FUN_11819a50	76
11819ac0	FUN_11819ac0	76
11819b30	FUN_11819b30	76
11819ba0	FUN_11819ba0	76
11819c10	FUN_11819c10	76
11819c80	FUN_11819c80	76
11819cf0	FUN_11819cf0	76
11819d60	FUN_11819d60	76
11819dd0	FUN_11819dd0	76
11819e40	FUN_11819e40	76
11819eb0	FUN_11819eb0	76
11819f20	FUN_11819f20	76
11819f90	FUN_11819f90	76
1181a000	FUN_1181a000	76
1181a070	FUN_1181a070	76
1181a0e0	FUN_1181a0e0	76
1181a150	FUN_1181a150	76
1181a1c0	FUN_1181a1c0	76
1181a230	FUN_1181a230	76
1181a2a0	FUN_1181a2a0	76
1181a310	FUN_1181a310	76
1181a380	FUN_1181a380	76
1181a3f0	FUN_1181a3f0	76
1181a460	FUN_1181a460	76
1181a4d0	FUN_1181a4d0	76
1181a540	FUN_1181a540	76
1181a5b0	FUN_1181a5b0	76
1181a620	FUN_1181a620	76
1181a690	FUN_1181a690	76
1181a700	FUN_1181a700	76
1181a770	FUN_1181a770	76
1181a7e0	FUN_1181a7e0	76
1181a850	FUN_1181a850	76
1181a8c0	FUN_1181a8c0	76
1181a930	FUN_1181a930	76
1181a9a0	FUN_1181a9a0	76
1181aa10	FUN_1181aa10	76
1181aa80	FUN_1181aa80	76
1181aaf0	FUN_1181aaf0	76
1181ab60	FUN_1181ab60	76
1181abd0	FUN_1181abd0	76
1181ac40	FUN_1181ac40	76
1181acb0	FUN_1181acb0	76
1181ad20	FUN_1181ad20	76
1181ad90	FUN_1181ad90	76
1181ae00	FUN_1181ae00	76
1181ae70	FUN_1181ae70	76
1181aee0	FUN_1181aee0	76
1181af50	FUN_1181af50	76
1181afc0	FUN_1181afc0	76
1181b030	FUN_1181b030	76
1181b0a0	FUN_1181b0a0	76
1181b110	FUN_1181b110	76
1181b180	FUN_1181b180	76
1181b1f0	FUN_1181b1f0	76
1181b260	FUN_1181b260	76
1181b2d0	FUN_1181b2d0	76
1181b340	FUN_1181b340	76
1181b3b0	FUN_1181b3b0	76
1181b420	FUN_1181b420	76
1181b490	FUN_1181b490	76
1181b500	FUN_1181b500	76
1181b570	FUN_1181b570	76
1181b5e0	FUN_1181b5e0	76
1181b650	FUN_1181b650	76
1181b6c0	FUN_1181b6c0	76
1181b730	FUN_1181b730	76
1181b7a0	FUN_1181b7a0	76
1181b810	FUN_1181b810	76
1181b880	FUN_1181b880	76
1181b8f0	FUN_1181b8f0	76
1181b960	FUN_1181b960	76
1181b9d0	FUN_1181b9d0	76
1181ba40	FUN_1181ba40	76
1181bab0	FUN_1181bab0	76
1181bb20	FUN_1181bb20	76
1181bb90	FUN_1181bb90	76
1181bc00	FUN_1181bc00	76
1181bc70	FUN_1181bc70	76
1181bce0	FUN_1181bce0	76
1181bd50	FUN_1181bd50	76
1181bdc0	FUN_1181bdc0	76
1181be30	FUN_1181be30	76
1181bea0	FUN_1181bea0	76
1181bf10	FUN_1181bf10	76
1181bf80	FUN_1181bf80	76
1181bff0	FUN_1181bff0	76
1181c060	FUN_1181c060	76
1181c0d0	FUN_1181c0d0	76
1181c140	FUN_1181c140	76
1181c1b0	FUN_1181c1b0	76
1181c220	FUN_1181c220	76
1181c290	FUN_1181c290	76
1181c300	FUN_1181c300	76
1181c370	FUN_1181c370	76
1181c3e0	FUN_1181c3e0	76
1181c450	FUN_1181c450	76
1181c4c0	FUN_1181c4c0	76
1181c530	FUN_1181c530	76
1181c5a0	FUN_1181c5a0	76
1181c610	FUN_1181c610	76
1181c680	FUN_1181c680	76
1181c6f0	FUN_1181c6f0	76
1181c760	FUN_1181c760	76
1181c7d0	FUN_1181c7d0	76
1181c840	FUN_1181c840	76
1181c8b0	FUN_1181c8b0	76
1181c920	FUN_1181c920	76
1181c990	FUN_1181c990	76
1181ca00	FUN_1181ca00	76
1181ca70	FUN_1181ca70	76
1181cae0	FUN_1181cae0	76
1181cb50	FUN_1181cb50	76
1181cbc0	FUN_1181cbc0	76
1181cc30	FUN_1181cc30	76
1181cca0	FUN_1181cca0	76
1181cd10	FUN_1181cd10	76
1181cd80	FUN_1181cd80	76
1181cdf0	FUN_1181cdf0	76
1181ce60	FUN_1181ce60	76
1181ced0	FUN_1181ced0	76
1181cf40	FUN_1181cf40	76
1181cfb0	FUN_1181cfb0	76
1181d020	FUN_1181d020	76
1181d090	FUN_1181d090	76
1181d100	FUN_1181d100	76
1181d170	FUN_1181d170	76
1181d1e0	FUN_1181d1e0	76
1181d250	FUN_1181d250	76
1181d2c0	FUN_1181d2c0	76
1181d330	FUN_1181d330	76
1181d3a0	FUN_1181d3a0	76
1181d410	FUN_1181d410	76
1181d480	FUN_1181d480	76
1181d4f0	FUN_1181d4f0	76
1181d560	FUN_1181d560	76
1181d5d0	FUN_1181d5d0	76
1181d640	FUN_1181d640	76
1181d6b0	FUN_1181d6b0	76
1181d720	FUN_1181d720	76
1181d790	FUN_1181d790	76
1181d800	FUN_1181d800	76
1181d870	FUN_1181d870	76
1181d8e0	FUN_1181d8e0	76
1181d950	FUN_1181d950	76
1181d9c0	FUN_1181d9c0	76
1181da30	FUN_1181da30	76
1181daa0	FUN_1181daa0	76
1181db10	FUN_1181db10	76
1181db80	FUN_1181db80	76
1181dbf0	FUN_1181dbf0	76
1181dc60	FUN_1181dc60	76
1181dcd0	FUN_1181dcd0	76
1181dd40	FUN_1181dd40	76
1181ddb0	FUN_1181ddb0	76
1181de20	FUN_1181de20	76
1181de90	FUN_1181de90	76
1181df00	FUN_1181df00	76
1181df70	FUN_1181df70	76
1181dfe0	FUN_1181dfe0	76
1181e050	FUN_1181e050	76
1181e0c0	FUN_1181e0c0	76
1181e130	FUN_1181e130	76
1181e1a0	FUN_1181e1a0	76
1181e210	FUN_1181e210	76
1181e280	FUN_1181e280	76
1181e2f0	FUN_1181e2f0	76
1181e360	FUN_1181e360	76
1181e3d0	FUN_1181e3d0	76
1181e440	FUN_1181e440	76
1181e4b0	FUN_1181e4b0	76
1181e520	FUN_1181e520	76
1181e590	FUN_1181e590	76
1181e600	FUN_1181e600	76
1181e670	FUN_1181e670	76
1181e6e0	FUN_1181e6e0	76
1181e750	FUN_1181e750	76
1181e7c0	FUN_1181e7c0	76
1181e830	FUN_1181e830	76
1181e8a0	FUN_1181e8a0	76
1181e910	FUN_1181e910	76
1181e980	FUN_1181e980	76
1181e9f0	FUN_1181e9f0	76
1181ea60	FUN_1181ea60	76
1181ead0	FUN_1181ead0	76
1181eb40	FUN_1181eb40	76
1181ebb0	FUN_1181ebb0	76
1181ec20	FUN_1181ec20	76
1181ec90	FUN_1181ec90	76
1181ed00	FUN_1181ed00	76
1181ed70	FUN_1181ed70	76
1181ede0	FUN_1181ede0	76
1181ee50	FUN_1181ee50	76
1181eec0	FUN_1181eec0	76
1181ef30	FUN_1181ef30	76
1181efa0	FUN_1181efa0	76
1181f010	FUN_1181f010	76
1181f080	FUN_1181f080	76
1181f0f0	FUN_1181f0f0	76
1181f160	FUN_1181f160	76
1181f1d0	FUN_1181f1d0	76
1181f240	FUN_1181f240	76
1181f2b0	FUN_1181f2b0	76
1181f320	FUN_1181f320	76
1181f390	FUN_1181f390	76
1181f400	FUN_1181f400	76
1181f470	FUN_1181f470	76
1181f4e0	FUN_1181f4e0	76
1181f550	FUN_1181f550	76
1181f5c0	FUN_1181f5c0	76
1181f630	FUN_1181f630	76
1181f6a0	FUN_1181f6a0	76
1181f710	FUN_1181f710	76
1181f780	FUN_1181f780	76
1181f7f0	FUN_1181f7f0	76
1181f860	FUN_1181f860	76
1181f8d0	FUN_1181f8d0	76
1181f940	FUN_1181f940	76
1181f9b0	FUN_1181f9b0	76
1181fa20	FUN_1181fa20	76
1181fa90	FUN_1181fa90	76
1181fb00	FUN_1181fb00	76
1181fb70	FUN_1181fb70	76
1181fbe0	FUN_1181fbe0	76
1181fc50	FUN_1181fc50	76
1181fcc0	FUN_1181fcc0	76
1181fd30	FUN_1181fd30	76
1181fda0	FUN_1181fda0	76
1181fe10	FUN_1181fe10	76
1181fe80	FUN_1181fe80	76
1181fef0	FUN_1181fef0	76
1181ff60	FUN_1181ff60	76
1181ffd0	FUN_1181ffd0	76
11820040	FUN_11820040	76
118200b0	FUN_118200b0	76
11820120	FUN_11820120	76
11820190	FUN_11820190	76
11820200	FUN_11820200	76
11820270	FUN_11820270	76
118202e0	FUN_118202e0	76
11820350	FUN_11820350	76
118203c0	FUN_118203c0	76
11820430	FUN_11820430	76
118204a0	FUN_118204a0	76
11820510	FUN_11820510	76
11820580	FUN_11820580	76
118205f0	FUN_118205f0	76
11820660	FUN_11820660	76
118206d0	FUN_118206d0	76
11820740	FUN_11820740	76
118207b0	FUN_118207b0	76
11820820	FUN_11820820	76
11820890	FUN_11820890	76
11820900	FUN_11820900	76
11820970	FUN_11820970	76
118209e0	FUN_118209e0	76
11820a50	FUN_11820a50	76
11820ac0	FUN_11820ac0	76
11820b30	FUN_11820b30	76
11820ba0	FUN_11820ba0	76
11820c10	FUN_11820c10	76
11820c80	FUN_11820c80	76
11820cf0	FUN_11820cf0	76
11820d60	FUN_11820d60	76
11820dd0	FUN_11820dd0	76
11820e40	FUN_11820e40	76
11820eb0	FUN_11820eb0	76
11820f20	FUN_11820f20	76
11820f90	FUN_11820f90	76
11821000	FUN_11821000	76
11821070	FUN_11821070	76
118210e0	FUN_118210e0	76
11821150	FUN_11821150	76
118211c0	FUN_118211c0	76
11821230	FUN_11821230	76
118212a0	FUN_118212a0	76
11821310	FUN_11821310	76
11821380	FUN_11821380	76
118213f0	FUN_118213f0	76
11821460	FUN_11821460	76
118214d0	FUN_118214d0	76
11821540	FUN_11821540	76
118215b0	FUN_118215b0	76
11821620	FUN_11821620	76
11821690	FUN_11821690	76
11821700	FUN_11821700	76
11821770	FUN_11821770	76
118217e0	FUN_118217e0	76
11821850	FUN_11821850	76
118218c0	FUN_118218c0	76
11821930	FUN_11821930	76
118219a0	FUN_118219a0	76
11821a10	FUN_11821a10	76
11821a80	FUN_11821a80	76
11821af0	FUN_11821af0	76
11821b60	FUN_11821b60	76
11821bd0	FUN_11821bd0	76
11821c40	FUN_11821c40	76
11821cb0	FUN_11821cb0	76
11821d20	FUN_11821d20	76
11821d90	FUN_11821d90	76
11821e00	FUN_11821e00	76
11821e70	FUN_11821e70	76
11821ee0	FUN_11821ee0	76
11821f50	FUN_11821f50	76
11821fc0	FUN_11821fc0	76
11822030	FUN_11822030	76
118220a0	FUN_118220a0	76
11822110	FUN_11822110	76
11822180	FUN_11822180	76
118221f0	FUN_118221f0	76
11822260	FUN_11822260	76
118222d0	FUN_118222d0	76
11822340	FUN_11822340	76
118223b0	FUN_118223b0	76
11822420	FUN_11822420	76
11822490	FUN_11822490	76
11822500	FUN_11822500	76
11822570	FUN_11822570	76
118225e0	FUN_118225e0	76
11822650	FUN_11822650	76
118226c0	FUN_118226c0	76
11822730	FUN_11822730	76
118227a0	FUN_118227a0	76
11822810	FUN_11822810	76
11822880	FUN_11822880	76
118228f0	FUN_118228f0	76
11822960	FUN_11822960	76
118229d0	FUN_118229d0	76
11822a40	FUN_11822a40	76
11822ab0	FUN_11822ab0	76
11822b20	FUN_11822b20	76
11822b90	FUN_11822b90	76
11822c00	FUN_11822c00	76
11822c70	FUN_11822c70	76
11822ce0	FUN_11822ce0	76
11822d50	FUN_11822d50	76
11822dc0	FUN_11822dc0	76
11822e30	FUN_11822e30	76
11822ea0	FUN_11822ea0	76
11822f10	FUN_11822f10	76
11822f80	FUN_11822f80	76
11822ff0	FUN_11822ff0	76
11823060	FUN_11823060	76
118230d0	FUN_118230d0	76
11823140	FUN_11823140	76
118231b0	FUN_118231b0	76
11823220	FUN_11823220	76
11823290	FUN_11823290	76
11823300	FUN_11823300	76
11823370	FUN_11823370	76
118233e0	FUN_118233e0	76
11823450	FUN_11823450	76
118234c0	FUN_118234c0	76
11823530	FUN_11823530	76
118235a0	FUN_118235a0	76
11823610	FUN_11823610	76
11823680	FUN_11823680	76
118236f0	FUN_118236f0	76
11823760	FUN_11823760	76
118237d0	FUN_118237d0	76
11823840	FUN_11823840	76
118238b0	FUN_118238b0	76
11823920	FUN_11823920	76
11823990	FUN_11823990	76
11823a00	FUN_11823a00	76
11823a70	FUN_11823a70	76
11823ae0	FUN_11823ae0	76
11823b50	FUN_11823b50	76
11823bc0	FUN_11823bc0	76
11823c30	FUN_11823c30	76
11823ca0	FUN_11823ca0	76
11823d10	FUN_11823d10	76
11823d80	FUN_11823d80	76
11823df0	FUN_11823df0	76
11823e60	FUN_11823e60	76
11823ed0	FUN_11823ed0	76
11823f40	FUN_11823f40	76
11823fb0	FUN_11823fb0	76
11824020	FUN_11824020	76
11824090	FUN_11824090	76
11824100	FUN_11824100	76
11824170	FUN_11824170	76
118241e0	FUN_118241e0	76
11824250	FUN_11824250	76
118242c0	FUN_118242c0	76
11824330	FUN_11824330	76
118243a0	FUN_118243a0	76
11824410	FUN_11824410	76
11824480	FUN_11824480	76
118244f0	FUN_118244f0	76
11824560	FUN_11824560	76
118245d0	FUN_118245d0	76
11824640	FUN_11824640	76
118246b0	FUN_118246b0	76
11824720	FUN_11824720	76
11824790	FUN_11824790	76
11824800	FUN_11824800	76
11824870	FUN_11824870	76
118248e0	FUN_118248e0	76
11824950	FUN_11824950	76
118249c0	FUN_118249c0	76
11824a30	FUN_11824a30	76
11824aa0	FUN_11824aa0	76
11824b10	FUN_11824b10	76
11824b80	FUN_11824b80	76
11824bf0	FUN_11824bf0	76
11824c60	FUN_11824c60	76
11824cd0	FUN_11824cd0	76
11824d40	FUN_11824d40	76
11824db0	FUN_11824db0	76
11824e20	FUN_11824e20	76
11824e90	FUN_11824e90	76
11824f00	FUN_11824f00	76
11824f70	FUN_11824f70	76
11824fe0	FUN_11824fe0	76
11825050	FUN_11825050	76
118250c0	FUN_118250c0	76
11825130	FUN_11825130	76
118251a0	FUN_118251a0	76
11825210	FUN_11825210	76
11825280	FUN_11825280	76
118252f0	FUN_118252f0	76
11825360	FUN_11825360	76
118253d0	FUN_118253d0	76
11825440	FUN_11825440	76
118254b0	FUN_118254b0	76
11825520	FUN_11825520	76
11825590	FUN_11825590	76
11825600	FUN_11825600	76
11825670	FUN_11825670	76
118256e0	FUN_118256e0	76
11825750	FUN_11825750	76
118257c0	FUN_118257c0	76
11825830	FUN_11825830	76
118258a0	FUN_118258a0	76
11825910	FUN_11825910	76
11825980	FUN_11825980	76
118259f0	FUN_118259f0	76
11825a60	FUN_11825a60	76
11825ad0	FUN_11825ad0	76
11825b40	FUN_11825b40	76
11825bb0	FUN_11825bb0	76
11825c20	FUN_11825c20	76
11825c90	FUN_11825c90	76
11825d00	FUN_11825d00	76
11825d70	FUN_11825d70	76
11825de0	FUN_11825de0	76
11825e50	FUN_11825e50	76
11825ec0	FUN_11825ec0	76
11825f30	FUN_11825f30	76
11825fa0	FUN_11825fa0	76
11826010	FUN_11826010	76
11826080	FUN_11826080	76
118260f0	FUN_118260f0	76
11826160	FUN_11826160	76
118261d0	FUN_118261d0	76
11826240	FUN_11826240	76
118262b0	FUN_118262b0	76
11826320	FUN_11826320	76
11826390	FUN_11826390	76
11826400	FUN_11826400	76
11826470	FUN_11826470	76
118264e0	FUN_118264e0	76
11826550	FUN_11826550	76
118265c0	FUN_118265c0	76
11826630	FUN_11826630	76
118266a0	FUN_118266a0	76
11826710	FUN_11826710	76
11826780	FUN_11826780	76
118267f0	FUN_118267f0	76
11826860	FUN_11826860	76
118268d0	FUN_118268d0	76
11826940	FUN_11826940	76
118269b0	FUN_118269b0	76
11826a20	FUN_11826a20	76
11826a90	FUN_11826a90	76
11826b00	FUN_11826b00	76
11826b70	FUN_11826b70	76
11826be0	FUN_11826be0	76
11826c50	FUN_11826c50	76
11826cc0	FUN_11826cc0	76
11826d30	FUN_11826d30	76
11826da0	FUN_11826da0	76
11826e10	FUN_11826e10	76
11826e80	FUN_11826e80	76
11826ef0	FUN_11826ef0	76
11826f60	FUN_11826f60	76
11826fd0	FUN_11826fd0	76
11827040	FUN_11827040	76
118270b0	FUN_118270b0	76
11827120	FUN_11827120	76
11827190	FUN_11827190	76
11827200	FUN_11827200	76
11827270	FUN_11827270	76
118272e0	FUN_118272e0	76
11827350	FUN_11827350	76
118273c0	FUN_118273c0	76
11827430	FUN_11827430	76
118274a0	FUN_118274a0	76
11827510	FUN_11827510	76
11827580	FUN_11827580	76
118275f0	FUN_118275f0	76
11827660	FUN_11827660	76
118276d0	FUN_118276d0	76
11827740	FUN_11827740	76
118277b0	FUN_118277b0	76
11827820	FUN_11827820	76
11827890	FUN_11827890	76
11827900	FUN_11827900	76
11827970	FUN_11827970	76
118279e0	FUN_118279e0	76
11827a50	FUN_11827a50	76
11827ac0	FUN_11827ac0	76
11827b30	FUN_11827b30	76
11827ba0	FUN_11827ba0	76
11827c10	FUN_11827c10	76
11827c80	FUN_11827c80	76
11827cf0	FUN_11827cf0	76
11827d60	FUN_11827d60	76
11827dd0	FUN_11827dd0	76
11827e40	FUN_11827e40	76
11827eb0	FUN_11827eb0	76
11827f20	FUN_11827f20	76
11827f90	FUN_11827f90	76
11828000	FUN_11828000	76
11828070	FUN_11828070	76
118280e0	FUN_118280e0	76
11828150	FUN_11828150	76
118281c0	FUN_118281c0	76
11828230	FUN_11828230	76
118282a0	FUN_118282a0	76
11828310	FUN_11828310	76
11828380	FUN_11828380	76
118283f0	FUN_118283f0	76
11828460	FUN_11828460	76
118284d0	FUN_118284d0	76
11828540	FUN_11828540	76
118285b0	FUN_118285b0	76
11828620	FUN_11828620	76
11828690	FUN_11828690	76
11828700	FUN_11828700	76
11828770	FUN_11828770	76
118287e0	FUN_118287e0	76
11828850	FUN_11828850	76
118288c0	FUN_118288c0	76
11828930	FUN_11828930	76
118289a0	FUN_118289a0	76
11828a10	FUN_11828a10	76
11828a80	FUN_11828a80	76
11828af0	FUN_11828af0	76
11828b60	FUN_11828b60	76
11828bd0	FUN_11828bd0	76
11828c40	FUN_11828c40	76
11828cb0	FUN_11828cb0	76
11828d20	FUN_11828d20	76
11828d90	FUN_11828d90	76
11828e00	FUN_11828e00	76
11828e70	FUN_11828e70	76
11828ee0	FUN_11828ee0	76
11828f50	FUN_11828f50	76
11828fc0	FUN_11828fc0	76
11829030	FUN_11829030	76
118290a0	FUN_118290a0	76
11829110	FUN_11829110	76
11829180	FUN_11829180	76
118291f0	FUN_118291f0	76
11829260	FUN_11829260	76
118292d0	FUN_118292d0	76
11829340	FUN_11829340	76
118293b0	FUN_118293b0	76
11829420	FUN_11829420	76
11829490	FUN_11829490	76
11829500	FUN_11829500	76
11829570	FUN_11829570	76
118295e0	FUN_118295e0	76
11829650	FUN_11829650	76
118296c0	FUN_118296c0	76
11829730	FUN_11829730	76
118297a0	FUN_118297a0	76
11829810	FUN_11829810	76
11829880	FUN_11829880	76
118298f0	FUN_118298f0	76
11829960	FUN_11829960	76
118299d0	FUN_118299d0	76
11829a40	FUN_11829a40	76
11829ab0	FUN_11829ab0	76
11829b20	FUN_11829b20	76
11829b90	FUN_11829b90	76
11829c00	FUN_11829c00	76
11829c70	FUN_11829c70	76
11829ce0	FUN_11829ce0	76
11829d50	FUN_11829d50	76
11829dc0	FUN_11829dc0	76
11829e30	FUN_11829e30	76
11829ea0	FUN_11829ea0	76
11829f10	FUN_11829f10	76
11829f80	FUN_11829f80	76
11829ff0	FUN_11829ff0	76
1182a060	FUN_1182a060	76
1182a0d0	FUN_1182a0d0	76
1182a140	FUN_1182a140	76
1182a1b0	FUN_1182a1b0	76
1182a220	FUN_1182a220	76
1182a290	FUN_1182a290	76
1182a300	FUN_1182a300	76
1182a370	FUN_1182a370	76
1182a3e0	FUN_1182a3e0	76
1182a450	FUN_1182a450	76
1182a4c0	FUN_1182a4c0	76
1182a530	FUN_1182a530	76
1182a5a0	FUN_1182a5a0	76
1182a610	FUN_1182a610	76
1182a680	FUN_1182a680	76
1182a6f0	FUN_1182a6f0	76
1182a760	FUN_1182a760	76
1182a7d0	FUN_1182a7d0	76
1182a840	FUN_1182a840	76
1182a8b0	FUN_1182a8b0	76
1182a920	FUN_1182a920	76
1182a990	FUN_1182a990	76
1182aa00	FUN_1182aa00	76
1182aa70	FUN_1182aa70	76
1182aae0	FUN_1182aae0	76
1182ab50	FUN_1182ab50	76
1182abc0	FUN_1182abc0	76
1182ac30	FUN_1182ac30	76
1182ad40	FUN_1182ad40	76
1182adb0	FUN_1182adb0	76
1182ae20	FUN_1182ae20	76
1182ae90	FUN_1182ae90	76
1182af00	FUN_1182af00	76
1182af70	FUN_1182af70	76
1182afe0	FUN_1182afe0	76
1182b050	FUN_1182b050	76
1182b0c0	FUN_1182b0c0	76
1182b130	FUN_1182b130	76
1182b1a0	FUN_1182b1a0	76
1182b210	FUN_1182b210	76
1182b280	FUN_1182b280	76
1182b2f0	FUN_1182b2f0	76
1182b360	FUN_1182b360	76
1182b3d0	FUN_1182b3d0	76
1182b440	FUN_1182b440	76
1182b4b0	FUN_1182b4b0	76
1182b560	FUN_1182b560	76
1182b610	FUN_1182b610	76
1182b680	FUN_1182b680	76
1182b6f0	FUN_1182b6f0	76
1182b760	FUN_1182b760	76
1182b7d0	FUN_1182b7d0	76
1182b840	FUN_1182b840	76
1182b8b0	FUN_1182b8b0	76
1182b920	FUN_1182b920	76
1182b990	FUN_1182b990	76
1182ba00	FUN_1182ba00	76
1182ba70	FUN_1182ba70	76
1182bae0	FUN_1182bae0	76
1182bb50	FUN_1182bb50	76
1182bbc0	FUN_1182bbc0	76
1182bc30	FUN_1182bc30	76
1182bca0	FUN_1182bca0	76
1182bd10	FUN_1182bd10	76
1182bd80	FUN_1182bd80	76
1182bdf0	FUN_1182bdf0	76
1182be60	FUN_1182be60	76
1182bed0	FUN_1182bed0	76
1182bf40	FUN_1182bf40	76
1182bfb0	FUN_1182bfb0	76
1182c020	FUN_1182c020	76
1182c090	FUN_1182c090	76
1182c100	FUN_1182c100	76
1182c170	FUN_1182c170	76
1182c1e0	FUN_1182c1e0	76
1182c250	FUN_1182c250	76
1182c2c0	FUN_1182c2c0	76
1182c370	FUN_1182c370	76
1182c3e0	FUN_1182c3e0	76
1182c450	FUN_1182c450	76
1182c4c0	FUN_1182c4c0	76
1182c530	FUN_1182c530	76
1182c5a0	FUN_1182c5a0	76
1182c610	FUN_1182c610	76
1182c680	FUN_1182c680	76
1182c6f0	FUN_1182c6f0	76
1182c760	FUN_1182c760	76
1182c7d0	FUN_1182c7d0	76
1182c840	FUN_1182c840	76
1182c8b0	FUN_1182c8b0	76
1182c920	FUN_1182c920	76
1182c990	FUN_1182c990	76
1182ca00	FUN_1182ca00	76
1182ca70	FUN_1182ca70	76
1182cae0	FUN_1182cae0	76
1182cb50	FUN_1182cb50	76
1182cbc0	FUN_1182cbc0	76
1182cc30	FUN_1182cc30	76
1182cca0	FUN_1182cca0	76
1182cd10	FUN_1182cd10	76
1182cd80	FUN_1182cd80	76
1182cdf0	FUN_1182cdf0	76
1182ce60	FUN_1182ce60	76
1182ced0	FUN_1182ced0	76
1182cf40	FUN_1182cf40	76
1182cfb0	FUN_1182cfb0	76
1182d020	FUN_1182d020	76
1182d090	FUN_1182d090	76
1182d100	FUN_1182d100	76
1182d170	FUN_1182d170	76
1182d1e0	FUN_1182d1e0	76
1182d250	FUN_1182d250	76
1182d2c0	FUN_1182d2c0	76
1182d330	FUN_1182d330	76
1182d3a0	FUN_1182d3a0	76
1182d410	FUN_1182d410	76
1182d480	FUN_1182d480	76
1182d4f0	FUN_1182d4f0	76
1182d560	FUN_1182d560	76
1182d5d0	FUN_1182d5d0	76
1182d640	FUN_1182d640	76
1182d6b0	FUN_1182d6b0	76
1182d720	FUN_1182d720	76
1182d7d0	FUN_1182d7d0	76
1182d840	FUN_1182d840	76
1182d8b0	FUN_1182d8b0	76
1182d920	FUN_1182d920	76
1182d990	FUN_1182d990	76
1182da00	FUN_1182da00	76
1182da70	FUN_1182da70	76
1182dae0	FUN_1182dae0	76
1182db50	FUN_1182db50	76
1182dbc0	FUN_1182dbc0	76
1182dc30	FUN_1182dc30	76
1182dca0	FUN_1182dca0	76
1182dd10	FUN_1182dd10	76
1182dd80	FUN_1182dd80	76
1182ddf0	FUN_1182ddf0	76
1182de60	FUN_1182de60	76
1182dee0	FUN_1182dee0	76
1182df50	FUN_1182df50	76
1182dfc0	FUN_1182dfc0	76
1182e030	FUN_1182e030	76
1182e0a0	FUN_1182e0a0	76
1182e110	FUN_1182e110	76
1182e180	FUN_1182e180	76
1182e1f0	FUN_1182e1f0	76
1182e260	FUN_1182e260	76
1182e2d0	FUN_1182e2d0	76
1182e340	FUN_1182e340	76
1182e3b0	FUN_1182e3b0	76
1182e420	FUN_1182e420	76
1182e490	FUN_1182e490	76
1182e500	FUN_1182e500	76
1182e570	FUN_1182e570	76
1182e5e0	FUN_1182e5e0	76
1182e650	FUN_1182e650	76
1182e6c0	FUN_1182e6c0	76
1182e730	FUN_1182e730	76
1182e7a0	FUN_1182e7a0	76
1182e810	FUN_1182e810	76
1182e880	FUN_1182e880	76
1182e8f0	FUN_1182e8f0	76
1182e960	FUN_1182e960	76
1182e9d0	FUN_1182e9d0	76
1182ea40	FUN_1182ea40	76
1182eab0	FUN_1182eab0	76
1182eb20	FUN_1182eb20	76
1182eb90	FUN_1182eb90	76
1182ec00	FUN_1182ec00	76
1182ec70	FUN_1182ec70	76
1182ece0	FUN_1182ece0	76
1182ed50	FUN_1182ed50	76
1182edd0	FUN_1182edd0	76
1182ee50	FUN_1182ee50	76
1182eec0	FUN_1182eec0	76
1182ef30	FUN_1182ef30	76
1182efa0	FUN_1182efa0	76
1182f010	FUN_1182f010	76
1182f080	FUN_1182f080	76
1182f0f0	FUN_1182f0f0	76
1182f160	FUN_1182f160	76
1182f1d0	FUN_1182f1d0	76
1182f240	FUN_1182f240	76
1182f2b0	FUN_1182f2b0	76
1182f320	FUN_1182f320	76
1182f390	FUN_1182f390	76
1182f400	FUN_1182f400	76
1182f470	FUN_1182f470	76
1182f4e0	FUN_1182f4e0	76
1182f550	FUN_1182f550	76
1182f5c0	FUN_1182f5c0	76
1182f630	FUN_1182f630	76
1182f6a0	FUN_1182f6a0	76
1182f710	FUN_1182f710	76
1182f780	FUN_1182f780	76
1182f7f0	FUN_1182f7f0	76
1182f860	FUN_1182f860	76
1182f8d0	FUN_1182f8d0	76
1182f940	FUN_1182f940	76
1182f9b0	FUN_1182f9b0	76
1182faa0	FUN_1182faa0	76
1182fb10	FUN_1182fb10	76
1182fb80	FUN_1182fb80	76
1182fbf0	FUN_1182fbf0	76
1182fc60	FUN_1182fc60	76
1182fcd0	FUN_1182fcd0	76
1182fd40	FUN_1182fd40	76
1182fdb0	FUN_1182fdb0	76
1182fe20	FUN_1182fe20	76
1182fe90	FUN_1182fe90	76
1182ff70	FUN_1182ff70	76
1182ffe0	FUN_1182ffe0	76
11830050	FUN_11830050	76
118300c0	FUN_118300c0	76
11830130	FUN_11830130	76
11830220	FUN_11830220	76
11830290	FUN_11830290	76
11830300	FUN_11830300	76
11830370	FUN_11830370	76
118303e0	FUN_118303e0	76
11830450	FUN_11830450	76
118304c0	FUN_118304c0	76
11830530	FUN_11830530	76
118305a0	FUN_118305a0	76
11830610	FUN_11830610	76
11830680	FUN_11830680	76
118306f0	FUN_118306f0	76
11830760	FUN_11830760	76
118307d0	FUN_118307d0	76
11830840	FUN_11830840	76
11830930	FUN_11830930	76
11830a20	FUN_11830a20	76
11830a90	FUN_11830a90	76
11830b00	FUN_11830b00	76
11830b70	FUN_11830b70	76
11830be0	FUN_11830be0	76
11830c50	FUN_11830c50	76
11830cc0	FUN_11830cc0	76
11830d30	FUN_11830d30	76
11830da0	FUN_11830da0	76
11830e10	FUN_11830e10	76
11830e80	FUN_11830e80	76
11830f00	FUN_11830f00	76
11830fb0	FUN_11830fb0	76
11831020	FUN_11831020	76
11831090	FUN_11831090	76
11831100	FUN_11831100	76
11831170	FUN_11831170	76
118311e0	FUN_118311e0	76
11831250	FUN_11831250	76
118312c0	FUN_118312c0	76
11831330	FUN_11831330	76
118313a0	FUN_118313a0	76
11831410	FUN_11831410	76
11831480	FUN_11831480	76
11831580	FUN_11831580	76
118315f0	FUN_118315f0	76
11831670	FUN_11831670	76
11831760	FUN_11831760	76
118317d0	FUN_118317d0	76
11831840	FUN_11831840	76
118318b0	FUN_118318b0	76
11831920	FUN_11831920	76
11831990	FUN_11831990	76
11831a00	FUN_11831a00	76
11831a70	FUN_11831a70	76
11831ae0	FUN_11831ae0	76
11831b50	FUN_11831b50	76
11831bc0	FUN_11831bc0	76
11831c30	FUN_11831c30	76
11831ca0	FUN_11831ca0	76
11831d10	FUN_11831d10	76
11831d80	FUN_11831d80	76
11831df0	FUN_11831df0	76
11831e60	FUN_11831e60	76
11831ed0	FUN_11831ed0	76
11831f40	FUN_11831f40	76
11831fb0	FUN_11831fb0	76
11832020	FUN_11832020	76
11832090	FUN_11832090	76
11832100	FUN_11832100	76
11832170	FUN_11832170	76
118321e0	FUN_118321e0	76
11832250	FUN_11832250	76
118322c0	FUN_118322c0	76
11832330	FUN_11832330	76
118323a0	FUN_118323a0	76
11832410	FUN_11832410	76
11832480	FUN_11832480	76
118324f0	FUN_118324f0	76
11832560	FUN_11832560	76
118325d0	FUN_118325d0	76
11832640	FUN_11832640	76
118326b0	FUN_118326b0	76
11832720	FUN_11832720	76
11832790	FUN_11832790	76
11832800	FUN_11832800	76
11832870	FUN_11832870	76
118328e0	FUN_118328e0	76
11832950	FUN_11832950	76
118329c0	FUN_118329c0	76
11832a30	FUN_11832a30	76
11832aa0	FUN_11832aa0	76
11832b10	FUN_11832b10	76
11832b80	FUN_11832b80	76
11832bf0	FUN_11832bf0	76
11832c60	FUN_11832c60	76
11832cd0	FUN_11832cd0	76
11832d40	FUN_11832d40	76
11832db0	FUN_11832db0	76
11832e20	FUN_11832e20	76
11832e90	FUN_11832e90	76
11832f00	FUN_11832f00	76
11832f70	FUN_11832f70	76
11832fe0	FUN_11832fe0	76
11833050	FUN_11833050	76
118330c0	FUN_118330c0	76
11833130	FUN_11833130	76
118331a0	FUN_118331a0	76
11833210	FUN_11833210	76
11833280	FUN_11833280	76
118332f0	FUN_118332f0	76
11833360	FUN_11833360	76
118333d0	FUN_118333d0	76
11833440	FUN_11833440	76
118334b0	FUN_118334b0	76
11833520	FUN_11833520	76
11833590	FUN_11833590	76
11833600	FUN_11833600	76
11833670	FUN_11833670	76
118336e0	FUN_118336e0	76
11833750	FUN_11833750	76
118337c0	FUN_118337c0	76
11833830	FUN_11833830	76
118338a0	FUN_118338a0	76
11833910	FUN_11833910	76
11833a00	FUN_11833a00	76
11833a70	FUN_11833a70	76
11833ae0	FUN_11833ae0	76
11833b50	FUN_11833b50	76
11833bc0	FUN_11833bc0	76
11833c30	FUN_11833c30	76
11833ca0	FUN_11833ca0	76
11833d10	FUN_11833d10	76
11833d80	FUN_11833d80	76
11833df0	FUN_11833df0	76
11833e60	FUN_11833e60	76
11833ed0	FUN_11833ed0	76
11833f40	FUN_11833f40	76
11833fc0	FUN_11833fc0	76
11834030	FUN_11834030	76
118340a0	FUN_118340a0	76
11834110	FUN_11834110	76
11834180	FUN_11834180	76
118341f0	FUN_118341f0	76
11834260	FUN_11834260	76
118342d0	FUN_118342d0	76
11834340	FUN_11834340	76
118343b0	FUN_118343b0	76
11834420	FUN_11834420	76
11834490	FUN_11834490	76
11834680	FUN_11834680	76
118346f0	FUN_118346f0	76
11834760	FUN_11834760	76
118347d0	FUN_118347d0	76
11834840	FUN_11834840	76
118348b0	FUN_118348b0	76
11834920	FUN_11834920	76
11834990	FUN_11834990	76
11834a00	FUN_11834a00	76
11834a70	FUN_11834a70	76
11834ae0	FUN_11834ae0	76
11834b50	FUN_11834b50	76
11834c70	FUN_11834c70	76
11834ce0	FUN_11834ce0	76
11834de0	FUN_11834de0	76
11834e50	FUN_11834e50	76
11834ec0	FUN_11834ec0	76
11834f30	FUN_11834f30	76
11834fa0	FUN_11834fa0	76
11835010	FUN_11835010	76
11835080	FUN_11835080	76
118350f0	FUN_118350f0	76
11835160	FUN_11835160	76
118351d0	FUN_118351d0	76
11835240	FUN_11835240	76
118352b0	FUN_118352b0	76
11835320	FUN_11835320	76
11835390	FUN_11835390	76
11835400	FUN_11835400	76
118354b0	FUN_118354b0	76
118355e0	FUN_118355e0	76
11835650	FUN_11835650	76
118356c0	FUN_118356c0	76
11835730	FUN_11835730	76
118357a0	FUN_118357a0	76
11835810	FUN_11835810	76
11835880	FUN_11835880	76
118358f0	FUN_118358f0	76
11835960	FUN_11835960	76
118359d0	FUN_118359d0	76
11835a40	FUN_11835a40	76
11835ab0	FUN_11835ab0	76
11835b20	FUN_11835b20	76
11835b90	FUN_11835b90	76
11835c00	FUN_11835c00	76
11835c70	FUN_11835c70	76
11835ce0	FUN_11835ce0	76
11835d50	FUN_11835d50	76
11835dc0	FUN_11835dc0	76
11835e30	FUN_11835e30	76
11835ea0	FUN_11835ea0	76
11835f10	FUN_11835f10	76
11835f80	FUN_11835f80	76
11835ff0	FUN_11835ff0	76
11836060	FUN_11836060	76
118360d0	FUN_118360d0	76
11836140	FUN_11836140	76
118361b0	FUN_118361b0	76
11836220	FUN_11836220	76
11836290	FUN_11836290	76
11836300	FUN_11836300	76
11836370	FUN_11836370	76
118363e0	FUN_118363e0	76
11836450	FUN_11836450	76
118364c0	FUN_118364c0	76
11836530	FUN_11836530	76
118365a0	FUN_118365a0	76
11836610	FUN_11836610	76
11836680	FUN_11836680	76
118366f0	FUN_118366f0	76
11836760	FUN_11836760	76
118367d0	FUN_118367d0	76
11836840	FUN_11836840	76
118368b0	FUN_118368b0	76
11836920	FUN_11836920	76
11836990	FUN_11836990	76
11836a00	FUN_11836a00	76
11836a70	FUN_11836a70	76
11836ae0	FUN_11836ae0	76
11836b50	FUN_11836b50	76
11836bc0	FUN_11836bc0	76
11836c30	FUN_11836c30	76
11836ca0	FUN_11836ca0	76
11836d10	FUN_11836d10	76
11836d80	FUN_11836d80	76
11836df0	FUN_11836df0	76
11836e60	FUN_11836e60	76
11836ed0	FUN_11836ed0	76
11836f40	FUN_11836f40	76
11836fb0	FUN_11836fb0	76
11837020	FUN_11837020	76
11837090	FUN_11837090	76
11837100	FUN_11837100	76
11837170	FUN_11837170	76
118371e0	FUN_118371e0	76
11837250	FUN_11837250	76
118372c0	FUN_118372c0	76
11837330	FUN_11837330	76
118373a0	FUN_118373a0	76
11837410	FUN_11837410	76
11837480	FUN_11837480	76
118374f0	FUN_118374f0	76
11837560	FUN_11837560	76
118375d0	FUN_118375d0	76
11837640	FUN_11837640	76
118376b0	FUN_118376b0	76
11837720	FUN_11837720	76
11837790	FUN_11837790	76
11837800	FUN_11837800	76
11837870	FUN_11837870	76
118378e0	FUN_118378e0	76
11837950	FUN_11837950	76
118379c0	FUN_118379c0	76
11837a30	FUN_11837a30	76
11837aa0	FUN_11837aa0	76
11837b10	FUN_11837b10	76
11837b80	FUN_11837b80	76
11837bf0	FUN_11837bf0	76
11837c60	FUN_11837c60	76
11837cd0	FUN_11837cd0	76
11837d40	FUN_11837d40	76
11837db0	FUN_11837db0	76
11837e20	FUN_11837e20	76
11837e90	FUN_11837e90	76
11837f00	FUN_11837f00	76
11837f70	FUN_11837f70	76
11837fe0	FUN_11837fe0	76
11838050	FUN_11838050	76
118380c0	FUN_118380c0	76
11838130	FUN_11838130	76
118381a0	FUN_118381a0	76
11838210	FUN_11838210	76
11838280	FUN_11838280	76
118382f0	FUN_118382f0	76
11838360	FUN_11838360	76
118383d0	FUN_118383d0	76
11838440	FUN_11838440	76
118384b0	FUN_118384b0	76
11838520	FUN_11838520	76
11838590	FUN_11838590	76
11838600	FUN_11838600	76
11838670	FUN_11838670	76
118386e0	FUN_118386e0	76
11838750	FUN_11838750	76
118387c0	FUN_118387c0	76
11838830	FUN_11838830	76
118388a0	FUN_118388a0	76
11838910	FUN_11838910	76
11838980	FUN_11838980	76
118389f0	FUN_118389f0	76
11838a60	FUN_11838a60	76
11838ad0	FUN_11838ad0	76
11838b40	FUN_11838b40	76
11838bb0	FUN_11838bb0	76
11838c20	FUN_11838c20	76
11838c90	FUN_11838c90	76
11838d00	FUN_11838d00	76
11838d70	FUN_11838d70	76
11838de0	FUN_11838de0	76
11838e50	FUN_11838e50	76
11838ec0	FUN_11838ec0	76
11838f30	FUN_11838f30	76
11838fa0	FUN_11838fa0	76
11839010	FUN_11839010	76
11839080	FUN_11839080	76
118390f0	FUN_118390f0	76
11839160	FUN_11839160	76
118391d0	FUN_118391d0	76
11839240	FUN_11839240	76
118392b0	FUN_118392b0	76
11839320	FUN_11839320	76
11839390	FUN_11839390	76
11839400	FUN_11839400	76
11839470	FUN_11839470	76
118394e0	FUN_118394e0	76
11839550	FUN_11839550	76
118395c0	FUN_118395c0	76
11839630	FUN_11839630	76
118396a0	FUN_118396a0	76
11839710	FUN_11839710	76
11839780	FUN_11839780	76
118397f0	FUN_118397f0	76
11839860	FUN_11839860	76
118398d0	FUN_118398d0	76
11839940	FUN_11839940	76
118399b0	FUN_118399b0	76
11839a20	FUN_11839a20	76
11839a90	FUN_11839a90	76
11839b00	FUN_11839b00	76
11839b70	FUN_11839b70	76
11839be0	FUN_11839be0	76
11839c50	FUN_11839c50	76
11839cc0	FUN_11839cc0	76
11839d30	FUN_11839d30	76
11839da0	FUN_11839da0	76
11839e10	FUN_11839e10	76
11839e80	FUN_11839e80	76
11839ef0	FUN_11839ef0	76
11839f60	FUN_11839f60	76
11839fd0	FUN_11839fd0	76
1183a040	FUN_1183a040	76
1183a0b0	FUN_1183a0b0	76
1183a120	FUN_1183a120	76
1183a190	FUN_1183a190	76
1183a200	FUN_1183a200	76
1183a270	FUN_1183a270	76
1183a2e0	FUN_1183a2e0	76
1183a350	FUN_1183a350	76
1183a3c0	FUN_1183a3c0	76
1183a430	FUN_1183a430	76
1183a4a0	FUN_1183a4a0	76
1183a510	FUN_1183a510	76
1183a580	FUN_1183a580	76
1183a5f0	FUN_1183a5f0	76
1183a660	FUN_1183a660	76
1183a6d0	FUN_1183a6d0	76
1183a760	FUN_1183a760	76
1183a7d0	FUN_1183a7d0	76
1183a840	FUN_1183a840	76
1183a8b0	FUN_1183a8b0	76
1183a920	FUN_1183a920	76
1183a990	FUN_1183a990	76
1183aa00	FUN_1183aa00	76
1183aa70	FUN_1183aa70	76
1183aae0	FUN_1183aae0	76
1183ab50	FUN_1183ab50	76
1183abc0	FUN_1183abc0	76
1183ac30	FUN_1183ac30	76
1183aca0	FUN_1183aca0	76
1183ad10	FUN_1183ad10	76
1183ad80	FUN_1183ad80	76
1183adf0	FUN_1183adf0	76
1183ae60	FUN_1183ae60	76
1183aed0	FUN_1183aed0	76
1183af40	FUN_1183af40	76
1183afb0	FUN_1183afb0	76
1183b020	FUN_1183b020	76
1183b090	FUN_1183b090	76
1183b110	FUN_1183b110	76
1183b180	FUN_1183b180	76
1183b1f0	FUN_1183b1f0	76
1183b260	FUN_1183b260	76
1183b2d0	FUN_1183b2d0	76
1183b340	FUN_1183b340	76
1183b3b0	FUN_1183b3b0	76
1183b420	FUN_1183b420	76
1183b490	FUN_1183b490	76
1183b500	FUN_1183b500	76
1183b570	FUN_1183b570	76
1183b5e0	FUN_1183b5e0	76
1183b650	FUN_1183b650	76
1183b6c0	FUN_1183b6c0	76
1183b730	FUN_1183b730	76
1183b7a0	FUN_1183b7a0	76
1183b810	FUN_1183b810	76
1183b880	FUN_1183b880	76
1183b8f0	FUN_1183b8f0	76
1183b960	FUN_1183b960	76
1183b9d0	FUN_1183b9d0	76
1183ba40	FUN_1183ba40	76
1183bab0	FUN_1183bab0	76
1183bb20	FUN_1183bb20	76
1183bb90	FUN_1183bb90	76
1183bc00	FUN_1183bc00	76
1183bc70	FUN_1183bc70	76
1183bce0	FUN_1183bce0	76
1183bd50	FUN_1183bd50	76
1183bdc0	FUN_1183bdc0	76
1183be30	FUN_1183be30	76
1183bea0	FUN_1183bea0	76
1183bf10	FUN_1183bf10	76
1183bf80	FUN_1183bf80	76
1183bff0	FUN_1183bff0	76
1183c060	FUN_1183c060	76
1183c0d0	FUN_1183c0d0	76
1183c140	FUN_1183c140	76
1183c1b0	FUN_1183c1b0	76
1183c220	FUN_1183c220	76
1183c290	FUN_1183c290	76
1183c300	FUN_1183c300	76
1183c370	FUN_1183c370	76
1183c3e0	FUN_1183c3e0	76
1183c450	FUN_1183c450	76
1183c4c0	FUN_1183c4c0	76
1183c530	FUN_1183c530	76
1183c5a0	FUN_1183c5a0	76
1183c610	FUN_1183c610	76
1183c680	FUN_1183c680	76
1183c6f0	FUN_1183c6f0	76
1183c760	FUN_1183c760	76
1183c7d0	FUN_1183c7d0	76
1183c840	FUN_1183c840	76
1183c8b0	FUN_1183c8b0	76
1183c920	FUN_1183c920	76
1183c990	FUN_1183c990	76
1183ca00	FUN_1183ca00	76
1183ca70	FUN_1183ca70	76
1183cae0	FUN_1183cae0	76
1183cb50	FUN_1183cb50	76
1183cbc0	FUN_1183cbc0	76
1183cc30	FUN_1183cc30	76
1183cca0	FUN_1183cca0	76
1183cd10	FUN_1183cd10	76
1183cd80	FUN_1183cd80	76
1183cdf0	FUN_1183cdf0	76
1183ce60	FUN_1183ce60	76
1183ced0	FUN_1183ced0	76
1183cf40	FUN_1183cf40	76
1183d020	FUN_1183d020	76
1183d090	FUN_1183d090	76
1183d100	FUN_1183d100	76
1183d170	FUN_1183d170	76
1183d1e0	FUN_1183d1e0	76
1183d250	FUN_1183d250	76
1183d2d0	FUN_1183d2d0	76
1183d340	FUN_1183d340	76
1183d3b0	FUN_1183d3b0	76
1183d420	FUN_1183d420	76
1183d490	FUN_1183d490	76
1183d500	FUN_1183d500	76
1183d570	FUN_1183d570	76
1183d5e0	FUN_1183d5e0	76
1183d650	FUN_1183d650	76
1183d6c0	FUN_1183d6c0	76
1183d730	FUN_1183d730	76
1183d7a0	FUN_1183d7a0	76
1183d810	FUN_1183d810	76
1183d880	FUN_1183d880	76
1183d8f0	FUN_1183d8f0	76
1183d960	FUN_1183d960	76
1183d9d0	FUN_1183d9d0	76
1183da40	FUN_1183da40	76
1183dab0	FUN_1183dab0	76
1183db20	FUN_1183db20	76
1183db90	FUN_1183db90	76
1183dc00	FUN_1183dc00	76
1183dc70	FUN_1183dc70	76
1183dce0	FUN_1183dce0	76
1183dd50	FUN_1183dd50	76
1183ddc0	FUN_1183ddc0	76
1183de30	FUN_1183de30	76
1183dea0	FUN_1183dea0	76
1183df10	FUN_1183df10	76
1183df80	FUN_1183df80	76
1183dff0	FUN_1183dff0	76
1183e060	FUN_1183e060	76
1183e0d0	FUN_1183e0d0	76
1183e140	FUN_1183e140	76
1183e1b0	FUN_1183e1b0	76
1183e220	FUN_1183e220	76
1183e290	FUN_1183e290	76
1183e300	FUN_1183e300	76
1183e370	FUN_1183e370	76
1183e3e0	FUN_1183e3e0	76
1183e450	FUN_1183e450	76
1183e4c0	FUN_1183e4c0	76
1183e530	FUN_1183e530	76
1183e5a0	FUN_1183e5a0	76
1183e610	FUN_1183e610	76
1183e680	FUN_1183e680	76
1183e6f0	FUN_1183e6f0	76
1183e760	FUN_1183e760	76
1183e7d0	FUN_1183e7d0	76
1183e840	FUN_1183e840	76
1183e8b0	FUN_1183e8b0	76
1183e920	FUN_1183e920	76
1183e990	FUN_1183e990	76
1183ea00	FUN_1183ea00	76
1183ea70	FUN_1183ea70	76
1183eae0	FUN_1183eae0	76
1183eb50	FUN_1183eb50	76
1183ebc0	FUN_1183ebc0	76
1183ec30	FUN_1183ec30	76
1183eca0	FUN_1183eca0	76
1183ed10	FUN_1183ed10	76
1183ed80	FUN_1183ed80	76
1183edf0	FUN_1183edf0	76
1183ee60	FUN_1183ee60	76
1183eed0	FUN_1183eed0	76
1183ef40	FUN_1183ef40	76
1183efb0	FUN_1183efb0	76
1183f020	FUN_1183f020	76
1183f090	FUN_1183f090	76
1183f100	FUN_1183f100	76
1183f170	FUN_1183f170	76
1183f1e0	FUN_1183f1e0	76
1183f250	FUN_1183f250	76
1183f370	FUN_1183f370	76
1183f3e0	FUN_1183f3e0	76
1183f450	FUN_1183f450	76
1183f4c0	FUN_1183f4c0	76
1183f530	FUN_1183f530	76
1183f5a0	FUN_1183f5a0	76
1183f610	FUN_1183f610	76
1183f680	FUN_1183f680	76
1183f6f0	FUN_1183f6f0	76
1183f760	FUN_1183f760	76
1183f7d0	FUN_1183f7d0	76
1183f840	FUN_1183f840	76
1183f8b0	FUN_1183f8b0	76
1183f920	FUN_1183f920	76
1183f990	FUN_1183f990	76
1183fa00	FUN_1183fa00	76
1183fa70	FUN_1183fa70	76
1183fae0	FUN_1183fae0	76
1183fb50	FUN_1183fb50	76
1183fbc0	FUN_1183fbc0	76
1183fc30	FUN_1183fc30	76
1183fca0	FUN_1183fca0	76
1183fd10	FUN_1183fd10	76
1183fd80	FUN_1183fd80	76
1183fdf0	FUN_1183fdf0	76
1183fe60	FUN_1183fe60	76
1183fed0	FUN_1183fed0	76
1183ff40	FUN_1183ff40	76
1183ffb0	FUN_1183ffb0	76
11840020	FUN_11840020	76
11840090	FUN_11840090	76
11840100	FUN_11840100	76
11840170	FUN_11840170	76
118401e0	FUN_118401e0	76
11840250	FUN_11840250	76
118402c0	FUN_118402c0	76
11840330	FUN_11840330	76
118403a0	FUN_118403a0	76
11840410	FUN_11840410	76
11840480	FUN_11840480	76
118404f0	FUN_118404f0	76
11840560	FUN_11840560	76
118405d0	FUN_118405d0	76
11840640	FUN_11840640	76
118406b0	FUN_118406b0	76
11840720	FUN_11840720	76
11840790	FUN_11840790	76
11840800	FUN_11840800	76
11840870	FUN_11840870	76
118408e0	FUN_118408e0	76
11840950	FUN_11840950	76
118409c0	FUN_118409c0	76
11840a30	FUN_11840a30	76
11840aa0	FUN_11840aa0	76
11840b10	FUN_11840b10	76
11840b80	FUN_11840b80	76
11840bf0	FUN_11840bf0	76
11840c60	FUN_11840c60	76
11840cd0	FUN_11840cd0	76
11840d40	FUN_11840d40	76
11840db0	FUN_11840db0	76
11840e20	FUN_11840e20	76
11840e90	FUN_11840e90	76
11840f00	FUN_11840f00	76
11840fe0	FUN_11840fe0	76
11841050	FUN_11841050	76
118410c0	FUN_118410c0	76
11841130	FUN_11841130	76
118411a0	FUN_118411a0	76
11841210	FUN_11841210	76
11841280	FUN_11841280	76
118412f0	FUN_118412f0	76
11841360	FUN_11841360	76
118413d0	FUN_118413d0	76
11841440	FUN_11841440	76
118414b0	FUN_118414b0	76
11841520	FUN_11841520	76
11841590	FUN_11841590	76
11841600	FUN_11841600	76
11841670	FUN_11841670	76
118416e0	FUN_118416e0	76
11841750	FUN_11841750	76
118417c0	FUN_118417c0	76
11841830	FUN_11841830	76
118418a0	FUN_118418a0	76
11841910	FUN_11841910	76
11841980	FUN_11841980	76
118419f0	FUN_118419f0	76
11841a60	FUN_11841a60	76
11841ad0	FUN_11841ad0	76
11841b40	FUN_11841b40	76
11841bb0	FUN_11841bb0	76
11841c20	FUN_11841c20	76
11841c90	FUN_11841c90	76
11841d00	FUN_11841d00	76
11841d70	FUN_11841d70	76
11841de0	FUN_11841de0	76
11841e50	FUN_11841e50	76
11841ec0	FUN_11841ec0	76
11841f30	FUN_11841f30	76
11841fa0	FUN_11841fa0	76
11842010	FUN_11842010	76
11842080	FUN_11842080	76
118420f0	FUN_118420f0	76
11842160	FUN_11842160	76
118421d0	FUN_118421d0	76
11842240	FUN_11842240	76
118422b0	FUN_118422b0	76
11842320	FUN_11842320	76
11842390	FUN_11842390	76
11842400	FUN_11842400	76
11842470	FUN_11842470	76
118424e0	FUN_118424e0	76
11842550	FUN_11842550	76
118425c0	FUN_118425c0	76
11842630	FUN_11842630	76
118426a0	FUN_118426a0	76
11842790	FUN_11842790	76
11842800	FUN_11842800	76
11842870	FUN_11842870	76
118428e0	FUN_118428e0	76
11842950	FUN_11842950	76
118429c0	FUN_118429c0	76
11842a30	FUN_11842a30	76
11842aa0	FUN_11842aa0	76
11842b10	FUN_11842b10	76
11842b80	FUN_11842b80	76
11842bf0	FUN_11842bf0	76
11842c60	FUN_11842c60	76
11842cd0	FUN_11842cd0	76
11842d40	FUN_11842d40	76
11842db0	FUN_11842db0	76
11842e20	FUN_11842e20	76
11842e90	FUN_11842e90	76
11842f00	FUN_11842f00	76
11842f70	FUN_11842f70	76
11842fe0	FUN_11842fe0	76
11843050	FUN_11843050	76
118430c0	FUN_118430c0	76
11843130	FUN_11843130	76
118431a0	FUN_118431a0	76
11843210	FUN_11843210	76
11843280	FUN_11843280	76
118432f0	FUN_118432f0	76
11843360	FUN_11843360	76
118433d0	FUN_118433d0	76
11843440	FUN_11843440	76
118434b0	FUN_118434b0	76
11843520	FUN_11843520	76
11843590	FUN_11843590	76
11843600	FUN_11843600	76
11843670	FUN_11843670	76
118436e0	FUN_118436e0	76
11843750	FUN_11843750	76
118437c0	FUN_118437c0	76
11843830	FUN_11843830	76
118438a0	FUN_118438a0	76
11843910	FUN_11843910	76
11843980	FUN_11843980	76
118439f0	FUN_118439f0	76
11843a60	FUN_11843a60	76
11843ad0	FUN_11843ad0	76
11843b40	FUN_11843b40	76
11843bb0	FUN_11843bb0	76
11843c20	FUN_11843c20	76
11843c90	FUN_11843c90	76
11843d00	FUN_11843d00	76
11843d70	FUN_11843d70	76
11843de0	FUN_11843de0	76
11843e50	FUN_11843e50	76
11843ec0	FUN_11843ec0	76
11843f30	FUN_11843f30	76
11843fa0	FUN_11843fa0	76
11844010	FUN_11844010	76
11844080	FUN_11844080	76
118440f0	FUN_118440f0	76
11844160	FUN_11844160	76
118441d0	FUN_118441d0	76
11844240	FUN_11844240	76
118442f0	FUN_118442f0	76
11844360	FUN_11844360	76
118443d0	FUN_118443d0	76
11844440	FUN_11844440	76
118444b0	FUN_118444b0	76
11844520	FUN_11844520	76
11844590	FUN_11844590	76
11844600	FUN_11844600	76
11844670	FUN_11844670	76
118446e0	FUN_118446e0	76
11844750	FUN_11844750	76
118447c0	FUN_118447c0	76
11844830	FUN_11844830	76
118448a0	FUN_118448a0	76
11844990	FUN_11844990	76
11844a00	FUN_11844a00	76
11844a70	FUN_11844a70	76
11844ae0	FUN_11844ae0	76
11844b50	FUN_11844b50	76
11844bc0	FUN_11844bc0	76
11844c30	FUN_11844c30	76
11844ca0	FUN_11844ca0	76
11844d10	FUN_11844d10	76
11844d80	FUN_11844d80	76
11844df0	FUN_11844df0	76
11844e60	FUN_11844e60	76
11844ed0	FUN_11844ed0	76
11844f40	FUN_11844f40	76
11844fb0	FUN_11844fb0	76
11845020	FUN_11845020	76
11845090	FUN_11845090	76
11845100	FUN_11845100	76
11845170	FUN_11845170	76
118451e0	FUN_118451e0	76
11845250	FUN_11845250	76
118452c0	FUN_118452c0	76
11845330	FUN_11845330	76
118453a0	FUN_118453a0	76
11845410	FUN_11845410	76
11845480	FUN_11845480	76
118454f0	FUN_118454f0	76
11845560	FUN_11845560	76
118455d0	FUN_118455d0	76
11845640	FUN_11845640	76
118456b0	FUN_118456b0	76
11845720	FUN_11845720	76
11845790	FUN_11845790	76
11845800	FUN_11845800	76
11845870	FUN_11845870	76
118458e0	FUN_118458e0	76
11845950	FUN_11845950	76
118459c0	FUN_118459c0	76
11845a30	FUN_11845a30	76
11845aa0	FUN_11845aa0	76
11845b10	FUN_11845b10	76
11845b80	FUN_11845b80	76
11845bf0	FUN_11845bf0	76
11845c60	FUN_11845c60	76
11845cd0	FUN_11845cd0	76
11845d40	FUN_11845d40	76
11845db0	FUN_11845db0	76
11845e20	FUN_11845e20	76
11845e90	FUN_11845e90	76
11845f00	FUN_11845f00	76
11845f70	FUN_11845f70	76
11845fe0	FUN_11845fe0	76
11846050	FUN_11846050	76
118460c0	FUN_118460c0	76
11846130	FUN_11846130	76
118461a0	FUN_118461a0	76
11846290	FUN_11846290	76
11846300	FUN_11846300	76
11846370	FUN_11846370	76
118463e0	FUN_118463e0	76
11846450	FUN_11846450	76
118464c0	FUN_118464c0	76
11846530	FUN_11846530	76
118465a0	FUN_118465a0	76
11846610	FUN_11846610	76
11846680	FUN_11846680	76
118466f0	FUN_118466f0	76
11846760	FUN_11846760	76
118467d0	FUN_118467d0	76
11846840	FUN_11846840	76
118468b0	FUN_118468b0	76
11846920	FUN_11846920	76
11846990	FUN_11846990	76
11846a00	FUN_11846a00	76
11846a70	FUN_11846a70	76
11846ae0	FUN_11846ae0	76
11846b50	FUN_11846b50	76
11846bc0	FUN_11846bc0	76
11846c30	FUN_11846c30	76
11846ca0	FUN_11846ca0	76
11846d10	FUN_11846d10	76
11846d80	FUN_11846d80	76
11846df0	FUN_11846df0	76
11846e60	FUN_11846e60	76
11846ed0	FUN_11846ed0	76
11846f40	FUN_11846f40	76
11846fb0	FUN_11846fb0	76
11847020	FUN_11847020	76
11847090	FUN_11847090	76
11847100	FUN_11847100	76
11847170	FUN_11847170	76
118471e0	FUN_118471e0	76
11847250	FUN_11847250	76
118472c0	FUN_118472c0	76
11847330	FUN_11847330	76
118473a0	FUN_118473a0	76
11847410	FUN_11847410	76
11847480	FUN_11847480	76
118474f0	FUN_118474f0	76
11847560	FUN_11847560	76
118475d0	FUN_118475d0	76
11847640	FUN_11847640	76
118476b0	FUN_118476b0	76
11847720	FUN_11847720	76
11847790	FUN_11847790	76
11847800	FUN_11847800	76
11847870	FUN_11847870	76
118478e0	FUN_118478e0	76
11847950	FUN_11847950	76
118479c0	FUN_118479c0	76
11847a30	FUN_11847a30	76
11847aa0	FUN_11847aa0	76
11847b10	FUN_11847b10	76
11847b80	FUN_11847b80	76
11847bf0	FUN_11847bf0	76
11847c60	FUN_11847c60	76
11847cd0	FUN_11847cd0	76
11847d40	FUN_11847d40	76
11847db0	FUN_11847db0	76
11847e20	FUN_11847e20	76
11847e90	FUN_11847e90	76
11847f00	FUN_11847f00	76
11847f70	FUN_11847f70	76
11847fe0	FUN_11847fe0	76
11848050	FUN_11848050	76
118480c0	FUN_118480c0	76
11848130	FUN_11848130	76
118481a0	FUN_118481a0	76
11848210	FUN_11848210	76
11848280	FUN_11848280	76
118482f0	FUN_118482f0	76
11848360	FUN_11848360	76
118483d0	FUN_118483d0	76
11848440	FUN_11848440	76
118484b0	FUN_118484b0	76
11848520	FUN_11848520	76
11848590	FUN_11848590	76
11848600	FUN_11848600	76
11848670	FUN_11848670	76
118486e0	FUN_118486e0	76
11848750	FUN_11848750	76
118487c0	FUN_118487c0	76
11848830	FUN_11848830	76
118488a0	FUN_118488a0	76
11848910	FUN_11848910	76
11848980	FUN_11848980	76
118489f0	FUN_118489f0	76
11848a60	FUN_11848a60	76
11848ad0	FUN_11848ad0	76
11848b40	FUN_11848b40	76
11848bb0	FUN_11848bb0	76
11848c20	FUN_11848c20	76
11848c90	FUN_11848c90	76
11848d00	FUN_11848d00	76
11848d70	FUN_11848d70	76
11848de0	FUN_11848de0	76
11848e50	FUN_11848e50	76
11848ec0	FUN_11848ec0	76
11848f30	FUN_11848f30	76
11848fa0	FUN_11848fa0	76
11849010	FUN_11849010	76
11849080	FUN_11849080	76
118490f0	FUN_118490f0	76
11849160	FUN_11849160	76
118491d0	FUN_118491d0	76
11849240	FUN_11849240	76
118492b0	FUN_118492b0	76
11849320	FUN_11849320	76
11849390	FUN_11849390	76
11849400	FUN_11849400	76
11849470	FUN_11849470	76
118494e0	FUN_118494e0	76
11849550	FUN_11849550	76
118495c0	FUN_118495c0	76
11849630	FUN_11849630	76
118496a0	FUN_118496a0	76
11849710	FUN_11849710	76
11849780	FUN_11849780	76
118497f0	FUN_118497f0	76
11849860	FUN_11849860	76
118498d0	FUN_118498d0	76
11849940	FUN_11849940	76
118499b0	FUN_118499b0	76
11849a20	FUN_11849a20	76
11849a90	FUN_11849a90	76
11849b00	FUN_11849b00	76
11849b70	FUN_11849b70	76
11849be0	FUN_11849be0	76
11849c50	FUN_11849c50	76
11849cc0	FUN_11849cc0	76
11849d30	FUN_11849d30	76
11849da0	FUN_11849da0	76
11849e10	FUN_11849e10	76
11849e80	FUN_11849e80	76
11849ef0	FUN_11849ef0	76
11849f70	FUN_11849f70	76
11849fe0	FUN_11849fe0	76
1184a050	FUN_1184a050	76
1184a0c0	FUN_1184a0c0	76
1184a130	FUN_1184a130	76
1184a1a0	FUN_1184a1a0	76
1184a210	FUN_1184a210	76
1184a280	FUN_1184a280	76
1184a2f0	FUN_1184a2f0	76
1184a360	FUN_1184a360	76
1184a3d0	FUN_1184a3d0	76
1184a440	FUN_1184a440	76
1184a4b0	FUN_1184a4b0	76
1184a520	FUN_1184a520	76
1184a590	FUN_1184a590	76
1184a600	FUN_1184a600	76
1184a670	FUN_1184a670	76
1184a6e0	FUN_1184a6e0	76
1184a750	FUN_1184a750	76
1184a7c0	FUN_1184a7c0	76
1184a830	FUN_1184a830	76
1184a8a0	FUN_1184a8a0	76
1184a910	FUN_1184a910	76
1184a980	FUN_1184a980	76
1184a9f0	FUN_1184a9f0	76
1184aa60	FUN_1184aa60	76
1184aad0	FUN_1184aad0	76
1184ab40	FUN_1184ab40	76
1184abb0	FUN_1184abb0	76
1184ac20	FUN_1184ac20	76
1184ac90	FUN_1184ac90	76
1184ad00	FUN_1184ad00	76
1184ad70	FUN_1184ad70	76
1184ade0	FUN_1184ade0	76
1184ae50	FUN_1184ae50	76
1184aec0	FUN_1184aec0	76
1184af30	FUN_1184af30	76
1184afa0	FUN_1184afa0	76
1184b010	FUN_1184b010	76
1184b080	FUN_1184b080	76
1184b0f0	FUN_1184b0f0	76
1184b160	FUN_1184b160	76
1184b1d0	FUN_1184b1d0	76
1184b240	FUN_1184b240	76
1184b2b0	FUN_1184b2b0	76
1184b320	FUN_1184b320	76
1184b390	FUN_1184b390	76
1184b400	FUN_1184b400	76
1184b470	FUN_1184b470	76
1184b4e0	FUN_1184b4e0	76
1184b550	FUN_1184b550	76
1184b5c0	FUN_1184b5c0	76
1184b630	FUN_1184b630	76
1184b6a0	FUN_1184b6a0	76
1184b710	FUN_1184b710	76
1184b780	FUN_1184b780	76
1184b7f0	FUN_1184b7f0	76
1184b860	FUN_1184b860	76
1184b8d0	FUN_1184b8d0	76
1184b940	FUN_1184b940	76
1184b9b0	FUN_1184b9b0	76
1184ba20	FUN_1184ba20	76
1184ba90	FUN_1184ba90	76
1184bb00	FUN_1184bb00	76
1184bb70	FUN_1184bb70	76
1184bbe0	FUN_1184bbe0	76
1184bc50	FUN_1184bc50	76
1184bcc0	FUN_1184bcc0	76
1184bd30	FUN_1184bd30	76
1184bda0	FUN_1184bda0	76
1184be10	FUN_1184be10	76
1184be80	FUN_1184be80	76
1184bef0	FUN_1184bef0	76
1184bf60	FUN_1184bf60	76
1184bfd0	FUN_1184bfd0	76
1184c040	FUN_1184c040	76
1184c0b0	FUN_1184c0b0	76
1184c120	FUN_1184c120	76
1184c190	FUN_1184c190	76
1184c200	FUN_1184c200	76
1184c270	FUN_1184c270	76
1184c2e0	FUN_1184c2e0	76
1184c350	FUN_1184c350	76
1184c3c0	FUN_1184c3c0	76
1184c430	FUN_1184c430	76
1184c4a0	FUN_1184c4a0	76
1184c510	FUN_1184c510	76
1184c580	FUN_1184c580	76
1184c5f0	FUN_1184c5f0	76
1184c660	FUN_1184c660	76
1184c6d0	FUN_1184c6d0	76
1184c740	FUN_1184c740	76
1184c7b0	FUN_1184c7b0	76
1184c820	FUN_1184c820	76
1184c890	FUN_1184c890	76
1184c900	FUN_1184c900	76
1184c970	FUN_1184c970	76
1184c9e0	FUN_1184c9e0	76
1184ca50	FUN_1184ca50	76
1184cac0	FUN_1184cac0	76
1184cb30	FUN_1184cb30	76
1184cba0	FUN_1184cba0	76
1184cc10	FUN_1184cc10	76
1184cc80	FUN_1184cc80	76
1184ccf0	FUN_1184ccf0	76
1184cd60	FUN_1184cd60	76
1184cdd0	FUN_1184cdd0	76
1184ce40	FUN_1184ce40	76
1184ceb0	FUN_1184ceb0	76
1184cf20	FUN_1184cf20	76
1184cf90	FUN_1184cf90	76
1184d000	FUN_1184d000	76
1184d070	FUN_1184d070	76
1184d0e0	FUN_1184d0e0	76
1184d150	FUN_1184d150	76
1184d1c0	FUN_1184d1c0	76
1184d230	FUN_1184d230	76
1184d2a0	FUN_1184d2a0	76
1184d310	FUN_1184d310	76
1184d380	FUN_1184d380	76
1184d3f0	FUN_1184d3f0	76
1184d460	FUN_1184d460	76
1184d4d0	FUN_1184d4d0	76
1184d540	FUN_1184d540	76
1184d5b0	FUN_1184d5b0	76
1184d620	FUN_1184d620	76
1184d690	FUN_1184d690	76
1184d700	FUN_1184d700	76
1184d770	FUN_1184d770	76
1184d7e0	FUN_1184d7e0	76
1184d850	FUN_1184d850	76
1184d8c0	FUN_1184d8c0	76
1184d930	FUN_1184d930	76
1184d9a0	FUN_1184d9a0	76
1184da10	FUN_1184da10	76
1184da80	FUN_1184da80	76
1184daf0	FUN_1184daf0	76
1184db60	FUN_1184db60	76
1184dbd0	FUN_1184dbd0	76
1184dc40	FUN_1184dc40	76
1184dcb0	FUN_1184dcb0	76
1184dd20	FUN_1184dd20	76
1184dd90	FUN_1184dd90	76
1184de00	FUN_1184de00	76
1184de70	FUN_1184de70	76
1184dee0	FUN_1184dee0	76
1184df50	FUN_1184df50	76
1184dfc0	FUN_1184dfc0	76
1184e050	FUN_1184e050	76
1184e0e0	FUN_1184e0e0	76
1184e150	FUN_1184e150	76
1184e1c0	FUN_1184e1c0	76
1184e230	FUN_1184e230	76
1184e2a0	FUN_1184e2a0	76
1184e310	FUN_1184e310	76
1184e380	FUN_1184e380	76
1184e3f0	FUN_1184e3f0	76
1184e460	FUN_1184e460	76
1184e4d0	FUN_1184e4d0	76
1184e540	FUN_1184e540	76
1184e5b0	FUN_1184e5b0	76
1184e620	FUN_1184e620	76
1184e690	FUN_1184e690	76
1184e700	FUN_1184e700	76
1184e770	FUN_1184e770	76
1184e7e0	FUN_1184e7e0	76
1184e850	FUN_1184e850	76
1184e8c0	FUN_1184e8c0	76
1184e930	FUN_1184e930	76
1184e9a0	FUN_1184e9a0	76
1184ea10	FUN_1184ea10	76
1184ea80	FUN_1184ea80	76
1184eaf0	FUN_1184eaf0	76
1184eb60	FUN_1184eb60	76
1184ec10	FUN_1184ec10	76
1184ec80	FUN_1184ec80	76
1184ecf0	FUN_1184ecf0	76
1184ed60	FUN_1184ed60	76
1184edd0	FUN_1184edd0	76
1184ee40	FUN_1184ee40	76
1184eeb0	FUN_1184eeb0	76
1184ef20	FUN_1184ef20	76
1184ef90	FUN_1184ef90	76
1184f000	FUN_1184f000	76
1184f070	FUN_1184f070	76
1184f0e0	FUN_1184f0e0	76
1184f150	FUN_1184f150	76
1184f1c0	FUN_1184f1c0	76
1184f230	FUN_1184f230	76
1184f2a0	FUN_1184f2a0	76
1184f310	FUN_1184f310	76
1184f380	FUN_1184f380	76
1184f3f0	FUN_1184f3f0	76
1184f460	FUN_1184f460	76
1184f4d0	FUN_1184f4d0	76
1184f540	FUN_1184f540	76
1184f5b0	FUN_1184f5b0	76
1184f620	FUN_1184f620	76
1184f690	FUN_1184f690	76
1184f700	FUN_1184f700	76
1184f770	FUN_1184f770	76
1184f7e0	FUN_1184f7e0	76
1184f850	FUN_1184f850	76
1184f8c0	FUN_1184f8c0	76
1184f930	FUN_1184f930	76
1184f9a0	FUN_1184f9a0	76
1184fa10	FUN_1184fa10	76
1184fa80	FUN_1184fa80	76
1184faf0	FUN_1184faf0	76
1184fb60	FUN_1184fb60	76
1184fbd0	FUN_1184fbd0	76
1184fc40	FUN_1184fc40	76
1184fcb0	FUN_1184fcb0	76
1184fd20	FUN_1184fd20	76
1184fd90	FUN_1184fd90	76
1184fe00	FUN_1184fe00	76
1184fe70	FUN_1184fe70	76
1184fee0	FUN_1184fee0	76
1184ff50	FUN_1184ff50	76
1184ffc0	FUN_1184ffc0	76
11850030	FUN_11850030	76
118500a0	FUN_118500a0	76
11850110	FUN_11850110	76
11850180	FUN_11850180	76
118501f0	FUN_118501f0	76
11850260	FUN_11850260	76
118502d0	FUN_118502d0	76
11850340	FUN_11850340	76
118503b0	FUN_118503b0	76
11850420	FUN_11850420	76
11850490	FUN_11850490	76
11850500	FUN_11850500	76
11850570	FUN_11850570	76
118505e0	FUN_118505e0	76
11850650	FUN_11850650	76
118506c0	FUN_118506c0	76
11850730	FUN_11850730	76
118507a0	FUN_118507a0	76
11850810	FUN_11850810	76
11850880	FUN_11850880	76
118508f0	FUN_118508f0	76
11850960	FUN_11850960	76
118509d0	FUN_118509d0	76
11850a40	FUN_11850a40	76
11850ab0	FUN_11850ab0	76
11850b20	FUN_11850b20	76
11850b90	FUN_11850b90	76
11850c00	FUN_11850c00	76
11850c70	FUN_11850c70	76
11850ce0	FUN_11850ce0	76
11850d50	FUN_11850d50	76
11850dc0	FUN_11850dc0	76
11850e30	FUN_11850e30	76
11850ea0	FUN_11850ea0	76
11850f10	FUN_11850f10	76
11850f80	FUN_11850f80	76
11850ff0	FUN_11850ff0	76
11851060	FUN_11851060	76
118510d0	FUN_118510d0	76
11851140	FUN_11851140	76
118511b0	FUN_118511b0	76
11851220	FUN_11851220	76
11851290	FUN_11851290	76
11851300	FUN_11851300	76
11851370	FUN_11851370	76
118513e0	FUN_118513e0	76
11851450	FUN_11851450	76
118514c0	FUN_118514c0	76
11851530	FUN_11851530	76
118515a0	FUN_118515a0	76
11851610	FUN_11851610	76
11851680	FUN_11851680	76
118516f0	FUN_118516f0	76
11851760	FUN_11851760	76
118517d0	FUN_118517d0	76
11851840	FUN_11851840	76
118518b0	FUN_118518b0	76
11851920	FUN_11851920	76
11851990	FUN_11851990	76
11851a00	FUN_11851a00	76
11851a70	FUN_11851a70	76
11851ae0	FUN_11851ae0	76
11851b50	FUN_11851b50	76
11851bc0	FUN_11851bc0	76
11851c30	FUN_11851c30	76
11851ca0	FUN_11851ca0	76
11851d10	FUN_11851d10	76
11851d80	FUN_11851d80	76
11851df0	FUN_11851df0	76
11851e60	FUN_11851e60	76
11851ed0	FUN_11851ed0	76
11851f40	FUN_11851f40	76
11851fb0	FUN_11851fb0	76
11852020	FUN_11852020	76
11852090	FUN_11852090	76
11852100	FUN_11852100	76
11852170	FUN_11852170	76
118521e0	FUN_118521e0	76
11852250	FUN_11852250	76
118522c0	FUN_118522c0	76
11852330	FUN_11852330	76
118523a0	FUN_118523a0	76
11852410	FUN_11852410	76
11852480	FUN_11852480	76
118524f0	FUN_118524f0	76
11852560	FUN_11852560	76
118525d0	FUN_118525d0	76
11852640	FUN_11852640	76
118526b0	FUN_118526b0	76
11852720	FUN_11852720	76
11852790	FUN_11852790	76
11852800	FUN_11852800	76
11852870	FUN_11852870	76
118528e0	FUN_118528e0	76
11852950	FUN_11852950	76
118529c0	FUN_118529c0	76
11852a30	FUN_11852a30	76
11852aa0	FUN_11852aa0	76
11852b10	FUN_11852b10	76
11852b80	FUN_11852b80	76
11852bf0	FUN_11852bf0	76
11852c60	FUN_11852c60	76
11852cd0	FUN_11852cd0	76
11852d40	FUN_11852d40	76
11852db0	FUN_11852db0	76
11852e20	FUN_11852e20	76
11852e90	FUN_11852e90	76
11852f00	FUN_11852f00	76
11852f70	FUN_11852f70	76
11852fe0	FUN_11852fe0	76
11853050	FUN_11853050	76
118530c0	FUN_118530c0	76
11853130	FUN_11853130	76
118531a0	FUN_118531a0	76
11853210	FUN_11853210	76
11853280	FUN_11853280	76
118532f0	FUN_118532f0	76
11853360	FUN_11853360	76
118533d0	FUN_118533d0	76
11853440	FUN_11853440	76
118534b0	FUN_118534b0	76
11853520	FUN_11853520	76
11853590	FUN_11853590	76
11853600	FUN_11853600	76
11853670	FUN_11853670	76
118536e0	FUN_118536e0	76
11853750	FUN_11853750	76
118537c0	FUN_118537c0	76
11853830	FUN_11853830	76
118538a0	FUN_118538a0	76
11853910	FUN_11853910	76
11853980	FUN_11853980	76
118539f0	FUN_118539f0	76
11853a60	FUN_11853a60	76
11853ad0	FUN_11853ad0	76
11853b40	FUN_11853b40	76
11853bb0	FUN_11853bb0	76
11853c20	FUN_11853c20	76
11853c90	FUN_11853c90	76
11853d00	FUN_11853d00	76
11853d70	FUN_11853d70	76
11853de0	FUN_11853de0	76
11853e50	FUN_11853e50	76
11853ec0	FUN_11853ec0	76
11853f30	FUN_11853f30	76
11853fa0	FUN_11853fa0	76
11854010	FUN_11854010	76
11854080	FUN_11854080	76
118540f0	FUN_118540f0	76
11854160	FUN_11854160	76
118541d0	FUN_118541d0	76
11854240	FUN_11854240	76
118542b0	FUN_118542b0	76
11854320	FUN_11854320	76
11854390	FUN_11854390	76
11854400	FUN_11854400	76
11854470	FUN_11854470	76
118544e0	FUN_118544e0	76
11854550	FUN_11854550	76
118545c0	FUN_118545c0	76
11854630	FUN_11854630	76
118546a0	FUN_118546a0	76
11854710	FUN_11854710	76
11854780	FUN_11854780	76
118547f0	FUN_118547f0	76
11854860	FUN_11854860	76
118548d0	FUN_118548d0	76
11854940	FUN_11854940	76
118549b0	FUN_118549b0	76
11854a20	FUN_11854a20	76
11854a90	FUN_11854a90	76
11854b00	FUN_11854b00	76
11854b70	FUN_11854b70	76
11854be0	FUN_11854be0	76
11854c50	FUN_11854c50	76
11854cc0	FUN_11854cc0	76
11854d30	FUN_11854d30	76
11854da0	FUN_11854da0	76
11854e10	FUN_11854e10	76
11854e80	FUN_11854e80	76
11854ef0	FUN_11854ef0	76
11854f60	FUN_11854f60	76
11854fd0	FUN_11854fd0	76
11855040	FUN_11855040	76
118550b0	FUN_118550b0	76
11855120	FUN_11855120	76
11855190	FUN_11855190	76
11855200	FUN_11855200	76
11855270	FUN_11855270	76
118552e0	FUN_118552e0	76
11855350	FUN_11855350	76
118553c0	FUN_118553c0	76
11855430	FUN_11855430	76
118554a0	FUN_118554a0	76
11855510	FUN_11855510	76
11855580	FUN_11855580	76
118555f0	FUN_118555f0	76
11855660	FUN_11855660	76
118556d0	FUN_118556d0	76
11855740	FUN_11855740	76
118557b0	FUN_118557b0	76
11855820	FUN_11855820	76
11855890	FUN_11855890	76
11855900	FUN_11855900	76
11855970	FUN_11855970	76
118559e0	FUN_118559e0	76
11855a50	FUN_11855a50	76
11855ac0	FUN_11855ac0	76
11855b30	FUN_11855b30	76
11855ba0	FUN_11855ba0	76
11855c10	FUN_11855c10	76
11855c80	FUN_11855c80	76
11855cf0	FUN_11855cf0	76
11855d60	FUN_11855d60	76
11855dd0	FUN_11855dd0	76
11855e40	FUN_11855e40	76
11855eb0	FUN_11855eb0	76
11855f20	FUN_11855f20	76
11855f90	FUN_11855f90	76
11856000	FUN_11856000	76
11856070	FUN_11856070	76
118560e0	FUN_118560e0	76
11856150	FUN_11856150	76
118561c0	FUN_118561c0	76
11856230	FUN_11856230	76
118562a0	FUN_118562a0	76
11856310	FUN_11856310	76
11856380	FUN_11856380	76
118563f0	FUN_118563f0	76
11856460	FUN_11856460	76
118564d0	FUN_118564d0	76
11856540	FUN_11856540	76
118565b0	FUN_118565b0	76
11856620	FUN_11856620	76
11856690	FUN_11856690	76
11856700	FUN_11856700	76
11856770	FUN_11856770	76
118567e0	FUN_118567e0	76
11856850	FUN_11856850	76
118568c0	FUN_118568c0	76
11856930	FUN_11856930	76
118569a0	FUN_118569a0	76
11856a10	FUN_11856a10	76
11856a80	FUN_11856a80	76
11856af0	FUN_11856af0	76
11856b60	FUN_11856b60	76
11856bd0	FUN_11856bd0	76
11856c40	FUN_11856c40	76
11856cb0	FUN_11856cb0	76
11856d20	FUN_11856d20	76
11856d90	FUN_11856d90	76
11856e00	FUN_11856e00	76
11856e70	FUN_11856e70	76
11856ee0	FUN_11856ee0	76
11856f50	FUN_11856f50	76
11856fc0	FUN_11856fc0	76
11857030	FUN_11857030	76
118570a0	FUN_118570a0	76
11857110	FUN_11857110	76
11857180	FUN_11857180	76
118571f0	FUN_118571f0	76
11857260	FUN_11857260	76
118572d0	FUN_118572d0	76
11857340	FUN_11857340	76
118573b0	FUN_118573b0	76
11857420	FUN_11857420	76
11857490	FUN_11857490	76
11857500	FUN_11857500	76
11857570	FUN_11857570	76
118575e0	FUN_118575e0	76
11857650	FUN_11857650	76
118576c0	FUN_118576c0	76
11857730	FUN_11857730	76
118577a0	FUN_118577a0	76
11857810	FUN_11857810	76
11857880	FUN_11857880	76
118578f0	FUN_118578f0	76
11857960	FUN_11857960	76
118579d0	FUN_118579d0	76
11857a40	FUN_11857a40	76
11857ab0	FUN_11857ab0	76
11857b20	FUN_11857b20	76
11857b90	FUN_11857b90	76
11857c00	FUN_11857c00	76
11857c70	FUN_11857c70	76
11857ce0	FUN_11857ce0	76
11857d50	FUN_11857d50	76
11857dc0	FUN_11857dc0	76
11857e30	FUN_11857e30	76
11857ea0	FUN_11857ea0	76
11857f10	FUN_11857f10	76
11857f80	FUN_11857f80	76
11857ff0	FUN_11857ff0	76
11858060	FUN_11858060	76
118580d0	FUN_118580d0	76
11858140	FUN_11858140	76
118581b0	FUN_118581b0	76
11858220	FUN_11858220	76
11858290	FUN_11858290	76
11858300	FUN_11858300	76
11858370	FUN_11858370	76
118583e0	FUN_118583e0	76
11858450	FUN_11858450	76
118584c0	FUN_118584c0	76
11858530	FUN_11858530	76
118585a0	FUN_118585a0	76
11858610	FUN_11858610	76
11858680	FUN_11858680	76
118586f0	FUN_118586f0	76
11858760	FUN_11858760	76
118587d0	FUN_118587d0	76
11858840	FUN_11858840	76
118588b0	FUN_118588b0	76
11858920	FUN_11858920	76
11858990	FUN_11858990	76
11858a00	FUN_11858a00	76
11858a70	FUN_11858a70	76
11858ae0	FUN_11858ae0	76
11858b50	FUN_11858b50	76
11858bc0	FUN_11858bc0	76
11858c30	FUN_11858c30	76
11858ca0	FUN_11858ca0	76
11858d10	FUN_11858d10	76
11858d80	FUN_11858d80	76
11858df0	FUN_11858df0	76
11858e60	FUN_11858e60	76
11858ed0	FUN_11858ed0	76
11858f40	FUN_11858f40	76
11858fb0	FUN_11858fb0	76
11859020	FUN_11859020	76
11859090	FUN_11859090	76
11859100	FUN_11859100	76
11859170	FUN_11859170	76
118591e0	FUN_118591e0	76
11859250	FUN_11859250	76
118592c0	FUN_118592c0	76
11859330	FUN_11859330	76
118593a0	FUN_118593a0	76
11859410	FUN_11859410	76
11859480	FUN_11859480	76
118594f0	FUN_118594f0	76
11859560	FUN_11859560	76
118595d0	FUN_118595d0	76
11859640	FUN_11859640	76
118596b0	FUN_118596b0	76
11859720	FUN_11859720	76
11859790	FUN_11859790	76
11859800	FUN_11859800	76
11859870	FUN_11859870	76
118598e0	FUN_118598e0	76
11859950	FUN_11859950	76
118599c0	FUN_118599c0	76
11859a30	FUN_11859a30	76
11859b20	FUN_11859b20	76
11859ca0	FUN_11859ca0	76
11859d10	FUN_11859d10	76
11859d80	FUN_11859d80	76
11859df0	FUN_11859df0	76
11859e60	FUN_11859e60	76
11859ed0	FUN_11859ed0	76
11859f40	FUN_11859f40	76
11859fb0	FUN_11859fb0	76
1185a020	FUN_1185a020	76
1185a090	FUN_1185a090	76
1185a100	FUN_1185a100	76
1185a170	FUN_1185a170	76
1185a1e0	FUN_1185a1e0	76
1185a250	FUN_1185a250	76
1185a2c0	FUN_1185a2c0	76
1185a330	FUN_1185a330	76
1185a3a0	FUN_1185a3a0	76
1185a410	FUN_1185a410	76
1185a480	FUN_1185a480	76
1185a4f0	FUN_1185a4f0	76
1185a560	FUN_1185a560	76
1185a5d0	FUN_1185a5d0	76
1185a640	FUN_1185a640	76
1185a6b0	FUN_1185a6b0	76
1185a7a0	FUN_1185a7a0	76
1185aa10	FUN_1185aa10	76
1185aa80	FUN_1185aa80	76
1185aaf0	FUN_1185aaf0	76
1185ab60	FUN_1185ab60	76
1185abd0	FUN_1185abd0	76
1185ac40	FUN_1185ac40	76
1185acb0	FUN_1185acb0	76
1185ad20	FUN_1185ad20	76
1185ad90	FUN_1185ad90	76
1185ae00	FUN_1185ae00	76
1185ae70	FUN_1185ae70	76
1185aee0	FUN_1185aee0	76
1185af50	FUN_1185af50	76
1185afc0	FUN_1185afc0	76
1185b030	FUN_1185b030	76
1185b0a0	FUN_1185b0a0	76
1185b110	FUN_1185b110	76
1185b180	FUN_1185b180	76
1185b1f0	FUN_1185b1f0	76
1185b260	FUN_1185b260	76
1185b2d0	FUN_1185b2d0	76
1185b340	FUN_1185b340	76
1185b3b0	FUN_1185b3b0	76
1185b420	FUN_1185b420	76
1185b5b0	FUN_1185b5b0	76
1185b6b0	FUN_1185b6b0	76
1185b720	FUN_1185b720	76
1185b790	FUN_1185b790	76
1185b800	FUN_1185b800	76
1185b870	FUN_1185b870	76
1185b8e0	FUN_1185b8e0	76
1185b950	FUN_1185b950	76
1185b9c0	FUN_1185b9c0	76
1185ba30	FUN_1185ba30	76
1185baa0	FUN_1185baa0	76
1185bb10	FUN_1185bb10	76
1185bb80	FUN_1185bb80	76
1185bbf0	FUN_1185bbf0	76
1185bc60	FUN_1185bc60	76
1185bcd0	FUN_1185bcd0	76
1185bdb0	FUN_1185bdb0	76
1185be20	FUN_1185be20	76
1185be90	FUN_1185be90	76
1185bf00	FUN_1185bf00	76
1185bf70	FUN_1185bf70	76
1185bfe0	FUN_1185bfe0	76
1185c050	FUN_1185c050	76
1185c0c0	FUN_1185c0c0	76
1185c130	FUN_1185c130	76
1185c1a0	FUN_1185c1a0	76
1185c210	FUN_1185c210	76
1185c280	FUN_1185c280	76
1185c2f0	FUN_1185c2f0	76
1185c360	FUN_1185c360	76
1185c3d0	FUN_1185c3d0	76
1185c440	FUN_1185c440	76
1185c4b0	FUN_1185c4b0	76
1185c520	FUN_1185c520	76
1185c590	FUN_1185c590	76
1185c600	FUN_1185c600	76
1185c670	FUN_1185c670	76
1185c6e0	FUN_1185c6e0	76
1185c750	FUN_1185c750	76
1185c7c0	FUN_1185c7c0	76
1185c830	FUN_1185c830	76
1185c8a0	FUN_1185c8a0	76
1185c910	FUN_1185c910	76
1185c980	FUN_1185c980	76
1185c9f0	FUN_1185c9f0	76
1185ca60	FUN_1185ca60	76
1185cad0	FUN_1185cad0	76
1185cb40	FUN_1185cb40	76
1185cbb0	FUN_1185cbb0	76
1185cc20	FUN_1185cc20	76
1185cc90	FUN_1185cc90	76
1185cd00	FUN_1185cd00	76
1185cd70	FUN_1185cd70	76
1185cde0	FUN_1185cde0	76
1185ce50	FUN_1185ce50	76
1185cec0	FUN_1185cec0	76
1185cf30	FUN_1185cf30	76
1185cfa0	FUN_1185cfa0	76
1185d010	FUN_1185d010	76
1185d080	FUN_1185d080	76
1185d0f0	FUN_1185d0f0	76
1185d160	FUN_1185d160	76
1185d1d0	FUN_1185d1d0	76
1185d240	FUN_1185d240	76
1185d2b0	FUN_1185d2b0	76
1185d320	FUN_1185d320	76
1185d390	FUN_1185d390	76
1185d400	FUN_1185d400	76
1185d470	FUN_1185d470	76
1185d4e0	FUN_1185d4e0	76
1185d550	FUN_1185d550	76
1185d5c0	FUN_1185d5c0	76
1185d630	FUN_1185d630	76
1185d6a0	FUN_1185d6a0	76
1185d710	FUN_1185d710	76
1185d780	FUN_1185d780	76
1185d7f0	FUN_1185d7f0	76
1185d860	FUN_1185d860	76
1185d8d0	FUN_1185d8d0	76
1185d940	FUN_1185d940	76
1185d9b0	FUN_1185d9b0	76
1185da20	FUN_1185da20	76
1185da90	FUN_1185da90	76
1185db00	FUN_1185db00	76
1185db70	FUN_1185db70	76
1185dbe0	FUN_1185dbe0	76
1185dc50	FUN_1185dc50	76
1185dcc0	FUN_1185dcc0	76
1185dd30	FUN_1185dd30	76
1185dda0	FUN_1185dda0	76
1185de10	FUN_1185de10	76
1185de80	FUN_1185de80	76
1185def0	FUN_1185def0	76
1185df60	FUN_1185df60	76
1185dfd0	FUN_1185dfd0	76
1185e040	FUN_1185e040	76
1185e0b0	FUN_1185e0b0	76
1185e120	FUN_1185e120	76
1185e190	FUN_1185e190	76
1185e200	FUN_1185e200	76
1185e270	FUN_1185e270	76
1185e2e0	FUN_1185e2e0	76
1185e350	FUN_1185e350	76
1185e3c0	FUN_1185e3c0	76
1185e430	FUN_1185e430	76
1185e4a0	FUN_1185e4a0	76
1185e510	FUN_1185e510	76
1185e580	FUN_1185e580	76
1185e5f0	FUN_1185e5f0	76
1185e660	FUN_1185e660	76
1185e6d0	FUN_1185e6d0	76
1185e740	FUN_1185e740	76
1185e7b0	FUN_1185e7b0	76
1185e820	FUN_1185e820	76
1185e890	FUN_1185e890	76
1185e900	FUN_1185e900	76
1185e970	FUN_1185e970	76
1185e9e0	FUN_1185e9e0	76
1185ea50	FUN_1185ea50	76
1185eac0	FUN_1185eac0	76
1185eb30	FUN_1185eb30	76
1185eba0	FUN_1185eba0	76
1185ec10	FUN_1185ec10	76
1185ec80	FUN_1185ec80	76
1185ecf0	FUN_1185ecf0	76
1185ed60	FUN_1185ed60	76
1185edd0	FUN_1185edd0	76
1185ee40	FUN_1185ee40	76
1185eeb0	FUN_1185eeb0	76
1185ef20	FUN_1185ef20	76
1185efa0	FUN_1185efa0	76
1185f010	FUN_1185f010	76
1185f080	FUN_1185f080	76
1185f0f0	FUN_1185f0f0	76
1185f160	FUN_1185f160	76
1185f1d0	FUN_1185f1d0	76
1185f240	FUN_1185f240	76
1185f2b0	FUN_1185f2b0	76
1185f320	FUN_1185f320	76
1185f390	FUN_1185f390	76
1185f400	FUN_1185f400	76
1185f470	FUN_1185f470	76
1185f4e0	FUN_1185f4e0	76
1185f550	FUN_1185f550	76
1185f5c0	FUN_1185f5c0	76
1185f630	FUN_1185f630	76
1185f6a0	FUN_1185f6a0	76
1185f710	FUN_1185f710	76
1185f780	FUN_1185f780	76
1185f7f0	FUN_1185f7f0	76
1185f860	FUN_1185f860	76
1185f8d0	FUN_1185f8d0	76
1185f940	FUN_1185f940	76
1185f9b0	FUN_1185f9b0	76
1185fa20	FUN_1185fa20	76
1185fa90	FUN_1185fa90	76
1185fb00	FUN_1185fb00	76
1185fb70	FUN_1185fb70	76
1185fbe0	FUN_1185fbe0	76
1185fc50	FUN_1185fc50	76
1185fcc0	FUN_1185fcc0	76
1185fd30	FUN_1185fd30	76
1185fda0	FUN_1185fda0	76
1185fe10	FUN_1185fe10	76
1185fe80	FUN_1185fe80	76
1185fef0	FUN_1185fef0	76
1185ff60	FUN_1185ff60	76
1185ffd0	FUN_1185ffd0	76
11860040	FUN_11860040	76
118600b0	FUN_118600b0	76
11860120	FUN_11860120	76
11860190	FUN_11860190	76
11860200	FUN_11860200	76
11860270	FUN_11860270	76
118602e0	FUN_118602e0	76
11860350	FUN_11860350	76
118603c0	FUN_118603c0	76
11860430	FUN_11860430	76
118604a0	FUN_118604a0	76
11860510	FUN_11860510	76
11860580	FUN_11860580	76
118605f0	FUN_118605f0	76
11860660	FUN_11860660	76
118606d0	FUN_118606d0	76
11860740	FUN_11860740	76
118607b0	FUN_118607b0	76
11860820	FUN_11860820	76
11860890	FUN_11860890	76
11860900	FUN_11860900	76
11860970	FUN_11860970	76
118609e0	FUN_118609e0	76
11860a50	FUN_11860a50	76
11860ac0	FUN_11860ac0	76
11860b30	FUN_11860b30	76
11860ba0	FUN_11860ba0	76
11860c10	FUN_11860c10	76
11860c80	FUN_11860c80	76
11860cf0	FUN_11860cf0	76
11860d60	FUN_11860d60	76
11860dd0	FUN_11860dd0	76
11860e40	FUN_11860e40	76
11860eb0	FUN_11860eb0	76
11860f20	FUN_11860f20	76
11860f90	FUN_11860f90	76
11861000	FUN_11861000	76
11861070	FUN_11861070	76
118610e0	FUN_118610e0	76
11861150	FUN_11861150	76
118611d0	FUN_118611d0	76
11861240	FUN_11861240	76
118612b0	FUN_118612b0	76
11861330	FUN_11861330	76
118613a0	FUN_118613a0	76
11861410	FUN_11861410	76
11861480	FUN_11861480	76
118614f0	FUN_118614f0	76
11861560	FUN_11861560	76
118615d0	FUN_118615d0	76
11861640	FUN_11861640	76
118616b0	FUN_118616b0	76
11861720	FUN_11861720	76
11861790	FUN_11861790	76
11861800	FUN_11861800	76
11861870	FUN_11861870	76
118618e0	FUN_118618e0	76
11861950	FUN_11861950	76
118619c0	FUN_118619c0	76
11861a30	FUN_11861a30	76
11861aa0	FUN_11861aa0	76
11861b10	FUN_11861b10	76
11861b80	FUN_11861b80	76
11861bf0	FUN_11861bf0	76
11861c60	FUN_11861c60	76
11861cd0	FUN_11861cd0	76
11861d40	FUN_11861d40	76
11861db0	FUN_11861db0	76
